transaction_id,transaction_date,customer_id,product_id,quantity,unit_price,total_amount
1,2025-10-07,557,347,2,138.42,276.84
1,2025-10-07,557,348,2,231.55,463.10
2,2025-11-21,368,438,4,161.16,644.64
2,2025-11-21,368,68,5,57.36,286.80
3,2025-09-03,166,134,4,284.82,1139.28
4,2025-04-14,448,23,5,412.11,2060.55
4,2025-04-14,448,179,5,153.54,767.70
4,2025-04-14,448,380,5,276.01,1380.05
5,2025-11-21,496,61,2,351.5,703.0
5,2025-11-21,496,498,5,374.05,1870.25
5,2025-11-21,496,16,1,241.42,241.42
6,2025-06-25,803,287,2,291.36,582.72
6,2025-06-25,803,415,1,477.17,477.17
6,2025-06-25,803,394,2,348.1,696.2
7,2025-11-10,190,217,1,110.51,110.51
7,2025-11-10,190,174,5,314.06,1570.30
8,2025-09-05,540,243,5,457.3,2286.5
9,2025-09-17,898,305,3,70.29,210.87
10,2025-10-16,961,49,5,243.73,1218.65
10,2025-10-16,961,141,4,448.09,1792.36
11,2025-12-08,733,254,1,463.64,463.64
11,2025-12-08,733,167,2,224.17,448.34
11,2025-12-08,733,145,3,20.33,60.99
12,2025-06-03,140,468,3,253.58,760.74
12,2025-06-03,140,262,5,92.87,464.35
12,2025-06-03,140,419,4,54.3,217.2
13,2025-11-29,851,52,5,420.33,2101.65
13,2025-11-29,851,87,2,480.44,960.88
14,2025-10-29,864,247,5,154.79,773.95
14,2025-10-29,864,72,1,409.92,409.92
15,2025-08-14,522,334,1,134.61,134.61
16,2025-07-23,860,352,1,164.03,164.03
16,2025-07-23,860,335,5,42.9,214.5
17,2025-03-07,917,131,4,398.64,1594.56
17,2025-03-07,917,437,1,297.45,297.45
17,2025-03-07,917,42,2,39.02,78.04
18,2025-03-01,622,415,2,477.17,954.34
19,2025-09-20,612,199,4,286.28,1145.12
19,2025-09-20,612,396,2,56.06,112.12
19,2025-09-20,612,139,3,339.12,1017.36
20,2025-04-21,888,115,5,365.14,1825.70
20,2025-04-21,888,474,2,33.57,67.14
20,2025-04-21,888,162,2,147.2,294.4
21,2025-02-09,306,76,4,445.17,1780.68
21,2025-02-09,306,334,2,134.61,269.22
22,2025-01-01,699,446,2,60.56,121.12
22,2025-01-01,699,101,2,35.41,70.82
22,2025-01-01,699,154,2,434.3,868.6
23,2025-09-29,578,233,3,230.37,691.11
24,2025-04-22,135,119,2,244.81,489.62
24,2025-04-22,135,303,1,489.27,489.27
25,2025-08-04,894,480,3,172.26,516.78
25,2025-08-04,894,355,2,208.41,416.82
26,2025-03-01,928,188,3,443.19,1329.57
26,2025-03-01,928,173,4,461.96,1847.84
26,2025-03-01,928,251,2,152.34,304.68
27,2025-02-05,739,16,4,241.42,965.68
27,2025-02-05,739,411,1,147.7,147.7
28,2025-06-10,986,229,1,296.73,296.73
28,2025-06-10,986,93,4,101.41,405.64
29,2025-06-15,987,283,3,384.65,1153.95
29,2025-06-15,987,265,3,86.31,258.93
30,2025-05-15,633,181,1,284.33,284.33
30,2025-05-15,633,340,3,46.68,140.04
31,2025-01-10,953,12,4,100.62,402.48
32,2025-10-19,449,456,3,452.55,1357.65
32,2025-10-19,449,433,5,389.95,1949.75
33,2025-09-21,705,230,2,476.52,953.04
33,2025-09-21,705,215,2,33.6,67.2
34,2025-08-31,872,481,3,163.42,490.26
34,2025-08-31,872,11,3,149.99,449.97
34,2025-08-31,872,479,2,301.68,603.36
35,2025-10-18,732,468,4,253.58,1014.32
35,2025-10-18,732,216,2,277.28,554.56
35,2025-10-18,732,463,3,144.91,434.73
36,2025-10-13,357,486,1,176.54,176.54
36,2025-10-13,357,329,5,374.27,1871.35
36,2025-10-13,357,338,1,243.62,243.62
37,2025-06-17,732,433,3,389.95,1169.85
38,2025-04-15,543,426,4,82.52,330.08
39,2025-04-18,197,234,1,6.55,6.55
40,2025-02-12,13,228,4,404.8,1619.2
40,2025-02-12,13,49,3,243.73,731.19
40,2025-02-12,13,271,5,185.88,929.40
41,2025-06-14,974,220,5,26.81,134.05
42,2025-06-22,721,35,4,246.38,985.52
42,2025-06-22,721,163,4,186.78,747.12
42,2025-06-22,721,306,2,390.91,781.82
43,2024-12-30,306,289,4,150.72,602.88
43,2024-12-30,306,445,4,485.73,1942.92
44,2025-12-03,646,11,3,149.99,449.97
44,2025-12-03,646,203,2,98.55,197.10
45,2025-03-12,947,318,3,12.28,36.84
45,2025-03-12,947,286,4,46.15,184.60
45,2025-03-12,947,462,3,412.76,1238.28
46,2025-11-18,176,214,2,298.33,596.66
46,2025-11-18,176,498,2,374.05,748.10
46,2025-11-18,176,272,1,352.7,352.7
47,2025-07-27,918,60,4,334.6,1338.4
48,2025-02-28,401,355,3,208.41,625.23
49,2025-02-15,389,212,4,122.95,491.80
50,2025-01-22,476,446,1,60.56,60.56
50,2025-01-22,476,65,4,430.11,1720.44
51,2025-02-26,57,380,5,276.01,1380.05
52,2025-05-11,23,321,5,75.56,377.80
52,2025-05-11,23,136,4,341.46,1365.84
53,2025-11-26,919,255,2,214.59,429.18
53,2025-11-26,919,255,2,214.59,429.18
54,2025-02-24,209,252,4,257.9,1031.6
54,2025-02-24,209,190,2,72.61,145.22
55,2025-07-29,961,467,3,363.53,1090.59
56,2025-04-05,402,453,1,236.71,236.71
57,2025-04-07,720,381,4,313.66,1254.64
57,2025-04-07,720,222,3,80.58,241.74
58,2025-04-12,483,494,2,429.76,859.52
58,2025-04-12,483,36,2,12.2,24.4
58,2025-04-12,483,119,4,244.81,979.24
59,2025-03-30,353,434,3,21.02,63.06
59,2025-03-30,353,451,2,117.67,235.34
60,2025-09-26,569,149,3,57.41,172.23
61,2025-10-14,326,67,5,301.26,1506.30
61,2025-10-14,326,341,3,51.61,154.83
62,2025-02-15,344,470,3,232.51,697.53
62,2025-02-15,344,73,5,25.92,129.60
62,2025-02-15,344,5,1,314.52,314.52
63,2025-03-02,136,413,4,496.98,1987.92
63,2025-03-02,136,16,3,241.42,724.26
64,2025-08-07,658,321,5,75.56,377.80
64,2025-08-07,658,436,4,472.16,1888.64
64,2025-08-07,658,85,2,321.65,643.30
65,2025-12-02,743,293,1,131.93,131.93
65,2025-12-02,743,55,2,471.21,942.42
65,2025-12-02,743,84,2,404.22,808.44
66,2025-05-18,627,288,5,55.84,279.20
66,2025-05-18,627,333,4,312.24,1248.96
67,2025-12-03,439,114,1,136.66,136.66
67,2025-12-03,439,210,3,318.91,956.73
68,2025-08-06,306,80,2,293.7,587.4
68,2025-08-06,306,247,2,154.79,309.58
69,2025-05-12,888,112,4,242.9,971.6
69,2025-05-12,888,295,5,130.26,651.30
70,2025-03-08,930,44,5,439.63,2198.15
70,2025-03-08,930,30,5,152.14,760.70
71,2025-11-30,704,306,4,390.91,1563.64
72,2025-10-01,996,3,5,498.69,2493.45
72,2025-10-01,996,452,2,46.98,93.96
73,2025-08-28,247,66,4,211.47,845.88
73,2025-08-28,247,288,5,55.84,279.20
74,2025-10-19,277,312,1,333.94,333.94
74,2025-10-19,277,133,1,261.96,261.96
74,2025-10-19,277,467,1,363.53,363.53
75,2025-01-17,925,151,3,496.87,1490.61
75,2025-01-17,925,88,5,222.45,1112.25
75,2025-01-17,925,58,2,16.96,33.92
76,2025-03-07,606,467,1,363.53,363.53
77,2025-04-30,924,453,4,236.71,946.84
78,2025-03-29,103,37,3,37.4,112.2
78,2025-03-29,103,348,2,231.55,463.10
79,2025-05-18,884,197,2,195.32,390.64
79,2025-05-18,884,65,4,430.11,1720.44
80,2025-08-29,567,382,3,240.39,721.17
81,2025-04-06,530,183,3,448.54,1345.62
81,2025-04-06,530,179,1,153.54,153.54
81,2025-04-06,530,439,1,18.16,18.16
82,2025-08-01,309,127,1,428.76,428.76
82,2025-08-01,309,426,1,82.52,82.52
83,2025-09-26,908,188,4,443.19,1772.76
83,2025-09-26,908,306,3,390.91,1172.73
83,2025-09-26,908,6,4,388.76,1555.04
84,2025-04-19,117,247,4,154.79,619.16
84,2025-04-19,117,135,3,220.51,661.53
84,2025-04-19,117,493,4,312.43,1249.72
85,2025-05-03,958,424,1,321.07,321.07
85,2025-05-03,958,244,5,478.82,2394.10
86,2025-08-11,364,213,4,312.66,1250.64
86,2025-08-11,364,210,4,318.91,1275.64
87,2025-07-14,68,444,2,231.57,463.14
87,2025-07-14,68,472,5,46.16,230.80
87,2025-07-14,68,420,3,72.09,216.27
88,2025-10-31,276,253,4,358.42,1433.68
88,2025-10-31,276,26,2,376.51,753.02
89,2025-11-26,778,43,3,278.89,836.67
89,2025-11-26,778,158,5,373.08,1865.40
89,2025-11-26,778,24,2,330.39,660.78
90,2025-05-02,831,367,2,394.98,789.96
91,2025-11-14,358,499,2,230.52,461.04
92,2025-11-25,782,389,2,74.31,148.62
93,2025-03-31,781,91,2,51.8,103.6
94,2025-12-15,427,489,1,52.69,52.69
94,2025-12-15,427,138,4,444.05,1776.20
94,2025-12-15,427,23,1,412.11,412.11
95,2025-05-17,899,271,1,185.88,185.88
95,2025-05-17,899,463,5,144.91,724.55
96,2025-08-22,948,268,2,164.18,328.36
97,2025-12-22,576,159,1,372.6,372.6
97,2025-12-22,576,76,1,445.17,445.17
97,2025-12-22,576,183,2,448.54,897.08
98,2025-11-03,81,433,5,389.95,1949.75
98,2025-11-03,81,445,1,485.73,485.73
98,2025-11-03,81,347,1,138.42,138.42
99,2025-11-05,602,417,2,148.93,297.86
99,2025-11-05,602,215,2,33.6,67.2
99,2025-11-05,602,157,5,33.43,167.15
100,2025-01-28,968,203,5,98.55,492.75
100,2025-01-28,968,276,2,258.44,516.88
101,2025-02-06,479,15,5,182.7,913.5
102,2025-12-12,189,241,1,269.46,269.46
102,2025-12-12,189,442,1,155.41,155.41
103,2025-02-12,816,179,2,153.54,307.08
104,2025-11-10,396,42,2,39.02,78.04
104,2025-11-10,396,337,3,206.67,620.01
104,2025-11-10,396,153,3,210.94,632.82
105,2025-05-13,285,32,1,342.29,342.29
106,2025-11-03,194,115,3,365.14,1095.42
106,2025-11-03,194,133,2,261.96,523.92
106,2025-11-03,194,62,4,245.04,980.16
107,2025-05-17,801,127,3,428.76,1286.28
107,2025-05-17,801,283,4,384.65,1538.60
107,2025-05-17,801,376,5,167.79,838.95
108,2025-11-28,518,180,5,179.99,899.95
108,2025-11-28,518,288,3,55.84,167.52
108,2025-11-28,518,475,2,118.44,236.88
109,2025-01-01,776,87,4,480.44,1921.76
110,2025-12-20,132,428,5,358.4,1792.0
110,2025-12-20,132,226,4,285.54,1142.16
111,2025-10-02,348,95,4,394.98,1579.92
111,2025-10-02,348,405,1,16.73,16.73
112,2025-03-08,434,300,1,119.77,119.77
112,2025-03-08,434,57,4,103.12,412.48
113,2025-09-23,497,124,5,225.92,1129.60
114,2025-12-07,797,127,1,428.76,428.76
114,2025-12-07,797,404,1,153.82,153.82
114,2025-12-07,797,63,5,364.98,1824.90
115,2025-07-12,567,45,4,250.68,1002.72
115,2025-07-12,567,19,5,144.77,723.85
116,2025-01-22,380,18,2,298.7,597.4
117,2025-08-09,826,216,5,277.28,1386.40
117,2025-08-09,826,156,1,182.35,182.35
118,2025-04-22,902,223,5,77.6,388.0
118,2025-04-22,902,56,2,278.79,557.58
119,2025-09-21,619,65,5,430.11,2150.55
120,2025-12-13,576,184,2,72.35,144.70
121,2025-02-12,310,381,5,313.66,1568.30
121,2025-02-12,310,463,1,144.91,144.91
122,2025-11-07,291,492,1,449.67,449.67
122,2025-11-07,291,490,4,476.01,1904.04
122,2025-11-07,291,162,4,147.2,588.8
123,2025-04-04,387,223,3,77.6,232.8
124,2025-06-17,767,395,4,171.83,687.32
124,2025-06-17,767,17,2,221.62,443.24
125,2025-09-13,926,237,1,242.96,242.96
126,2025-08-10,885,331,1,321.18,321.18
126,2025-08-10,885,279,4,204.8,819.2
127,2025-04-13,454,435,4,122.68,490.72
127,2025-04-13,454,26,3,376.51,1129.53
128,2025-04-20,32,53,4,485.1,1940.4
129,2025-10-27,714,249,1,492.22,492.22
129,2025-10-27,714,46,5,392.38,1961.90
130,2025-01-20,822,90,1,414.87,414.87
131,2025-04-11,431,391,1,325.16,325.16
131,2025-04-11,431,336,1,381.71,381.71
131,2025-04-11,431,328,2,50.89,101.78
132,2025-01-27,41,14,5,40.36,201.80
133,2025-02-21,67,395,5,171.83,859.15
133,2025-02-21,67,336,4,381.71,1526.84
134,2025-11-18,98,390,2,40.96,81.92
135,2025-02-09,657,335,1,42.9,42.9
135,2025-02-09,657,119,4,244.81,979.24
136,2025-08-29,898,459,1,223.31,223.31
137,2025-06-27,370,378,4,428.55,1714.20
137,2025-06-27,370,141,4,448.09,1792.36
137,2025-06-27,370,358,4,329.56,1318.24
138,2025-04-07,92,397,5,160.06,800.30
138,2025-04-07,92,14,1,40.36,40.36
139,2025-01-27,947,197,1,195.32,195.32
139,2025-01-27,947,271,3,185.88,557.64
140,2025-06-15,558,77,3,270.23,810.69
141,2025-05-24,591,417,4,148.93,595.72
141,2025-05-24,591,37,3,37.4,112.2
142,2025-03-01,369,12,5,100.62,503.10
142,2025-03-01,369,446,4,60.56,242.24
142,2025-03-01,369,331,3,321.18,963.54
143,2025-10-15,774,22,2,420.77,841.54
143,2025-10-15,774,360,3,483.09,1449.27
144,2025-08-01,982,299,2,383.39,766.78
144,2025-08-01,982,231,4,241.46,965.84
145,2025-08-19,597,423,2,410.7,821.4
146,2025-01-25,742,108,2,393.46,786.92
146,2025-01-25,742,345,4,210.38,841.52
146,2025-01-25,742,167,2,224.17,448.34
147,2025-11-08,110,358,2,329.56,659.12
147,2025-11-08,110,477,4,442.21,1768.84
147,2025-11-08,110,259,4,131.5,526.0
148,2025-02-21,98,458,4,257.33,1029.32
148,2025-02-21,98,349,5,173.73,868.65
149,2025-09-18,6,393,4,263.08,1052.32
150,2025-11-22,542,43,2,278.89,557.78
150,2025-11-22,542,432,3,117.54,352.62
151,2025-03-04,340,280,1,13.76,13.76
151,2025-03-04,340,373,5,282.2,1411.0
151,2025-03-04,340,159,1,372.6,372.6
152,2025-05-18,795,67,5,301.26,1506.30
152,2025-05-18,795,494,3,429.76,1289.28
152,2025-05-18,795,421,5,320.48,1602.40
153,2025-11-27,526,441,3,34.49,103.47
154,2025-12-15,540,62,2,245.04,490.08
154,2025-12-15,540,307,1,228.49,228.49
154,2025-12-15,540,200,3,275.47,826.41
155,2025-12-07,546,432,5,117.54,587.70
155,2025-12-07,546,24,2,330.39,660.78
155,2025-12-07,546,237,4,242.96,971.84
156,2025-12-24,625,232,1,59.52,59.52
156,2025-12-24,625,420,4,72.09,288.36
157,2025-08-27,638,78,3,376.98,1130.94
158,2025-12-23,993,481,1,163.42,163.42
159,2025-12-23,393,486,1,176.54,176.54
160,2025-02-14,759,408,4,242.36,969.44
160,2025-02-14,759,317,5,37.27,186.35
161,2025-04-25,744,310,2,151.31,302.62
161,2025-04-25,744,187,1,319.82,319.82
161,2025-04-25,744,194,2,447.89,895.78
162,2025-02-21,997,40,1,296.1,296.1
162,2025-02-21,997,405,1,16.73,16.73
162,2025-02-21,997,340,5,46.68,233.40
163,2025-01-28,977,188,4,443.19,1772.76
163,2025-01-28,977,141,2,448.09,896.18
164,2025-01-28,685,84,4,404.22,1616.88
165,2025-02-26,921,217,2,110.51,221.02
165,2025-02-26,921,51,3,108.84,326.52
165,2025-02-26,921,264,4,245.93,983.72
166,2025-11-18,646,302,1,462.51,462.51
166,2025-11-18,646,422,5,82.75,413.75
166,2025-11-18,646,21,3,141.16,423.48
167,2025-10-17,232,183,3,448.54,1345.62
168,2025-02-19,310,484,3,497.12,1491.36
169,2025-02-25,360,450,2,101.99,203.98
169,2025-02-25,360,68,2,57.36,114.72
169,2025-02-25,360,74,3,352.49,1057.47
170,2025-01-07,105,230,4,476.52,1906.08
170,2025-01-07,105,18,2,298.7,597.4
171,2025-04-14,355,29,1,178.91,178.91
171,2025-04-14,355,88,4,222.45,889.80
172,2025-03-13,763,254,4,463.64,1854.56
172,2025-03-13,763,203,1,98.55,98.55
173,2025-11-18,15,308,3,241.52,724.56
173,2025-11-18,15,14,4,40.36,161.44
173,2025-11-18,15,457,1,320.53,320.53
174,2025-10-24,407,82,1,349.97,349.97
175,2025-12-01,31,278,5,205.91,1029.55
176,2025-05-05,315,300,2,119.77,239.54
177,2025-04-16,1000,418,4,35.93,143.72
177,2025-04-16,1000,492,2,449.67,899.34
177,2025-04-16,1000,367,1,394.98,394.98
178,2025-10-31,456,315,2,398.86,797.72
179,2025-04-19,609,109,4,97.7,390.8
179,2025-04-19,609,437,3,297.45,892.35
180,2025-02-04,730,385,2,391.11,782.22
181,2025-08-11,673,191,5,246.88,1234.40
181,2025-08-11,673,449,2,119.8,239.6
181,2025-08-11,673,245,1,258.08,258.08
182,2025-08-03,24,172,3,250.68,752.04
182,2025-08-03,24,130,2,252.98,505.96
182,2025-08-03,24,87,2,480.44,960.88
183,2025-12-25,228,116,4,496.51,1986.04
183,2025-12-25,228,47,5,447.66,2238.30
183,2025-12-25,228,214,2,298.33,596.66
184,2025-03-21,331,407,4,325.42,1301.68
185,2025-01-20,640,165,1,78.9,78.9
185,2025-01-20,640,352,2,164.03,328.06
186,2025-05-21,184,213,3,312.66,937.98
187,2025-07-19,926,129,1,119.27,119.27
187,2025-07-19,926,10,4,248.75,995.00
188,2025-11-06,974,220,2,26.81,53.62
189,2025-12-08,355,54,2,221.51,443.02
189,2025-12-08,355,414,5,307.45,1537.25
189,2025-12-08,355,160,3,241.99,725.97
190,2025-04-12,952,404,4,153.82,615.28
190,2025-04-12,952,163,5,186.78,933.90
191,2025-07-24,97,14,3,40.36,121.08
191,2025-07-24,97,111,5,157.26,786.30
191,2025-07-24,97,147,5,55.32,276.60
192,2025-04-03,731,19,3,144.77,434.31
192,2025-04-03,731,422,3,82.75,248.25
192,2025-04-03,731,89,3,349.52,1048.56
193,2025-08-20,518,441,1,34.49,34.49
193,2025-08-20,518,379,4,183.38,733.52
193,2025-08-20,518,97,2,113.42,226.84
194,2025-11-25,263,356,2,8.39,16.78
195,2025-05-16,752,174,4,314.06,1256.24
195,2025-05-16,752,322,1,417.63,417.63
195,2025-05-16,752,377,1,401.94,401.94
196,2025-03-06,797,277,3,328.27,984.81
196,2025-03-06,797,183,5,448.54,2242.70
197,2025-05-23,79,437,3,297.45,892.35
197,2025-05-23,79,210,2,318.91,637.82
197,2025-05-23,79,408,5,242.36,1211.80
198,2025-04-13,857,476,3,131.18,393.54
199,2025-10-05,985,29,3,178.91,536.73
199,2025-10-05,985,500,3,455.95,1367.85
200,2025-07-20,879,252,2,257.9,515.8
201,2025-03-19,952,27,2,227.57,455.14
202,2025-03-04,889,330,1,217.0,217.0
203,2025-03-30,133,351,3,87.53,262.59
203,2025-03-30,133,339,5,247.5,1237.5
204,2025-07-29,794,25,4,250.93,1003.72
204,2025-07-29,794,477,2,442.21,884.42
204,2025-07-29,794,103,3,239.95,719.85
205,2025-04-07,984,236,3,469.19,1407.57
205,2025-04-07,984,398,4,71.83,287.32
206,2025-01-26,647,217,1,110.51,110.51
207,2025-01-14,489,25,5,250.93,1254.65
207,2025-01-14,489,298,5,204.65,1023.25
208,2025-01-10,797,75,4,131.43,525.72
209,2025-10-13,93,424,5,321.07,1605.35
210,2025-03-17,320,206,1,270.77,270.77
210,2025-03-17,320,11,3,149.99,449.97
210,2025-03-17,320,50,2,166.56,333.12
211,2025-06-08,21,14,3,40.36,121.08
211,2025-06-08,21,90,4,414.87,1659.48
211,2025-06-08,21,224,5,321.92,1609.60
212,2025-05-20,786,48,5,228.85,1144.25
212,2025-05-20,786,367,5,394.98,1974.90
212,2025-05-20,786,341,1,51.61,51.61
213,2025-05-22,779,437,3,297.45,892.35
213,2025-05-22,779,188,2,443.19,886.38
214,2025-03-26,207,499,5,230.52,1152.60
215,2025-06-04,862,196,3,305.3,915.9
215,2025-06-04,862,489,4,52.69,210.76
216,2025-06-07,541,27,4,227.57,910.28
216,2025-06-07,541,22,4,420.77,1683.08
217,2025-10-28,59,156,4,182.35,729.40
218,2025-01-11,278,309,1,50.9,50.9
218,2025-01-11,278,10,4,248.75,995.00
218,2025-01-11,278,391,3,325.16,975.48
219,2025-02-23,534,220,4,26.81,107.24
219,2025-02-23,534,14,4,40.36,161.44
219,2025-02-23,534,436,3,472.16,1416.48
220,2025-03-24,549,190,1,72.61,72.61
221,2025-02-18,52,36,3,12.2,36.6
221,2025-02-18,52,48,5,228.85,1144.25
221,2025-02-18,52,425,4,165.2,660.8
222,2025-02-19,498,194,2,447.89,895.78
222,2025-02-19,498,91,2,51.8,103.6
222,2025-02-19,498,239,3,469.38,1408.14
223,2025-08-01,358,7,4,359.69,1438.76
223,2025-08-01,358,338,4,243.62,974.48
223,2025-08-01,358,405,1,16.73,16.73
224,2025-07-31,802,29,1,178.91,178.91
225,2025-03-12,843,163,2,186.78,373.56
226,2025-09-04,954,215,2,33.6,67.2
226,2025-09-04,954,230,2,476.52,953.04
226,2025-09-04,954,79,1,139.58,139.58
227,2025-11-22,6,41,3,114.35,343.05
227,2025-11-22,6,379,2,183.38,366.76
227,2025-11-22,6,292,5,242.18,1210.90
228,2025-07-27,10,407,5,325.42,1627.10
229,2025-01-08,341,142,1,240.49,240.49
229,2025-01-08,341,22,1,420.77,420.77
230,2025-01-28,773,450,2,101.99,203.98
230,2025-01-28,773,188,3,443.19,1329.57
230,2025-01-28,773,135,1,220.51,220.51
231,2025-05-22,127,198,1,373.73,373.73
231,2025-05-22,127,71,5,268.41,1342.05
231,2025-05-22,127,3,5,498.69,2493.45
232,2025-06-29,47,228,2,404.8,809.6
232,2025-06-29,47,409,5,31.26,156.30
233,2025-10-23,567,319,4,453.23,1812.92
233,2025-10-23,567,337,4,206.67,826.68
234,2025-05-24,254,454,4,64.77,259.08
234,2025-05-24,254,253,4,358.42,1433.68
234,2025-05-24,254,326,5,211.81,1059.05
235,2025-04-13,647,128,4,229.59,918.36
235,2025-04-13,647,443,3,255.06,765.18
236,2025-03-24,383,485,1,492.14,492.14
237,2025-11-20,827,397,5,160.06,800.30
238,2025-07-15,572,350,2,30.8,61.6
239,2025-02-06,316,225,5,460.72,2303.60
239,2025-02-06,316,311,5,289.44,1447.20
240,2025-11-30,272,14,3,40.36,121.08
241,2025-09-06,841,214,4,298.33,1193.32
241,2025-09-06,841,242,1,35.44,35.44
241,2025-09-06,841,378,5,428.55,2142.75
242,2025-06-26,793,289,5,150.72,753.60
242,2025-06-26,793,408,3,242.36,727.08
242,2025-06-26,793,156,2,182.35,364.70
243,2025-09-07,334,385,2,391.11,782.22
243,2025-09-07,334,315,2,398.86,797.72
243,2025-09-07,334,281,3,115.36,346.08
244,2025-01-18,612,189,1,147.88,147.88
244,2025-01-18,612,482,3,296.53,889.59
245,2025-07-30,321,40,1,296.1,296.1
246,2025-08-28,381,103,2,239.95,479.90
247,2025-08-17,346,55,1,471.21,471.21
248,2025-11-01,958,19,1,144.77,144.77
249,2025-04-18,29,206,3,270.77,812.31
249,2025-04-18,29,384,1,229.07,229.07
249,2025-04-18,29,44,1,439.63,439.63
250,2025-08-05,885,181,3,284.33,852.99
251,2025-04-06,355,211,1,180.66,180.66
251,2025-04-06,355,251,1,152.34,152.34
252,2025-03-11,720,429,2,309.42,618.84
253,2025-08-08,404,101,2,35.41,70.82
253,2025-08-08,404,14,2,40.36,80.72
254,2025-10-10,23,459,1,223.31,223.31
255,2025-01-23,606,264,1,245.93,245.93
256,2025-02-15,374,295,5,130.26,651.30
256,2025-02-15,374,465,4,313.64,1254.56
256,2025-02-15,374,158,1,373.08,373.08
257,2025-09-11,787,64,1,491.55,491.55
257,2025-09-11,787,176,3,288.86,866.58
258,2025-08-19,371,394,2,348.1,696.2
259,2025-02-23,259,27,3,227.57,682.71
259,2025-02-23,259,122,2,459.94,919.88
259,2025-02-23,259,160,4,241.99,967.96
260,2025-09-17,984,365,4,459.25,1837.00
260,2025-09-17,984,36,5,12.2,61.0
261,2025-06-05,497,396,4,56.06,224.24
262,2025-03-11,293,132,3,305.92,917.76
262,2025-03-11,293,81,5,433.63,2168.15
263,2025-03-31,913,97,2,113.42,226.84
263,2025-03-31,913,86,5,444.15,2220.75
264,2025-11-15,378,295,1,130.26,130.26
265,2025-09-15,581,62,4,245.04,980.16
265,2025-09-15,581,89,1,349.52,349.52
265,2025-09-15,581,38,1,447.83,447.83
266,2025-03-04,365,95,3,394.98,1184.94
266,2025-03-04,365,137,2,272.96,545.92
267,2025-10-13,957,262,2,92.87,185.74
267,2025-10-13,957,102,5,468.5,2342.5
267,2025-10-13,957,493,5,312.43,1562.15
268,2025-07-20,226,315,1,398.86,398.86
268,2025-07-20,226,295,3,130.26,390.78
268,2025-07-20,226,430,3,275.12,825.36
269,2025-07-25,75,100,4,220.87,883.48
270,2025-10-03,162,318,5,12.28,61.40
270,2025-10-03,162,489,1,52.69,52.69
270,2025-10-03,162,290,3,450.86,1352.58
271,2025-02-27,369,226,1,285.54,285.54
271,2025-02-27,369,315,5,398.86,1994.30
271,2025-02-27,369,419,4,54.3,217.2
272,2025-10-17,192,302,3,462.51,1387.53
272,2025-10-17,192,217,1,110.51,110.51
273,2025-06-03,690,352,3,164.03,492.09
273,2025-06-03,690,465,2,313.64,627.28
273,2025-06-03,690,288,1,55.84,55.84
274,2025-08-08,525,284,5,165.79,828.95
274,2025-08-08,525,499,5,230.52,1152.60
274,2025-08-08,525,171,2,350.16,700.32
275,2025-02-25,631,278,5,205.91,1029.55
275,2025-02-25,631,63,4,364.98,1459.92
276,2025-08-09,619,231,1,241.46,241.46
277,2025-10-19,651,251,2,152.34,304.68
278,2025-04-24,539,276,2,258.44,516.88
278,2025-04-24,539,26,3,376.51,1129.53
278,2025-04-24,539,232,2,59.52,119.04
279,2025-07-27,678,77,5,270.23,1351.15
280,2025-11-18,308,184,1,72.35,72.35
281,2025-08-10,833,283,4,384.65,1538.60
281,2025-08-10,833,141,1,448.09,448.09
282,2025-09-17,222,312,5,333.94,1669.70
282,2025-09-17,222,427,1,410.44,410.44
283,2025-01-17,351,244,2,478.82,957.64
284,2025-11-08,882,455,4,276.92,1107.68
284,2025-11-08,882,15,1,182.7,182.7
285,2025-03-31,606,260,2,39.69,79.38
285,2025-03-31,606,160,3,241.99,725.97
285,2025-03-31,606,63,4,364.98,1459.92
286,2025-01-27,210,239,5,469.38,2346.90
286,2025-01-27,210,487,2,79.74,159.48
287,2025-12-24,528,328,3,50.89,152.67
288,2025-04-24,671,115,1,365.14,365.14
288,2025-04-24,671,21,1,141.16,141.16
289,2025-06-30,92,51,1,108.84,108.84
289,2025-06-30,92,294,3,41.14,123.42
290,2025-07-31,583,340,3,46.68,140.04
290,2025-07-31,583,317,2,37.27,74.54
290,2025-07-31,583,109,5,97.7,488.5
291,2025-01-11,490,186,5,436.63,2183.15
292,2025-05-11,261,160,1,241.99,241.99
292,2025-05-11,261,292,3,242.18,726.54
293,2025-09-21,42,408,3,242.36,727.08
293,2025-09-21,42,66,3,211.47,634.41
293,2025-09-21,42,83,4,322.41,1289.64
294,2025-11-18,262,231,2,241.46,482.92
295,2025-09-27,778,216,5,277.28,1386.40
296,2025-07-02,287,82,3,349.97,1049.91
296,2025-07-02,287,200,5,275.47,1377.35
296,2025-07-02,287,90,3,414.87,1244.61
297,2025-10-03,158,4,2,472.3,944.6
297,2025-10-03,158,65,4,430.11,1720.44
298,2025-12-08,155,373,3,282.2,846.6
298,2025-12-08,155,94,2,295.93,591.86
299,2025-07-12,495,134,4,284.82,1139.28
299,2025-07-12,495,351,1,87.53,87.53
299,2025-07-12,495,312,1,333.94,333.94
300,2025-11-27,872,326,1,211.81,211.81
300,2025-11-27,872,348,1,231.55,231.55
301,2025-09-26,622,487,1,79.74,79.74
301,2025-09-26,622,435,1,122.68,122.68
301,2025-09-26,622,295,3,130.26,390.78
302,2025-09-12,891,204,1,296.2,296.2
302,2025-09-12,891,215,3,33.6,100.8
303,2025-02-18,983,377,4,401.94,1607.76
303,2025-02-18,983,157,5,33.43,167.15
304,2025-04-12,729,15,3,182.7,548.1
304,2025-04-12,729,380,5,276.01,1380.05
305,2025-09-03,968,103,4,239.95,959.80
305,2025-09-03,968,248,4,45.08,180.32
305,2025-09-03,968,152,1,39.12,39.12
306,2025-04-01,732,208,1,438.21,438.21
307,2025-09-20,757,43,4,278.89,1115.56
307,2025-09-20,757,386,2,214.75,429.50
308,2025-07-27,314,293,5,131.93,659.65
309,2025-05-20,631,10,4,248.75,995.00
309,2025-05-20,631,368,4,83.83,335.32
310,2025-05-07,471,72,3,409.92,1229.76
311,2025-10-13,679,264,2,245.93,491.86
312,2025-08-02,840,50,5,166.56,832.80
312,2025-08-02,840,194,1,447.89,447.89
313,2025-03-08,383,96,5,5.28,26.40
313,2025-03-08,383,31,5,485.56,2427.80
314,2025-05-25,300,382,5,240.39,1201.95
315,2025-03-14,702,125,4,265.17,1060.68
316,2025-06-13,101,288,1,55.84,55.84
317,2025-09-09,209,42,4,39.02,156.08
318,2025-05-14,908,271,5,185.88,929.40
319,2025-07-11,935,362,5,299.76,1498.80
319,2025-07-11,935,169,5,460.43,2302.15
319,2025-07-11,935,63,2,364.98,729.96
320,2025-04-24,468,83,3,322.41,967.23
320,2025-04-24,468,371,3,51.41,154.23
320,2025-04-24,468,370,4,285.74,1142.96
321,2025-06-17,268,359,3,275.01,825.03
321,2025-06-17,268,387,3,280.52,841.56
322,2025-04-24,892,126,4,41.18,164.72
323,2025-08-07,202,113,4,304.92,1219.68
323,2025-08-07,202,115,2,365.14,730.28
323,2025-08-07,202,125,3,265.17,795.51
324,2025-11-10,335,327,1,499.91,499.91
324,2025-11-10,335,251,4,152.34,609.36
324,2025-11-10,335,152,1,39.12,39.12
325,2025-09-17,669,67,3,301.26,903.78
326,2025-04-24,89,73,4,25.92,103.68
327,2025-08-14,956,167,1,224.17,224.17
328,2025-10-06,302,473,4,341.31,1365.24
329,2025-04-15,290,109,5,97.7,488.5
330,2025-03-07,81,121,1,492.6,492.6
330,2025-03-07,81,369,2,67.55,135.10
331,2025-09-27,224,160,1,241.99,241.99
331,2025-09-27,224,266,4,468.09,1872.36
332,2025-11-02,54,185,5,335.4,1677.0
333,2025-10-02,537,405,1,16.73,16.73
333,2025-10-02,537,495,5,295.22,1476.10
334,2025-02-20,387,158,5,373.08,1865.40
335,2025-07-22,486,410,3,400.18,1200.54
336,2025-02-12,919,30,1,152.14,152.14
336,2025-02-12,919,391,3,325.16,975.48
337,2025-07-02,351,117,4,142.82,571.28
338,2025-02-03,666,259,4,131.5,526.0
339,2025-08-24,617,38,3,447.83,1343.49
340,2025-02-23,224,198,2,373.73,747.46
340,2025-02-23,224,250,5,202.45,1012.25
341,2025-08-25,991,192,1,319.33,319.33
341,2025-08-25,991,23,2,412.11,824.22
342,2025-10-18,904,66,2,211.47,422.94
342,2025-10-18,904,464,2,267.75,535.50
342,2025-10-18,904,243,3,457.3,1371.9
343,2025-03-23,632,285,2,447.68,895.36
343,2025-03-23,632,373,2,282.2,564.4
344,2025-08-17,192,297,3,398.94,1196.82
345,2025-07-03,263,204,1,296.2,296.2
345,2025-07-03,263,473,4,341.31,1365.24
345,2025-07-03,263,432,2,117.54,235.08
346,2025-09-14,80,227,4,94.86,379.44
346,2025-09-14,80,477,3,442.21,1326.63
346,2025-09-14,80,162,5,147.2,736.0
347,2025-11-22,969,216,4,277.28,1109.12
347,2025-11-22,969,113,4,304.92,1219.68
347,2025-11-22,969,335,2,42.9,85.8
348,2025-03-16,74,370,3,285.74,857.22
349,2025-05-08,514,149,1,57.41,57.41
349,2025-05-08,514,491,3,474.71,1424.13
349,2025-05-08,514,161,3,318.86,956.58
350,2025-08-16,994,58,3,16.96,50.88
350,2025-08-16,994,370,4,285.74,1142.96
351,2025-08-31,566,132,1,305.92,305.92
351,2025-08-31,566,109,5,97.7,488.5
351,2025-08-31,566,313,5,151.33,756.65
352,2025-11-04,905,307,1,228.49,228.49
352,2025-11-04,905,352,2,164.03,328.06
353,2025-02-08,208,319,5,453.23,2266.15
353,2025-02-08,208,8,5,316.53,1582.65
353,2025-02-08,208,331,4,321.18,1284.72
354,2025-12-13,824,28,2,412.52,825.04
355,2025-06-04,650,90,3,414.87,1244.61
355,2025-06-04,650,19,5,144.77,723.85
356,2025-08-24,204,112,3,242.9,728.7
356,2025-08-24,204,48,4,228.85,915.40
357,2025-07-12,613,253,3,358.42,1075.26
358,2025-05-12,467,453,3,236.71,710.13
358,2025-05-12,467,335,2,42.9,85.8
358,2025-05-12,467,195,3,494.68,1484.04
359,2025-08-09,388,337,1,206.67,206.67
359,2025-08-09,388,387,5,280.52,1402.60
360,2025-11-29,876,161,4,318.86,1275.44
360,2025-11-29,876,407,2,325.42,650.84
360,2025-11-29,876,401,4,341.45,1365.80
361,2025-11-08,946,433,5,389.95,1949.75
361,2025-11-08,946,131,5,398.64,1993.20
362,2025-06-01,732,94,2,295.93,591.86
362,2025-06-01,732,301,5,274.15,1370.75
362,2025-06-01,732,224,1,321.92,321.92
363,2025-11-03,8,192,5,319.33,1596.65
363,2025-11-03,8,321,2,75.56,151.12
363,2025-11-03,8,19,1,144.77,144.77
364,2025-06-05,715,275,2,25.24,50.48
364,2025-06-05,715,126,3,41.18,123.54
364,2025-06-05,715,267,3,281.05,843.15
365,2025-01-16,694,470,2,232.51,465.02
365,2025-01-16,694,490,3,476.01,1428.03
365,2025-01-16,694,84,2,404.22,808.44
366,2025-05-15,947,75,5,131.43,657.15
366,2025-05-15,947,260,1,39.69,39.69
366,2025-05-15,947,454,4,64.77,259.08
367,2025-07-21,425,26,2,376.51,753.02
367,2025-07-21,425,71,1,268.41,268.41
367,2025-07-21,425,146,4,92.21,368.84
368,2025-05-19,24,275,1,25.24,25.24
369,2025-05-02,356,405,2,16.73,33.46
369,2025-05-02,356,139,1,339.12,339.12
370,2025-04-22,305,278,5,205.91,1029.55
370,2025-04-22,305,370,5,285.74,1428.70
371,2025-05-15,827,22,2,420.77,841.54
371,2025-05-15,827,344,4,177.16,708.64
372,2025-09-16,324,228,3,404.8,1214.4
373,2025-01-23,170,266,2,468.09,936.18
373,2025-01-23,170,21,5,141.16,705.80
373,2025-01-23,170,8,5,316.53,1582.65
374,2025-01-12,210,44,2,439.63,879.26
374,2025-01-12,210,403,4,215.58,862.32
374,2025-01-12,210,92,4,468.03,1872.12
375,2025-04-18,43,473,5,341.31,1706.55
375,2025-04-18,43,309,5,50.9,254.5
376,2025-11-10,568,283,1,384.65,384.65
376,2025-11-10,568,155,4,407.98,1631.92
377,2025-02-01,948,443,1,255.06,255.06
378,2025-08-15,585,450,3,101.99,305.97
378,2025-08-15,585,73,1,25.92,25.92
379,2025-03-09,664,145,1,20.33,20.33
379,2025-03-09,664,277,1,328.27,328.27
379,2025-03-09,664,229,2,296.73,593.46
380,2025-04-16,412,317,4,37.27,149.08
381,2025-09-15,547,26,4,376.51,1506.04
382,2025-01-30,443,394,2,348.1,696.2
383,2025-07-30,13,325,2,281.87,563.74
383,2025-07-30,13,107,5,167.97,839.85
383,2025-07-30,13,105,4,58.1,232.4
384,2025-11-22,982,293,4,131.93,527.72
384,2025-11-22,982,376,4,167.79,671.16
385,2025-06-15,257,144,4,398.79,1595.16
386,2025-06-15,757,342,4,478.74,1914.96
386,2025-06-15,757,23,4,412.11,1648.44
387,2025-12-25,770,105,1,58.1,58.1
388,2025-05-26,605,416,4,70.38,281.52
388,2025-05-26,605,163,4,186.78,747.12
388,2025-05-26,605,357,5,147.52,737.60
389,2025-01-16,201,130,5,252.98,1264.90
389,2025-01-16,201,454,4,64.77,259.08
389,2025-01-16,201,138,2,444.05,888.10
390,2025-09-28,582,410,5,400.18,2000.90
390,2025-09-28,582,29,4,178.91,715.64
390,2025-09-28,582,84,3,404.22,1212.66
391,2025-07-09,457,445,4,485.73,1942.92
391,2025-07-09,457,196,5,305.3,1526.5
392,2025-05-18,526,443,2,255.06,510.12
392,2025-05-18,526,106,1,180.08,180.08
393,2025-02-17,811,123,4,165.07,660.28
393,2025-02-17,811,150,4,72.4,289.6
393,2025-02-17,811,64,3,491.55,1474.65
394,2025-11-22,929,107,2,167.97,335.94
394,2025-11-22,929,179,3,153.54,460.62
394,2025-11-22,929,422,4,82.75,331.00
395,2025-01-12,198,133,3,261.96,785.88
396,2025-08-30,157,174,5,314.06,1570.30
397,2025-08-12,934,354,1,78.8,78.8
397,2025-08-12,934,405,2,16.73,33.46
397,2025-08-12,934,259,1,131.5,131.5
398,2025-05-30,295,496,2,159.99,319.98
398,2025-05-30,295,423,3,410.7,1232.1
399,2025-06-02,929,236,5,469.19,2345.95
400,2025-09-01,451,9,4,217.36,869.44
400,2025-09-01,451,495,2,295.22,590.44
400,2025-09-01,451,67,1,301.26,301.26
401,2025-12-23,280,197,4,195.32,781.28
401,2025-12-23,280,440,3,475.31,1425.93
401,2025-12-23,280,293,3,131.93,395.79
402,2025-01-27,122,269,4,302.11,1208.44
402,2025-01-27,122,349,4,173.73,694.92
403,2025-06-30,936,81,5,433.63,2168.15
403,2025-06-30,936,154,5,434.3,2171.5
404,2025-07-23,775,52,1,420.33,420.33
405,2025-05-27,756,133,3,261.96,785.88
405,2025-05-27,756,469,3,103.95,311.85
406,2025-12-01,421,250,4,202.45,809.80
406,2025-12-01,421,176,3,288.86,866.58
406,2025-12-01,421,259,2,131.5,263.0
407,2025-06-12,175,303,1,489.27,489.27
407,2025-06-12,175,335,4,42.9,171.6
407,2025-06-12,175,394,5,348.1,1740.5
408,2025-02-27,762,247,4,154.79,619.16
409,2025-12-19,703,482,3,296.53,889.59
409,2025-12-19,703,157,5,33.43,167.15
410,2025-03-10,58,323,4,299.85,1199.40
410,2025-03-10,58,49,5,243.73,1218.65
410,2025-03-10,58,491,4,474.71,1898.84
411,2025-04-17,85,350,3,30.8,92.4
411,2025-04-17,85,446,5,60.56,302.80
412,2025-12-24,856,12,3,100.62,301.86
413,2025-01-18,593,351,4,87.53,350.12
413,2025-01-18,593,248,4,45.08,180.32
413,2025-01-18,593,402,4,341.36,1365.44
414,2025-01-28,225,333,1,312.24,312.24
414,2025-01-28,225,242,3,35.44,106.32
415,2025-06-27,883,428,3,358.4,1075.2
416,2025-09-17,368,10,3,248.75,746.25
417,2025-05-04,713,229,1,296.73,296.73
418,2025-01-06,483,322,4,417.63,1670.52
418,2025-01-06,483,124,3,225.92,677.76
418,2025-01-06,483,363,1,154.83,154.83
419,2025-07-06,599,123,3,165.07,495.21
419,2025-07-06,599,486,3,176.54,529.62
419,2025-07-06,599,422,5,82.75,413.75
420,2025-04-08,512,154,2,434.3,868.6
420,2025-04-08,512,262,1,92.87,92.87
420,2025-04-08,512,91,3,51.8,155.4
421,2025-11-24,863,369,4,67.55,270.20
422,2025-04-23,651,235,1,72.25,72.25
422,2025-04-23,651,383,5,259.72,1298.60
423,2025-07-01,521,152,2,39.12,78.24
423,2025-07-01,521,70,2,24.04,48.08
424,2025-02-20,961,172,5,250.68,1253.40
424,2025-02-20,961,18,4,298.7,1194.8
424,2025-02-20,961,391,4,325.16,1300.64
425,2025-01-24,980,328,3,50.89,152.67
425,2025-01-24,980,233,2,230.37,460.74
425,2025-01-24,980,92,3,468.03,1404.09
426,2025-07-20,957,1,2,80.6,161.2
426,2025-07-20,957,469,3,103.95,311.85
427,2025-05-20,125,345,1,210.38,210.38
427,2025-05-20,125,183,4,448.54,1794.16
428,2025-06-12,651,242,5,35.44,177.20
429,2025-07-11,391,174,5,314.06,1570.30
429,2025-07-11,391,191,3,246.88,740.64
429,2025-07-11,391,463,2,144.91,289.82
430,2025-08-10,213,108,3,393.46,1180.38
431,2025-10-25,775,99,2,342.87,685.74
432,2025-05-28,289,187,2,319.82,639.64
432,2025-05-28,289,434,1,21.02,21.02
433,2025-02-18,459,361,4,365.74,1462.96
433,2025-02-18,459,182,1,496.05,496.05
434,2025-06-12,334,317,3,37.27,111.81
434,2025-06-12,334,115,2,365.14,730.28
435,2024-12-31,810,271,2,185.88,371.76
436,2025-07-06,170,309,3,50.9,152.7
436,2025-07-06,170,467,1,363.53,363.53
436,2025-07-06,170,150,2,72.4,144.8
437,2025-01-15,384,381,2,313.66,627.32
438,2025-06-13,811,387,5,280.52,1402.60
438,2025-06-13,811,152,4,39.12,156.48
438,2025-06-13,811,381,5,313.66,1568.30
439,2025-03-22,12,119,1,244.81,244.81
440,2025-01-19,909,310,2,151.31,302.62
440,2025-01-19,909,230,5,476.52,2382.60
441,2025-11-13,243,174,5,314.06,1570.30
441,2025-11-13,243,60,3,334.6,1003.8
441,2025-11-13,243,124,3,225.92,677.76
442,2025-05-06,402,445,5,485.73,2428.65
442,2025-05-06,402,94,3,295.93,887.79
442,2025-05-06,402,25,2,250.93,501.86
443,2025-03-10,674,118,5,116.6,583.0
443,2025-03-10,674,368,3,83.83,251.49
443,2025-03-10,674,280,4,13.76,55.04
444,2025-11-05,841,393,5,263.08,1315.40
444,2025-11-05,841,429,3,309.42,928.26
444,2025-11-05,841,56,2,278.79,557.58
445,2025-01-12,94,379,1,183.38,183.38
446,2025-05-13,504,256,3,127.97,383.91
446,2025-05-13,504,290,3,450.86,1352.58
447,2025-01-25,871,113,1,304.92,304.92
447,2025-01-25,871,488,2,209.37,418.74
448,2025-09-21,341,337,4,206.67,826.68
448,2025-09-21,341,120,3,458.95,1376.85
449,2025-06-05,741,112,4,242.9,971.6
450,2025-10-03,825,395,5,171.83,859.15
450,2025-10-03,825,141,4,448.09,1792.36
450,2025-10-03,825,429,5,309.42,1547.10
451,2025-08-22,18,471,2,327.77,655.54
451,2025-08-22,18,480,5,172.26,861.30
451,2025-08-22,18,399,3,53.46,160.38
452,2025-03-20,387,215,3,33.6,100.8
452,2025-03-20,387,391,4,325.16,1300.64
453,2025-02-04,225,126,5,41.18,205.90
453,2025-02-04,225,19,1,144.77,144.77
453,2025-02-04,225,163,2,186.78,373.56
454,2025-06-24,736,466,4,477.28,1909.12
454,2025-06-24,736,262,1,92.87,92.87
454,2025-06-24,736,133,4,261.96,1047.84
455,2025-03-04,621,353,4,272.7,1090.8
456,2025-07-09,238,196,4,305.3,1221.2
456,2025-07-09,238,250,3,202.45,607.35
456,2025-07-09,238,372,4,20.55,82.20
457,2025-01-02,480,41,5,114.35,571.75
457,2025-01-02,480,199,4,286.28,1145.12
457,2025-01-02,480,430,5,275.12,1375.60
458,2025-06-03,756,120,1,458.95,458.95
458,2025-06-03,756,404,5,153.82,769.10
459,2025-01-26,899,51,4,108.84,435.36
459,2025-01-26,899,493,2,312.43,624.86
460,2025-04-16,76,177,2,184.9,369.8
461,2025-12-01,116,478,3,68.54,205.62
462,2025-06-20,297,401,4,341.45,1365.80
463,2025-09-10,479,426,4,82.52,330.08
463,2025-09-10,479,471,4,327.77,1311.08
463,2025-09-10,479,92,4,468.03,1872.12
464,2025-11-22,854,172,5,250.68,1253.40
464,2025-11-22,854,414,5,307.45,1537.25
465,2025-07-10,496,133,3,261.96,785.88
466,2025-09-04,862,326,4,211.81,847.24
467,2025-10-19,979,53,3,485.1,1455.3
467,2025-10-19,979,421,4,320.48,1281.92
467,2025-10-19,979,127,4,428.76,1715.04
468,2025-04-10,721,67,5,301.26,1506.30
468,2025-04-10,721,6,1,388.76,388.76
468,2025-04-10,721,316,2,285.22,570.44
469,2025-10-11,808,363,5,154.83,774.15
470,2025-11-02,279,40,2,296.1,592.2
470,2025-11-02,279,170,2,40.78,81.56
471,2025-03-19,289,429,5,309.42,1547.10
471,2025-03-19,289,336,4,381.71,1526.84
472,2025-11-19,685,87,1,480.44,480.44
472,2025-11-19,685,156,5,182.35,911.75
473,2025-10-17,502,293,3,131.93,395.79
474,2025-05-03,407,461,5,224.53,1122.65
474,2025-05-03,407,39,2,154.19,308.38
474,2025-05-03,407,382,2,240.39,480.78
475,2025-03-02,262,443,3,255.06,765.18
475,2025-03-02,262,18,2,298.7,597.4
475,2025-03-02,262,142,1,240.49,240.49
476,2025-12-03,841,120,2,458.95,917.90
476,2025-12-03,841,329,2,374.27,748.54
477,2025-03-29,103,121,3,492.6,1477.8
478,2025-10-21,16,238,3,472.08,1416.24
479,2025-02-24,269,444,3,231.57,694.71
479,2025-02-24,269,320,5,322.83,1614.15
479,2025-02-24,269,231,2,241.46,482.92
480,2025-01-19,271,201,1,437.71,437.71
481,2025-06-28,674,326,4,211.81,847.24
481,2025-06-28,674,183,4,448.54,1794.16
482,2025-07-01,264,426,5,82.52,412.60
482,2025-07-01,264,138,4,444.05,1776.20
483,2025-12-05,54,110,3,443.77,1331.31
483,2025-12-05,54,293,3,131.93,395.79
483,2025-12-05,54,25,4,250.93,1003.72
484,2025-05-25,612,44,1,439.63,439.63
485,2025-07-28,325,252,5,257.9,1289.5
485,2025-07-28,325,62,2,245.04,490.08
486,2025-11-28,9,9,3,217.36,652.08
486,2025-11-28,9,363,4,154.83,619.32
487,2025-06-28,510,390,2,40.96,81.92
487,2025-06-28,510,472,2,46.16,92.32
488,2025-07-11,852,266,2,468.09,936.18
488,2025-07-11,852,470,4,232.51,930.04
488,2025-07-11,852,10,3,248.75,746.25
489,2025-01-06,133,296,3,215.06,645.18
490,2025-05-18,60,169,3,460.43,1381.29
490,2025-05-18,60,286,5,46.15,230.75
491,2025-07-30,954,166,4,212.49,849.96
491,2025-07-30,954,423,3,410.7,1232.1
491,2025-07-30,954,390,2,40.96,81.92
492,2025-12-13,12,311,5,289.44,1447.20
492,2025-12-13,12,218,2,137.61,275.22
492,2025-12-13,12,35,4,246.38,985.52
493,2025-02-15,663,203,3,98.55,295.65
493,2025-02-15,663,493,4,312.43,1249.72
494,2025-05-07,160,121,2,492.6,985.2
494,2025-05-07,160,145,1,20.33,20.33
494,2025-05-07,160,356,4,8.39,33.56
495,2025-12-16,717,161,3,318.86,956.58
495,2025-12-16,717,156,2,182.35,364.70
496,2025-08-02,343,421,3,320.48,961.44
497,2025-04-11,432,152,2,39.12,78.24
497,2025-04-11,432,351,3,87.53,262.59
498,2025-03-14,642,232,5,59.52,297.60
499,2025-05-04,772,241,5,269.46,1347.30
500,2025-07-27,853,470,4,232.51,930.04
501,2025-12-24,75,216,4,277.28,1109.12
502,2025-05-02,983,125,4,265.17,1060.68
502,2025-05-02,983,174,1,314.06,314.06
502,2025-05-02,983,16,1,241.42,241.42
503,2025-10-11,871,405,4,16.73,66.92
504,2025-01-31,892,7,3,359.69,1079.07
504,2025-01-31,892,269,1,302.11,302.11
504,2025-01-31,892,15,4,182.7,730.8
505,2025-11-27,873,124,4,225.92,903.68
505,2025-11-27,873,232,3,59.52,178.56
505,2025-11-27,873,415,5,477.17,2385.85
506,2025-04-18,616,468,2,253.58,507.16
507,2025-01-29,349,461,2,224.53,449.06
507,2025-01-29,349,129,1,119.27,119.27
508,2025-09-15,816,456,2,452.55,905.10
508,2025-09-15,816,369,4,67.55,270.20
508,2025-09-15,816,61,2,351.5,703.0
509,2025-11-02,788,116,1,496.51,496.51
509,2025-11-02,788,243,1,457.3,457.3
510,2025-06-29,400,133,5,261.96,1309.80
510,2025-06-29,400,258,2,77.66,155.32
511,2025-12-26,482,374,3,335.47,1006.41
511,2025-12-26,482,370,4,285.74,1142.96
511,2025-12-26,482,150,5,72.4,362.0
512,2025-06-20,45,479,3,301.68,905.04
513,2025-05-12,959,11,2,149.99,299.98
513,2025-05-12,959,141,3,448.09,1344.27
514,2025-02-25,923,136,4,341.46,1365.84
514,2025-02-25,923,494,3,429.76,1289.28
514,2025-02-25,923,371,4,51.41,205.64
515,2025-09-17,852,282,1,332.62,332.62
516,2025-10-19,661,98,5,14.53,72.65
516,2025-10-19,661,385,2,391.11,782.22
516,2025-10-19,661,265,1,86.31,86.31
517,2025-05-24,130,476,1,131.18,131.18
517,2025-05-24,130,142,4,240.49,961.96
517,2025-05-24,130,316,4,285.22,1140.88
518,2025-11-13,722,259,1,131.5,131.5
519,2025-01-15,623,164,3,310.9,932.7
519,2025-01-15,623,148,5,445.16,2225.80
520,2025-04-13,17,435,5,122.68,613.40
520,2025-04-13,17,158,5,373.08,1865.40
521,2025-11-11,323,268,1,164.18,164.18
521,2025-11-11,323,108,4,393.46,1573.84
521,2025-11-11,323,183,4,448.54,1794.16
522,2025-12-16,568,226,1,285.54,285.54
522,2025-12-16,568,381,5,313.66,1568.30
523,2025-03-26,157,6,5,388.76,1943.80
523,2025-03-26,157,10,5,248.75,1243.75
524,2025-07-06,499,206,5,270.77,1353.85
524,2025-07-06,499,196,1,305.3,305.3
525,2025-01-27,944,307,3,228.49,685.47
526,2025-07-31,103,230,5,476.52,2382.60
527,2025-05-06,380,175,2,471.13,942.26
527,2025-05-06,380,487,4,79.74,318.96
527,2025-05-06,380,398,3,71.83,215.49
528,2025-04-21,171,134,2,284.82,569.64
529,2025-08-16,752,234,2,6.55,13.10
530,2025-04-23,445,401,4,341.45,1365.80
531,2025-07-25,470,306,1,390.91,390.91
532,2025-08-24,193,267,3,281.05,843.15
532,2025-08-24,193,231,1,241.46,241.46
532,2025-08-24,193,303,4,489.27,1957.08
533,2025-10-04,772,414,1,307.45,307.45
533,2025-10-04,772,91,4,51.8,207.2
533,2025-10-04,772,111,2,157.26,314.52
534,2025-09-19,76,288,4,55.84,223.36
534,2025-09-19,76,433,3,389.95,1169.85
534,2025-09-19,76,233,5,230.37,1151.85
535,2025-09-10,543,490,2,476.01,952.02
535,2025-09-10,543,72,3,409.92,1229.76
535,2025-09-10,543,5,2,314.52,629.04
536,2025-07-26,332,470,5,232.51,1162.55
537,2025-05-23,34,407,2,325.42,650.84
537,2025-05-23,34,83,3,322.41,967.23
538,2025-08-27,995,182,3,496.05,1488.15
539,2025-02-22,430,190,3,72.61,217.83
539,2025-02-22,430,139,3,339.12,1017.36
539,2025-02-22,430,160,2,241.99,483.98
540,2025-09-27,836,280,1,13.76,13.76
540,2025-09-27,836,280,4,13.76,55.04
541,2025-03-24,183,104,4,157.58,630.32
542,2025-02-13,367,69,5,340.46,1702.30
542,2025-02-13,367,79,4,139.58,558.32
542,2025-02-13,367,491,4,474.71,1898.84
543,2025-08-02,557,351,1,87.53,87.53
543,2025-08-02,557,175,1,471.13,471.13
544,2025-11-28,988,451,5,117.67,588.35
545,2025-07-17,980,322,4,417.63,1670.52
545,2025-07-17,980,83,4,322.41,1289.64
545,2025-07-17,980,439,5,18.16,90.80
546,2025-02-23,34,215,2,33.6,67.2
546,2025-02-23,34,138,2,444.05,888.10
546,2025-02-23,34,268,3,164.18,492.54
547,2025-04-28,377,384,3,229.07,687.21
547,2025-04-28,377,1,1,80.6,80.6
547,2025-04-28,377,314,4,239.74,958.96
548,2025-11-17,699,253,2,358.42,716.84
548,2025-11-17,699,355,1,208.41,208.41
549,2025-07-17,720,192,5,319.33,1596.65
549,2025-07-17,720,33,5,194.9,974.5
550,2025-09-21,565,96,1,5.28,5.28
551,2025-05-15,980,241,1,269.46,269.46
552,2025-02-18,497,473,2,341.31,682.62
552,2025-02-18,497,273,3,54.12,162.36
552,2025-02-18,497,405,5,16.73,83.65
553,2025-02-25,55,431,1,141.89,141.89
553,2025-02-25,55,263,5,157.37,786.85
554,2025-08-06,899,86,4,444.15,1776.60
555,2025-04-25,775,234,4,6.55,26.20
556,2025-04-01,887,366,4,223.44,893.76
556,2025-04-01,887,117,1,142.82,142.82
556,2025-04-01,887,166,5,212.49,1062.45
557,2025-09-01,231,2,3,287.98,863.94
557,2025-09-01,231,396,5,56.06,280.30
557,2025-09-01,231,262,4,92.87,371.48
558,2025-10-07,988,236,5,469.19,2345.95
558,2025-10-07,988,449,4,119.8,479.2
558,2025-10-07,988,480,5,172.26,861.30
559,2025-06-16,878,277,4,328.27,1313.08
560,2025-07-08,612,345,4,210.38,841.52
560,2025-07-08,612,412,1,407.79,407.79
561,2025-09-16,451,129,5,119.27,596.35
561,2025-09-16,451,499,3,230.52,691.56
562,2025-01-02,810,274,4,56.74,226.96
562,2025-01-02,810,51,3,108.84,326.52
563,2025-02-09,117,305,1,70.29,70.29
564,2025-12-23,36,358,5,329.56,1647.80
564,2025-12-23,36,25,4,250.93,1003.72
565,2025-10-16,335,209,5,148.45,742.25
566,2025-04-09,367,323,1,299.85,299.85
566,2025-04-09,367,115,1,365.14,365.14
566,2025-04-09,367,295,2,130.26,260.52
567,2025-03-14,232,78,1,376.98,376.98
567,2025-03-14,232,427,1,410.44,410.44
567,2025-03-14,232,36,1,12.2,12.2
568,2025-02-04,762,494,1,429.76,429.76
569,2025-12-16,418,490,1,476.01,476.01
569,2025-12-16,418,14,1,40.36,40.36
570,2025-06-13,874,22,3,420.77,1262.31
570,2025-06-13,874,99,4,342.87,1371.48
570,2025-06-13,874,63,4,364.98,1459.92
571,2025-04-01,584,455,4,276.92,1107.68
571,2025-04-01,584,36,2,12.2,24.4
572,2025-12-08,520,185,4,335.4,1341.6
573,2025-11-06,816,34,1,401.45,401.45
573,2025-11-06,816,145,3,20.33,60.99
574,2025-11-16,112,10,1,248.75,248.75
574,2025-11-16,112,219,4,24.98,99.92
574,2025-11-16,112,259,1,131.5,131.5
575,2025-06-13,836,218,4,137.61,550.44
576,2025-01-08,976,121,4,492.6,1970.4
576,2025-01-08,976,24,3,330.39,991.17
577,2025-03-21,803,182,3,496.05,1488.15
577,2025-03-21,803,250,1,202.45,202.45
577,2025-03-21,803,419,4,54.3,217.2
578,2025-03-21,988,427,1,410.44,410.44
578,2025-03-21,988,447,1,376.57,376.57
579,2025-05-25,612,296,1,215.06,215.06
579,2025-05-25,612,451,4,117.67,470.68
580,2025-05-20,871,160,5,241.99,1209.95
581,2025-05-12,641,138,3,444.05,1332.15
581,2025-05-12,641,229,5,296.73,1483.65
582,2025-11-26,189,446,2,60.56,121.12
582,2025-11-26,189,117,4,142.82,571.28
583,2025-02-05,949,122,1,459.94,459.94
583,2025-02-05,949,433,3,389.95,1169.85
584,2025-01-27,440,98,4,14.53,58.12
584,2025-01-27,440,419,1,54.3,54.3
585,2025-02-20,554,285,3,447.68,1343.04
585,2025-02-20,554,121,1,492.6,492.6
586,2025-07-08,70,39,2,154.19,308.38
586,2025-07-08,70,348,1,231.55,231.55
586,2025-07-08,70,373,3,282.2,846.6
587,2025-08-04,133,41,1,114.35,114.35
587,2025-08-04,133,438,4,161.16,644.64
587,2025-08-04,133,408,2,242.36,484.72
588,2025-06-12,889,54,4,221.51,886.04
588,2025-06-12,889,312,2,333.94,667.88
588,2025-06-12,889,399,1,53.46,53.46
589,2025-06-12,161,392,5,141.55,707.75
589,2025-06-12,161,366,1,223.44,223.44
589,2025-06-12,161,395,2,171.83,343.66
590,2025-04-03,606,257,2,265.71,531.42
590,2025-04-03,606,467,5,363.53,1817.65
591,2025-02-15,821,395,4,171.83,687.32
591,2025-02-15,821,25,1,250.93,250.93
591,2025-02-15,821,22,5,420.77,2103.85
592,2025-02-14,144,378,5,428.55,2142.75
593,2025-02-16,636,265,2,86.31,172.62
593,2025-02-16,636,214,4,298.33,1193.32
593,2025-02-16,636,45,3,250.68,752.04
594,2025-01-22,1000,268,2,164.18,328.36
595,2025-08-21,159,414,5,307.45,1537.25
595,2025-08-21,159,140,2,187.49,374.98
596,2025-06-06,706,285,1,447.68,447.68
596,2025-06-06,706,436,3,472.16,1416.48
596,2025-06-06,706,462,3,412.76,1238.28
597,2025-06-21,745,207,4,68.3,273.2
598,2025-03-21,324,402,2,341.36,682.72
599,2025-03-20,555,42,4,39.02,156.08
600,2025-02-19,924,74,5,352.49,1762.45
600,2025-02-19,924,180,2,179.99,359.98
601,2025-12-18,670,419,5,54.3,271.5
602,2025-11-14,728,499,4,230.52,922.08
602,2025-11-14,728,3,4,498.69,1994.76
603,2025-09-09,183,198,2,373.73,747.46
603,2025-09-09,183,277,2,328.27,656.54
603,2025-09-09,183,124,2,225.92,451.84
604,2025-04-10,703,255,1,214.59,214.59
604,2025-04-10,703,105,5,58.1,290.5
604,2025-04-10,703,17,1,221.62,221.62
605,2025-09-24,984,323,3,299.85,899.55
605,2025-09-24,984,450,2,101.99,203.98
605,2025-09-24,984,158,4,373.08,1492.32
606,2025-03-21,984,396,5,56.06,280.30
606,2025-03-21,984,20,3,478.78,1436.34
607,2025-04-01,29,326,1,211.81,211.81
608,2025-04-17,645,206,4,270.77,1083.08
608,2025-04-17,645,438,3,161.16,483.48
608,2025-04-17,645,116,5,496.51,2482.55
609,2025-04-28,430,270,3,396.51,1189.53
609,2025-04-28,430,284,3,165.79,497.37
610,2025-08-13,43,96,4,5.28,21.12
611,2025-11-23,930,77,5,270.23,1351.15
612,2025-05-23,719,33,1,194.9,194.9
612,2025-05-23,719,206,5,270.77,1353.85
612,2025-05-23,719,266,5,468.09,2340.45
613,2025-01-30,118,354,2,78.8,157.6
614,2025-03-07,552,253,1,358.42,358.42
615,2025-01-13,34,108,4,393.46,1573.84
616,2025-05-16,493,82,4,349.97,1399.88
616,2025-05-16,493,407,4,325.42,1301.68
616,2025-05-16,493,368,3,83.83,251.49
617,2025-03-22,41,136,4,341.46,1365.84
617,2025-03-22,41,250,3,202.45,607.35
618,2025-05-22,548,394,3,348.1,1044.3
619,2025-02-06,542,434,1,21.02,21.02
619,2025-02-06,542,209,5,148.45,742.25
619,2025-02-06,542,444,2,231.57,463.14
620,2025-07-31,547,201,1,437.71,437.71
620,2025-07-31,547,126,5,41.18,205.90
621,2025-02-01,149,467,5,363.53,1817.65
622,2025-03-13,64,289,2,150.72,301.44
623,2025-01-18,274,204,1,296.2,296.2
624,2025-11-28,413,336,3,381.71,1145.13
625,2025-05-03,175,155,5,407.98,2039.90
625,2025-05-03,175,382,4,240.39,961.56
625,2025-05-03,175,348,5,231.55,1157.75
626,2025-04-26,195,324,5,113.76,568.80
626,2025-04-26,195,426,2,82.52,165.04
626,2025-04-26,195,178,4,65.82,263.28
627,2025-06-05,723,220,4,26.81,107.24
628,2025-08-16,483,163,5,186.78,933.90
628,2025-08-16,483,190,3,72.61,217.83
629,2025-09-01,463,415,2,477.17,954.34
629,2025-09-01,463,7,1,359.69,359.69
629,2025-09-01,463,30,5,152.14,760.70
630,2025-11-16,923,24,1,330.39,330.39
631,2025-04-16,982,377,5,401.94,2009.70
631,2025-04-16,982,482,3,296.53,889.59
631,2025-04-16,982,266,4,468.09,1872.36
632,2025-06-19,779,87,5,480.44,2402.20
632,2025-06-19,779,65,1,430.11,430.11
633,2025-10-13,418,12,1,100.62,100.62
633,2025-10-13,418,77,1,270.23,270.23
634,2025-07-08,10,262,2,92.87,185.74
635,2025-04-02,968,160,4,241.99,967.96
635,2025-04-02,968,268,1,164.18,164.18
635,2025-04-02,968,324,4,113.76,455.04
636,2025-08-11,139,187,1,319.82,319.82
636,2025-08-11,139,420,2,72.09,144.18
636,2025-08-11,139,1,2,80.6,161.2
637,2025-11-16,653,332,4,258.46,1033.84
637,2025-11-16,653,133,5,261.96,1309.80
637,2025-11-16,653,177,2,184.9,369.8
638,2025-01-16,918,111,4,157.26,629.04
638,2025-01-16,918,144,3,398.79,1196.37
638,2025-01-16,918,464,1,267.75,267.75
639,2025-03-24,621,442,5,155.41,777.05
639,2025-03-24,621,53,4,485.1,1940.4
640,2025-03-30,238,418,5,35.93,179.65
640,2025-03-30,238,283,3,384.65,1153.95
640,2025-03-30,238,355,5,208.41,1042.05
641,2025-10-12,402,446,1,60.56,60.56
641,2025-10-12,402,98,4,14.53,58.12
642,2024-12-28,519,38,3,447.83,1343.49
642,2024-12-28,519,174,3,314.06,942.18
643,2025-12-17,563,103,2,239.95,479.90
643,2025-12-17,563,148,5,445.16,2225.80
644,2025-02-17,726,397,4,160.06,640.24
644,2025-02-17,726,59,1,418.89,418.89
645,2025-09-03,121,213,1,312.66,312.66
645,2025-09-03,121,136,3,341.46,1024.38
646,2025-08-15,535,124,1,225.92,225.92
646,2025-08-15,535,491,4,474.71,1898.84
646,2025-08-15,535,237,1,242.96,242.96
647,2024-12-31,580,191,1,246.88,246.88
648,2025-07-31,882,322,2,417.63,835.26
648,2025-07-31,882,454,5,64.77,323.85
648,2025-07-31,882,133,1,261.96,261.96
649,2025-07-05,833,132,3,305.92,917.76
649,2025-07-05,833,394,5,348.1,1740.5
650,2025-01-03,586,54,2,221.51,443.02
650,2025-01-03,586,19,4,144.77,579.08
650,2025-01-03,586,282,1,332.62,332.62
651,2025-07-11,213,215,1,33.6,33.6
651,2025-07-11,213,200,5,275.47,1377.35
651,2025-07-11,213,454,3,64.77,194.31
652,2025-02-27,918,45,3,250.68,752.04
652,2025-02-27,918,396,3,56.06,168.18
652,2025-02-27,918,420,5,72.09,360.45
653,2025-01-11,988,269,5,302.11,1510.55
654,2025-06-15,808,5,4,314.52,1258.08
654,2025-06-15,808,213,4,312.66,1250.64
655,2025-08-24,832,362,5,299.76,1498.80
655,2025-08-24,832,423,2,410.7,821.4
655,2025-08-24,832,261,3,184.06,552.18
656,2025-08-02,42,459,4,223.31,893.24
657,2025-03-13,187,248,5,45.08,225.40
657,2025-03-13,187,354,5,78.8,394.0
658,2025-01-11,792,78,1,376.98,376.98
659,2025-06-07,646,262,1,92.87,92.87
659,2025-06-07,646,149,5,57.41,287.05
660,2025-12-20,458,440,1,475.31,475.31
661,2025-07-16,870,19,3,144.77,434.31
661,2025-07-16,870,258,5,77.66,388.30
662,2025-02-05,296,460,1,313.84,313.84
662,2025-02-05,296,15,4,182.7,730.8
663,2025-01-31,699,207,1,68.3,68.3
663,2025-01-31,699,42,2,39.02,78.04
664,2025-11-07,812,10,5,248.75,1243.75
665,2025-04-13,778,474,5,33.57,167.85
666,2025-10-10,941,420,3,72.09,216.27
666,2025-10-10,941,262,4,92.87,371.48
667,2025-05-22,408,159,4,372.6,1490.4
668,2025-01-26,262,167,1,224.17,224.17
669,2025-10-11,786,182,2,496.05,992.10
670,2025-09-16,597,341,3,51.61,154.83
671,2025-08-04,13,62,2,245.04,490.08
671,2025-08-04,13,434,1,21.02,21.02
672,2025-02-17,23,111,2,157.26,314.52
673,2025-11-10,595,280,2,13.76,27.52
674,2025-12-21,205,370,1,285.74,285.74
674,2025-12-21,205,300,2,119.77,239.54
675,2025-04-28,93,318,5,12.28,61.40
676,2025-06-24,745,414,3,307.45,922.35
676,2025-06-24,745,250,3,202.45,607.35
677,2024-12-27,558,399,1,53.46,53.46
678,2025-01-17,514,400,3,387.4,1162.2
678,2025-01-17,514,391,4,325.16,1300.64
679,2025-01-13,838,124,4,225.92,903.68
680,2025-09-22,503,42,5,39.02,195.10
681,2025-01-04,416,275,4,25.24,100.96
682,2025-01-05,317,412,5,407.79,2038.95
683,2025-05-05,152,52,1,420.33,420.33
683,2025-05-05,152,247,4,154.79,619.16
684,2025-04-10,368,322,4,417.63,1670.52
684,2025-04-10,368,396,3,56.06,168.18
685,2025-09-23,558,43,3,278.89,836.67
685,2025-09-23,558,251,5,152.34,761.70
686,2025-02-11,826,229,2,296.73,593.46
687,2025-05-01,863,462,2,412.76,825.52
687,2025-05-01,863,447,2,376.57,753.14
687,2025-05-01,863,488,3,209.37,628.11
688,2025-04-11,358,220,5,26.81,134.05
689,2025-08-17,585,346,2,30.32,60.64
690,2025-03-24,812,32,1,342.29,342.29
691,2025-03-27,252,100,2,220.87,441.74
692,2025-03-21,678,450,1,101.99,101.99
693,2025-08-11,557,388,3,317.72,953.16
693,2025-08-11,557,372,1,20.55,20.55
693,2025-08-11,557,191,1,246.88,246.88
694,2025-05-19,990,175,3,471.13,1413.39
694,2025-05-19,990,451,5,117.67,588.35
695,2025-12-12,220,404,3,153.82,461.46
695,2025-12-12,220,449,3,119.8,359.4
695,2025-12-12,220,111,3,157.26,471.78
696,2025-07-16,332,302,4,462.51,1850.04
697,2025-09-17,454,25,5,250.93,1254.65
697,2025-09-17,454,410,3,400.18,1200.54
698,2025-05-15,846,392,3,141.55,424.65
698,2025-05-15,846,34,2,401.45,802.90
698,2025-05-15,846,391,2,325.16,650.32
699,2025-03-26,66,100,4,220.87,883.48
699,2025-03-26,66,412,5,407.79,2038.95
700,2025-12-17,377,108,5,393.46,1967.30
701,2025-04-06,28,129,5,119.27,596.35
701,2025-04-06,28,488,1,209.37,209.37
701,2025-04-06,28,37,1,37.4,37.4
702,2025-10-31,588,162,2,147.2,294.4
702,2025-10-31,588,491,1,474.71,474.71
703,2025-03-25,206,108,1,393.46,393.46
703,2025-03-25,206,333,2,312.24,624.48
703,2025-03-25,206,500,5,455.95,2279.75
704,2025-06-17,511,466,3,477.28,1431.84
704,2025-06-17,511,36,3,12.2,36.6
704,2025-06-17,511,419,5,54.3,271.5
705,2025-07-13,257,466,5,477.28,2386.40
705,2025-07-13,257,396,3,56.06,168.18
705,2025-07-13,257,164,4,310.9,1243.6
706,2025-02-19,505,465,4,313.64,1254.56
707,2025-05-25,395,61,2,351.5,703.0
707,2025-05-25,395,409,2,31.26,62.52
707,2025-05-25,395,379,3,183.38,550.14
708,2025-11-05,68,103,4,239.95,959.80
709,2025-11-09,523,241,2,269.46,538.92
709,2025-11-09,523,102,4,468.5,1874.0
709,2025-11-09,523,154,5,434.3,2171.5
710,2025-04-03,998,169,2,460.43,920.86
710,2025-04-03,998,155,5,407.98,2039.90
711,2025-12-07,507,179,1,153.54,153.54
711,2025-12-07,507,20,4,478.78,1915.12
711,2025-12-07,507,192,1,319.33,319.33
712,2025-08-13,664,156,4,182.35,729.40
712,2025-08-13,664,112,5,242.9,1214.5
713,2025-02-27,869,26,3,376.51,1129.53
713,2025-02-27,869,402,4,341.36,1365.44
714,2025-01-29,691,334,1,134.61,134.61
714,2025-01-29,691,331,4,321.18,1284.72
715,2025-03-08,514,214,2,298.33,596.66
715,2025-03-08,514,388,5,317.72,1588.60
715,2025-03-08,514,227,3,94.86,284.58
716,2025-04-20,988,189,3,147.88,443.64
717,2025-02-15,839,250,3,202.45,607.35
718,2025-01-18,985,463,4,144.91,579.64
718,2025-01-18,985,444,5,231.57,1157.85
718,2025-01-18,985,79,4,139.58,558.32
719,2025-10-06,977,190,5,72.61,363.05
719,2025-10-06,977,51,5,108.84,544.20
719,2025-10-06,977,199,2,286.28,572.56
720,2025-10-24,254,311,3,289.44,868.32
720,2025-10-24,254,498,4,374.05,1496.20
721,2025-03-06,133,132,3,305.92,917.76
721,2025-03-06,133,137,5,272.96,1364.80
721,2025-03-06,133,251,2,152.34,304.68
722,2025-03-23,473,281,4,115.36,461.44
722,2025-03-23,473,72,4,409.92,1639.68
722,2025-03-23,473,436,2,472.16,944.32
723,2025-09-20,532,273,5,54.12,270.60
724,2025-06-22,589,339,2,247.5,495.0
725,2025-01-08,998,354,5,78.8,394.0
725,2025-01-08,998,231,3,241.46,724.38
726,2025-06-01,284,475,3,118.44,355.32
726,2025-06-01,284,319,4,453.23,1812.92
726,2025-06-01,284,425,3,165.2,495.6
727,2025-03-30,793,215,5,33.6,168.0
727,2025-03-30,793,292,3,242.18,726.54
728,2025-03-03,573,39,4,154.19,616.76
729,2025-03-12,487,405,4,16.73,66.92
729,2025-03-12,487,284,5,165.79,828.95
730,2025-04-08,198,334,3,134.61,403.83
730,2025-04-08,198,238,2,472.08,944.16
731,2025-11-27,90,154,4,434.3,1737.2
732,2025-03-31,840,23,1,412.11,412.11
733,2025-05-07,166,246,2,426.74,853.48
733,2025-05-07,166,457,4,320.53,1282.12
733,2025-05-07,166,272,2,352.7,705.4
734,2025-12-16,23,113,2,304.92,609.84
734,2025-12-16,23,117,5,142.82,714.10
734,2025-12-16,23,418,5,35.93,179.65
735,2025-02-01,395,115,4,365.14,1460.56
735,2025-02-01,395,392,5,141.55,707.75
735,2025-02-01,395,47,5,447.66,2238.30
736,2025-11-15,556,348,4,231.55,926.20
737,2025-04-26,519,408,4,242.36,969.44
738,2025-11-21,599,355,3,208.41,625.23
738,2025-11-21,599,184,3,72.35,217.05
738,2025-11-21,599,483,1,192.76,192.76
739,2025-08-07,999,153,1,210.94,210.94
740,2025-04-25,32,382,3,240.39,721.17
740,2025-04-25,32,412,5,407.79,2038.95
740,2025-04-25,32,467,3,363.53,1090.59
741,2025-02-05,884,267,4,281.05,1124.20
741,2025-02-05,884,160,2,241.99,483.98
741,2025-02-05,884,267,5,281.05,1405.25
742,2025-02-16,949,179,4,153.54,614.16
742,2025-02-16,949,235,3,72.25,216.75
742,2025-02-16,949,140,1,187.49,187.49
743,2025-07-14,946,213,4,312.66,1250.64
743,2025-07-14,946,26,4,376.51,1506.04
744,2025-06-07,338,223,4,77.6,310.4
744,2025-06-07,338,485,4,492.14,1968.56
745,2025-03-14,976,443,1,255.06,255.06
745,2025-03-14,976,386,3,214.75,644.25
745,2025-03-14,976,412,4,407.79,1631.16
746,2025-08-13,761,163,5,186.78,933.90
746,2025-08-13,761,100,4,220.87,883.48
746,2025-08-13,761,275,2,25.24,50.48
747,2025-08-29,775,122,4,459.94,1839.76
747,2025-08-29,775,441,4,34.49,137.96
747,2025-08-29,775,298,2,204.65,409.30
748,2025-12-11,276,273,2,54.12,108.24
748,2025-12-11,276,123,2,165.07,330.14
748,2025-12-11,276,142,1,240.49,240.49
749,2025-09-09,926,28,1,412.52,412.52
749,2025-09-09,926,338,5,243.62,1218.10
749,2025-09-09,926,108,1,393.46,393.46
750,2025-12-13,83,490,1,476.01,476.01
750,2025-12-13,83,276,2,258.44,516.88
751,2025-04-22,356,315,5,398.86,1994.30
752,2025-11-11,440,62,1,245.04,245.04
752,2025-11-11,440,219,3,24.98,74.94
753,2025-02-01,747,66,4,211.47,845.88
753,2025-02-01,747,189,5,147.88,739.40
753,2025-02-01,747,355,2,208.41,416.82
754,2025-09-03,12,391,1,325.16,325.16
754,2025-09-03,12,403,2,215.58,431.16
754,2025-09-03,12,311,1,289.44,289.44
755,2025-10-16,238,468,2,253.58,507.16
755,2025-10-16,238,215,2,33.6,67.2
756,2025-08-16,876,230,1,476.52,476.52
757,2025-07-16,598,330,2,217.0,434.0
757,2025-07-16,598,152,4,39.12,156.48
758,2025-11-30,977,398,1,71.83,71.83
758,2025-11-30,977,180,5,179.99,899.95
758,2025-11-30,977,273,3,54.12,162.36
759,2025-04-21,21,104,5,157.58,787.90
759,2025-04-21,21,453,1,236.71,236.71
760,2025-05-02,307,114,5,136.66,683.30
760,2025-05-02,307,125,2,265.17,530.34
760,2025-05-02,307,419,5,54.3,271.5
761,2025-02-26,241,325,1,281.87,281.87
762,2025-11-18,790,149,5,57.41,287.05
762,2025-11-18,790,158,3,373.08,1119.24
763,2025-07-15,620,234,5,6.55,32.75
763,2025-07-15,620,419,1,54.3,54.3
763,2025-07-15,620,474,5,33.57,167.85
764,2025-01-12,6,409,3,31.26,93.78
764,2025-01-12,6,241,4,269.46,1077.84
765,2025-10-21,451,119,4,244.81,979.24
765,2025-10-21,451,223,4,77.6,310.4
765,2025-10-21,451,193,2,250.13,500.26
766,2025-02-24,659,56,4,278.79,1115.16
766,2025-02-24,659,13,4,412.47,1649.88
767,2025-05-05,544,253,5,358.42,1792.10
768,2025-10-16,509,46,4,392.38,1569.52
768,2025-10-16,509,456,1,452.55,452.55
769,2025-11-07,747,405,5,16.73,83.65
769,2025-11-07,747,394,1,348.1,348.1
769,2025-11-07,747,406,1,438.28,438.28
770,2025-06-01,272,80,2,293.7,587.4
770,2025-06-01,272,458,1,257.33,257.33
771,2025-10-28,880,50,5,166.56,832.80
771,2025-10-28,880,393,3,263.08,789.24
771,2025-10-28,880,481,2,163.42,326.84
772,2025-08-29,888,45,5,250.68,1253.40
773,2025-05-08,692,277,4,328.27,1313.08
773,2025-05-08,692,495,4,295.22,1180.88
774,2025-05-31,127,362,5,299.76,1498.80
774,2025-05-31,127,356,3,8.39,25.17
775,2025-03-16,850,66,2,211.47,422.94
776,2025-09-29,759,160,5,241.99,1209.95
776,2025-09-29,759,408,1,242.36,242.36
776,2025-09-29,759,373,1,282.2,282.2
777,2025-05-20,522,327,3,499.91,1499.73
778,2025-03-24,715,409,4,31.26,125.04
778,2025-03-24,715,434,1,21.02,21.02
778,2025-03-24,715,80,5,293.7,1468.5
779,2025-02-21,878,35,3,246.38,739.14
779,2025-02-21,878,383,4,259.72,1038.88
779,2025-02-21,878,313,3,151.33,453.99
780,2025-01-22,670,406,5,438.28,2191.40
780,2025-01-22,670,371,5,51.41,257.05
781,2025-01-19,778,154,2,434.3,868.6
781,2025-01-19,778,97,2,113.42,226.84
781,2025-01-19,778,412,2,407.79,815.58
782,2025-05-28,382,485,5,492.14,2460.70
783,2025-04-21,914,20,1,478.78,478.78
783,2025-04-21,914,333,1,312.24,312.24
784,2024-12-27,688,266,3,468.09,1404.27
784,2024-12-27,688,475,4,118.44,473.76
784,2024-12-27,688,489,5,52.69,263.45
785,2025-04-27,365,282,2,332.62,665.24
785,2025-04-27,365,403,4,215.58,862.32
785,2025-04-27,365,247,3,154.79,464.37
786,2025-08-16,397,305,5,70.29,351.45
787,2025-10-05,831,221,2,109.17,218.34
788,2025-03-18,303,36,2,12.2,24.4
788,2025-03-18,303,347,5,138.42,692.10
788,2025-03-18,303,40,2,296.1,592.2
789,2025-12-04,39,170,3,40.78,122.34
789,2025-12-04,39,372,3,20.55,61.65
789,2025-12-04,39,9,5,217.36,1086.80
790,2025-04-01,403,9,4,217.36,869.44
790,2025-04-01,403,197,5,195.32,976.60
790,2025-04-01,403,439,1,18.16,18.16
791,2025-07-02,705,141,2,448.09,896.18
791,2025-07-02,705,136,2,341.46,682.92
792,2025-04-15,352,204,5,296.2,1481.0
793,2025-07-18,309,406,4,438.28,1753.12
793,2025-07-18,309,444,2,231.57,463.14
794,2025-04-30,11,6,3,388.76,1166.28
794,2025-04-30,11,131,5,398.64,1993.20
794,2025-04-30,11,313,5,151.33,756.65
795,2025-03-26,774,137,1,272.96,272.96
796,2025-04-16,547,357,1,147.52,147.52
796,2025-04-16,547,3,1,498.69,498.69
796,2025-04-16,547,252,4,257.9,1031.6
797,2025-12-15,920,447,5,376.57,1882.85
797,2025-12-15,920,293,2,131.93,263.86
797,2025-12-15,920,72,3,409.92,1229.76
798,2025-07-21,864,363,1,154.83,154.83
798,2025-07-21,864,218,3,137.61,412.83
799,2025-06-24,625,422,1,82.75,82.75
800,2025-02-06,671,43,1,278.89,278.89
801,2025-04-08,618,390,1,40.96,40.96
802,2025-02-06,972,202,2,141.74,283.48
803,2025-11-15,86,492,4,449.67,1798.68
803,2025-11-15,86,153,3,210.94,632.82
803,2025-11-15,86,435,4,122.68,490.72
804,2025-02-07,236,269,1,302.11,302.11
804,2025-02-07,236,418,4,35.93,143.72
805,2025-11-27,406,114,5,136.66,683.30
805,2025-11-27,406,31,5,485.56,2427.80
806,2025-07-24,246,138,4,444.05,1776.20
806,2025-07-24,246,114,1,136.66,136.66
807,2025-03-07,730,484,2,497.12,994.24
807,2025-03-07,730,448,3,149.05,447.15
808,2025-11-26,508,482,2,296.53,593.06
809,2025-10-22,692,253,5,358.42,1792.10
809,2025-10-22,692,417,4,148.93,595.72
810,2025-08-01,875,316,5,285.22,1426.10
811,2025-09-30,550,26,2,376.51,753.02
812,2025-06-30,395,237,3,242.96,728.88
813,2025-09-03,739,395,2,171.83,343.66
814,2025-07-19,760,245,1,258.08,258.08
815,2025-01-15,942,106,5,180.08,900.40
816,2025-10-09,651,271,4,185.88,743.52
816,2025-10-09,651,356,4,8.39,33.56
817,2025-03-08,802,388,2,317.72,635.44
817,2025-03-08,802,23,4,412.11,1648.44
818,2025-06-09,909,98,4,14.53,58.12
818,2025-06-09,909,257,1,265.71,265.71
819,2025-05-13,931,479,3,301.68,905.04
819,2025-05-13,931,258,3,77.66,232.98
819,2025-05-13,931,103,1,239.95,239.95
820,2025-10-09,389,351,1,87.53,87.53
820,2025-10-09,389,194,4,447.89,1791.56
821,2025-11-23,733,346,3,30.32,90.96
821,2025-11-23,733,213,1,312.66,312.66
821,2025-11-23,733,97,4,113.42,453.68
822,2025-08-25,24,17,2,221.62,443.24
822,2025-08-25,24,480,1,172.26,172.26
823,2025-08-29,593,156,5,182.35,911.75
823,2025-08-29,593,122,3,459.94,1379.82
823,2025-08-29,593,361,4,365.74,1462.96
824,2025-04-25,191,375,4,445.17,1780.68
825,2025-07-29,667,440,4,475.31,1901.24
825,2025-07-29,667,427,3,410.44,1231.32
826,2025-04-23,419,162,1,147.2,147.2
826,2025-04-23,419,352,1,164.03,164.03
827,2025-07-04,600,421,5,320.48,1602.40
827,2025-07-04,600,287,4,291.36,1165.44
827,2025-07-04,600,229,4,296.73,1186.92
828,2025-02-05,367,415,3,477.17,1431.51
828,2025-02-05,367,339,5,247.5,1237.5
829,2025-08-03,419,491,2,474.71,949.42
829,2025-08-03,419,99,1,342.87,342.87
830,2024-12-27,116,37,4,37.4,149.6
831,2025-12-21,811,85,3,321.65,964.95
832,2025-04-15,817,406,3,438.28,1314.84
832,2025-04-15,817,158,4,373.08,1492.32
832,2025-04-15,817,489,4,52.69,210.76
833,2025-03-19,621,354,3,78.8,236.4
833,2025-03-19,621,67,2,301.26,602.52
834,2025-05-10,968,98,2,14.53,29.06
835,2025-12-24,544,424,5,321.07,1605.35
836,2025-07-09,688,499,3,230.52,691.56
836,2025-07-09,688,118,3,116.6,349.8
837,2025-04-18,9,411,3,147.7,443.1
837,2025-04-18,9,50,5,166.56,832.80
838,2025-10-06,278,116,3,496.51,1489.53
839,2025-09-26,236,83,4,322.41,1289.64
839,2025-09-26,236,39,1,154.19,154.19
840,2025-01-25,215,439,1,18.16,18.16
840,2025-01-25,215,86,2,444.15,888.30
840,2025-01-25,215,118,1,116.6,116.6
841,2025-11-29,916,192,5,319.33,1596.65
842,2025-02-27,899,135,3,220.51,661.53
842,2025-02-27,899,18,4,298.7,1194.8
842,2025-02-27,899,348,2,231.55,463.10
843,2025-08-18,451,12,4,100.62,402.48
843,2025-08-18,451,74,2,352.49,704.98
843,2025-08-18,451,68,3,57.36,172.08
844,2025-11-11,386,377,5,401.94,2009.70
845,2025-02-08,83,150,3,72.4,217.2
845,2025-02-08,83,113,1,304.92,304.92
846,2025-12-16,253,492,1,449.67,449.67
847,2025-10-06,64,1,4,80.6,322.4
847,2025-10-06,64,255,1,214.59,214.59
847,2025-10-06,64,470,5,232.51,1162.55
848,2025-05-31,924,408,4,242.36,969.44
848,2025-05-31,924,159,1,372.6,372.6
849,2025-07-13,630,378,2,428.55,857.10
849,2025-07-13,630,165,4,78.9,315.6
850,2025-01-18,702,426,4,82.52,330.08
850,2025-01-18,702,192,1,319.33,319.33
850,2025-01-18,702,249,5,492.22,2461.10
851,2025-09-19,925,187,5,319.82,1599.10
851,2025-09-19,925,400,3,387.4,1162.2
852,2025-11-13,340,332,5,258.46,1292.30
852,2025-11-13,340,269,2,302.11,604.22
853,2025-11-07,594,85,4,321.65,1286.60
854,2025-06-09,665,105,2,58.1,116.2
854,2025-06-09,665,351,5,87.53,437.65
855,2025-03-02,457,19,4,144.77,579.08
855,2025-03-02,457,58,4,16.96,67.84
856,2025-03-19,300,108,5,393.46,1967.30
857,2025-06-28,998,366,5,223.44,1117.20
857,2025-06-28,998,347,3,138.42,415.26
857,2025-06-28,998,281,2,115.36,230.72
858,2025-01-01,410,403,1,215.58,215.58
858,2025-01-01,410,471,3,327.77,983.31
858,2025-01-01,410,370,2,285.74,571.48
859,2025-04-17,377,145,4,20.33,81.32
860,2025-03-05,795,33,4,194.9,779.6
860,2025-03-05,795,472,3,46.16,138.48
861,2025-07-14,252,210,3,318.91,956.73
861,2025-07-14,252,498,3,374.05,1122.15
862,2025-06-21,192,246,4,426.74,1706.96
863,2024-12-29,121,415,3,477.17,1431.51
864,2025-03-10,315,13,3,412.47,1237.41
864,2025-03-10,315,199,4,286.28,1145.12
864,2025-03-10,315,86,3,444.15,1332.45
865,2025-12-16,969,60,1,334.6,334.6
866,2025-01-21,945,378,2,428.55,857.10
866,2025-01-21,945,214,1,298.33,298.33
866,2025-01-21,945,486,4,176.54,706.16
867,2025-03-26,913,67,1,301.26,301.26
868,2025-08-15,417,206,4,270.77,1083.08
869,2025-08-19,60,79,2,139.58,279.16
869,2025-08-19,60,12,5,100.62,503.10
870,2025-12-12,300,174,4,314.06,1256.24
870,2025-12-12,300,352,5,164.03,820.15
871,2025-09-04,758,197,3,195.32,585.96
872,2025-10-04,956,196,5,305.3,1526.5
872,2025-10-04,956,187,3,319.82,959.46
873,2025-11-14,163,180,2,179.99,359.98
873,2025-11-14,163,417,2,148.93,297.86
873,2025-11-14,163,66,1,211.47,211.47
874,2025-11-12,459,204,4,296.2,1184.8
874,2025-11-12,459,287,1,291.36,291.36
874,2025-11-12,459,370,3,285.74,857.22
875,2025-03-30,351,260,1,39.69,39.69
875,2025-03-30,351,468,4,253.58,1014.32
875,2025-03-30,351,366,3,223.44,670.32
876,2025-03-05,534,340,4,46.68,186.72
877,2025-02-02,568,458,3,257.33,771.99
878,2025-03-24,373,280,2,13.76,27.52
878,2025-03-24,373,218,4,137.61,550.44
878,2025-03-24,373,295,1,130.26,130.26
879,2025-09-03,855,252,1,257.9,257.9
880,2025-11-26,244,107,5,167.97,839.85
881,2025-10-18,162,21,5,141.16,705.80
881,2025-10-18,162,105,3,58.1,174.3
881,2025-10-18,162,38,2,447.83,895.66
882,2025-03-02,9,138,3,444.05,1332.15
882,2025-03-02,9,289,3,150.72,452.16
882,2025-03-02,9,194,2,447.89,895.78
883,2025-02-04,914,312,1,333.94,333.94
883,2025-02-04,914,131,2,398.64,797.28
883,2025-02-04,914,48,5,228.85,1144.25
884,2025-08-25,690,36,2,12.2,24.4
885,2025-03-12,438,412,3,407.79,1223.37
886,2025-02-10,24,280,5,13.76,68.80
886,2025-02-10,24,205,4,145.68,582.72
886,2025-02-10,24,429,4,309.42,1237.68
887,2025-01-31,385,350,4,30.8,123.2
888,2025-10-10,411,162,5,147.2,736.0
888,2025-10-10,411,33,4,194.9,779.6
888,2025-10-10,411,53,5,485.1,2425.5
889,2025-03-27,924,4,4,472.3,1889.2
890,2025-08-09,652,242,1,35.44,35.44
890,2025-08-09,652,313,2,151.33,302.66
890,2025-08-09,652,117,4,142.82,571.28
891,2025-11-29,731,355,2,208.41,416.82
891,2025-11-29,731,153,1,210.94,210.94
891,2025-11-29,731,481,2,163.42,326.84
892,2025-05-02,386,160,2,241.99,483.98
893,2025-07-31,45,382,3,240.39,721.17
893,2025-07-31,45,98,5,14.53,72.65
894,2025-02-02,451,429,4,309.42,1237.68
894,2025-02-02,451,103,5,239.95,1199.75
894,2025-02-02,451,18,5,298.7,1493.5
895,2025-06-02,956,28,1,412.52,412.52
896,2025-11-12,235,411,3,147.7,443.1
896,2025-11-12,235,487,1,79.74,79.74
896,2025-11-12,235,318,2,12.28,24.56
897,2025-07-23,242,258,3,77.66,232.98
898,2025-06-06,17,7,5,359.69,1798.45
898,2025-06-06,17,347,2,138.42,276.84
898,2025-06-06,17,387,3,280.52,841.56
899,2025-09-04,777,8,5,316.53,1582.65
899,2025-09-04,777,367,2,394.98,789.96
900,2025-05-22,699,293,5,131.93,659.65
900,2025-05-22,699,268,3,164.18,492.54
900,2025-05-22,699,136,3,341.46,1024.38
901,2025-05-23,164,114,5,136.66,683.30
902,2025-01-04,800,426,1,82.52,82.52
903,2025-08-14,764,200,3,275.47,826.41
903,2025-08-14,764,468,2,253.58,507.16
903,2025-08-14,764,127,2,428.76,857.52
904,2025-01-23,686,137,5,272.96,1364.80
904,2025-01-23,686,18,2,298.7,597.4
904,2025-01-23,686,136,5,341.46,1707.30
905,2025-10-08,387,144,5,398.79,1993.95
905,2025-10-08,387,98,3,14.53,43.59
905,2025-10-08,387,419,5,54.3,271.5
906,2025-04-20,258,355,4,208.41,833.64
906,2025-04-20,258,212,3,122.95,368.85
907,2025-07-15,988,175,5,471.13,2355.65
907,2025-07-15,988,228,1,404.8,404.8
907,2025-07-15,988,139,5,339.12,1695.60
908,2025-12-03,80,112,4,242.9,971.6
908,2025-12-03,80,443,3,255.06,765.18
908,2025-12-03,80,468,5,253.58,1267.90
909,2025-08-14,765,270,2,396.51,793.02
909,2025-08-14,765,139,4,339.12,1356.48
910,2025-05-04,493,266,3,468.09,1404.27
911,2025-09-03,412,113,4,304.92,1219.68
912,2025-06-25,531,352,3,164.03,492.09
912,2025-06-25,531,125,4,265.17,1060.68
912,2025-06-25,531,302,5,462.51,2312.55
913,2024-12-30,539,153,4,210.94,843.76
914,2025-06-28,411,370,4,285.74,1142.96
914,2025-06-28,411,297,1,398.94,398.94
914,2025-06-28,411,479,3,301.68,905.04
915,2025-11-27,803,325,1,281.87,281.87
915,2025-11-27,803,45,5,250.68,1253.40
915,2025-11-27,803,302,1,462.51,462.51
916,2025-03-30,742,390,2,40.96,81.92
916,2025-03-30,742,276,3,258.44,775.32
917,2025-05-28,824,252,4,257.9,1031.6
917,2025-05-28,824,229,1,296.73,296.73
918,2025-01-09,910,486,4,176.54,706.16
918,2025-01-09,910,147,5,55.32,276.60
918,2025-01-09,910,251,5,152.34,761.70
919,2025-09-05,221,282,5,332.62,1663.10
919,2025-09-05,221,132,5,305.92,1529.60
919,2025-09-05,221,451,3,117.67,353.01
920,2025-03-03,915,469,2,103.95,207.90
920,2025-03-03,915,12,4,100.62,402.48
921,2025-05-21,399,144,1,398.79,398.79
921,2025-05-21,399,95,5,394.98,1974.90
922,2025-03-31,276,53,3,485.1,1455.3
923,2025-12-26,786,48,3,228.85,686.55
923,2025-12-26,786,384,1,229.07,229.07
923,2025-12-26,786,84,4,404.22,1616.88
924,2025-06-17,892,93,1,101.41,101.41
924,2025-06-17,892,19,4,144.77,579.08
925,2025-06-20,625,356,5,8.39,41.95
925,2025-06-20,625,484,5,497.12,2485.60
925,2025-06-20,625,451,1,117.67,117.67
926,2025-08-02,875,276,1,258.44,258.44
927,2025-01-24,534,87,1,480.44,480.44
928,2025-09-03,520,484,5,497.12,2485.60
929,2025-01-20,268,200,4,275.47,1101.88
930,2025-02-15,798,466,5,477.28,2386.40
930,2025-02-15,798,436,5,472.16,2360.80
931,2025-09-30,777,5,3,314.52,943.56
932,2025-05-14,146,103,1,239.95,239.95
932,2025-05-14,146,235,5,72.25,361.25
932,2025-05-14,146,39,1,154.19,154.19
933,2025-02-02,822,432,2,117.54,235.08
933,2025-02-02,822,382,2,240.39,480.78
933,2025-02-02,822,326,4,211.81,847.24
934,2025-12-19,998,483,3,192.76,578.28
934,2025-12-19,998,184,5,72.35,361.75
934,2025-12-19,998,82,5,349.97,1749.85
935,2025-05-29,822,452,2,46.98,93.96
935,2025-05-29,822,97,2,113.42,226.84
936,2025-04-11,784,449,5,119.8,599.0
937,2025-02-20,371,229,4,296.73,1186.92
938,2025-07-29,396,307,5,228.49,1142.45
938,2025-07-29,396,309,4,50.9,203.6
938,2025-07-29,396,379,4,183.38,733.52
939,2025-07-04,676,351,2,87.53,175.06
939,2025-07-04,676,156,3,182.35,547.05
940,2025-09-13,176,174,5,314.06,1570.30
941,2025-03-11,763,194,2,447.89,895.78
942,2025-08-15,438,23,4,412.11,1648.44
943,2025-09-13,953,59,2,418.89,837.78
944,2025-12-12,721,131,5,398.64,1993.20
944,2025-12-12,721,368,1,83.83,83.83
944,2025-12-12,721,201,1,437.71,437.71
945,2025-04-21,822,333,4,312.24,1248.96
946,2025-08-22,428,150,1,72.4,72.4
947,2025-05-18,593,366,4,223.44,893.76
947,2025-05-18,593,49,3,243.73,731.19
947,2025-05-18,593,428,3,358.4,1075.2
948,2025-05-09,833,303,3,489.27,1467.81
949,2025-05-29,570,73,3,25.92,77.76
950,2025-02-27,772,472,5,46.16,230.80
951,2025-08-06,855,114,5,136.66,683.30
951,2025-08-06,855,7,4,359.69,1438.76
952,2025-05-14,878,483,4,192.76,771.04
952,2025-05-14,878,447,2,376.57,753.14
953,2025-10-24,504,385,2,391.11,782.22
953,2025-10-24,504,405,1,16.73,16.73
953,2025-10-24,504,149,5,57.41,287.05
954,2025-12-01,894,151,5,496.87,2484.35
954,2025-12-01,894,471,5,327.77,1638.85
954,2025-12-01,894,197,3,195.32,585.96
955,2025-04-19,568,344,3,177.16,531.48
955,2025-04-19,568,274,1,56.74,56.74
956,2025-09-08,587,24,2,330.39,660.78
956,2025-09-08,587,340,2,46.68,93.36
957,2025-10-27,778,332,2,258.46,516.92
957,2025-10-27,778,352,3,164.03,492.09
958,2025-04-14,864,396,5,56.06,280.30
959,2025-04-19,912,154,3,434.3,1302.9
959,2025-04-19,912,20,2,478.78,957.56
960,2025-04-16,685,25,1,250.93,250.93
961,2025-10-14,165,57,3,103.12,309.36
961,2025-10-14,165,404,1,153.82,153.82
961,2025-10-14,165,37,2,37.4,74.8
962,2025-10-09,651,281,3,115.36,346.08
962,2025-10-09,651,63,5,364.98,1824.90
962,2025-10-09,651,433,3,389.95,1169.85
963,2025-12-15,389,371,5,51.41,257.05
963,2025-12-15,389,459,2,223.31,446.62
963,2025-12-15,389,386,2,214.75,429.50
964,2025-04-06,848,366,5,223.44,1117.20
965,2025-10-12,42,32,1,342.29,342.29
966,2025-02-03,532,495,1,295.22,295.22
967,2025-02-22,641,94,5,295.93,1479.65
967,2025-02-22,641,313,5,151.33,756.65
968,2025-08-29,310,487,2,79.74,159.48
968,2025-08-29,310,358,3,329.56,988.68
969,2025-04-21,890,412,2,407.79,815.58
969,2025-04-21,890,383,4,259.72,1038.88
970,2025-08-11,893,236,4,469.19,1876.76
970,2025-08-11,893,227,3,94.86,284.58
971,2025-07-18,446,41,2,114.35,228.70
971,2025-07-18,446,403,2,215.58,431.16
972,2025-01-16,837,387,3,280.52,841.56
972,2025-01-16,837,317,2,37.27,74.54
972,2025-01-16,837,264,4,245.93,983.72
973,2025-03-01,868,282,5,332.62,1663.10
974,2025-10-26,833,410,1,400.18,400.18
974,2025-10-26,833,430,2,275.12,550.24
974,2025-10-26,833,6,3,388.76,1166.28
975,2025-05-12,321,472,2,46.16,92.32
975,2025-05-12,321,23,5,412.11,2060.55
975,2025-05-12,321,321,3,75.56,226.68
976,2025-05-20,404,6,4,388.76,1555.04
976,2025-05-20,404,190,5,72.61,363.05
977,2025-02-28,450,223,1,77.6,77.6
977,2025-02-28,450,127,4,428.76,1715.04
977,2025-02-28,450,259,5,131.5,657.5
978,2025-09-18,885,224,4,321.92,1287.68
979,2025-09-08,533,439,2,18.16,36.32
979,2025-09-08,533,401,5,341.45,1707.25
979,2025-09-08,533,330,3,217.0,651.0
980,2025-12-02,672,472,4,46.16,184.64
981,2025-11-26,62,217,4,110.51,442.04
981,2025-11-26,62,340,5,46.68,233.40
982,2025-04-13,744,431,5,141.89,709.45
982,2025-04-13,744,156,4,182.35,729.40
982,2025-04-13,744,286,1,46.15,46.15
983,2025-02-08,937,110,1,443.77,443.77
983,2025-02-08,937,181,4,284.33,1137.32
983,2025-02-08,937,269,3,302.11,906.33
984,2025-06-12,979,481,5,163.42,817.10
984,2025-06-12,979,28,2,412.52,825.04
985,2025-04-28,381,144,4,398.79,1595.16
985,2025-04-28,381,191,3,246.88,740.64
986,2025-04-12,584,363,5,154.83,774.15
986,2025-04-12,584,88,1,222.45,222.45
987,2025-04-27,87,374,2,335.47,670.94
987,2025-04-27,87,292,3,242.18,726.54
987,2025-04-27,87,317,2,37.27,74.54
988,2025-09-02,469,450,1,101.99,101.99
988,2025-09-02,469,307,4,228.49,913.96
988,2025-09-02,469,6,2,388.76,777.52
989,2025-03-22,591,169,2,460.43,920.86
989,2025-03-22,591,364,3,84.82,254.46
990,2025-05-23,438,123,1,165.07,165.07
990,2025-05-23,438,22,1,420.77,420.77
991,2025-02-12,588,290,3,450.86,1352.58
991,2025-02-12,588,198,5,373.73,1868.65
991,2025-02-12,588,123,1,165.07,165.07
992,2025-04-14,157,423,5,410.7,2053.5
992,2025-04-14,157,321,3,75.56,226.68
992,2025-04-14,157,128,5,229.59,1147.95
993,2025-12-09,842,127,1,428.76,428.76
993,2025-12-09,842,494,3,429.76,1289.28
994,2025-03-29,991,130,1,252.98,252.98
994,2025-03-29,991,198,5,373.73,1868.65
994,2025-03-29,991,418,2,35.93,71.86
995,2025-11-20,208,7,4,359.69,1438.76
995,2025-11-20,208,20,1,478.78,478.78
995,2025-11-20,208,111,3,157.26,471.78
996,2025-07-14,164,39,1,154.19,154.19
996,2025-07-14,164,2,1,287.98,287.98
997,2025-07-01,372,232,2,59.52,119.04
997,2025-07-01,372,21,2,141.16,282.32
998,2025-06-21,250,88,3,222.45,667.35
998,2025-06-21,250,298,5,204.65,1023.25
999,2025-05-11,291,10,1,248.75,248.75
999,2025-05-11,291,252,1,257.9,257.9
999,2025-05-11,291,58,2,16.96,33.92
1000,2025-05-22,263,351,2,87.53,175.06
1000,2025-05-22,263,110,5,443.77,2218.85
1000,2025-05-22,263,456,1,452.55,452.55
1001,2025-04-17,216,84,5,404.22,2021.10
1002,2025-07-09,229,65,5,430.11,2150.55
1003,2025-03-15,260,114,5,136.66,683.30
1004,2025-12-12,876,41,4,114.35,457.40
1004,2025-12-12,876,334,4,134.61,538.44
1004,2025-12-12,876,216,4,277.28,1109.12
1005,2025-08-22,396,308,5,241.52,1207.60
1005,2025-08-22,396,182,1,496.05,496.05
1005,2025-08-22,396,388,1,317.72,317.72
1006,2025-04-22,845,488,3,209.37,628.11
1007,2025-02-05,349,113,1,304.92,304.92
1007,2025-02-05,349,272,1,352.7,352.7
1008,2025-02-28,940,21,4,141.16,564.64
1009,2025-09-11,367,231,2,241.46,482.92
1009,2025-09-11,367,452,5,46.98,234.90
1010,2025-05-03,491,267,3,281.05,843.15
1010,2025-05-03,491,295,4,130.26,521.04
1010,2025-05-03,491,221,3,109.17,327.51
1011,2025-07-05,794,422,1,82.75,82.75
1011,2025-07-05,794,458,5,257.33,1286.65
1012,2025-11-07,341,4,4,472.3,1889.2
1012,2025-11-07,341,215,4,33.6,134.4
1013,2025-07-29,561,329,1,374.27,374.27
1013,2025-07-29,561,53,1,485.1,485.1
1014,2025-08-26,404,203,1,98.55,98.55
1015,2025-01-23,925,423,1,410.7,410.7
1016,2025-10-31,75,168,3,347.07,1041.21
1016,2025-10-31,75,57,1,103.12,103.12
1016,2025-10-31,75,422,5,82.75,413.75
1017,2025-04-17,642,439,3,18.16,54.48
1017,2025-04-17,642,393,1,263.08,263.08
1018,2025-09-22,426,244,5,478.82,2394.10
1019,2025-12-17,412,314,2,239.74,479.48
1019,2025-12-17,412,32,4,342.29,1369.16
1020,2025-11-16,119,103,5,239.95,1199.75
1020,2025-11-16,119,202,5,141.74,708.70
1021,2025-04-23,563,421,2,320.48,640.96
1022,2025-09-28,383,183,1,448.54,448.54
1022,2025-09-28,383,137,5,272.96,1364.80
1022,2025-09-28,383,468,2,253.58,507.16
1023,2025-05-04,127,80,4,293.7,1174.8
1023,2025-05-04,127,232,2,59.52,119.04
1024,2025-08-15,555,279,2,204.8,409.6
1024,2025-08-15,555,34,1,401.45,401.45
1024,2025-08-15,555,59,3,418.89,1256.67
1025,2025-10-26,139,110,2,443.77,887.54
1025,2025-10-26,139,483,4,192.76,771.04
1026,2025-08-11,479,116,3,496.51,1489.53
1026,2025-08-11,479,439,2,18.16,36.32
1026,2025-08-11,479,363,5,154.83,774.15
1027,2025-02-13,479,143,4,472.35,1889.40
1028,2025-08-02,363,13,3,412.47,1237.41
1028,2025-08-02,363,257,1,265.71,265.71
1028,2025-08-02,363,388,2,317.72,635.44
1029,2025-12-02,68,232,5,59.52,297.60
1029,2025-12-02,68,464,1,267.75,267.75
1030,2025-10-01,526,330,3,217.0,651.0
1031,2025-11-16,303,4,4,472.3,1889.2
1032,2025-04-02,806,205,3,145.68,437.04
1032,2025-04-02,806,344,1,177.16,177.16
1033,2025-04-14,123,163,3,186.78,560.34
1033,2025-04-14,123,168,4,347.07,1388.28
1033,2025-04-14,123,100,3,220.87,662.61
1034,2025-12-05,912,132,3,305.92,917.76
1034,2025-12-05,912,299,5,383.39,1916.95
1034,2025-12-05,912,348,4,231.55,926.20
1035,2025-07-28,411,255,3,214.59,643.77
1035,2025-07-28,411,212,1,122.95,122.95
1035,2025-07-28,411,155,4,407.98,1631.92
1036,2025-03-08,138,476,2,131.18,262.36
1036,2025-03-08,138,464,2,267.75,535.50
1037,2025-12-03,149,411,3,147.7,443.1
1038,2025-01-02,406,371,1,51.41,51.41
1038,2025-01-02,406,445,5,485.73,2428.65
1038,2025-01-02,406,25,4,250.93,1003.72
1039,2025-01-23,461,39,2,154.19,308.38
1039,2025-01-23,461,295,5,130.26,651.30
1040,2025-10-19,693,74,4,352.49,1409.96
1040,2025-10-19,693,447,4,376.57,1506.28
1041,2025-12-17,731,97,5,113.42,567.10
1041,2025-12-17,731,200,1,275.47,275.47
1042,2025-05-04,395,430,4,275.12,1100.48
1043,2025-07-28,474,351,5,87.53,437.65
1043,2025-07-28,474,189,1,147.88,147.88
1044,2025-07-13,763,137,1,272.96,272.96
1045,2025-01-29,215,372,1,20.55,20.55
1045,2025-01-29,215,351,3,87.53,262.59
1045,2025-01-29,215,204,2,296.2,592.4
1046,2025-03-07,365,356,2,8.39,16.78
1046,2025-03-07,365,463,4,144.91,579.64
1047,2025-07-25,520,187,3,319.82,959.46
1047,2025-07-25,520,82,5,349.97,1749.85
1047,2025-07-25,520,202,3,141.74,425.22
1048,2025-04-27,486,193,1,250.13,250.13
1048,2025-04-27,486,93,4,101.41,405.64
1048,2025-04-27,486,316,2,285.22,570.44
1049,2025-07-07,527,452,4,46.98,187.92
1049,2025-07-07,527,6,4,388.76,1555.04
1050,2025-01-28,205,302,3,462.51,1387.53
1050,2025-01-28,205,259,1,131.5,131.5
1051,2025-01-14,855,148,5,445.16,2225.80
1051,2025-01-14,855,102,5,468.5,2342.5
1052,2025-08-22,393,469,4,103.95,415.80
1053,2025-04-22,267,304,2,276.08,552.16
1054,2025-01-31,660,190,3,72.61,217.83
1054,2025-01-31,660,157,4,33.43,133.72
1055,2025-04-08,191,35,3,246.38,739.14
1055,2025-04-08,191,90,3,414.87,1244.61
1055,2025-04-08,191,320,1,322.83,322.83
1056,2025-10-18,451,331,1,321.18,321.18
1056,2025-10-18,451,466,4,477.28,1909.12
1056,2025-10-18,451,113,2,304.92,609.84
1057,2025-05-24,171,385,5,391.11,1955.55
1057,2025-05-24,171,410,1,400.18,400.18
1057,2025-05-24,171,453,2,236.71,473.42
1058,2025-02-19,975,182,2,496.05,992.10
1058,2025-02-19,975,113,5,304.92,1524.60
1059,2025-09-30,272,42,3,39.02,117.06
1059,2025-09-30,272,411,5,147.7,738.5
1059,2025-09-30,272,50,4,166.56,666.24
1060,2025-09-09,355,141,5,448.09,2240.45
1061,2025-03-14,314,168,4,347.07,1388.28
1061,2025-03-14,314,237,4,242.96,971.84
1062,2025-10-18,806,98,3,14.53,43.59
1062,2025-10-18,806,89,5,349.52,1747.60
1062,2025-10-18,806,245,5,258.08,1290.40
1063,2025-12-18,451,214,2,298.33,596.66
1063,2025-12-18,451,255,2,214.59,429.18
1063,2025-12-18,451,180,3,179.99,539.97
1064,2025-10-26,100,282,1,332.62,332.62
1064,2025-10-26,100,431,4,141.89,567.56
1064,2025-10-26,100,473,3,341.31,1023.93
1065,2025-12-19,785,229,4,296.73,1186.92
1066,2025-12-21,358,258,2,77.66,155.32
1066,2025-12-21,358,118,5,116.6,583.0
1066,2025-12-21,358,52,2,420.33,840.66
1067,2025-05-28,837,197,3,195.32,585.96
1067,2025-05-28,837,460,2,313.84,627.68
1068,2025-09-14,658,155,1,407.98,407.98
1069,2025-07-11,294,95,1,394.98,394.98
1070,2025-08-18,555,176,2,288.86,577.72
1070,2025-08-18,555,491,5,474.71,2373.55
1070,2025-08-18,555,457,2,320.53,641.06
1071,2025-02-02,820,88,3,222.45,667.35
1072,2025-12-05,35,354,1,78.8,78.8
1073,2025-06-04,380,429,4,309.42,1237.68
1073,2025-06-04,380,20,4,478.78,1915.12
1073,2025-06-04,380,302,3,462.51,1387.53
1074,2025-01-08,654,266,3,468.09,1404.27
1074,2025-01-08,654,416,5,70.38,351.90
1074,2025-01-08,654,487,3,79.74,239.22
1075,2025-02-23,404,146,5,92.21,461.05
1075,2025-02-23,404,479,2,301.68,603.36
1075,2025-02-23,404,391,3,325.16,975.48
1076,2025-02-28,85,238,3,472.08,1416.24
1076,2025-02-28,85,49,5,243.73,1218.65
1077,2025-04-02,286,131,3,398.64,1195.92
1077,2025-04-02,286,220,3,26.81,80.43
1077,2025-04-02,286,424,1,321.07,321.07
1078,2025-07-14,247,448,3,149.05,447.15
1079,2025-01-30,914,362,2,299.76,599.52
1080,2025-09-03,707,238,5,472.08,2360.40
1080,2025-09-03,707,333,4,312.24,1248.96
1080,2025-09-03,707,359,4,275.01,1100.04
1081,2025-08-27,305,152,5,39.12,195.60
1081,2025-08-27,305,58,2,16.96,33.92
1082,2025-12-21,257,40,5,296.1,1480.5
1082,2025-12-21,257,402,4,341.36,1365.44
1082,2025-12-21,257,251,1,152.34,152.34
1083,2025-01-14,112,218,5,137.61,688.05
1083,2025-01-14,112,433,2,389.95,779.90
1083,2025-01-14,112,155,1,407.98,407.98
1084,2025-04-29,897,493,5,312.43,1562.15
1084,2025-04-29,897,174,4,314.06,1256.24
1085,2025-01-08,229,248,5,45.08,225.40
1085,2025-01-08,229,395,3,171.83,515.49
1085,2025-01-08,229,5,4,314.52,1258.08
1086,2025-09-17,385,303,5,489.27,2446.35
1086,2025-09-17,385,216,4,277.28,1109.12
1086,2025-09-17,385,187,3,319.82,959.46
1087,2025-10-20,827,224,3,321.92,965.76
1087,2025-10-20,827,399,5,53.46,267.30
1087,2025-10-20,827,213,3,312.66,937.98
1088,2025-11-24,455,168,4,347.07,1388.28
1088,2025-11-24,455,275,4,25.24,100.96
1089,2025-08-06,627,481,1,163.42,163.42
1089,2025-08-06,627,269,4,302.11,1208.44
1089,2025-08-06,627,180,3,179.99,539.97
1090,2024-12-31,228,5,4,314.52,1258.08
1090,2024-12-31,228,311,4,289.44,1157.76
1091,2025-05-20,105,144,3,398.79,1196.37
1092,2025-06-23,162,136,4,341.46,1365.84
1093,2025-03-04,705,212,4,122.95,491.80
1093,2025-03-04,705,233,4,230.37,921.48
1094,2025-08-07,128,325,4,281.87,1127.48
1094,2025-08-07,128,405,2,16.73,33.46
1094,2025-08-07,128,294,5,41.14,205.70
1095,2025-05-08,16,224,2,321.92,643.84
1096,2025-08-31,387,176,2,288.86,577.72
1096,2025-08-31,387,249,4,492.22,1968.88
1096,2025-08-31,387,384,3,229.07,687.21
1097,2025-05-04,786,446,2,60.56,121.12
1097,2025-05-04,786,275,2,25.24,50.48
1098,2025-05-08,334,410,3,400.18,1200.54
1099,2025-09-04,319,455,5,276.92,1384.60
1100,2025-04-09,791,455,5,276.92,1384.60
1100,2025-04-09,791,106,2,180.08,360.16
1101,2025-11-27,26,48,5,228.85,1144.25
1101,2025-11-27,26,444,1,231.57,231.57
1101,2025-11-27,26,305,5,70.29,351.45
1102,2025-05-02,702,271,2,185.88,371.76
1102,2025-05-02,702,24,2,330.39,660.78
1102,2025-05-02,702,374,3,335.47,1006.41
1103,2025-10-06,728,107,4,167.97,671.88
1103,2025-10-06,728,447,2,376.57,753.14
1104,2025-05-02,902,75,3,131.43,394.29
1105,2025-04-02,27,400,1,387.4,387.4
1106,2025-06-16,61,98,5,14.53,72.65
1106,2025-06-16,61,149,2,57.41,114.82
1106,2025-06-16,61,212,4,122.95,491.80
1107,2025-10-08,767,59,3,418.89,1256.67
1107,2025-10-08,767,355,4,208.41,833.64
1107,2025-10-08,767,291,5,346.84,1734.20
1108,2025-08-16,870,29,5,178.91,894.55
1108,2025-08-16,870,388,2,317.72,635.44
1109,2025-04-02,924,341,3,51.61,154.83
1109,2025-04-02,924,112,4,242.9,971.6
1110,2025-04-08,360,301,2,274.15,548.30
1111,2025-01-22,894,20,3,478.78,1436.34
1111,2025-01-22,894,237,4,242.96,971.84
1112,2025-11-17,939,191,3,246.88,740.64
1113,2025-09-14,334,236,2,469.19,938.38
1113,2025-09-14,334,358,3,329.56,988.68
1114,2025-06-28,362,247,3,154.79,464.37
1114,2025-06-28,362,350,5,30.8,154.0
1115,2025-02-15,608,91,1,51.8,51.8
1115,2025-02-15,608,458,2,257.33,514.66
1115,2025-02-15,608,415,2,477.17,954.34
1116,2025-07-23,179,111,3,157.26,471.78
1116,2025-07-23,179,66,5,211.47,1057.35
1117,2025-04-09,546,77,5,270.23,1351.15
1118,2025-01-11,858,39,3,154.19,462.57
1118,2025-01-11,858,386,2,214.75,429.50
1119,2025-12-03,274,58,4,16.96,67.84
1120,2025-08-11,86,285,1,447.68,447.68
1121,2025-02-18,154,350,3,30.8,92.4
1122,2025-09-02,739,229,5,296.73,1483.65
1122,2025-09-02,739,94,4,295.93,1183.72
1123,2025-07-11,841,449,1,119.8,119.8
1123,2025-07-11,841,264,5,245.93,1229.65
1123,2025-07-11,841,486,3,176.54,529.62
1124,2025-03-11,258,57,1,103.12,103.12
1124,2025-03-11,258,494,4,429.76,1719.04
1125,2025-01-27,351,384,5,229.07,1145.35
1126,2025-07-10,359,119,4,244.81,979.24
1126,2025-07-10,359,431,1,141.89,141.89
1127,2025-06-17,458,103,1,239.95,239.95
1128,2025-06-18,276,417,1,148.93,148.93
1129,2025-11-01,423,389,2,74.31,148.62
1129,2025-11-01,423,243,2,457.3,914.6
1130,2025-11-11,202,399,4,53.46,213.84
1130,2025-11-11,202,1,1,80.6,80.6
1131,2025-07-13,231,344,3,177.16,531.48
1131,2025-07-13,231,233,5,230.37,1151.85
1132,2025-11-23,282,138,2,444.05,888.10
1132,2025-11-23,282,322,4,417.63,1670.52
1133,2025-08-27,932,191,3,246.88,740.64
1134,2025-12-13,955,165,5,78.9,394.5
1134,2025-12-13,955,418,4,35.93,143.72
1135,2025-04-02,154,183,1,448.54,448.54
1136,2025-03-25,997,77,5,270.23,1351.15
1136,2025-03-25,997,429,4,309.42,1237.68
1136,2025-03-25,997,192,1,319.33,319.33
1137,2025-08-22,21,336,5,381.71,1908.55
1137,2025-08-22,21,444,4,231.57,926.28
1138,2025-02-20,797,91,2,51.8,103.6
1139,2025-10-26,397,469,4,103.95,415.80
1139,2025-10-26,397,99,1,342.87,342.87
1139,2025-10-26,397,409,3,31.26,93.78
1140,2025-08-23,30,72,3,409.92,1229.76
1141,2025-07-07,897,274,3,56.74,170.22
1141,2025-07-07,897,68,2,57.36,114.72
1141,2025-07-07,897,368,1,83.83,83.83
1142,2025-06-24,297,9,5,217.36,1086.80
1142,2025-06-24,297,348,5,231.55,1157.75
1142,2025-06-24,297,231,3,241.46,724.38
1143,2025-04-19,313,138,5,444.05,2220.25
1143,2025-04-19,313,171,4,350.16,1400.64
1144,2025-01-19,69,176,1,288.86,288.86
1144,2025-01-19,69,360,4,483.09,1932.36
1145,2025-08-30,11,151,5,496.87,2484.35
1145,2025-08-30,11,111,1,157.26,157.26
1145,2025-08-30,11,78,3,376.98,1130.94
1146,2025-05-03,971,278,1,205.91,205.91
1146,2025-05-03,971,294,3,41.14,123.42
1146,2025-05-03,971,272,2,352.7,705.4
1147,2025-02-15,985,408,2,242.36,484.72
1147,2025-02-15,985,316,5,285.22,1426.10
1148,2025-02-04,956,346,4,30.32,121.28
1149,2025-07-09,725,229,3,296.73,890.19
1149,2025-07-09,725,94,5,295.93,1479.65
1150,2025-12-07,867,119,5,244.81,1224.05
1150,2025-12-07,867,232,2,59.52,119.04
1151,2025-01-14,478,193,4,250.13,1000.52
1151,2025-01-14,478,35,2,246.38,492.76
1152,2025-09-08,705,246,1,426.74,426.74
1153,2025-10-01,915,184,1,72.35,72.35
1154,2025-09-22,299,324,5,113.76,568.80
1155,2025-07-19,460,162,5,147.2,736.0
1155,2025-07-19,460,387,2,280.52,561.04
1156,2025-01-11,778,301,1,274.15,274.15
1156,2025-01-11,778,376,5,167.79,838.95
1156,2025-01-11,778,111,5,157.26,786.30
1157,2025-11-28,698,488,4,209.37,837.48
1157,2025-11-28,698,364,4,84.82,339.28
1158,2025-10-17,659,396,1,56.06,56.06
1159,2025-11-26,736,407,4,325.42,1301.68
1160,2025-06-03,312,138,2,444.05,888.10
1160,2025-06-03,312,415,4,477.17,1908.68
1161,2025-07-11,854,332,2,258.46,516.92
1161,2025-07-11,854,392,1,141.55,141.55
1161,2025-07-11,854,422,3,82.75,248.25
1162,2025-04-20,825,408,3,242.36,727.08
1162,2025-04-20,825,90,5,414.87,2074.35
1163,2025-12-17,18,382,3,240.39,721.17
1163,2025-12-17,18,110,1,443.77,443.77
1164,2025-07-09,458,227,3,94.86,284.58
1164,2025-07-09,458,131,5,398.64,1993.20
1165,2025-03-02,389,316,1,285.22,285.22
1165,2025-03-02,389,460,1,313.84,313.84
1166,2025-09-21,869,488,4,209.37,837.48
1166,2025-09-21,869,191,4,246.88,987.52
1167,2025-01-08,596,467,3,363.53,1090.59
1167,2025-01-08,596,134,2,284.82,569.64
1168,2025-11-02,330,318,2,12.28,24.56
1168,2025-11-02,330,145,2,20.33,40.66
1168,2025-11-02,330,475,2,118.44,236.88
1169,2025-08-31,943,218,3,137.61,412.83
1169,2025-08-31,943,13,4,412.47,1649.88
1169,2025-08-31,943,301,3,274.15,822.45
1170,2025-09-06,28,236,3,469.19,1407.57
1170,2025-09-06,28,24,1,330.39,330.39
1170,2025-09-06,28,429,4,309.42,1237.68
1171,2025-02-13,286,53,4,485.1,1940.4
1172,2025-05-21,651,172,4,250.68,1002.72
1172,2025-05-21,651,128,1,229.59,229.59
1172,2025-05-21,651,106,4,180.08,720.32
1173,2025-04-24,382,122,4,459.94,1839.76
1173,2025-04-24,382,308,3,241.52,724.56
1173,2025-04-24,382,275,1,25.24,25.24
1174,2025-09-01,411,395,1,171.83,171.83
1174,2025-09-01,411,81,3,433.63,1300.89
1174,2025-09-01,411,239,1,469.38,469.38
1175,2025-08-18,718,403,4,215.58,862.32
1175,2025-08-18,718,324,2,113.76,227.52
1176,2025-11-04,648,87,1,480.44,480.44
1176,2025-11-04,648,85,2,321.65,643.30
1177,2025-12-24,836,1,5,80.6,403.0
1177,2025-12-24,836,297,2,398.94,797.88
1177,2025-12-24,836,148,2,445.16,890.32
1178,2025-06-21,807,398,5,71.83,359.15
1178,2025-06-21,807,494,5,429.76,2148.80
1178,2025-06-21,807,43,5,278.89,1394.45
1179,2025-09-19,37,151,2,496.87,993.74
1179,2025-09-19,37,253,3,358.42,1075.26
1180,2025-03-30,468,357,1,147.52,147.52
1181,2024-12-29,794,87,1,480.44,480.44
1181,2024-12-29,794,451,1,117.67,117.67
1181,2024-12-29,794,182,5,496.05,2480.25
1182,2025-09-17,50,438,1,161.16,161.16
1183,2025-05-06,52,169,1,460.43,460.43
1183,2025-05-06,52,338,2,243.62,487.24
1183,2025-05-06,52,490,2,476.01,952.02
1184,2025-02-11,462,294,1,41.14,41.14
1185,2025-04-21,269,298,5,204.65,1023.25
1185,2025-04-21,269,193,2,250.13,500.26
1186,2025-03-29,530,231,4,241.46,965.84
1186,2025-03-29,530,7,1,359.69,359.69
1187,2025-07-20,302,68,5,57.36,286.80
1188,2025-12-14,472,426,4,82.52,330.08
1188,2025-12-14,472,289,5,150.72,753.60
1188,2025-12-14,472,481,2,163.42,326.84
1189,2025-09-18,640,292,1,242.18,242.18
1189,2025-09-18,640,142,4,240.49,961.96
1189,2025-09-18,640,478,5,68.54,342.70
1190,2025-06-03,39,109,4,97.7,390.8
1190,2025-06-03,39,402,2,341.36,682.72
1191,2025-12-22,627,79,2,139.58,279.16
1192,2025-07-16,216,7,1,359.69,359.69
1192,2025-07-16,216,369,2,67.55,135.10
1192,2025-07-16,216,257,4,265.71,1062.84
1193,2025-02-02,360,346,1,30.32,30.32
1193,2025-02-02,360,402,5,341.36,1706.80
1193,2025-02-02,360,167,2,224.17,448.34
1194,2025-11-22,727,15,1,182.7,182.7
1195,2025-08-14,259,299,4,383.39,1533.56
1195,2025-08-14,259,285,2,447.68,895.36
1195,2025-08-14,259,48,5,228.85,1144.25
1196,2025-06-28,302,290,5,450.86,2254.30
1196,2025-06-28,302,478,1,68.54,68.54
1197,2025-01-22,565,60,3,334.6,1003.8
1197,2025-01-22,565,392,2,141.55,283.10
1198,2025-09-30,781,434,5,21.02,105.10
1199,2025-11-19,37,343,2,240.99,481.98
1199,2025-11-19,37,72,2,409.92,819.84
1200,2025-08-22,131,50,3,166.56,499.68
1200,2025-08-22,131,164,1,310.9,310.9
1200,2025-08-22,131,29,4,178.91,715.64
1201,2025-03-24,153,100,2,220.87,441.74
1201,2025-03-24,153,230,1,476.52,476.52
1201,2025-03-24,153,167,4,224.17,896.68
1202,2025-11-14,618,237,5,242.96,1214.80
1203,2025-07-21,258,68,2,57.36,114.72
1203,2025-07-21,258,437,4,297.45,1189.80
1203,2025-07-21,258,497,5,482.27,2411.35
1204,2025-06-29,772,11,1,149.99,149.99
1204,2025-06-29,772,270,1,396.51,396.51
1204,2025-06-29,772,65,3,430.11,1290.33
1205,2025-02-22,207,446,4,60.56,242.24
1206,2025-01-21,91,279,1,204.8,204.8
1206,2025-01-21,91,177,5,184.9,924.5
1207,2025-03-12,969,301,4,274.15,1096.60
1207,2025-03-12,969,320,5,322.83,1614.15
1207,2025-03-12,969,184,1,72.35,72.35
1208,2025-05-16,771,169,1,460.43,460.43
1209,2025-03-17,608,440,5,475.31,2376.55
1210,2025-03-05,165,152,3,39.12,117.36
1210,2025-03-05,165,407,3,325.42,976.26
1211,2025-03-23,456,390,5,40.96,204.80
1212,2025-08-11,962,416,3,70.38,211.14
1212,2025-08-11,962,1,3,80.6,241.8
1212,2025-08-11,962,65,1,430.11,430.11
1213,2025-08-30,927,318,2,12.28,24.56
1213,2025-08-30,927,191,1,246.88,246.88
1214,2025-05-22,183,401,4,341.45,1365.80
1214,2025-05-22,183,482,4,296.53,1186.12
1214,2025-05-22,183,438,5,161.16,805.80
1215,2025-03-21,768,235,5,72.25,361.25
1216,2025-04-26,229,89,2,349.52,699.04
1217,2025-12-12,635,327,2,499.91,999.82
1217,2025-12-12,635,56,4,278.79,1115.16
1217,2025-12-12,635,235,4,72.25,289.00
1218,2025-02-18,869,47,2,447.66,895.32
1218,2025-02-18,869,466,1,477.28,477.28
1218,2025-02-18,869,465,4,313.64,1254.56
1219,2025-04-23,213,337,2,206.67,413.34
1219,2025-04-23,213,134,2,284.82,569.64
1220,2025-12-03,452,203,4,98.55,394.20
1220,2025-12-03,452,277,1,328.27,328.27
1221,2025-03-22,478,15,3,182.7,548.1
1222,2025-05-23,103,391,3,325.16,975.48
1222,2025-05-23,103,386,1,214.75,214.75
1223,2025-08-02,831,400,2,387.4,774.8
1224,2025-10-15,646,28,3,412.52,1237.56
1224,2025-10-15,646,299,5,383.39,1916.95
1225,2025-10-20,49,368,2,83.83,167.66
1225,2025-10-20,49,161,4,318.86,1275.44
1225,2025-10-20,49,316,2,285.22,570.44
1226,2025-08-04,27,17,1,221.62,221.62
1227,2025-10-21,238,349,3,173.73,521.19
1227,2025-10-21,238,380,5,276.01,1380.05
1228,2025-01-30,114,37,5,37.4,187.0
1229,2025-11-13,593,408,5,242.36,1211.80
1229,2025-11-13,593,126,1,41.18,41.18
1229,2025-11-13,593,407,4,325.42,1301.68
1230,2025-10-13,126,18,3,298.7,896.1
1230,2025-10-13,126,424,2,321.07,642.14
1231,2025-09-06,827,447,1,376.57,376.57
1231,2025-09-06,827,6,3,388.76,1166.28
1232,2025-02-06,83,192,2,319.33,638.66
1233,2025-05-28,254,145,4,20.33,81.32
1233,2025-05-28,254,369,4,67.55,270.20
1234,2025-03-04,406,417,3,148.93,446.79
1234,2025-03-04,406,97,3,113.42,340.26
1234,2025-03-04,406,167,4,224.17,896.68
1235,2025-12-23,54,184,5,72.35,361.75
1235,2025-12-23,54,28,1,412.52,412.52
1235,2025-12-23,54,426,1,82.52,82.52
1236,2025-08-22,218,315,1,398.86,398.86
1237,2025-06-20,595,149,1,57.41,57.41
1238,2025-05-16,567,241,3,269.46,808.38
1239,2025-07-17,762,474,4,33.57,134.28
1240,2025-10-03,423,192,3,319.33,957.99
1240,2025-10-03,423,284,2,165.79,331.58
1240,2025-10-03,423,232,5,59.52,297.60
1241,2025-04-18,446,126,3,41.18,123.54
1241,2025-04-18,446,38,5,447.83,2239.15
1242,2025-10-03,46,210,2,318.91,637.82
1242,2025-10-03,46,4,1,472.3,472.3
1243,2025-03-05,676,299,4,383.39,1533.56
1243,2025-03-05,676,423,2,410.7,821.4
1243,2025-03-05,676,337,4,206.67,826.68
1244,2025-12-25,215,369,5,67.55,337.75
1244,2025-12-25,215,285,5,447.68,2238.40
1244,2025-12-25,215,354,5,78.8,394.0
1245,2025-05-02,732,277,4,328.27,1313.08
1245,2025-05-02,732,327,1,499.91,499.91
1246,2025-07-23,365,470,3,232.51,697.53
1246,2025-07-23,365,488,5,209.37,1046.85
1247,2025-12-09,700,382,4,240.39,961.56
1247,2025-12-09,700,5,1,314.52,314.52
1247,2025-12-09,700,412,2,407.79,815.58
1248,2025-08-23,496,243,3,457.3,1371.9
1249,2025-10-07,389,355,3,208.41,625.23
1249,2025-10-07,389,455,2,276.92,553.84
1249,2025-10-07,389,223,1,77.6,77.6
1250,2025-03-29,676,414,1,307.45,307.45
1250,2025-03-29,676,474,2,33.57,67.14
1251,2025-12-14,316,83,2,322.41,644.82
1252,2025-07-23,396,22,3,420.77,1262.31
1252,2025-07-23,396,240,5,102.23,511.15
1253,2025-03-12,734,116,3,496.51,1489.53
1253,2025-03-12,734,278,5,205.91,1029.55
1254,2025-02-14,794,261,2,184.06,368.12
1254,2025-02-14,794,262,5,92.87,464.35
1255,2025-06-11,74,368,1,83.83,83.83
1255,2025-06-11,74,208,3,438.21,1314.63
1255,2025-06-11,74,221,5,109.17,545.85
1256,2025-08-29,3,46,5,392.38,1961.90
1256,2025-08-29,3,148,5,445.16,2225.80
1256,2025-08-29,3,84,5,404.22,2021.10
1257,2025-06-23,67,266,1,468.09,468.09
1258,2025-07-07,890,41,5,114.35,571.75
1258,2025-07-07,890,334,1,134.61,134.61
1259,2025-11-09,548,227,1,94.86,94.86
1260,2025-03-12,231,38,3,447.83,1343.49
1260,2025-03-12,231,186,3,436.63,1309.89
1261,2025-05-18,326,221,4,109.17,436.68
1261,2025-05-18,326,243,1,457.3,457.3
1262,2025-03-05,745,180,5,179.99,899.95
1263,2025-11-02,339,305,3,70.29,210.87
1263,2025-11-02,339,117,1,142.82,142.82
1264,2025-03-17,55,238,4,472.08,1888.32
1264,2025-03-17,55,244,5,478.82,2394.10
1265,2025-03-31,612,479,3,301.68,905.04
1265,2025-03-31,612,2,5,287.98,1439.90
1266,2025-05-28,83,214,5,298.33,1491.65
1266,2025-05-28,83,223,3,77.6,232.8
1267,2025-12-01,981,282,3,332.62,997.86
1267,2025-12-01,981,453,2,236.71,473.42
1267,2025-12-01,981,310,1,151.31,151.31
1268,2025-03-12,753,499,1,230.52,230.52
1268,2025-03-12,753,178,4,65.82,263.28
1269,2025-06-09,960,489,3,52.69,158.07
1270,2025-07-23,633,414,3,307.45,922.35
1271,2025-04-28,721,220,5,26.81,134.05
1272,2025-05-19,905,495,5,295.22,1476.10
1272,2025-05-19,905,325,4,281.87,1127.48
1273,2025-04-09,320,156,2,182.35,364.70
1273,2025-04-09,320,357,2,147.52,295.04
1274,2025-05-17,324,26,5,376.51,1882.55
1275,2025-07-02,846,319,5,453.23,2266.15
1276,2025-09-19,764,427,3,410.44,1231.32
1276,2025-09-19,764,190,4,72.61,290.44
1276,2025-09-19,764,19,5,144.77,723.85
1277,2025-06-28,294,361,2,365.74,731.48
1277,2025-06-28,294,243,1,457.3,457.3
1277,2025-06-28,294,465,1,313.64,313.64
1278,2025-11-11,546,467,4,363.53,1454.12
1278,2025-11-11,546,201,5,437.71,2188.55
1279,2025-09-22,938,142,3,240.49,721.47
1279,2025-09-22,938,359,5,275.01,1375.05
1279,2025-09-22,938,294,5,41.14,205.70
1280,2025-03-12,37,30,4,152.14,608.56
1280,2025-03-12,37,154,1,434.3,434.3
1280,2025-03-12,37,140,3,187.49,562.47
1281,2025-12-10,563,272,1,352.7,352.7
1282,2025-06-08,726,261,4,184.06,736.24
1283,2025-10-31,58,160,5,241.99,1209.95
1284,2025-10-25,319,136,3,341.46,1024.38
1284,2025-10-25,319,469,1,103.95,103.95
1284,2025-10-25,319,39,4,154.19,616.76
1285,2025-12-26,105,221,5,109.17,545.85
1286,2025-01-03,283,73,3,25.92,77.76
1286,2025-01-03,283,412,4,407.79,1631.16
1286,2025-01-03,283,33,5,194.9,974.5
1287,2025-02-20,216,99,4,342.87,1371.48
1287,2025-02-20,216,61,3,351.5,1054.5
1288,2025-10-29,946,149,5,57.41,287.05
1289,2025-10-22,342,66,5,211.47,1057.35
1290,2025-09-21,709,191,3,246.88,740.64
1291,2025-11-26,461,205,5,145.68,728.40
1292,2025-02-03,766,383,5,259.72,1298.60
1293,2025-03-21,595,296,4,215.06,860.24
1294,2025-03-03,431,174,1,314.06,314.06
1294,2025-03-03,431,15,5,182.7,913.5
1295,2025-11-16,583,170,5,40.78,203.90
1295,2025-11-16,583,454,2,64.77,129.54
1296,2025-02-12,923,460,5,313.84,1569.20
1296,2025-02-12,923,461,1,224.53,224.53
1296,2025-02-12,923,314,4,239.74,958.96
1297,2025-10-13,566,279,1,204.8,204.8
1298,2025-07-15,723,250,1,202.45,202.45
1299,2025-03-05,397,314,4,239.74,958.96
1299,2025-03-05,397,301,5,274.15,1370.75
1300,2025-12-07,31,395,4,171.83,687.32
1300,2025-12-07,31,440,5,475.31,2376.55
1301,2025-11-04,307,112,4,242.9,971.6
1301,2025-11-04,307,165,3,78.9,236.7
1301,2025-11-04,307,449,4,119.8,479.2
1302,2025-01-27,238,303,5,489.27,2446.35
1303,2025-05-28,870,249,4,492.22,1968.88
1304,2025-05-13,553,471,4,327.77,1311.08
1305,2025-05-31,561,10,4,248.75,995.00
1305,2025-05-31,561,106,2,180.08,360.16
1306,2025-06-16,835,170,3,40.78,122.34
1307,2025-08-02,769,268,1,164.18,164.18
1308,2025-07-04,197,8,5,316.53,1582.65
1308,2025-07-04,197,154,2,434.3,868.6
1309,2025-07-06,290,203,5,98.55,492.75
1309,2025-07-06,290,54,2,221.51,443.02
1309,2025-07-06,290,162,4,147.2,588.8
1310,2025-02-16,815,475,3,118.44,355.32
1310,2025-02-16,815,112,1,242.9,242.9
1311,2025-04-30,479,270,5,396.51,1982.55
1311,2025-04-30,479,204,5,296.2,1481.0
1312,2025-02-16,431,435,5,122.68,613.40
1312,2025-02-16,431,352,1,164.03,164.03
1312,2025-02-16,431,415,3,477.17,1431.51
1313,2025-08-05,606,343,5,240.99,1204.95
1313,2025-08-05,606,206,1,270.77,270.77
1314,2025-04-22,552,216,2,277.28,554.56
1315,2025-04-17,518,40,2,296.1,592.2
1315,2025-04-17,518,446,4,60.56,242.24
1316,2025-03-26,453,181,5,284.33,1421.65
1317,2025-06-08,795,236,2,469.19,938.38
1318,2025-04-04,845,178,5,65.82,329.10
1319,2025-11-10,202,383,5,259.72,1298.60
1320,2025-08-07,158,166,3,212.49,637.47
1320,2025-08-07,158,220,1,26.81,26.81
1321,2025-03-10,752,44,4,439.63,1758.52
1321,2025-03-10,752,342,5,478.74,2393.70
1322,2025-12-17,707,331,3,321.18,963.54
1322,2025-12-17,707,191,1,246.88,246.88
1322,2025-12-17,707,269,5,302.11,1510.55
1323,2025-06-04,337,97,5,113.42,567.10
1324,2025-11-16,968,65,5,430.11,2150.55
1324,2025-11-16,968,118,5,116.6,583.0
1324,2025-11-16,968,302,3,462.51,1387.53
1325,2025-02-14,669,388,5,317.72,1588.60
1325,2025-02-14,669,432,1,117.54,117.54
1326,2025-04-17,124,223,3,77.6,232.8
1326,2025-04-17,124,37,5,37.4,187.0
1327,2025-03-16,422,315,5,398.86,1994.30
1328,2025-07-12,576,195,3,494.68,1484.04
1329,2025-01-18,546,432,2,117.54,235.08
1329,2025-01-18,546,101,2,35.41,70.82
1329,2025-01-18,546,163,4,186.78,747.12
1330,2025-07-13,513,475,1,118.44,118.44
1330,2025-07-13,513,26,5,376.51,1882.55
1331,2025-05-11,66,289,1,150.72,150.72
1331,2025-05-11,66,119,4,244.81,979.24
1332,2025-12-17,316,279,4,204.8,819.2
1333,2025-05-12,451,375,3,445.17,1335.51
1333,2025-05-12,451,415,2,477.17,954.34
1333,2025-05-12,451,434,5,21.02,105.10
1334,2025-06-14,670,206,2,270.77,541.54
1335,2025-08-24,404,238,2,472.08,944.16
1336,2025-03-18,988,380,5,276.01,1380.05
1337,2025-10-23,385,139,2,339.12,678.24
1338,2025-09-28,925,471,2,327.77,655.54
1338,2025-09-28,925,378,3,428.55,1285.65
1338,2025-09-28,925,42,5,39.02,195.10
1339,2025-09-16,673,394,3,348.1,1044.3
1339,2025-09-16,673,158,1,373.08,373.08
1340,2025-05-13,364,318,1,12.28,12.28
1341,2025-07-30,110,274,2,56.74,113.48
1341,2025-07-30,110,132,5,305.92,1529.60
1341,2025-07-30,110,65,3,430.11,1290.33
1342,2025-11-28,759,291,2,346.84,693.68
1343,2025-02-26,275,191,4,246.88,987.52
1343,2025-02-26,275,225,3,460.72,1382.16
1344,2025-08-02,823,38,1,447.83,447.83
1344,2025-08-02,823,438,5,161.16,805.80
1344,2025-08-02,823,460,4,313.84,1255.36
1345,2025-06-21,629,134,5,284.82,1424.10
1345,2025-06-21,629,27,5,227.57,1137.85
1345,2025-06-21,629,455,2,276.92,553.84
1346,2025-11-21,386,359,2,275.01,550.02
1346,2025-11-21,386,301,4,274.15,1096.60
1347,2025-11-30,838,146,3,92.21,276.63
1347,2025-11-30,838,38,1,447.83,447.83
1348,2025-05-28,672,309,2,50.9,101.8
1348,2025-05-28,672,314,5,239.74,1198.70
1348,2025-05-28,672,86,3,444.15,1332.45
1349,2025-03-12,838,240,3,102.23,306.69
1349,2025-03-12,838,25,5,250.93,1254.65
1349,2025-03-12,838,366,1,223.44,223.44
1350,2025-07-31,479,336,2,381.71,763.42
1350,2025-07-31,479,406,4,438.28,1753.12
1351,2025-05-28,884,490,4,476.01,1904.04
1352,2025-03-21,243,399,4,53.46,213.84
1353,2025-01-23,690,159,5,372.6,1863.0
1353,2025-01-23,690,384,2,229.07,458.14
1353,2025-01-23,690,497,2,482.27,964.54
1354,2025-10-19,783,325,3,281.87,845.61
1354,2025-10-19,783,170,1,40.78,40.78
1355,2025-07-20,406,70,1,24.04,24.04
1356,2025-09-25,602,489,2,52.69,105.38
1356,2025-09-25,602,11,1,149.99,149.99
1356,2025-09-25,602,93,5,101.41,507.05
1357,2025-12-08,8,93,1,101.41,101.41
1357,2025-12-08,8,148,3,445.16,1335.48
1358,2025-02-08,74,96,1,5.28,5.28
1358,2025-02-08,74,389,1,74.31,74.31
1359,2025-12-01,138,468,1,253.58,253.58
1359,2025-12-01,138,337,2,206.67,413.34
1359,2025-12-01,138,298,1,204.65,204.65
1360,2025-10-20,668,491,5,474.71,2373.55
1360,2025-10-20,668,498,4,374.05,1496.20
1361,2025-08-21,321,477,2,442.21,884.42
1361,2025-08-21,321,210,2,318.91,637.82
1361,2025-08-21,321,18,1,298.7,298.7
1362,2025-06-14,133,137,3,272.96,818.88
1363,2025-09-14,340,59,3,418.89,1256.67
1363,2025-09-14,340,135,3,220.51,661.53
1363,2025-09-14,340,378,2,428.55,857.10
1364,2025-02-23,451,310,3,151.31,453.93
1364,2025-02-23,451,318,3,12.28,36.84
1365,2025-03-21,790,269,1,302.11,302.11
1365,2025-03-21,790,213,2,312.66,625.32
1365,2025-03-21,790,465,4,313.64,1254.56
1366,2025-06-30,557,377,4,401.94,1607.76
1366,2025-06-30,557,427,2,410.44,820.88
1366,2025-06-30,557,296,4,215.06,860.24
1367,2025-04-24,518,309,1,50.9,50.9
1367,2025-04-24,518,173,5,461.96,2309.80
1368,2025-12-10,664,79,4,139.58,558.32
1369,2025-04-18,323,12,5,100.62,503.10
1369,2025-04-18,323,378,5,428.55,2142.75
1369,2025-04-18,323,429,2,309.42,618.84
1370,2025-04-08,759,167,1,224.17,224.17
1370,2025-04-08,759,375,4,445.17,1780.68
1371,2025-01-22,857,438,1,161.16,161.16
1372,2025-12-14,569,489,1,52.69,52.69
1373,2025-05-27,398,497,1,482.27,482.27
1373,2025-05-27,398,195,2,494.68,989.36
1374,2025-05-24,208,301,4,274.15,1096.60
1374,2025-05-24,208,316,5,285.22,1426.10
1375,2025-05-18,126,354,2,78.8,157.6
1375,2025-05-18,126,392,2,141.55,283.10
1376,2025-10-06,810,496,4,159.99,639.96
1376,2025-10-06,810,2,3,287.98,863.94
1376,2025-10-06,810,89,5,349.52,1747.60
1377,2025-10-18,365,27,5,227.57,1137.85
1377,2025-10-18,365,84,5,404.22,2021.10
1377,2025-10-18,365,162,5,147.2,736.0
1378,2025-07-03,884,428,1,358.4,358.4
1378,2025-07-03,884,415,1,477.17,477.17
1379,2025-02-10,536,454,2,64.77,129.54
1379,2025-02-10,536,357,5,147.52,737.60
1379,2025-02-10,536,73,3,25.92,77.76
1380,2025-07-30,2,151,4,496.87,1987.48
1381,2025-12-26,41,29,2,178.91,357.82
1381,2025-12-26,41,120,2,458.95,917.90
1382,2025-08-20,551,108,1,393.46,393.46
1382,2025-08-20,551,424,2,321.07,642.14
1383,2025-09-13,800,243,5,457.3,2286.5
1383,2025-09-13,800,237,3,242.96,728.88
1383,2025-09-13,800,64,1,491.55,491.55
1384,2025-04-28,207,82,1,349.97,349.97
1384,2025-04-28,207,172,1,250.68,250.68
1384,2025-04-28,207,43,5,278.89,1394.45
1385,2025-12-19,958,21,1,141.16,141.16
1385,2025-12-19,958,130,4,252.98,1011.92
1385,2025-12-19,958,250,1,202.45,202.45
1386,2025-05-16,19,434,1,21.02,21.02
1387,2025-02-17,57,342,1,478.74,478.74
1387,2025-02-17,57,125,4,265.17,1060.68
1387,2025-02-17,57,146,2,92.21,184.42
1388,2025-03-15,813,151,5,496.87,2484.35
1388,2025-03-15,813,498,1,374.05,374.05
1388,2025-03-15,813,251,3,152.34,457.02
1389,2025-03-31,283,250,2,202.45,404.90
1389,2025-03-31,283,476,3,131.18,393.54
1390,2025-08-11,157,389,3,74.31,222.93
1391,2025-02-22,840,134,5,284.82,1424.10
1391,2025-02-22,840,365,5,459.25,2296.25
1391,2025-02-22,840,80,4,293.7,1174.8
1392,2025-02-02,935,482,2,296.53,593.06
1392,2025-02-02,935,198,2,373.73,747.46
1393,2025-05-25,417,475,5,118.44,592.20
1394,2025-09-18,626,63,4,364.98,1459.92
1394,2025-09-18,626,142,1,240.49,240.49
1395,2025-06-24,153,286,3,46.15,138.45
1395,2025-06-24,153,114,4,136.66,546.64
1395,2025-06-24,153,473,1,341.31,341.31
1396,2025-02-05,967,157,2,33.43,66.86
1396,2025-02-05,967,49,5,243.73,1218.65
1397,2025-10-01,694,350,5,30.8,154.0
1397,2025-10-01,694,281,2,115.36,230.72
1398,2025-07-09,529,114,4,136.66,546.64
1398,2025-07-09,529,9,5,217.36,1086.80
1399,2025-06-08,162,334,4,134.61,538.44
1399,2025-06-08,162,37,3,37.4,112.2
1400,2025-05-11,64,222,4,80.58,322.32
1401,2025-08-04,403,86,4,444.15,1776.60
1402,2025-09-19,746,293,1,131.93,131.93
1402,2025-09-19,746,477,5,442.21,2211.05
1403,2025-03-17,323,386,4,214.75,859.00
1404,2025-09-06,869,455,2,276.92,553.84
1405,2025-03-03,651,108,1,393.46,393.46
1405,2025-03-03,651,267,5,281.05,1405.25
1406,2025-05-08,25,397,3,160.06,480.18
1406,2025-05-08,25,150,2,72.4,144.8
1406,2025-05-08,25,2,2,287.98,575.96
1407,2025-08-20,179,455,4,276.92,1107.68
1407,2025-08-20,179,164,2,310.9,621.8
1408,2025-06-20,621,466,3,477.28,1431.84
1409,2025-06-09,758,371,3,51.41,154.23
1409,2025-06-09,758,59,2,418.89,837.78
1410,2025-03-26,906,234,3,6.55,19.65
1410,2025-03-26,906,500,5,455.95,2279.75
1410,2025-03-26,906,214,5,298.33,1491.65
1411,2025-02-16,793,40,2,296.1,592.2
1411,2025-02-16,793,486,1,176.54,176.54
1411,2025-02-16,793,380,1,276.01,276.01
1412,2025-06-13,780,498,2,374.05,748.10
1413,2025-03-31,656,6,1,388.76,388.76
1413,2025-03-31,656,25,4,250.93,1003.72
1413,2025-03-31,656,63,5,364.98,1824.90
1414,2024-12-28,573,276,1,258.44,258.44
1414,2024-12-28,573,393,2,263.08,526.16
1414,2024-12-28,573,289,2,150.72,301.44
1415,2025-11-13,649,486,3,176.54,529.62
1415,2025-11-13,649,235,2,72.25,144.50
1416,2025-11-04,930,389,1,74.31,74.31
1416,2025-11-04,930,164,3,310.9,932.7
1417,2025-11-27,653,291,3,346.84,1040.52
1417,2025-11-27,653,75,3,131.43,394.29
1418,2025-12-02,260,330,5,217.0,1085.0
1418,2025-12-02,260,86,3,444.15,1332.45
1418,2025-12-02,260,208,2,438.21,876.42
1419,2025-10-29,14,341,1,51.61,51.61
1420,2025-11-30,995,192,1,319.33,319.33
1420,2025-11-30,995,44,4,439.63,1758.52
1420,2025-11-30,995,154,1,434.3,434.3
1421,2025-06-28,380,94,2,295.93,591.86
1421,2025-06-28,380,279,3,204.8,614.4
1422,2025-06-11,100,49,1,243.73,243.73
1422,2025-06-11,100,205,3,145.68,437.04
1422,2025-06-11,100,341,1,51.61,51.61
1423,2025-12-26,92,115,3,365.14,1095.42
1423,2025-12-26,92,243,3,457.3,1371.9
1424,2025-07-29,797,471,2,327.77,655.54
1425,2025-03-19,202,435,4,122.68,490.72
1425,2025-03-19,202,177,2,184.9,369.8
1426,2025-07-25,718,75,3,131.43,394.29
1426,2025-07-25,718,424,2,321.07,642.14
1427,2025-03-19,512,499,1,230.52,230.52
1428,2025-01-25,901,129,5,119.27,596.35
1428,2025-01-25,901,289,5,150.72,753.60
1428,2025-01-25,901,99,3,342.87,1028.61
1429,2025-12-15,60,254,1,463.64,463.64
1429,2025-12-15,60,474,4,33.57,134.28
1430,2025-03-16,882,330,2,217.0,434.0
1431,2025-07-21,497,481,2,163.42,326.84
1431,2025-07-21,497,314,3,239.74,719.22
1431,2025-07-21,497,462,2,412.76,825.52
1432,2025-09-02,205,255,1,214.59,214.59
1432,2025-09-02,205,481,3,163.42,490.26
1432,2025-09-02,205,461,5,224.53,1122.65
1433,2025-10-17,610,129,5,119.27,596.35
1433,2025-10-17,610,421,5,320.48,1602.40
1434,2025-01-23,481,485,1,492.14,492.14
1435,2025-12-23,78,234,4,6.55,26.20
1436,2025-07-12,482,61,2,351.5,703.0
1437,2024-12-29,500,492,5,449.67,2248.35
1438,2025-02-11,880,229,5,296.73,1483.65
1438,2025-02-11,880,225,4,460.72,1842.88
1439,2025-09-07,777,73,2,25.92,51.84
1440,2025-07-15,29,65,2,430.11,860.22
1440,2025-07-15,29,296,3,215.06,645.18
1440,2025-07-15,29,36,4,12.2,48.8
1441,2025-03-25,988,359,1,275.01,275.01
1441,2025-03-25,988,242,5,35.44,177.20
1441,2025-03-25,988,47,3,447.66,1342.98
1442,2025-10-01,957,286,5,46.15,230.75
1443,2025-02-26,24,199,3,286.28,858.84
1443,2025-02-26,24,255,3,214.59,643.77
1444,2025-08-21,370,264,5,245.93,1229.65
1444,2025-08-21,370,308,1,241.52,241.52
1445,2025-05-29,280,21,5,141.16,705.80
1445,2025-05-29,280,242,3,35.44,106.32
1446,2025-06-29,28,55,4,471.21,1884.84
1447,2025-10-20,949,439,2,18.16,36.32
1447,2025-10-20,949,398,2,71.83,143.66
1448,2025-05-22,3,116,2,496.51,993.02
1449,2025-04-19,626,228,3,404.8,1214.4
1450,2025-01-02,504,197,4,195.32,781.28
1451,2025-02-05,19,192,4,319.33,1277.32
1452,2025-10-27,385,277,4,328.27,1313.08
1453,2025-08-20,474,180,5,179.99,899.95
1453,2025-08-20,474,361,3,365.74,1097.22
1453,2025-08-20,474,2,5,287.98,1439.90
1454,2025-01-09,509,249,4,492.22,1968.88
1454,2025-01-09,509,100,5,220.87,1104.35
1454,2025-01-09,509,17,3,221.62,664.86
1455,2025-12-19,814,431,3,141.89,425.67
1456,2025-01-03,499,410,1,400.18,400.18
1456,2025-01-03,499,195,3,494.68,1484.04
1456,2025-01-03,499,370,4,285.74,1142.96
1457,2024-12-26,299,46,5,392.38,1961.90
1458,2025-04-20,476,151,3,496.87,1490.61
1458,2025-04-20,476,105,5,58.1,290.5
1459,2025-08-12,648,167,1,224.17,224.17
1459,2025-08-12,648,86,3,444.15,1332.45
1460,2025-05-20,433,212,1,122.95,122.95
1461,2025-05-31,993,338,1,243.62,243.62
1462,2025-02-26,990,208,3,438.21,1314.63
1462,2025-02-26,990,381,2,313.66,627.32
1463,2025-08-31,143,39,5,154.19,770.95
1464,2025-08-26,171,316,3,285.22,855.66
1464,2025-08-26,171,98,2,14.53,29.06
1465,2025-02-20,890,500,1,455.95,455.95
1465,2025-02-20,890,55,5,471.21,2356.05
1465,2025-02-20,890,409,2,31.26,62.52
1466,2025-02-03,487,299,5,383.39,1916.95
1466,2025-02-03,487,285,5,447.68,2238.40
1467,2025-05-13,504,103,5,239.95,1199.75
1467,2025-05-13,504,70,3,24.04,72.12
1467,2025-05-13,504,52,3,420.33,1260.99
1468,2025-08-09,757,183,3,448.54,1345.62
1468,2025-08-09,757,77,1,270.23,270.23
1469,2025-03-08,634,174,5,314.06,1570.30
1470,2025-01-04,149,447,4,376.57,1506.28
1470,2025-01-04,149,105,5,58.1,290.5
1470,2025-01-04,149,102,3,468.5,1405.5
1471,2025-08-12,527,263,3,157.37,472.11
1471,2025-08-12,527,197,3,195.32,585.96
1472,2025-10-10,336,152,2,39.12,78.24
1472,2025-10-10,336,36,3,12.2,36.6
1472,2025-10-10,336,35,3,246.38,739.14
1473,2025-03-27,239,438,2,161.16,322.32
1474,2025-07-29,708,180,3,179.99,539.97
1475,2025-01-27,831,407,2,325.42,650.84
1475,2025-01-27,831,172,1,250.68,250.68
1475,2025-01-27,831,175,4,471.13,1884.52
1476,2025-06-01,291,436,5,472.16,2360.80
1476,2025-06-01,291,326,4,211.81,847.24
1476,2025-06-01,291,375,5,445.17,2225.85
1477,2025-03-13,690,183,5,448.54,2242.70
1478,2025-06-18,128,67,3,301.26,903.78
1478,2025-06-18,128,232,2,59.52,119.04
1478,2025-06-18,128,237,4,242.96,971.84
1479,2025-08-13,538,353,5,272.7,1363.5
1480,2025-08-28,138,411,3,147.7,443.1
1480,2025-08-28,138,346,3,30.32,90.96
1481,2025-01-18,593,383,1,259.72,259.72
1482,2025-10-01,509,164,5,310.9,1554.5
1482,2025-10-01,509,162,4,147.2,588.8
1483,2025-04-18,664,305,3,70.29,210.87
1484,2025-03-21,900,412,5,407.79,2038.95
1484,2025-03-21,900,16,4,241.42,965.68
1484,2025-03-21,900,175,2,471.13,942.26
1485,2025-06-26,335,87,4,480.44,1921.76
1486,2025-09-23,221,331,5,321.18,1605.90
1486,2025-09-23,221,22,4,420.77,1683.08
1486,2025-09-23,221,151,4,496.87,1987.48
1487,2025-03-22,741,253,3,358.42,1075.26
1487,2025-03-22,741,159,5,372.6,1863.0
1488,2025-08-25,977,397,1,160.06,160.06
1489,2025-08-16,358,116,3,496.51,1489.53
1490,2025-04-29,818,364,2,84.82,169.64
1490,2025-04-29,818,2,5,287.98,1439.90
1491,2025-02-04,495,183,2,448.54,897.08
1491,2025-02-04,495,284,4,165.79,663.16
1491,2025-02-04,495,223,2,77.6,155.2
1492,2025-11-26,32,202,4,141.74,566.96
1492,2025-11-26,32,98,1,14.53,14.53
1492,2025-11-26,32,458,5,257.33,1286.65
1493,2025-03-31,602,40,1,296.1,296.1
1493,2025-03-31,602,383,2,259.72,519.44
1493,2025-03-31,602,479,5,301.68,1508.40
1494,2025-03-26,315,490,3,476.01,1428.03
1494,2025-03-26,315,371,4,51.41,205.64
1495,2025-04-08,467,277,1,328.27,328.27
1496,2025-11-05,189,168,2,347.07,694.14
1497,2025-04-07,386,434,5,21.02,105.10
1497,2025-04-07,386,66,2,211.47,422.94
1498,2025-01-08,265,4,4,472.3,1889.2
1499,2025-11-19,371,323,4,299.85,1199.40
1499,2025-11-19,371,473,1,341.31,341.31
1499,2025-11-19,371,254,1,463.64,463.64
1500,2025-01-05,187,396,3,56.06,168.18
1500,2025-01-05,187,73,3,25.92,77.76
1501,2025-04-16,56,391,4,325.16,1300.64
1502,2025-09-02,25,47,2,447.66,895.32
1503,2025-03-12,248,38,3,447.83,1343.49
1503,2025-03-12,248,449,2,119.8,239.6
1503,2025-03-12,248,483,1,192.76,192.76
1504,2025-07-13,297,423,5,410.7,2053.5
1505,2025-11-10,68,350,1,30.8,30.8
1505,2025-11-10,68,261,3,184.06,552.18
1506,2025-11-29,150,414,3,307.45,922.35
1507,2025-05-23,373,176,1,288.86,288.86
1507,2025-05-23,373,281,1,115.36,115.36
1507,2025-05-23,373,275,3,25.24,75.72
1508,2025-06-12,661,451,5,117.67,588.35
1508,2025-06-12,661,94,1,295.93,295.93
1509,2025-03-21,747,84,4,404.22,1616.88
1509,2025-03-21,747,220,4,26.81,107.24
1509,2025-03-21,747,387,4,280.52,1122.08
1510,2025-08-08,687,382,1,240.39,240.39
1510,2025-08-08,687,281,5,115.36,576.80
1510,2025-08-08,687,462,4,412.76,1651.04
1511,2025-07-27,503,240,5,102.23,511.15
1511,2025-07-27,503,431,3,141.89,425.67
1512,2025-08-23,595,317,1,37.27,37.27
1512,2025-08-23,595,456,1,452.55,452.55
1512,2025-08-23,595,330,1,217.0,217.0
1513,2025-02-28,894,357,4,147.52,590.08
1513,2025-02-28,894,341,4,51.61,206.44
1514,2025-12-13,634,337,2,206.67,413.34
1515,2025-05-09,981,206,2,270.77,541.54
1515,2025-05-09,981,307,1,228.49,228.49
1516,2025-05-08,909,479,1,301.68,301.68
1516,2025-05-08,909,127,5,428.76,2143.80
1516,2025-05-08,909,154,1,434.3,434.3
1517,2025-05-29,867,63,5,364.98,1824.90
1517,2025-05-29,867,410,3,400.18,1200.54
1518,2025-06-08,154,8,5,316.53,1582.65
1518,2025-06-08,154,87,2,480.44,960.88
1519,2025-12-10,282,274,4,56.74,226.96
1519,2025-12-10,282,271,5,185.88,929.40
1520,2025-06-10,224,450,2,101.99,203.98
1520,2025-06-10,224,390,4,40.96,163.84
1520,2025-06-10,224,483,2,192.76,385.52
1521,2025-01-22,428,455,4,276.92,1107.68
1521,2025-01-22,428,86,4,444.15,1776.60
1521,2025-01-22,428,73,3,25.92,77.76
1522,2025-05-26,418,439,5,18.16,90.80
1522,2025-05-26,418,178,1,65.82,65.82
1523,2025-05-05,97,210,2,318.91,637.82
1523,2025-05-05,97,282,5,332.62,1663.10
1524,2025-04-04,784,381,4,313.66,1254.64
1524,2025-04-04,784,367,4,394.98,1579.92
1524,2025-04-04,784,296,2,215.06,430.12
1525,2025-08-28,113,80,1,293.7,293.7
1525,2025-08-28,113,74,1,352.49,352.49
1526,2025-03-06,460,284,5,165.79,828.95
1527,2025-02-16,242,148,5,445.16,2225.80
1528,2025-10-04,321,388,4,317.72,1270.88
1528,2025-10-04,321,159,5,372.6,1863.0
1528,2025-10-04,321,324,4,113.76,455.04
1529,2025-03-26,41,163,3,186.78,560.34
1529,2025-03-26,41,224,5,321.92,1609.60
1529,2025-03-26,41,435,1,122.68,122.68
1530,2025-06-18,997,36,4,12.2,48.8
1530,2025-06-18,997,257,2,265.71,531.42
1530,2025-06-18,997,61,1,351.5,351.5
1531,2025-02-04,385,227,4,94.86,379.44
1531,2025-02-04,385,328,2,50.89,101.78
1531,2025-02-04,385,2,4,287.98,1151.92
1532,2025-10-31,598,488,2,209.37,418.74
1532,2025-10-31,598,335,5,42.9,214.5
1532,2025-10-31,598,447,2,376.57,753.14
1533,2025-08-06,936,358,2,329.56,659.12
1533,2025-08-06,936,228,5,404.8,2024.0
1533,2025-08-06,936,415,4,477.17,1908.68
1534,2025-03-11,349,498,4,374.05,1496.20
1535,2025-04-17,381,251,1,152.34,152.34
1535,2025-04-17,381,15,3,182.7,548.1
1536,2025-08-25,44,307,4,228.49,913.96
1536,2025-08-25,44,226,2,285.54,571.08
1537,2025-01-09,120,26,3,376.51,1129.53
1537,2025-01-09,120,170,4,40.78,163.12
1537,2025-01-09,120,247,1,154.79,154.79
1538,2025-10-23,275,361,4,365.74,1462.96
1538,2025-10-23,275,62,1,245.04,245.04
1539,2024-12-27,130,371,3,51.41,154.23
1540,2025-01-09,178,154,2,434.3,868.6
1541,2025-04-26,632,195,4,494.68,1978.72
1541,2025-04-26,632,208,2,438.21,876.42
1542,2025-08-14,360,195,5,494.68,2473.40
1542,2025-08-14,360,455,3,276.92,830.76
1543,2025-03-31,897,401,3,341.45,1024.35
1543,2025-03-31,897,1,1,80.6,80.6
1544,2025-10-03,621,267,2,281.05,562.10
1545,2025-08-26,63,257,3,265.71,797.13
1545,2025-08-26,63,412,3,407.79,1223.37
1545,2025-08-26,63,195,3,494.68,1484.04
1546,2025-05-24,503,254,4,463.64,1854.56
1547,2025-10-11,442,148,2,445.16,890.32
1547,2025-10-11,442,55,4,471.21,1884.84
1547,2025-10-11,442,236,2,469.19,938.38
1548,2025-06-03,447,301,4,274.15,1096.60
1549,2024-12-31,125,170,4,40.78,163.12
1549,2024-12-31,125,39,4,154.19,616.76
1549,2024-12-31,125,255,4,214.59,858.36
1550,2025-03-07,702,158,2,373.08,746.16
1550,2025-03-07,702,273,5,54.12,270.60
1550,2025-03-07,702,28,4,412.52,1650.08
1551,2025-09-24,318,427,4,410.44,1641.76
1551,2025-09-24,318,402,1,341.36,341.36
1552,2025-07-15,765,60,2,334.6,669.2
1552,2025-07-15,765,129,2,119.27,238.54
1553,2024-12-26,156,131,1,398.64,398.64
1554,2025-08-27,626,262,4,92.87,371.48
1555,2025-04-18,746,154,5,434.3,2171.5
1556,2025-01-06,266,122,5,459.94,2299.70
1556,2025-01-06,266,324,5,113.76,568.80
1556,2025-01-06,266,297,2,398.94,797.88
1557,2025-10-07,344,352,2,164.03,328.06
1557,2025-10-07,344,164,5,310.9,1554.5
1557,2025-10-07,344,66,4,211.47,845.88
1558,2025-03-08,269,329,5,374.27,1871.35
1559,2025-12-10,110,343,4,240.99,963.96
1559,2025-12-10,110,180,1,179.99,179.99
1559,2025-12-10,110,174,4,314.06,1256.24
1560,2025-02-25,105,136,3,341.46,1024.38
1561,2025-10-30,726,190,5,72.61,363.05
1562,2025-02-17,265,108,5,393.46,1967.30
1562,2025-02-17,265,492,4,449.67,1798.68
1562,2025-02-17,265,31,2,485.56,971.12
1563,2024-12-29,570,465,5,313.64,1568.20
1564,2025-05-05,911,345,5,210.38,1051.90
1564,2025-05-05,911,375,2,445.17,890.34
1564,2025-05-05,911,466,5,477.28,2386.40
1565,2025-04-25,182,429,5,309.42,1547.10
1565,2025-04-25,182,75,2,131.43,262.86
1566,2025-06-15,458,317,5,37.27,186.35
1566,2025-06-15,458,10,3,248.75,746.25
1566,2025-06-15,458,205,1,145.68,145.68
1567,2025-05-20,488,388,5,317.72,1588.60
1568,2025-10-04,613,206,5,270.77,1353.85
1569,2025-12-06,81,456,3,452.55,1357.65
1570,2025-12-03,99,216,1,277.28,277.28
1570,2025-12-03,99,211,5,180.66,903.30
1571,2025-03-11,376,312,1,333.94,333.94
1571,2025-03-11,376,419,5,54.3,271.5
1571,2025-03-11,376,469,5,103.95,519.75
1572,2025-10-11,990,216,2,277.28,554.56
1573,2025-10-10,518,183,3,448.54,1345.62
1573,2025-10-10,518,211,3,180.66,541.98
1573,2025-10-10,518,151,1,496.87,496.87
1574,2025-08-04,950,97,1,113.42,113.42
1575,2025-12-23,584,366,1,223.44,223.44
1575,2025-12-23,584,318,1,12.28,12.28
1575,2025-12-23,584,330,4,217.0,868.0
1576,2025-11-20,798,68,5,57.36,286.80
1576,2025-11-20,798,472,1,46.16,46.16
1576,2025-11-20,798,299,1,383.39,383.39
1577,2025-07-11,256,143,3,472.35,1417.05
1577,2025-07-11,256,20,2,478.78,957.56
1577,2025-07-11,256,171,3,350.16,1050.48
1578,2025-11-20,496,289,1,150.72,150.72
1579,2024-12-28,310,53,3,485.1,1455.3
1580,2025-03-30,427,453,2,236.71,473.42
1580,2025-03-30,427,405,4,16.73,66.92
1581,2025-01-26,617,230,5,476.52,2382.60
1581,2025-01-26,617,2,1,287.98,287.98
1582,2025-12-01,608,488,2,209.37,418.74
1582,2025-12-01,608,470,1,232.51,232.51
1582,2025-12-01,608,221,1,109.17,109.17
1583,2025-03-13,708,322,2,417.63,835.26
1583,2025-03-13,708,64,1,491.55,491.55
1584,2025-04-24,430,306,4,390.91,1563.64
1584,2025-04-24,430,47,1,447.66,447.66
1584,2025-04-24,430,140,1,187.49,187.49
1585,2025-09-21,868,250,5,202.45,1012.25
1585,2025-09-21,868,473,1,341.31,341.31
1586,2025-08-23,216,123,2,165.07,330.14
1587,2025-02-28,850,353,3,272.7,818.1
1588,2025-07-31,174,426,3,82.52,247.56
1589,2025-03-29,685,405,4,16.73,66.92
1590,2025-01-17,500,416,1,70.38,70.38
1591,2025-06-03,126,414,5,307.45,1537.25
1591,2025-06-03,126,21,1,141.16,141.16
1592,2025-02-17,102,109,3,97.7,293.1
1592,2025-02-17,102,39,5,154.19,770.95
1592,2025-02-17,102,457,5,320.53,1602.65
1593,2025-12-04,380,355,5,208.41,1042.05
1593,2025-12-04,380,105,5,58.1,290.5
1593,2025-12-04,380,94,3,295.93,887.79
1594,2025-03-03,941,333,1,312.24,312.24
1594,2025-03-03,941,261,2,184.06,368.12
1595,2025-09-05,806,173,1,461.96,461.96
1595,2025-09-05,806,153,4,210.94,843.76
1596,2025-07-07,560,162,4,147.2,588.8
1596,2025-07-07,560,278,5,205.91,1029.55
1596,2025-07-07,560,472,2,46.16,92.32
1597,2025-12-25,538,62,1,245.04,245.04
1597,2025-12-25,538,28,3,412.52,1237.56
1597,2025-12-25,538,494,1,429.76,429.76
1598,2025-01-13,218,298,1,204.65,204.65
1598,2025-01-13,218,451,1,117.67,117.67
1598,2025-01-13,218,105,1,58.1,58.1
1599,2025-01-05,248,66,2,211.47,422.94
1600,2025-04-04,852,474,3,33.57,100.71
1601,2025-05-19,198,234,3,6.55,19.65
1602,2025-10-15,407,214,5,298.33,1491.65
1602,2025-10-15,407,118,4,116.6,466.4
1603,2025-11-12,411,191,1,246.88,246.88
1603,2025-11-12,411,55,4,471.21,1884.84
1604,2025-07-25,62,291,2,346.84,693.68
1604,2025-07-25,62,45,3,250.68,752.04
1605,2025-08-28,86,359,4,275.01,1100.04
1605,2025-08-28,86,10,2,248.75,497.50
1606,2025-06-22,178,413,2,496.98,993.96
1606,2025-06-22,178,459,5,223.31,1116.55
1607,2025-11-26,441,360,4,483.09,1932.36
1607,2025-11-26,441,121,5,492.6,2463.0
1608,2025-05-04,870,397,3,160.06,480.18
1608,2025-05-04,870,486,4,176.54,706.16
1609,2025-10-22,802,431,5,141.89,709.45
1609,2025-10-22,802,236,4,469.19,1876.76
1609,2025-10-22,802,452,1,46.98,46.98
1610,2025-04-10,317,128,5,229.59,1147.95
1610,2025-04-10,317,331,1,321.18,321.18
1610,2025-04-10,317,149,3,57.41,172.23
1611,2025-02-05,4,170,5,40.78,203.90
1612,2025-07-13,226,446,5,60.56,302.80
1612,2025-07-13,226,481,1,163.42,163.42
1613,2025-06-19,295,466,4,477.28,1909.12
1614,2025-09-12,382,196,5,305.3,1526.5
1614,2025-09-12,382,272,3,352.7,1058.1
1614,2025-09-12,382,118,3,116.6,349.8
1615,2025-07-24,114,278,1,205.91,205.91
1615,2025-07-24,114,331,3,321.18,963.54
1615,2025-07-24,114,160,2,241.99,483.98
1616,2025-05-17,950,136,4,341.46,1365.84
1616,2025-05-17,950,169,5,460.43,2302.15
1617,2025-08-26,918,93,5,101.41,507.05
1617,2025-08-26,918,240,4,102.23,408.92
1618,2025-08-19,289,129,1,119.27,119.27
1619,2025-06-28,612,412,5,407.79,2038.95
1619,2025-06-28,612,195,2,494.68,989.36
1620,2025-12-05,383,442,5,155.41,777.05
1621,2025-03-12,714,148,2,445.16,890.32
1622,2025-09-26,338,293,1,131.93,131.93
1622,2025-09-26,338,308,5,241.52,1207.60
1623,2025-12-16,998,229,3,296.73,890.19
1623,2025-12-16,998,109,2,97.7,195.4
1624,2025-03-03,357,420,1,72.09,72.09
1624,2025-03-03,357,421,1,320.48,320.48
1624,2025-03-03,357,242,1,35.44,35.44
1625,2025-11-07,894,304,3,276.08,828.24
1626,2025-03-30,205,286,3,46.15,138.45
1627,2025-02-02,814,280,5,13.76,68.80
1627,2025-02-02,814,44,2,439.63,879.26
1627,2025-02-02,814,106,4,180.08,720.32
1628,2025-01-27,56,6,2,388.76,777.52
1629,2025-08-24,833,451,5,117.67,588.35
1629,2025-08-24,833,307,3,228.49,685.47
1629,2025-08-24,833,40,1,296.1,296.1
1630,2025-02-13,999,222,2,80.58,161.16
1630,2025-02-13,999,203,3,98.55,295.65
1630,2025-02-13,999,323,1,299.85,299.85
1631,2025-11-21,761,128,5,229.59,1147.95
1631,2025-11-21,761,476,2,131.18,262.36
1632,2025-04-14,141,57,5,103.12,515.60
1633,2025-08-06,862,199,1,286.28,286.28
1634,2025-05-29,18,73,3,25.92,77.76
1634,2025-05-29,18,231,1,241.46,241.46
1634,2025-05-29,18,183,2,448.54,897.08
1635,2025-04-14,593,396,1,56.06,56.06
1635,2025-04-14,593,87,4,480.44,1921.76
1636,2025-03-04,66,461,1,224.53,224.53
1636,2025-03-04,66,415,1,477.17,477.17
1636,2025-03-04,66,120,3,458.95,1376.85
1637,2025-07-28,633,348,2,231.55,463.10
1638,2025-11-25,176,60,2,334.6,669.2
1638,2025-11-25,176,37,4,37.4,149.6
1638,2025-11-25,176,310,4,151.31,605.24
1639,2025-11-22,114,260,3,39.69,119.07
1640,2025-06-01,715,302,1,462.51,462.51
1640,2025-06-01,715,362,2,299.76,599.52
1641,2025-11-12,468,301,3,274.15,822.45
1641,2025-11-12,468,192,2,319.33,638.66
1641,2025-11-12,468,461,2,224.53,449.06
1642,2025-08-27,875,128,4,229.59,918.36
1642,2025-08-27,875,357,4,147.52,590.08
1643,2025-10-14,905,266,1,468.09,468.09
1644,2025-01-20,554,305,1,70.29,70.29
1645,2025-09-20,168,359,3,275.01,825.03
1645,2025-09-20,168,133,1,261.96,261.96
1646,2025-05-06,312,487,5,79.74,398.70
1647,2025-07-19,416,468,3,253.58,760.74
1648,2025-07-23,619,42,2,39.02,78.04
1648,2025-07-23,619,155,3,407.98,1223.94
1648,2025-07-23,619,85,5,321.65,1608.25
1649,2025-06-10,264,332,3,258.46,775.38
1650,2025-02-25,186,74,5,352.49,1762.45
1650,2025-02-25,186,262,2,92.87,185.74
1650,2025-02-25,186,468,4,253.58,1014.32
1651,2025-04-30,323,73,3,25.92,77.76
1651,2025-04-30,323,303,2,489.27,978.54
1651,2025-04-30,323,119,3,244.81,734.43
1652,2025-08-02,902,61,2,351.5,703.0
1652,2025-08-02,902,292,1,242.18,242.18
1653,2025-01-05,994,184,1,72.35,72.35
1653,2025-01-05,994,438,3,161.16,483.48
1653,2025-01-05,994,217,3,110.51,331.53
1654,2025-04-22,721,435,3,122.68,368.04
1655,2025-11-03,68,407,1,325.42,325.42
1655,2025-11-03,68,37,4,37.4,149.6
1656,2025-02-06,853,295,2,130.26,260.52
1657,2025-09-27,318,152,5,39.12,195.60
1658,2025-11-30,81,337,3,206.67,620.01
1659,2025-03-19,706,251,3,152.34,457.02
1659,2025-03-19,706,492,3,449.67,1349.01
1660,2025-07-19,952,389,1,74.31,74.31
1660,2025-07-19,952,9,3,217.36,652.08
1660,2025-07-19,952,84,5,404.22,2021.10
1661,2025-03-01,795,130,4,252.98,1011.92
1661,2025-03-01,795,116,1,496.51,496.51
1662,2025-11-14,509,440,4,475.31,1901.24
1663,2025-03-08,637,295,4,130.26,521.04
1663,2025-03-08,637,354,3,78.8,236.4
1663,2025-03-08,637,465,2,313.64,627.28
1664,2025-01-30,361,160,2,241.99,483.98
1664,2025-01-30,361,45,4,250.68,1002.72
1665,2025-08-15,685,474,2,33.57,67.14
1665,2025-08-15,685,212,1,122.95,122.95
1665,2025-08-15,685,169,5,460.43,2302.15
1666,2025-01-18,789,183,4,448.54,1794.16
1666,2025-01-18,789,325,3,281.87,845.61
1667,2025-04-30,473,283,1,384.65,384.65
1667,2025-04-30,473,214,5,298.33,1491.65
1668,2025-11-27,872,330,2,217.0,434.0
1669,2025-03-29,526,34,5,401.45,2007.25
1669,2025-03-29,526,240,1,102.23,102.23
1669,2025-03-29,526,427,5,410.44,2052.20
1670,2025-08-21,533,165,2,78.9,157.8
1670,2025-08-21,533,6,1,388.76,388.76
1670,2025-08-21,533,223,5,77.6,388.0
1671,2025-08-08,444,157,5,33.43,167.15
1671,2025-08-08,444,496,3,159.99,479.97
1671,2025-08-08,444,103,5,239.95,1199.75
1672,2025-06-27,678,50,5,166.56,832.80
1672,2025-06-27,678,153,5,210.94,1054.70
1673,2025-08-29,563,165,5,78.9,394.5
1673,2025-08-29,563,329,3,374.27,1122.81
1674,2025-03-31,943,346,4,30.32,121.28
1675,2025-04-05,295,182,2,496.05,992.10
1675,2025-04-05,295,14,1,40.36,40.36
1675,2025-04-05,295,364,1,84.82,84.82
1676,2025-03-16,606,441,1,34.49,34.49
1676,2025-03-16,606,283,2,384.65,769.30
1677,2025-03-27,265,450,1,101.99,101.99
1678,2025-09-27,427,60,5,334.6,1673.0
1678,2025-09-27,427,488,2,209.37,418.74
1679,2025-10-19,908,44,1,439.63,439.63
1679,2025-10-19,908,412,4,407.79,1631.16
1680,2025-08-01,985,86,2,444.15,888.30
1680,2025-08-01,985,201,3,437.71,1313.13
1681,2025-03-02,225,40,2,296.1,592.2
1681,2025-03-02,225,63,2,364.98,729.96
1682,2025-09-20,511,300,5,119.77,598.85
1682,2025-09-20,511,240,1,102.23,102.23
1682,2025-09-20,511,12,3,100.62,301.86
1683,2025-02-28,957,304,1,276.08,276.08
1683,2025-02-28,957,53,1,485.1,485.1
1684,2025-08-15,450,170,5,40.78,203.90
1685,2025-07-08,684,213,3,312.66,937.98
1686,2025-07-15,971,392,1,141.55,141.55
1686,2025-07-15,971,218,5,137.61,688.05
1687,2025-10-04,240,21,2,141.16,282.32
1688,2025-01-03,489,388,2,317.72,635.44
1688,2025-01-03,489,440,3,475.31,1425.93
1688,2025-01-03,489,496,3,159.99,479.97
1689,2025-07-19,265,247,2,154.79,309.58
1689,2025-07-19,265,488,1,209.37,209.37
1690,2025-12-02,290,3,3,498.69,1496.07
1690,2025-12-02,290,179,1,153.54,153.54
1690,2025-12-02,290,88,4,222.45,889.80
1691,2025-06-17,37,276,4,258.44,1033.76
1691,2025-06-17,37,456,3,452.55,1357.65
1691,2025-06-17,37,143,4,472.35,1889.40
1692,2025-10-06,79,440,2,475.31,950.62
1692,2025-10-06,79,213,4,312.66,1250.64
1692,2025-10-06,79,390,5,40.96,204.80
1693,2025-12-07,280,139,5,339.12,1695.60
1694,2025-07-08,172,483,3,192.76,578.28
1695,2025-10-16,253,74,3,352.49,1057.47
1695,2025-10-16,253,34,3,401.45,1204.35
1696,2025-03-06,639,482,2,296.53,593.06
1697,2025-08-03,585,316,2,285.22,570.44
1697,2025-08-03,585,211,1,180.66,180.66
1698,2025-02-14,800,459,4,223.31,893.24
1698,2025-02-14,800,23,3,412.11,1236.33
1698,2025-02-14,800,321,4,75.56,302.24
1699,2025-06-25,608,411,3,147.7,443.1
1700,2025-01-12,614,248,3,45.08,135.24
1701,2025-05-26,303,68,1,57.36,57.36
1702,2025-01-04,850,335,2,42.9,85.8
1702,2025-01-04,850,268,1,164.18,164.18
1702,2025-01-04,850,74,2,352.49,704.98
1703,2025-11-13,582,201,4,437.71,1750.84
1703,2025-11-13,582,297,5,398.94,1994.70
1704,2025-11-05,982,311,3,289.44,868.32
1704,2025-11-05,982,208,2,438.21,876.42
1705,2025-06-22,199,445,5,485.73,2428.65
1705,2025-06-22,199,464,4,267.75,1071.00
1706,2025-07-17,436,344,5,177.16,885.80
1706,2025-07-17,436,413,5,496.98,2484.90
1706,2025-07-17,436,97,2,113.42,226.84
1707,2025-02-24,899,114,4,136.66,546.64
1708,2025-05-15,54,280,2,13.76,27.52
1708,2025-05-15,54,347,3,138.42,415.26
1709,2025-09-19,221,188,3,443.19,1329.57
1709,2025-09-19,221,61,4,351.5,1406.0
1709,2025-09-19,221,435,4,122.68,490.72
1710,2025-04-17,812,64,5,491.55,2457.75
1710,2025-04-17,812,221,2,109.17,218.34
1710,2025-04-17,812,488,3,209.37,628.11
1711,2025-08-14,474,149,2,57.41,114.82
1711,2025-08-14,474,411,4,147.7,590.8
1711,2025-08-14,474,421,3,320.48,961.44
1712,2025-04-08,226,383,2,259.72,519.44
1712,2025-04-08,226,130,5,252.98,1264.90
1713,2025-08-14,291,327,2,499.91,999.82
1714,2025-04-10,992,14,2,40.36,80.72
1714,2025-04-10,992,246,5,426.74,2133.70
1714,2025-04-10,992,454,2,64.77,129.54
1715,2025-09-21,875,14,2,40.36,80.72
1715,2025-09-21,875,107,1,167.97,167.97
1716,2025-05-24,690,362,2,299.76,599.52
1716,2025-05-24,690,460,5,313.84,1569.20
1717,2025-12-05,343,327,3,499.91,1499.73
1718,2025-01-19,995,355,5,208.41,1042.05
1718,2025-01-19,995,322,4,417.63,1670.52
1719,2025-05-17,804,193,5,250.13,1250.65
1719,2025-05-17,804,246,4,426.74,1706.96
1719,2025-05-17,804,60,5,334.6,1673.0
1720,2025-03-09,111,102,5,468.5,2342.5
1720,2025-03-09,111,107,4,167.97,671.88
1720,2025-03-09,111,156,2,182.35,364.70
1721,2025-10-19,80,444,5,231.57,1157.85
1722,2025-05-28,312,195,2,494.68,989.36
1722,2025-05-28,312,205,3,145.68,437.04
1722,2025-05-28,312,148,2,445.16,890.32
1723,2025-07-07,310,497,2,482.27,964.54
1723,2025-07-07,310,164,4,310.9,1243.6
1723,2025-07-07,310,204,3,296.2,888.6
1724,2025-10-04,175,39,2,154.19,308.38
1724,2025-10-04,175,197,3,195.32,585.96
1724,2025-10-04,175,468,5,253.58,1267.90
1725,2025-05-16,696,87,1,480.44,480.44
1726,2025-08-12,806,233,1,230.37,230.37
1727,2025-11-01,382,413,2,496.98,993.96
1728,2025-11-10,723,417,2,148.93,297.86
1728,2025-11-10,723,470,2,232.51,465.02
1729,2025-11-12,863,271,2,185.88,371.76
1729,2025-11-12,863,344,2,177.16,354.32
1729,2025-11-12,863,329,1,374.27,374.27
1730,2025-07-25,374,20,4,478.78,1915.12
1731,2025-02-28,308,313,3,151.33,453.99
1731,2025-02-28,308,343,4,240.99,963.96
1732,2025-06-10,586,380,2,276.01,552.02
1732,2025-06-10,586,248,4,45.08,180.32
1733,2025-12-02,71,265,4,86.31,345.24
1733,2025-12-02,71,495,3,295.22,885.66
1734,2025-08-01,1,336,2,381.71,763.42
1735,2025-06-27,930,238,4,472.08,1888.32
1735,2025-06-27,930,459,4,223.31,893.24
1735,2025-06-27,930,403,3,215.58,646.74
1736,2025-12-22,560,496,4,159.99,639.96
1736,2025-12-22,560,465,3,313.64,940.92
1736,2025-12-22,560,231,5,241.46,1207.30
1737,2025-08-02,367,320,3,322.83,968.49
1738,2024-12-30,628,313,2,151.33,302.66
1738,2024-12-30,628,412,4,407.79,1631.16
1738,2024-12-30,628,145,4,20.33,81.32
1739,2025-04-15,75,105,4,58.1,232.4
1739,2025-04-15,75,142,2,240.49,480.98
1740,2025-11-19,72,183,2,448.54,897.08
1741,2025-06-10,866,15,5,182.7,913.5
1741,2025-06-10,866,108,3,393.46,1180.38
1741,2025-06-10,866,407,4,325.42,1301.68
1742,2025-05-10,352,199,3,286.28,858.84
1743,2025-11-13,781,406,4,438.28,1753.12
1743,2025-11-13,781,245,2,258.08,516.16
1743,2025-11-13,781,75,1,131.43,131.43
1744,2025-10-09,575,179,3,153.54,460.62
1744,2025-10-09,575,266,2,468.09,936.18
1744,2025-10-09,575,197,1,195.32,195.32
1745,2025-12-11,598,490,1,476.01,476.01
1745,2025-12-11,598,410,4,400.18,1600.72
1746,2025-01-10,343,71,3,268.41,805.23
1746,2025-01-10,343,158,5,373.08,1865.40
1746,2025-01-10,343,431,4,141.89,567.56
1747,2025-08-06,344,343,1,240.99,240.99
1748,2025-04-28,82,228,3,404.8,1214.4
1749,2025-11-12,120,62,5,245.04,1225.20
1750,2025-10-13,693,66,2,211.47,422.94
1750,2025-10-13,693,85,3,321.65,964.95
1751,2025-11-25,58,244,5,478.82,2394.10
1752,2025-11-20,455,47,5,447.66,2238.30
1752,2025-11-20,455,284,4,165.79,663.16
1753,2025-07-09,228,31,5,485.56,2427.80
1753,2025-07-09,228,304,5,276.08,1380.40
1754,2025-11-08,652,401,4,341.45,1365.80
1754,2025-11-08,652,349,2,173.73,347.46
1754,2025-11-08,652,301,1,274.15,274.15
1755,2025-12-09,533,24,1,330.39,330.39
1756,2025-02-23,631,37,2,37.4,74.8
1756,2025-02-23,631,359,2,275.01,550.02
1756,2025-02-23,631,177,1,184.9,184.9
1757,2025-04-08,296,249,2,492.22,984.44
1757,2025-04-08,296,345,1,210.38,210.38
1757,2025-04-08,296,76,2,445.17,890.34
1758,2025-04-01,157,156,2,182.35,364.70
1759,2025-07-12,38,115,5,365.14,1825.70
1759,2025-07-12,38,134,5,284.82,1424.10
1759,2025-07-12,38,397,3,160.06,480.18
1760,2025-06-17,830,231,5,241.46,1207.30
1760,2025-06-17,830,124,4,225.92,903.68
1761,2025-04-14,130,382,1,240.39,240.39
1761,2025-04-14,130,60,2,334.6,669.2
1762,2025-05-16,356,285,4,447.68,1790.72
1762,2025-05-16,356,116,3,496.51,1489.53
1763,2025-02-18,919,30,5,152.14,760.70
1763,2025-02-18,919,432,1,117.54,117.54
1764,2025-01-17,914,221,1,109.17,109.17
1765,2025-01-01,806,63,2,364.98,729.96
1766,2025-02-14,576,95,1,394.98,394.98
1766,2025-02-14,576,454,2,64.77,129.54
1767,2025-07-26,598,326,3,211.81,635.43
1767,2025-07-26,598,277,4,328.27,1313.08
1767,2025-07-26,598,415,4,477.17,1908.68
1768,2025-12-04,181,17,3,221.62,664.86
1769,2025-10-14,9,226,4,285.54,1142.16
1769,2025-10-14,9,32,2,342.29,684.58
1770,2025-12-20,463,146,2,92.21,184.42
1770,2025-12-20,463,53,5,485.1,2425.5
1770,2025-12-20,463,75,1,131.43,131.43
1771,2025-06-10,89,74,3,352.49,1057.47
1772,2025-06-17,995,423,1,410.7,410.7
1772,2025-06-17,995,275,5,25.24,126.20
1772,2025-06-17,995,463,2,144.91,289.82
1773,2025-03-26,658,248,4,45.08,180.32
1773,2025-03-26,658,465,2,313.64,627.28
1773,2025-03-26,658,366,3,223.44,670.32
1774,2025-07-10,113,329,5,374.27,1871.35
1774,2025-07-10,113,496,5,159.99,799.95
1774,2025-07-10,113,477,4,442.21,1768.84
1775,2025-01-02,241,102,4,468.5,1874.0
1775,2025-01-02,241,426,2,82.52,165.04
1776,2025-03-09,544,327,4,499.91,1999.64
1776,2025-03-09,544,314,1,239.74,239.74
1776,2025-03-09,544,309,4,50.9,203.6
1777,2025-02-23,81,247,3,154.79,464.37
1778,2025-11-14,585,90,1,414.87,414.87
1779,2025-06-02,61,73,5,25.92,129.60
1779,2025-06-02,61,474,5,33.57,167.85
1780,2025-05-25,334,467,1,363.53,363.53
1780,2025-05-25,334,46,3,392.38,1177.14
1780,2025-05-25,334,464,4,267.75,1071.00
1781,2024-12-26,906,88,5,222.45,1112.25
1781,2024-12-26,906,152,3,39.12,117.36
1782,2025-02-11,161,452,2,46.98,93.96
1782,2025-02-11,161,301,3,274.15,822.45
1783,2025-10-29,518,385,5,391.11,1955.55
1784,2025-01-05,267,277,1,328.27,328.27
1784,2025-01-05,267,381,1,313.66,313.66
1785,2024-12-27,469,438,5,161.16,805.80
1785,2024-12-27,469,15,5,182.7,913.5
1785,2024-12-27,469,364,3,84.82,254.46
1786,2025-01-30,277,216,4,277.28,1109.12
1786,2025-01-30,277,436,1,472.16,472.16
1786,2025-01-30,277,309,2,50.9,101.8
1787,2025-06-09,487,100,1,220.87,220.87
1787,2025-06-09,487,223,2,77.6,155.2
1788,2025-05-06,389,188,3,443.19,1329.57
1788,2025-05-06,389,402,3,341.36,1024.08
1788,2025-05-06,389,385,5,391.11,1955.55
1789,2025-07-10,623,266,2,468.09,936.18
1790,2025-08-19,280,260,1,39.69,39.69
1790,2025-08-19,280,425,2,165.2,330.4
1790,2025-08-19,280,172,3,250.68,752.04
1791,2025-04-28,383,411,1,147.7,147.7
1791,2025-04-28,383,61,1,351.5,351.5
1792,2025-02-11,662,402,2,341.36,682.72
1793,2025-07-01,461,164,3,310.9,932.7
1794,2025-08-15,619,481,5,163.42,817.10
1795,2025-07-22,157,328,2,50.89,101.78
1796,2025-06-15,297,267,3,281.05,843.15
1797,2025-05-05,962,342,2,478.74,957.48
1798,2025-06-26,718,364,3,84.82,254.46
1798,2025-06-26,718,410,3,400.18,1200.54
1798,2025-06-26,718,67,5,301.26,1506.30
1799,2025-10-07,151,256,5,127.97,639.85
1799,2025-10-07,151,351,3,87.53,262.59
1799,2025-10-07,151,48,1,228.85,228.85
1800,2025-12-04,788,479,1,301.68,301.68
1800,2025-12-04,788,100,2,220.87,441.74
1801,2025-06-04,140,255,2,214.59,429.18
1802,2025-10-27,194,133,2,261.96,523.92
1803,2025-01-02,888,177,3,184.9,554.7
1803,2025-01-02,888,352,4,164.03,656.12
1804,2025-04-01,705,376,1,167.79,167.79
1804,2025-04-01,705,304,4,276.08,1104.32
1805,2025-09-03,996,454,3,64.77,194.31
1805,2025-09-03,996,496,5,159.99,799.95
1805,2025-09-03,996,179,2,153.54,307.08
1806,2025-06-21,555,449,1,119.8,119.8
1806,2025-06-21,555,4,3,472.3,1416.9
1806,2025-06-21,555,270,1,396.51,396.51
1807,2025-05-20,332,294,5,41.14,205.70
1808,2025-04-03,734,200,3,275.47,826.41
1808,2025-04-03,734,363,4,154.83,619.32
1808,2025-04-03,734,56,4,278.79,1115.16
1809,2025-09-20,85,46,4,392.38,1569.52
1810,2025-04-21,402,478,5,68.54,342.70
1810,2025-04-21,402,243,4,457.3,1829.2
1810,2025-04-21,402,334,5,134.61,673.05
1811,2025-10-10,760,492,4,449.67,1798.68
1811,2025-10-10,760,39,4,154.19,616.76
1811,2025-10-10,760,90,1,414.87,414.87
1812,2025-08-21,319,47,4,447.66,1790.64
1812,2025-08-21,319,236,4,469.19,1876.76
1812,2025-08-21,319,173,3,461.96,1385.88
1813,2025-03-11,737,356,2,8.39,16.78
1813,2025-03-11,737,14,5,40.36,201.80
1813,2025-03-11,737,466,4,477.28,1909.12
1814,2025-05-09,371,338,3,243.62,730.86
1815,2025-07-28,788,335,4,42.9,171.6
1815,2025-07-28,788,370,5,285.74,1428.70
1816,2025-11-09,843,67,4,301.26,1205.04
1816,2025-11-09,843,55,1,471.21,471.21
1816,2025-11-09,843,366,1,223.44,223.44
1817,2025-06-27,809,349,1,173.73,173.73
1817,2025-06-27,809,347,5,138.42,692.10
1818,2025-03-03,449,363,2,154.83,309.66
1818,2025-03-03,449,9,5,217.36,1086.80
1818,2025-03-03,449,27,3,227.57,682.71
1819,2025-12-09,392,339,5,247.5,1237.5
1819,2025-12-09,392,375,2,445.17,890.34
1819,2025-12-09,392,476,4,131.18,524.72
1820,2025-06-02,714,215,4,33.6,134.4
1820,2025-06-02,714,68,5,57.36,286.80
1821,2025-11-01,589,389,1,74.31,74.31
1822,2025-12-17,134,166,1,212.49,212.49
1822,2025-12-17,134,431,3,141.89,425.67
1822,2025-12-17,134,456,4,452.55,1810.20
1823,2025-04-26,893,490,4,476.01,1904.04
1823,2025-04-26,893,101,2,35.41,70.82
1824,2025-09-27,72,309,4,50.9,203.6
1825,2025-08-16,537,233,1,230.37,230.37
1825,2025-08-16,537,197,1,195.32,195.32
1825,2025-08-16,537,323,3,299.85,899.55
1826,2025-08-29,77,145,3,20.33,60.99
1826,2025-08-29,77,21,2,141.16,282.32
1826,2025-08-29,77,457,3,320.53,961.59
1827,2025-02-26,376,213,4,312.66,1250.64
1827,2025-02-26,376,453,4,236.71,946.84
1828,2025-08-24,805,88,5,222.45,1112.25
1828,2025-08-24,805,198,2,373.73,747.46
1828,2025-08-24,805,352,2,164.03,328.06
1829,2025-03-31,910,97,1,113.42,113.42
1830,2025-05-11,581,129,5,119.27,596.35
1830,2025-05-11,581,215,2,33.6,67.2
1830,2025-05-11,581,202,2,141.74,283.48
1831,2025-03-26,905,324,2,113.76,227.52
1831,2025-03-26,905,322,5,417.63,2088.15
1831,2025-03-26,905,306,3,390.91,1172.73
1832,2025-04-19,711,403,2,215.58,431.16
1832,2025-04-19,711,13,4,412.47,1649.88
1832,2025-04-19,711,294,4,41.14,164.56
1833,2025-02-11,781,474,4,33.57,134.28
1834,2025-11-14,748,275,1,25.24,25.24
1835,2025-09-09,340,398,4,71.83,287.32
1836,2025-07-20,899,458,3,257.33,771.99
1836,2025-07-20,899,401,5,341.45,1707.25
1836,2025-07-20,899,406,5,438.28,2191.40
1837,2025-06-22,842,11,1,149.99,149.99
1838,2025-09-13,614,438,3,161.16,483.48
1839,2025-11-21,177,110,3,443.77,1331.31
1839,2025-11-21,177,328,4,50.89,203.56
1839,2025-11-21,177,111,2,157.26,314.52
1840,2025-05-08,158,122,4,459.94,1839.76
1840,2025-05-08,158,202,4,141.74,566.96
1840,2025-05-08,158,30,5,152.14,760.70
1841,2025-12-14,90,154,3,434.3,1302.9
1842,2025-12-04,538,43,4,278.89,1115.56
1843,2025-09-11,318,481,1,163.42,163.42
1844,2025-01-13,308,342,5,478.74,2393.70
1844,2025-01-13,308,372,5,20.55,102.75
1845,2025-05-27,887,473,2,341.31,682.62
1846,2025-04-03,98,155,2,407.98,815.96
1846,2025-04-03,98,425,1,165.2,165.2
1847,2025-01-03,106,426,5,82.52,412.60
1848,2025-10-11,490,114,1,136.66,136.66
1848,2025-10-11,490,410,3,400.18,1200.54
1849,2025-04-01,823,319,4,453.23,1812.92
1849,2025-04-01,823,216,1,277.28,277.28
1850,2025-04-29,274,52,5,420.33,2101.65
1850,2025-04-29,274,7,3,359.69,1079.07
1850,2025-04-29,274,156,3,182.35,547.05
1851,2025-08-14,712,266,1,468.09,468.09
1851,2025-08-14,712,143,3,472.35,1417.05
1852,2025-02-20,937,454,5,64.77,323.85
1852,2025-02-20,937,3,2,498.69,997.38
1853,2025-02-27,521,76,3,445.17,1335.51
1854,2025-09-28,265,74,4,352.49,1409.96
1854,2025-09-28,265,229,2,296.73,593.46
1855,2025-10-03,611,162,2,147.2,294.4
1855,2025-10-03,611,61,2,351.5,703.0
1855,2025-10-03,611,449,4,119.8,479.2
1856,2025-09-03,619,113,2,304.92,609.84
1856,2025-09-03,619,279,4,204.8,819.2
1856,2025-09-03,619,490,3,476.01,1428.03
1857,2025-05-01,501,149,1,57.41,57.41
1857,2025-05-01,501,479,5,301.68,1508.40
1857,2025-05-01,501,47,4,447.66,1790.64
1858,2025-05-07,199,289,1,150.72,150.72
1859,2025-03-02,905,231,5,241.46,1207.30
1859,2025-03-02,905,364,1,84.82,84.82
1859,2025-03-02,905,137,3,272.96,818.88
1860,2025-08-22,534,268,1,164.18,164.18
1860,2025-08-22,534,108,5,393.46,1967.30
1861,2025-02-13,501,335,2,42.9,85.8
1861,2025-02-13,501,76,3,445.17,1335.51
1862,2025-08-24,405,228,3,404.8,1214.4
1862,2025-08-24,405,46,1,392.38,392.38
1863,2025-10-18,679,263,4,157.37,629.48
1863,2025-10-18,679,92,1,468.03,468.03
1864,2025-04-07,879,184,3,72.35,217.05
1865,2025-02-19,170,132,4,305.92,1223.68
1866,2025-06-26,896,178,5,65.82,329.10
1866,2025-06-26,896,108,3,393.46,1180.38
1866,2025-06-26,896,119,3,244.81,734.43
1867,2025-12-05,968,399,2,53.46,106.92
1868,2025-06-12,443,172,2,250.68,501.36
1869,2025-09-12,160,327,4,499.91,1999.64
1869,2025-09-12,160,14,3,40.36,121.08
1869,2025-09-12,160,249,1,492.22,492.22
1870,2025-08-11,617,120,4,458.95,1835.80
1870,2025-08-11,617,377,4,401.94,1607.76
1871,2025-04-06,682,287,2,291.36,582.72
1871,2025-04-06,682,356,2,8.39,16.78
1872,2025-03-23,473,184,4,72.35,289.40
1872,2025-03-23,473,263,2,157.37,314.74
1872,2025-03-23,473,197,5,195.32,976.60
1873,2025-04-06,783,229,2,296.73,593.46
1873,2025-04-06,783,291,1,346.84,346.84
1874,2025-11-13,139,261,2,184.06,368.12
1874,2025-11-13,139,220,4,26.81,107.24
1875,2025-10-12,323,466,4,477.28,1909.12
1875,2025-10-12,323,418,3,35.93,107.79
1876,2025-08-30,435,436,4,472.16,1888.64
1876,2025-08-30,435,235,5,72.25,361.25
1877,2025-09-30,300,46,1,392.38,392.38
1878,2025-03-15,18,390,2,40.96,81.92
1879,2025-04-22,6,458,4,257.33,1029.32
1879,2025-04-22,6,311,1,289.44,289.44
1880,2025-02-07,953,263,2,157.37,314.74
1880,2025-02-07,953,165,3,78.9,236.7
1881,2025-03-20,337,104,4,157.58,630.32
1882,2025-09-04,463,360,5,483.09,2415.45
1882,2025-09-04,463,95,4,394.98,1579.92
1883,2025-06-14,753,308,2,241.52,483.04
1884,2025-04-20,426,302,1,462.51,462.51
1885,2025-09-30,733,142,1,240.49,240.49
1886,2025-08-24,660,116,4,496.51,1986.04
1886,2025-08-24,660,461,4,224.53,898.12
1887,2025-05-18,986,360,2,483.09,966.18
1888,2025-08-18,819,474,2,33.57,67.14
1888,2025-08-18,819,123,1,165.07,165.07
1888,2025-08-18,819,25,2,250.93,501.86
1889,2025-06-08,863,128,3,229.59,688.77
1889,2025-06-08,863,37,3,37.4,112.2
1889,2025-06-08,863,344,3,177.16,531.48
1890,2025-09-24,497,335,1,42.9,42.9
1890,2025-09-24,497,445,4,485.73,1942.92
1891,2025-05-07,863,357,4,147.52,590.08
1891,2025-05-07,863,23,5,412.11,2060.55
1891,2025-05-07,863,315,2,398.86,797.72
1892,2025-09-07,604,475,2,118.44,236.88
1892,2025-09-07,604,281,1,115.36,115.36
1893,2025-04-05,934,179,1,153.54,153.54
1893,2025-04-05,934,17,4,221.62,886.48
1894,2025-06-15,200,71,4,268.41,1073.64
1894,2025-06-15,200,431,3,141.89,425.67
1894,2025-06-15,200,184,5,72.35,361.75
1895,2025-02-01,335,396,5,56.06,280.30
1895,2025-02-01,335,94,1,295.93,295.93
1896,2025-08-08,96,307,3,228.49,685.47
1896,2025-08-08,96,247,4,154.79,619.16
1896,2025-08-08,96,378,5,428.55,2142.75
1897,2025-03-08,130,337,4,206.67,826.68
1898,2025-12-15,213,71,2,268.41,536.82
1898,2025-12-15,213,303,3,489.27,1467.81
1898,2025-12-15,213,317,3,37.27,111.81
1899,2025-05-10,581,78,5,376.98,1884.90
1899,2025-05-10,581,261,2,184.06,368.12
1899,2025-05-10,581,266,2,468.09,936.18
1900,2025-01-30,119,275,2,25.24,50.48
1900,2025-01-30,119,462,5,412.76,2063.80
1900,2025-01-30,119,194,5,447.89,2239.45
1901,2025-01-27,269,490,2,476.01,952.02
1901,2025-01-27,269,346,1,30.32,30.32
1902,2025-01-23,879,335,3,42.9,128.7
1903,2025-11-28,453,21,5,141.16,705.80
1903,2025-11-28,453,247,1,154.79,154.79
1904,2025-07-09,305,73,5,25.92,129.60
1904,2025-07-09,305,341,2,51.61,103.22
1904,2025-07-09,305,293,3,131.93,395.79
1905,2025-01-07,869,100,3,220.87,662.61
1905,2025-01-07,869,90,5,414.87,2074.35
1906,2025-08-05,910,439,1,18.16,18.16
1906,2025-08-05,910,357,1,147.52,147.52
1907,2025-07-16,638,67,2,301.26,602.52
1908,2025-05-27,997,264,2,245.93,491.86
1908,2025-05-27,997,337,5,206.67,1033.35
1908,2025-05-27,997,125,3,265.17,795.51
1909,2025-09-27,53,68,4,57.36,229.44
1909,2025-09-27,53,114,3,136.66,409.98
1910,2025-01-29,843,304,1,276.08,276.08
1910,2025-01-29,843,125,1,265.17,265.17
1910,2025-01-29,843,493,3,312.43,937.29
1911,2025-02-24,422,233,5,230.37,1151.85
1911,2025-02-24,422,142,4,240.49,961.96
1911,2025-02-24,422,79,2,139.58,279.16
1912,2025-04-21,638,366,4,223.44,893.76
1913,2025-10-24,752,70,5,24.04,120.20
1914,2025-04-28,634,150,4,72.4,289.6
1914,2025-04-28,634,370,3,285.74,857.22
1914,2025-04-28,634,416,5,70.38,351.90
1915,2025-02-12,777,25,3,250.93,752.79
1915,2025-02-12,777,472,1,46.16,46.16
1915,2025-02-12,777,239,5,469.38,2346.90
1916,2025-05-29,393,271,3,185.88,557.64
1917,2025-01-13,123,267,4,281.05,1124.20
1918,2025-12-11,658,474,5,33.57,167.85
1918,2025-12-11,658,33,5,194.9,974.5
1919,2025-01-21,98,387,4,280.52,1122.08
1919,2025-01-21,98,354,2,78.8,157.6
1919,2025-01-21,98,56,5,278.79,1393.95
1920,2025-08-31,927,68,5,57.36,286.80
1921,2025-01-14,583,113,4,304.92,1219.68
1921,2025-01-14,583,434,4,21.02,84.08
1921,2025-01-14,583,51,5,108.84,544.20
1922,2025-02-19,138,271,5,185.88,929.40
1922,2025-02-19,138,345,4,210.38,841.52
1923,2025-06-09,376,279,5,204.8,1024.0
1923,2025-06-09,376,3,3,498.69,1496.07
1923,2025-06-09,376,29,5,178.91,894.55
1924,2025-10-15,613,370,4,285.74,1142.96
1924,2025-10-15,613,133,3,261.96,785.88
1924,2025-10-15,613,295,1,130.26,130.26
1925,2025-04-08,809,156,2,182.35,364.70
1925,2025-04-08,809,370,5,285.74,1428.70
1926,2025-08-11,402,79,5,139.58,697.90
1927,2025-06-24,657,413,3,496.98,1490.94
1928,2025-11-21,839,283,2,384.65,769.30
1929,2025-10-18,515,306,1,390.91,390.91
1929,2025-10-18,515,247,4,154.79,619.16
1930,2025-02-15,686,155,3,407.98,1223.94
1930,2025-02-15,686,459,3,223.31,669.93
1930,2025-02-15,686,323,5,299.85,1499.25
1931,2025-08-02,812,473,1,341.31,341.31
1931,2025-08-02,812,190,5,72.61,363.05
1932,2025-08-25,342,210,2,318.91,637.82
1932,2025-08-25,342,303,3,489.27,1467.81
1932,2025-08-25,342,278,1,205.91,205.91
1933,2025-03-20,131,251,3,152.34,457.02
1933,2025-03-20,131,156,4,182.35,729.40
1934,2025-12-04,914,494,4,429.76,1719.04
1934,2025-12-04,914,146,1,92.21,92.21
1934,2025-12-04,914,370,3,285.74,857.22
1935,2025-05-02,592,13,4,412.47,1649.88
1935,2025-05-02,592,82,2,349.97,699.94
1935,2025-05-02,592,320,2,322.83,645.66
1936,2025-02-21,713,265,4,86.31,345.24
1936,2025-02-21,713,46,3,392.38,1177.14
1936,2025-02-21,713,122,2,459.94,919.88
1937,2025-08-29,782,359,2,275.01,550.02
1938,2025-02-12,961,408,4,242.36,969.44
1939,2025-03-12,402,121,2,492.6,985.2
1939,2025-03-12,402,141,1,448.09,448.09
1940,2025-10-28,943,264,3,245.93,737.79
1940,2025-10-28,943,446,5,60.56,302.80
1941,2025-06-14,817,16,2,241.42,482.84
1941,2025-06-14,817,232,1,59.52,59.52
1942,2025-05-15,113,114,4,136.66,546.64
1943,2025-01-24,641,285,4,447.68,1790.72
1943,2025-01-24,641,236,4,469.19,1876.76
1944,2025-04-14,45,241,1,269.46,269.46
1945,2025-08-12,236,354,3,78.8,236.4
1945,2025-08-12,236,23,1,412.11,412.11
1946,2025-05-29,97,294,4,41.14,164.56
1947,2025-03-29,415,221,3,109.17,327.51
1947,2025-03-29,415,289,2,150.72,301.44
1948,2025-09-26,823,47,1,447.66,447.66
1949,2025-04-11,310,138,4,444.05,1776.20
1950,2025-02-16,749,466,2,477.28,954.56
1951,2025-12-15,228,225,1,460.72,460.72
1952,2025-01-27,329,104,2,157.58,315.16
1952,2025-01-27,329,458,5,257.33,1286.65
1953,2025-08-09,909,42,3,39.02,117.06
1953,2025-08-09,909,13,1,412.47,412.47
1953,2025-08-09,909,2,3,287.98,863.94
1954,2024-12-27,506,191,3,246.88,740.64
1954,2024-12-27,506,354,3,78.8,236.4
1955,2025-04-18,420,48,1,228.85,228.85
1955,2025-04-18,420,429,5,309.42,1547.10
1955,2025-04-18,420,35,1,246.38,246.38
1956,2025-02-03,988,224,3,321.92,965.76
1956,2025-02-03,988,424,3,321.07,963.21
1956,2025-02-03,988,337,1,206.67,206.67
1957,2025-03-27,839,355,3,208.41,625.23
1957,2025-03-27,839,246,3,426.74,1280.22
1957,2025-03-27,839,155,3,407.98,1223.94
1958,2025-05-02,992,449,5,119.8,599.0
1959,2025-02-24,440,399,3,53.46,160.38
1959,2025-02-24,440,104,1,157.58,157.58
1960,2025-02-07,383,170,1,40.78,40.78
1960,2025-02-07,383,430,5,275.12,1375.60
1961,2025-11-25,822,48,4,228.85,915.40
1961,2025-11-25,822,324,4,113.76,455.04
1961,2025-11-25,822,264,5,245.93,1229.65
1962,2025-02-26,230,321,4,75.56,302.24
1962,2025-02-26,230,77,5,270.23,1351.15
1963,2025-03-14,685,210,1,318.91,318.91
1963,2025-03-14,685,102,3,468.5,1405.5
1963,2025-03-14,685,31,3,485.56,1456.68
1964,2025-12-03,648,67,4,301.26,1205.04
1964,2025-12-03,648,178,3,65.82,197.46
1965,2025-09-09,463,313,1,151.33,151.33
1965,2025-09-09,463,436,2,472.16,944.32
1966,2025-04-12,258,314,1,239.74,239.74
1967,2025-09-03,766,369,5,67.55,337.75
1967,2025-09-03,766,181,4,284.33,1137.32
1967,2025-09-03,766,58,2,16.96,33.92
1968,2025-05-23,274,262,4,92.87,371.48
1968,2025-05-23,274,340,2,46.68,93.36
1969,2024-12-26,58,387,1,280.52,280.52
1969,2024-12-26,58,263,2,157.37,314.74
1970,2025-02-22,336,140,5,187.49,937.45
1970,2025-02-22,336,51,2,108.84,217.68
1971,2025-06-09,769,348,2,231.55,463.10
1972,2025-08-01,256,370,1,285.74,285.74
1972,2025-08-01,256,260,5,39.69,198.45
1973,2025-06-20,159,401,4,341.45,1365.80
1973,2025-06-20,159,447,4,376.57,1506.28
1973,2025-06-20,159,311,3,289.44,868.32
1974,2025-03-09,409,467,2,363.53,727.06
1974,2025-03-09,409,141,5,448.09,2240.45
1974,2025-03-09,409,241,4,269.46,1077.84
1975,2025-08-18,206,422,5,82.75,413.75
1976,2025-09-16,96,177,3,184.9,554.7
1977,2025-05-07,775,180,2,179.99,359.98
1977,2025-05-07,775,78,3,376.98,1130.94
1977,2025-05-07,775,166,4,212.49,849.96
1978,2025-02-22,780,319,2,453.23,906.46
1978,2025-02-22,780,177,5,184.9,924.5
1979,2025-01-23,552,232,3,59.52,178.56
1979,2025-01-23,552,84,3,404.22,1212.66
1980,2025-01-12,949,265,5,86.31,431.55
1980,2025-01-12,949,380,5,276.01,1380.05
1980,2025-01-12,949,206,4,270.77,1083.08
1981,2024-12-28,878,357,4,147.52,590.08
1982,2025-12-25,156,496,1,159.99,159.99
1982,2025-12-25,156,212,4,122.95,491.80
1983,2025-11-02,999,447,1,376.57,376.57
1983,2025-11-02,999,381,1,313.66,313.66
1983,2025-11-02,999,500,2,455.95,911.90
1984,2025-12-21,510,478,4,68.54,274.16
1985,2025-01-26,714,241,3,269.46,808.38
1985,2025-01-26,714,230,5,476.52,2382.60
1986,2025-09-21,19,123,1,165.07,165.07
1986,2025-09-21,19,322,3,417.63,1252.89
1986,2025-09-21,19,479,3,301.68,905.04
1987,2025-09-24,967,228,3,404.8,1214.4
1987,2025-09-24,967,229,1,296.73,296.73
1987,2025-09-24,967,257,1,265.71,265.71
1988,2025-09-26,196,184,1,72.35,72.35
1988,2025-09-26,196,351,4,87.53,350.12
1989,2025-09-10,681,388,4,317.72,1270.88
1989,2025-09-10,681,327,5,499.91,2499.55
1989,2025-09-10,681,443,1,255.06,255.06
1990,2025-10-28,592,34,4,401.45,1605.80
1991,2025-11-23,420,428,2,358.4,716.8
1991,2025-11-23,420,465,3,313.64,940.92
1991,2025-11-23,420,56,1,278.79,278.79
1992,2025-07-29,98,142,5,240.49,1202.45
1992,2025-07-29,98,211,5,180.66,903.30
1992,2025-07-29,98,35,5,246.38,1231.90
1993,2025-04-23,880,238,4,472.08,1888.32
1993,2025-04-23,880,352,4,164.03,656.12
1993,2025-04-23,880,94,1,295.93,295.93
1994,2025-02-20,957,459,2,223.31,446.62
1994,2025-02-20,957,79,5,139.58,697.90
1994,2025-02-20,957,299,1,383.39,383.39
1995,2025-12-24,35,315,5,398.86,1994.30
1996,2025-04-16,292,49,1,243.73,243.73
1996,2025-04-16,292,149,2,57.41,114.82
1996,2025-04-16,292,313,4,151.33,605.32
1997,2025-07-28,298,253,1,358.42,358.42
1997,2025-07-28,298,95,4,394.98,1579.92
1998,2025-08-25,876,281,1,115.36,115.36
1998,2025-08-25,876,401,3,341.45,1024.35
1999,2025-09-19,937,62,1,245.04,245.04
1999,2025-09-19,937,11,1,149.99,149.99
1999,2025-09-19,937,370,1,285.74,285.74
2000,2025-02-20,486,438,1,161.16,161.16
2000,2025-02-20,486,94,4,295.93,1183.72
2001,2025-08-12,304,426,4,82.52,330.08
2002,2025-05-26,362,327,1,499.91,499.91
2002,2025-05-26,362,414,2,307.45,614.90
2002,2025-05-26,362,290,4,450.86,1803.44
2003,2025-08-08,225,376,5,167.79,838.95
2004,2025-04-10,459,145,5,20.33,101.65
2004,2025-04-10,459,336,2,381.71,763.42
2005,2025-09-14,56,472,3,46.16,138.48
2005,2025-09-14,56,416,3,70.38,211.14
2006,2025-04-28,713,436,5,472.16,2360.80
2006,2025-04-28,713,163,1,186.78,186.78
2006,2025-04-28,713,19,1,144.77,144.77
2007,2025-10-12,172,301,3,274.15,822.45
2007,2025-10-12,172,293,4,131.93,527.72
2008,2025-05-25,595,498,5,374.05,1870.25
2008,2025-05-25,595,185,5,335.4,1677.0
2009,2025-02-10,869,297,5,398.94,1994.70
2010,2025-08-12,766,134,4,284.82,1139.28
2011,2025-03-06,271,158,5,373.08,1865.40
2012,2025-02-05,379,257,5,265.71,1328.55
2013,2025-04-28,177,224,1,321.92,321.92
2014,2025-10-12,571,117,4,142.82,571.28
2014,2025-10-12,571,121,2,492.6,985.2
2014,2025-10-12,571,198,1,373.73,373.73
2015,2025-08-23,216,65,5,430.11,2150.55
2015,2025-08-23,216,44,2,439.63,879.26
2015,2025-08-23,216,384,2,229.07,458.14
2016,2025-01-25,540,213,3,312.66,937.98
2016,2025-01-25,540,422,2,82.75,165.50
2016,2025-01-25,540,162,1,147.2,147.2
2017,2025-07-16,867,325,4,281.87,1127.48
2018,2025-10-11,41,223,2,77.6,155.2
2018,2025-10-11,41,188,3,443.19,1329.57
2018,2025-10-11,41,88,2,222.45,444.90
2019,2025-04-08,701,437,1,297.45,297.45
2019,2025-04-08,701,41,1,114.35,114.35
2019,2025-04-08,701,337,5,206.67,1033.35
2020,2025-03-31,771,314,2,239.74,479.48
2021,2025-04-19,584,409,1,31.26,31.26
2022,2025-04-02,473,269,2,302.11,604.22
2022,2025-04-02,473,399,5,53.46,267.30
2023,2025-09-20,388,347,4,138.42,553.68
2024,2025-09-04,124,212,4,122.95,491.80
2024,2025-09-04,124,56,2,278.79,557.58
2025,2025-02-15,297,188,1,443.19,443.19
2026,2025-03-04,359,241,3,269.46,808.38
2026,2025-03-04,359,182,2,496.05,992.10
2027,2025-05-30,416,7,1,359.69,359.69
2027,2025-05-30,416,399,2,53.46,106.92
2027,2025-05-30,416,14,3,40.36,121.08
2028,2025-11-04,202,369,3,67.55,202.65
2029,2025-05-12,866,332,1,258.46,258.46
2029,2025-05-12,866,258,4,77.66,310.64
2029,2025-05-12,866,351,5,87.53,437.65
2030,2025-09-30,816,332,1,258.46,258.46
2030,2025-09-30,816,393,1,263.08,263.08
2031,2025-09-14,989,1,1,80.6,80.6
2031,2025-09-14,989,343,2,240.99,481.98
2031,2025-09-14,989,247,3,154.79,464.37
2032,2025-08-07,909,76,5,445.17,2225.85
2032,2025-08-07,909,155,1,407.98,407.98
2033,2025-01-03,464,483,2,192.76,385.52
2033,2025-01-03,464,187,3,319.82,959.46
2034,2025-07-04,817,172,1,250.68,250.68
2034,2025-07-04,817,373,4,282.2,1128.8
2035,2025-10-05,459,240,2,102.23,204.46
2035,2025-10-05,459,323,3,299.85,899.55
2035,2025-10-05,459,347,1,138.42,138.42
2036,2025-05-29,639,423,4,410.7,1642.8
2036,2025-05-29,639,258,1,77.66,77.66
2036,2025-05-29,639,267,1,281.05,281.05
2037,2025-05-30,819,137,5,272.96,1364.80
2037,2025-05-30,819,223,1,77.6,77.6
2038,2025-01-07,783,89,5,349.52,1747.60
2038,2025-01-07,783,218,2,137.61,275.22
2039,2025-04-09,87,411,3,147.7,443.1
2039,2025-04-09,87,385,4,391.11,1564.44
2039,2025-04-09,87,128,3,229.59,688.77
2040,2025-07-07,946,155,4,407.98,1631.92
2040,2025-07-07,946,225,1,460.72,460.72
2041,2025-06-10,93,393,3,263.08,789.24
2041,2025-06-10,93,321,5,75.56,377.80
2042,2025-02-03,578,149,4,57.41,229.64
2042,2025-02-03,578,474,3,33.57,100.71
2042,2025-02-03,578,384,1,229.07,229.07
2043,2025-11-25,570,53,2,485.1,970.2
2044,2025-05-09,241,224,2,321.92,643.84
2044,2025-05-09,241,279,1,204.8,204.8
2045,2025-08-03,579,73,1,25.92,25.92
2046,2024-12-28,706,54,4,221.51,886.04
2046,2024-12-28,706,12,4,100.62,402.48
2046,2024-12-28,706,250,2,202.45,404.90
2047,2025-01-14,781,18,2,298.7,597.4
2048,2025-11-24,436,114,1,136.66,136.66
2048,2025-11-24,436,324,2,113.76,227.52
2049,2025-05-17,387,182,5,496.05,2480.25
2049,2025-05-17,387,219,3,24.98,74.94
2049,2025-05-17,387,466,4,477.28,1909.12
2050,2025-12-13,19,138,1,444.05,444.05
2051,2025-04-08,627,160,2,241.99,483.98
2052,2025-09-19,703,164,2,310.9,621.8
2052,2025-09-19,703,107,2,167.97,335.94
2052,2025-09-19,703,365,3,459.25,1377.75
2053,2025-06-10,511,248,1,45.08,45.08
2053,2025-06-10,511,334,4,134.61,538.44
2054,2025-01-10,44,4,1,472.3,472.3
2054,2025-01-10,44,73,1,25.92,25.92
2054,2025-01-10,44,120,1,458.95,458.95
2055,2025-11-16,483,225,4,460.72,1842.88
2056,2025-02-21,771,201,2,437.71,875.42
2056,2025-02-21,771,209,3,148.45,445.35
2056,2025-02-21,771,345,4,210.38,841.52
2057,2025-08-27,881,194,2,447.89,895.78
2057,2025-08-27,881,327,4,499.91,1999.64
2057,2025-08-27,881,186,4,436.63,1746.52
2058,2025-08-10,331,241,2,269.46,538.92
2058,2025-08-10,331,52,4,420.33,1681.32
2059,2025-02-25,582,456,5,452.55,2262.75
2059,2025-02-25,582,25,3,250.93,752.79
2059,2025-02-25,582,61,1,351.5,351.5
2060,2025-12-01,957,158,1,373.08,373.08
2060,2025-12-01,957,468,1,253.58,253.58
2061,2025-04-28,615,158,5,373.08,1865.40
2061,2025-04-28,615,475,1,118.44,118.44
2061,2025-04-28,615,63,5,364.98,1824.90
2062,2025-11-02,598,239,5,469.38,2346.90
2063,2025-01-23,310,476,1,131.18,131.18
2064,2025-07-10,80,428,2,358.4,716.8
2064,2025-07-10,80,81,3,433.63,1300.89
2064,2025-07-10,80,72,5,409.92,2049.60
2065,2025-04-14,800,21,5,141.16,705.80
2065,2025-04-14,800,219,5,24.98,124.90
2065,2025-04-14,800,360,5,483.09,2415.45
2066,2025-07-15,925,344,5,177.16,885.80
2067,2025-02-26,190,90,5,414.87,2074.35
2068,2025-02-21,892,37,1,37.4,37.4
2068,2025-02-21,892,330,4,217.0,868.0
2068,2025-02-21,892,323,2,299.85,599.70
2069,2025-01-02,268,113,3,304.92,914.76
2069,2025-01-02,268,82,1,349.97,349.97
2069,2025-01-02,268,119,3,244.81,734.43
2070,2025-12-17,570,412,5,407.79,2038.95
2070,2025-12-17,570,233,3,230.37,691.11
2070,2025-12-17,570,151,2,496.87,993.74
2071,2025-03-09,367,50,3,166.56,499.68
2071,2025-03-09,367,22,4,420.77,1683.08
2072,2025-08-07,659,291,4,346.84,1387.36
2072,2025-08-07,659,460,2,313.84,627.68
2073,2025-08-24,784,487,3,79.74,239.22
2073,2025-08-24,784,280,4,13.76,55.04
2073,2025-08-24,784,97,4,113.42,453.68
2074,2025-09-05,382,246,4,426.74,1706.96
2074,2025-09-05,382,244,5,478.82,2394.10
2074,2025-09-05,382,50,5,166.56,832.80
2075,2025-07-05,12,465,2,313.64,627.28
2076,2025-03-02,889,475,1,118.44,118.44
2076,2025-03-02,889,489,5,52.69,263.45
2076,2025-03-02,889,159,1,372.6,372.6
2077,2025-05-15,992,9,3,217.36,652.08
2077,2025-05-15,992,237,1,242.96,242.96
2077,2025-05-15,992,184,5,72.35,361.75
2078,2025-08-14,90,327,3,499.91,1499.73
2079,2025-02-09,204,128,3,229.59,688.77
2080,2025-10-26,970,293,2,131.93,263.86
2081,2025-04-05,123,43,2,278.89,557.78
2081,2025-04-05,123,273,2,54.12,108.24
2082,2025-06-29,77,411,2,147.7,295.4
2082,2025-06-29,77,433,5,389.95,1949.75
2082,2025-06-29,77,410,5,400.18,2000.90
2083,2025-11-04,771,52,2,420.33,840.66
2083,2025-11-04,771,461,3,224.53,673.59
2083,2025-11-04,771,153,2,210.94,421.88
2084,2025-05-09,977,421,1,320.48,320.48
2085,2025-09-12,211,331,1,321.18,321.18
2085,2025-09-12,211,242,5,35.44,177.20
2085,2025-09-12,211,431,1,141.89,141.89
2086,2025-10-21,761,406,4,438.28,1753.12
2086,2025-10-21,761,423,4,410.7,1642.8
2087,2025-03-26,501,400,5,387.4,1937.0
2087,2025-03-26,501,346,1,30.32,30.32
2087,2025-03-26,501,463,2,144.91,289.82
2088,2025-03-12,717,405,2,16.73,33.46
2088,2025-03-12,717,293,2,131.93,263.86
2089,2025-05-24,102,1,1,80.6,80.6
2090,2025-10-05,672,14,2,40.36,80.72
2091,2025-10-20,988,127,5,428.76,2143.80
2091,2025-10-20,988,180,1,179.99,179.99
2092,2025-02-19,23,44,3,439.63,1318.89
2093,2025-10-21,783,342,1,478.74,478.74
2093,2025-10-21,783,208,4,438.21,1752.84
2094,2025-08-18,524,351,4,87.53,350.12
2094,2025-08-18,524,124,4,225.92,903.68
2094,2025-08-18,524,225,5,460.72,2303.60
2095,2025-11-30,819,149,2,57.41,114.82
2095,2025-11-30,819,213,2,312.66,625.32
2096,2025-09-14,647,289,2,150.72,301.44
2096,2025-09-14,647,200,4,275.47,1101.88
2097,2025-03-08,542,345,5,210.38,1051.90
2098,2025-09-02,193,49,2,243.73,487.46
2098,2025-09-02,193,298,2,204.65,409.30
2098,2025-09-02,193,452,4,46.98,187.92
2099,2025-06-02,577,249,2,492.22,984.44
2100,2025-02-10,975,264,3,245.93,737.79
2101,2025-04-09,522,170,2,40.78,81.56
2102,2025-01-24,27,94,1,295.93,295.93
2103,2025-10-23,418,28,3,412.52,1237.56
2103,2025-10-23,418,215,2,33.6,67.2
2103,2025-10-23,418,172,2,250.68,501.36
2104,2025-12-07,588,241,5,269.46,1347.30
2104,2025-12-07,588,236,1,469.19,469.19
2105,2025-03-14,193,479,4,301.68,1206.72
2106,2025-05-20,957,185,4,335.4,1341.6
2107,2025-08-20,28,110,5,443.77,2218.85
2108,2025-05-03,251,63,2,364.98,729.96
2108,2025-05-03,251,177,1,184.9,184.9
2108,2025-05-03,251,33,3,194.9,584.7
2109,2025-10-30,829,387,3,280.52,841.56
2109,2025-10-30,829,182,5,496.05,2480.25
2110,2025-11-09,504,256,5,127.97,639.85
2110,2025-11-09,504,474,5,33.57,167.85
2111,2025-05-21,137,130,4,252.98,1011.92
2111,2025-05-21,137,176,1,288.86,288.86
2111,2025-05-21,137,42,4,39.02,156.08
2112,2025-04-14,631,347,4,138.42,553.68
2112,2025-04-14,631,417,2,148.93,297.86
2113,2025-03-23,502,254,5,463.64,2318.20
2114,2025-05-26,812,354,4,78.8,315.2
2114,2025-05-26,812,19,1,144.77,144.77
2115,2025-02-17,102,99,5,342.87,1714.35
2116,2025-09-19,339,204,1,296.2,296.2
2116,2025-09-19,339,346,2,30.32,60.64
2116,2025-09-19,339,99,1,342.87,342.87
2117,2025-06-27,712,60,3,334.6,1003.8
2118,2025-02-17,327,83,2,322.41,644.82
2119,2025-07-08,421,194,3,447.89,1343.67
2119,2025-07-08,421,35,5,246.38,1231.90
2120,2025-10-29,593,313,1,151.33,151.33
2120,2025-10-29,593,388,2,317.72,635.44
2121,2025-01-21,905,115,1,365.14,365.14
2121,2025-01-21,905,438,2,161.16,322.32
2122,2025-10-19,797,340,2,46.68,93.36
2122,2025-10-19,797,3,4,498.69,1994.76
2123,2025-12-22,166,170,3,40.78,122.34
2123,2025-12-22,166,125,3,265.17,795.51
2123,2025-12-22,166,218,2,137.61,275.22
2124,2025-05-31,805,222,3,80.58,241.74
2124,2025-05-31,805,1,2,80.6,161.2
2125,2025-04-09,605,233,1,230.37,230.37
2125,2025-04-09,605,170,3,40.78,122.34
2125,2025-04-09,605,456,2,452.55,905.10
2126,2025-04-20,993,359,2,275.01,550.02
2126,2025-04-20,993,492,3,449.67,1349.01
2127,2025-12-17,126,85,1,321.65,321.65
2127,2025-12-17,126,481,5,163.42,817.10
2128,2025-11-08,88,315,4,398.86,1595.44
2129,2025-03-17,371,339,2,247.5,495.0
2129,2025-03-17,371,416,3,70.38,211.14
2129,2025-03-17,371,303,4,489.27,1957.08
2130,2025-01-04,523,64,1,491.55,491.55
2130,2025-01-04,523,355,1,208.41,208.41
2131,2025-02-26,234,98,4,14.53,58.12
2131,2025-02-26,234,192,4,319.33,1277.32
2132,2025-11-06,127,52,1,420.33,420.33
2133,2025-10-17,838,459,2,223.31,446.62
2133,2025-10-17,838,107,2,167.97,335.94
2134,2025-08-15,748,478,2,68.54,137.08
2134,2025-08-15,748,162,2,147.2,294.4
2135,2025-10-17,573,161,3,318.86,956.58
2136,2025-05-12,419,77,5,270.23,1351.15
2136,2025-05-12,419,160,1,241.99,241.99
2136,2025-05-12,419,231,4,241.46,965.84
2137,2025-08-04,22,342,4,478.74,1914.96
2137,2025-08-04,22,477,3,442.21,1326.63
2137,2025-08-04,22,244,1,478.82,478.82
2138,2025-08-15,42,491,3,474.71,1424.13
2138,2025-08-15,42,218,2,137.61,275.22
2138,2025-08-15,42,440,1,475.31,475.31
2139,2025-05-07,43,294,3,41.14,123.42
2139,2025-05-07,43,371,2,51.41,102.82
2140,2025-05-13,438,377,4,401.94,1607.76
2140,2025-05-13,438,104,5,157.58,787.90
2140,2025-05-13,438,50,1,166.56,166.56
2141,2025-09-07,258,234,2,6.55,13.10
2141,2025-09-07,258,202,3,141.74,425.22
2142,2025-10-11,678,346,4,30.32,121.28
2143,2025-01-05,22,283,3,384.65,1153.95
2143,2025-01-05,22,476,1,131.18,131.18
2144,2025-01-12,961,367,4,394.98,1579.92
2144,2025-01-12,961,420,4,72.09,288.36
2145,2025-08-06,7,146,4,92.21,368.84
2146,2025-11-14,30,384,3,229.07,687.21
2146,2025-11-14,30,220,3,26.81,80.43
2147,2025-09-21,464,213,5,312.66,1563.30
2147,2025-09-21,464,361,5,365.74,1828.70
2148,2025-08-15,374,229,4,296.73,1186.92
2148,2025-08-15,374,325,2,281.87,563.74
2149,2025-12-07,229,207,3,68.3,204.9
2149,2025-12-07,229,468,5,253.58,1267.90
2149,2025-12-07,229,32,3,342.29,1026.87
2150,2025-09-15,295,428,5,358.4,1792.0
2151,2025-07-13,168,450,3,101.99,305.97
2151,2025-07-13,168,299,4,383.39,1533.56
2151,2025-07-13,168,43,3,278.89,836.67
2152,2025-07-12,914,201,1,437.71,437.71
2152,2025-07-12,914,491,3,474.71,1424.13
2152,2025-07-12,914,338,5,243.62,1218.10
2153,2025-07-27,561,234,4,6.55,26.20
2153,2025-07-27,561,442,1,155.41,155.41
2154,2025-12-11,171,351,1,87.53,87.53
2154,2025-12-11,171,416,4,70.38,281.52
2155,2025-12-06,981,96,3,5.28,15.84
2155,2025-12-06,981,66,5,211.47,1057.35
2155,2025-12-06,981,422,1,82.75,82.75
2156,2025-11-14,361,357,1,147.52,147.52
2157,2025-03-18,763,38,2,447.83,895.66
2157,2025-03-18,763,261,5,184.06,920.30
2157,2025-03-18,763,104,4,157.58,630.32
2158,2025-08-23,587,480,3,172.26,516.78
2159,2025-01-11,185,325,4,281.87,1127.48
2160,2025-10-24,551,117,4,142.82,571.28
2160,2025-10-24,551,368,5,83.83,419.15
2161,2025-01-26,277,217,4,110.51,442.04
2161,2025-01-26,277,216,5,277.28,1386.40
2162,2025-09-13,699,289,3,150.72,452.16
2163,2025-03-15,484,90,2,414.87,829.74
2163,2025-03-15,484,421,2,320.48,640.96
2164,2025-01-19,804,262,4,92.87,371.48
2165,2025-02-23,988,222,3,80.58,241.74
2165,2025-02-23,988,225,3,460.72,1382.16
2166,2025-06-26,710,376,1,167.79,167.79
2166,2025-06-26,710,30,3,152.14,456.42
2166,2025-06-26,710,404,3,153.82,461.46
2167,2025-10-18,839,231,1,241.46,241.46
2167,2025-10-18,839,178,4,65.82,263.28
2168,2025-11-21,161,313,4,151.33,605.32
2169,2025-06-15,158,150,3,72.4,217.2
2170,2025-11-05,66,127,2,428.76,857.52
2171,2025-05-14,336,251,4,152.34,609.36
2171,2025-05-14,336,165,3,78.9,236.7
2172,2025-12-02,809,267,2,281.05,562.10
2173,2025-02-15,140,490,4,476.01,1904.04
2173,2025-02-15,140,451,5,117.67,588.35
2174,2025-03-23,875,473,1,341.31,341.31
2174,2025-03-23,875,72,2,409.92,819.84
2175,2025-11-06,325,434,5,21.02,105.10
2175,2025-11-06,325,235,5,72.25,361.25
2176,2025-12-08,609,392,5,141.55,707.75
2177,2025-07-30,108,103,5,239.95,1199.75
2177,2025-07-30,108,402,3,341.36,1024.08
2178,2025-01-10,514,148,2,445.16,890.32
2179,2025-06-30,346,210,5,318.91,1594.55
2179,2025-06-30,346,193,3,250.13,750.39
2179,2025-06-30,346,484,4,497.12,1988.48
2180,2025-04-03,296,27,3,227.57,682.71
2180,2025-04-03,296,418,4,35.93,143.72
2181,2025-02-28,546,270,4,396.51,1586.04
2181,2025-02-28,546,215,4,33.6,134.4
2182,2025-11-20,569,371,3,51.41,154.23
2183,2025-03-15,998,64,4,491.55,1966.20
2183,2025-03-15,998,477,1,442.21,442.21
2183,2025-03-15,998,109,4,97.7,390.8
2184,2025-03-25,206,54,3,221.51,664.53
2184,2025-03-25,206,208,1,438.21,438.21
2185,2025-05-09,685,283,2,384.65,769.30
2185,2025-05-09,685,111,1,157.26,157.26
2186,2025-05-04,312,153,1,210.94,210.94
2186,2025-05-04,312,420,1,72.09,72.09
2187,2025-04-03,16,34,1,401.45,401.45
2188,2025-06-10,602,133,4,261.96,1047.84
2188,2025-06-10,602,34,1,401.45,401.45
2188,2025-06-10,602,495,2,295.22,590.44
2189,2025-03-13,718,195,1,494.68,494.68
2189,2025-03-13,718,392,2,141.55,283.10
2190,2025-12-05,579,425,2,165.2,330.4
2190,2025-12-05,579,500,4,455.95,1823.80
2191,2025-03-26,672,42,4,39.02,156.08
2191,2025-03-26,672,260,4,39.69,158.76
2191,2025-03-26,672,346,5,30.32,151.60
2192,2025-01-12,249,344,3,177.16,531.48
2192,2025-01-12,249,407,3,325.42,976.26
2193,2025-10-14,614,408,5,242.36,1211.80
2193,2025-10-14,614,31,3,485.56,1456.68
2194,2025-12-05,604,54,2,221.51,443.02
2194,2025-12-05,604,473,2,341.31,682.62
2194,2025-12-05,604,73,1,25.92,25.92
2195,2025-04-28,802,297,2,398.94,797.88
2195,2025-04-28,802,123,3,165.07,495.21
2196,2025-04-10,600,275,2,25.24,50.48
2196,2025-04-10,600,46,3,392.38,1177.14
2196,2025-04-10,600,337,5,206.67,1033.35
2197,2025-10-24,657,71,5,268.41,1342.05
2198,2025-06-04,797,156,1,182.35,182.35
2198,2025-06-04,797,316,5,285.22,1426.10
2199,2025-04-26,36,347,1,138.42,138.42
2200,2025-09-23,761,64,5,491.55,2457.75
2201,2025-12-21,625,60,5,334.6,1673.0
2201,2025-12-21,625,164,1,310.9,310.9
2201,2025-12-21,625,442,5,155.41,777.05
2202,2025-08-10,798,94,4,295.93,1183.72
2203,2025-09-01,672,262,1,92.87,92.87
2203,2025-09-01,672,122,1,459.94,459.94
2203,2025-09-01,672,442,4,155.41,621.64
2204,2025-10-14,846,48,5,228.85,1144.25
2204,2025-10-14,846,23,4,412.11,1648.44
2205,2025-07-28,603,124,4,225.92,903.68
2206,2025-12-01,322,46,2,392.38,784.76
2206,2025-12-01,322,444,3,231.57,694.71
2207,2025-12-23,809,489,5,52.69,263.45
2207,2025-12-23,809,460,5,313.84,1569.20
2208,2025-03-18,656,309,4,50.9,203.6
2208,2025-03-18,656,153,2,210.94,421.88
2208,2025-03-18,656,307,4,228.49,913.96
2209,2025-02-11,970,299,3,383.39,1150.17
2210,2025-11-06,712,159,4,372.6,1490.4
2210,2025-11-06,712,284,2,165.79,331.58
2210,2025-11-06,712,158,3,373.08,1119.24
2211,2025-10-24,714,208,3,438.21,1314.63
2211,2025-10-24,714,220,4,26.81,107.24
2211,2025-10-24,714,128,1,229.59,229.59
2212,2025-03-21,235,129,2,119.27,238.54
2212,2025-03-21,235,325,4,281.87,1127.48
2212,2025-03-21,235,146,1,92.21,92.21
2213,2025-09-05,277,485,4,492.14,1968.56
2213,2025-09-05,277,447,5,376.57,1882.85
2214,2025-06-18,578,449,3,119.8,359.4
2215,2025-09-26,446,307,4,228.49,913.96
2215,2025-09-26,446,360,2,483.09,966.18
2215,2025-09-26,446,197,4,195.32,781.28
2216,2025-05-21,343,35,1,246.38,246.38
2216,2025-05-21,343,210,2,318.91,637.82
2216,2025-05-21,343,342,5,478.74,2393.70
2217,2025-11-16,177,358,5,329.56,1647.80
2217,2025-11-16,177,426,1,82.52,82.52
2217,2025-11-16,177,206,5,270.77,1353.85
2218,2025-05-16,406,494,3,429.76,1289.28
2219,2025-06-22,163,470,3,232.51,697.53
2219,2025-06-22,163,459,5,223.31,1116.55
2219,2025-06-22,163,324,5,113.76,568.80
2220,2025-08-30,526,71,2,268.41,536.82
2221,2025-09-17,275,40,5,296.1,1480.5
2221,2025-09-17,275,337,3,206.67,620.01
2222,2025-03-30,482,197,3,195.32,585.96
2222,2025-03-30,482,64,1,491.55,491.55
2222,2025-03-30,482,3,5,498.69,2493.45
2223,2025-03-16,889,398,5,71.83,359.15
2223,2025-03-16,889,91,3,51.8,155.4
2224,2025-01-16,935,460,5,313.84,1569.20
2224,2025-01-16,935,192,3,319.33,957.99
2224,2025-01-16,935,409,1,31.26,31.26
2225,2025-10-07,498,437,5,297.45,1487.25
2226,2025-01-17,632,452,1,46.98,46.98
2226,2025-01-17,632,427,5,410.44,2052.20
2227,2025-09-09,120,424,5,321.07,1605.35
2228,2025-01-28,921,431,4,141.89,567.56
2228,2025-01-28,921,380,5,276.01,1380.05
2228,2025-01-28,921,122,3,459.94,1379.82
2229,2025-07-15,576,103,4,239.95,959.80
2229,2025-07-15,576,394,2,348.1,696.2
2230,2025-12-25,135,421,2,320.48,640.96
2230,2025-12-25,135,419,4,54.3,217.2
2231,2025-07-18,152,470,2,232.51,465.02
2231,2025-07-18,152,341,3,51.61,154.83
2232,2025-05-26,227,278,2,205.91,411.82
2232,2025-05-26,227,259,1,131.5,131.5
2232,2025-05-26,227,230,3,476.52,1429.56
2233,2025-04-20,247,61,4,351.5,1406.0
2233,2025-04-20,247,458,5,257.33,1286.65
2234,2025-05-12,540,44,2,439.63,879.26
2234,2025-05-12,540,403,3,215.58,646.74
2235,2025-09-08,52,496,4,159.99,639.96
2235,2025-09-08,52,130,3,252.98,758.94
2235,2025-09-08,52,104,1,157.58,157.58
2236,2025-11-19,638,104,5,157.58,787.90
2237,2025-12-16,904,80,5,293.7,1468.5
2238,2025-03-16,444,56,3,278.79,836.37
2238,2025-03-16,444,364,4,84.82,339.28
2238,2025-03-16,444,465,4,313.64,1254.56
2239,2025-02-04,454,237,3,242.96,728.88
2239,2025-02-04,454,475,5,118.44,592.20
2240,2025-09-05,953,18,3,298.7,896.1
2240,2025-09-05,953,197,1,195.32,195.32
2241,2025-03-04,601,437,1,297.45,297.45
2242,2025-12-13,895,225,1,460.72,460.72
2243,2025-11-05,432,206,3,270.77,812.31
2243,2025-11-05,432,372,1,20.55,20.55
2243,2025-11-05,432,308,3,241.52,724.56
2244,2025-06-07,230,165,4,78.9,315.6
2244,2025-06-07,230,495,5,295.22,1476.10
2245,2024-12-31,853,302,1,462.51,462.51
2245,2024-12-31,853,256,3,127.97,383.91
2246,2025-01-17,319,190,3,72.61,217.83
2247,2025-09-17,898,468,4,253.58,1014.32
2247,2025-09-17,898,367,1,394.98,394.98
2247,2025-09-17,898,150,3,72.4,217.2
2248,2025-12-15,551,320,4,322.83,1291.32
2248,2025-12-15,551,425,4,165.2,660.8
2248,2025-12-15,551,210,4,318.91,1275.64
2249,2025-07-12,394,478,5,68.54,342.70
2250,2025-04-13,409,426,4,82.52,330.08
2250,2025-04-13,409,285,2,447.68,895.36
2250,2025-04-13,409,179,2,153.54,307.08
2251,2025-11-07,604,309,3,50.9,152.7
2251,2025-11-07,604,206,1,270.77,270.77
2251,2025-11-07,604,103,5,239.95,1199.75
2252,2025-12-04,311,376,1,167.79,167.79
2253,2025-09-24,538,293,5,131.93,659.65
2254,2025-11-19,4,383,2,259.72,519.44
2254,2025-11-19,4,123,2,165.07,330.14
2255,2025-08-11,761,315,2,398.86,797.72
2255,2025-08-11,761,73,5,25.92,129.60
2256,2025-09-30,184,22,3,420.77,1262.31
2256,2025-09-30,184,228,2,404.8,809.6
2257,2025-12-10,664,202,4,141.74,566.96
2257,2025-12-10,664,331,1,321.18,321.18
2258,2025-02-22,311,404,5,153.82,769.10
2258,2025-02-22,311,85,5,321.65,1608.25
2258,2025-02-22,311,162,2,147.2,294.4
2259,2025-12-24,750,350,2,30.8,61.6
2260,2025-08-21,671,337,1,206.67,206.67
2260,2025-08-21,671,467,4,363.53,1454.12
2260,2025-08-21,671,286,4,46.15,184.60
2261,2025-05-10,383,86,4,444.15,1776.60
2261,2025-05-10,383,414,5,307.45,1537.25
2262,2025-03-21,947,489,4,52.69,210.76
2262,2025-03-21,947,96,5,5.28,26.40
2262,2025-03-21,947,263,4,157.37,629.48
2263,2025-07-26,79,24,5,330.39,1651.95
2263,2025-07-26,79,261,1,184.06,184.06
2263,2025-07-26,79,336,4,381.71,1526.84
2264,2025-06-09,727,351,4,87.53,350.12
2265,2025-08-12,341,127,1,428.76,428.76
2266,2025-08-22,182,181,4,284.33,1137.32
2266,2025-08-22,182,47,1,447.66,447.66
2267,2025-10-18,899,359,1,275.01,275.01
2267,2025-10-18,899,74,2,352.49,704.98
2268,2025-07-13,157,338,1,243.62,243.62
2269,2025-05-15,760,372,3,20.55,61.65
2269,2025-05-15,760,401,2,341.45,682.90
2269,2025-05-15,760,318,3,12.28,36.84
2270,2025-01-31,40,81,3,433.63,1300.89
2271,2025-05-15,786,154,4,434.3,1737.2
2272,2025-12-11,739,391,4,325.16,1300.64
2272,2025-12-11,739,280,4,13.76,55.04
2272,2025-12-11,739,168,1,347.07,347.07
2273,2025-03-24,806,293,3,131.93,395.79
2273,2025-03-24,806,29,5,178.91,894.55
2274,2025-07-20,356,55,5,471.21,2356.05
2275,2025-10-07,612,127,3,428.76,1286.28
2276,2025-09-11,817,299,1,383.39,383.39
2276,2025-09-11,817,249,5,492.22,2461.10
2277,2025-07-31,70,26,4,376.51,1506.04
2277,2025-07-31,70,491,5,474.71,2373.55
2277,2025-07-31,70,420,2,72.09,144.18
2278,2025-01-14,757,76,2,445.17,890.34
2279,2025-10-29,656,3,4,498.69,1994.76
2279,2025-10-29,656,312,1,333.94,333.94
2279,2025-10-29,656,217,3,110.51,331.53
2280,2025-04-20,945,359,4,275.01,1100.04
2280,2025-04-20,945,138,5,444.05,2220.25
2280,2025-04-20,945,455,4,276.92,1107.68
2281,2025-01-27,161,440,3,475.31,1425.93
2282,2025-10-21,1,95,5,394.98,1974.90
2282,2025-10-21,1,205,4,145.68,582.72
2282,2025-10-21,1,111,3,157.26,471.78
2283,2025-09-24,647,314,5,239.74,1198.70
2283,2025-09-24,647,153,3,210.94,632.82
2284,2025-02-22,582,450,5,101.99,509.95
2284,2025-02-22,582,245,2,258.08,516.16
2285,2025-03-12,888,91,3,51.8,155.4
2286,2025-05-21,152,228,4,404.8,1619.2
2287,2025-06-12,623,282,1,332.62,332.62
2287,2025-06-12,623,141,3,448.09,1344.27
2288,2025-02-18,103,188,3,443.19,1329.57
2289,2025-09-23,266,189,1,147.88,147.88
2289,2025-09-23,266,178,4,65.82,263.28
2290,2025-02-12,139,23,4,412.11,1648.44
2290,2025-02-12,139,438,3,161.16,483.48
2291,2025-06-24,515,266,4,468.09,1872.36
2291,2025-06-24,515,343,2,240.99,481.98
2291,2025-06-24,515,372,5,20.55,102.75
2292,2025-07-30,591,498,4,374.05,1496.20
2292,2025-07-30,591,128,5,229.59,1147.95
2292,2025-07-30,591,202,3,141.74,425.22
2293,2025-10-11,831,73,4,25.92,103.68
2293,2025-10-11,831,119,2,244.81,489.62
2293,2025-10-11,831,86,1,444.15,444.15
2294,2025-08-18,920,436,5,472.16,2360.80
2294,2025-08-18,920,170,4,40.78,163.12
2295,2025-03-24,719,95,5,394.98,1974.90
2296,2025-10-20,512,18,3,298.7,896.1
2296,2025-10-20,512,136,1,341.46,341.46
2297,2025-03-25,114,118,4,116.6,466.4
2297,2025-03-25,114,159,5,372.6,1863.0
2297,2025-03-25,114,186,5,436.63,2183.15
2298,2024-12-28,487,86,3,444.15,1332.45
2299,2025-01-07,141,233,2,230.37,460.74
2299,2025-01-07,141,402,2,341.36,682.72
2299,2025-01-07,141,408,5,242.36,1211.80
2300,2025-03-10,887,418,2,35.93,71.86
2301,2025-12-07,421,408,3,242.36,727.08
2302,2025-12-17,584,11,1,149.99,149.99
2303,2025-11-26,496,281,3,115.36,346.08
2303,2025-11-26,496,110,4,443.77,1775.08
2303,2025-11-26,496,470,5,232.51,1162.55
2304,2025-02-13,721,462,2,412.76,825.52
2305,2025-10-07,585,499,1,230.52,230.52
2305,2025-10-07,585,136,3,341.46,1024.38
2306,2025-10-15,752,427,2,410.44,820.88
2306,2025-10-15,752,176,3,288.86,866.58
2307,2025-04-13,692,383,1,259.72,259.72
2307,2025-04-13,692,456,3,452.55,1357.65
2308,2025-01-04,355,105,4,58.1,232.4
2308,2025-01-04,355,144,2,398.79,797.58
2309,2025-08-25,880,425,3,165.2,495.6
2309,2025-08-25,880,15,4,182.7,730.8
2309,2025-08-25,880,147,1,55.32,55.32
2310,2025-08-19,854,308,3,241.52,724.56
2310,2025-08-19,854,86,1,444.15,444.15
2310,2025-08-19,854,406,4,438.28,1753.12
2311,2025-09-02,98,21,5,141.16,705.80
2311,2025-09-02,98,121,1,492.6,492.6
2311,2025-09-02,98,393,4,263.08,1052.32
2312,2025-01-06,863,422,1,82.75,82.75
2312,2025-01-06,863,459,1,223.31,223.31
2313,2025-10-30,800,299,2,383.39,766.78
2314,2025-07-04,541,289,3,150.72,452.16
2315,2025-05-02,47,86,5,444.15,2220.75
2315,2025-05-02,47,229,4,296.73,1186.92
2315,2025-05-02,47,337,5,206.67,1033.35
2316,2025-01-02,926,174,1,314.06,314.06
2316,2025-01-02,926,351,1,87.53,87.53
2316,2025-01-02,926,12,1,100.62,100.62
2317,2025-02-12,200,236,4,469.19,1876.76
2317,2025-02-12,200,81,2,433.63,867.26
2318,2025-06-18,408,408,2,242.36,484.72
2319,2025-06-28,470,264,4,245.93,983.72
2320,2025-06-18,354,282,3,332.62,997.86
2320,2025-06-18,354,360,3,483.09,1449.27
2321,2025-02-04,811,357,5,147.52,737.60
2321,2025-02-04,811,147,2,55.32,110.64
2322,2025-11-26,383,490,4,476.01,1904.04
2323,2025-03-16,328,492,1,449.67,449.67
2324,2025-05-06,524,330,5,217.0,1085.0
2324,2025-05-06,524,240,2,102.23,204.46
2325,2025-03-05,595,120,4,458.95,1835.80
2326,2025-09-16,84,429,1,309.42,309.42
2327,2025-12-08,264,422,3,82.75,248.25
2327,2025-12-08,264,9,5,217.36,1086.80
2327,2025-12-08,264,238,4,472.08,1888.32
2328,2025-08-06,988,285,4,447.68,1790.72
2328,2025-08-06,988,170,1,40.78,40.78
2328,2025-08-06,988,264,4,245.93,983.72
2329,2025-08-01,938,403,4,215.58,862.32
2330,2025-01-26,997,364,1,84.82,84.82
2330,2025-01-26,997,285,3,447.68,1343.04
2331,2025-09-01,815,368,3,83.83,251.49
2331,2025-09-01,815,34,5,401.45,2007.25
2331,2025-09-01,815,395,4,171.83,687.32
2332,2025-09-16,594,84,1,404.22,404.22
2332,2025-09-16,594,498,4,374.05,1496.20
2333,2025-06-17,379,81,5,433.63,2168.15
2333,2025-06-17,379,356,4,8.39,33.56
2334,2024-12-30,621,296,1,215.06,215.06
2334,2024-12-30,621,184,1,72.35,72.35
2335,2025-02-19,877,412,2,407.79,815.58
2335,2025-02-19,877,142,3,240.49,721.47
2335,2025-02-19,877,175,5,471.13,2355.65
2336,2025-02-07,796,271,1,185.88,185.88
2336,2025-02-07,796,141,1,448.09,448.09
2336,2025-02-07,796,423,3,410.7,1232.1
2337,2024-12-29,806,52,1,420.33,420.33
2337,2024-12-29,806,114,3,136.66,409.98
2337,2024-12-29,806,221,4,109.17,436.68
2338,2025-01-02,67,97,4,113.42,453.68
2339,2025-11-13,325,329,3,374.27,1122.81
2340,2025-09-29,303,198,1,373.73,373.73
2341,2025-01-17,664,69,4,340.46,1361.84
2341,2025-01-17,664,372,1,20.55,20.55
2342,2025-01-17,499,496,1,159.99,159.99
2343,2025-01-06,326,278,5,205.91,1029.55
2344,2025-06-09,471,256,5,127.97,639.85
2344,2025-06-09,471,346,4,30.32,121.28
2345,2025-07-17,495,325,5,281.87,1409.35
2345,2025-07-17,495,61,1,351.5,351.5
2345,2025-07-17,495,451,2,117.67,235.34
2346,2025-01-10,180,379,2,183.38,366.76
2346,2025-01-10,180,221,1,109.17,109.17
2347,2025-06-07,468,388,4,317.72,1270.88
2347,2025-06-07,468,24,2,330.39,660.78
2348,2025-08-16,593,422,1,82.75,82.75
2348,2025-08-16,593,104,1,157.58,157.58
2348,2025-08-16,593,257,5,265.71,1328.55
2349,2025-11-24,204,367,2,394.98,789.96
2349,2025-11-24,204,54,3,221.51,664.53
2350,2025-06-21,661,209,4,148.45,593.80
2350,2025-06-21,661,362,4,299.76,1199.04
2351,2025-08-18,63,183,1,448.54,448.54
2352,2025-09-11,997,323,1,299.85,299.85
2353,2025-04-21,401,143,1,472.35,472.35
2353,2025-04-21,401,406,2,438.28,876.56
2354,2025-05-25,318,389,3,74.31,222.93
2354,2025-05-25,318,9,4,217.36,869.44
2355,2025-06-06,182,122,5,459.94,2299.70
2356,2025-01-02,306,492,3,449.67,1349.01
2356,2025-01-02,306,444,5,231.57,1157.85
2356,2025-01-02,306,105,1,58.1,58.1
2357,2025-11-06,752,86,3,444.15,1332.45
2358,2025-05-10,364,295,1,130.26,130.26
2359,2025-08-27,331,469,2,103.95,207.90
2359,2025-08-27,331,426,3,82.52,247.56
2360,2025-11-28,319,440,3,475.31,1425.93
2360,2025-11-28,319,314,1,239.74,239.74
2360,2025-11-28,319,366,2,223.44,446.88
2361,2025-12-02,660,278,5,205.91,1029.55
2362,2025-10-11,906,184,1,72.35,72.35
2362,2025-10-11,906,330,5,217.0,1085.0
2363,2025-10-21,519,472,4,46.16,184.64
2363,2025-10-21,519,157,3,33.43,100.29
2364,2025-09-30,34,272,5,352.7,1763.5
2364,2025-09-30,34,381,2,313.66,627.32
2365,2025-05-04,462,450,1,101.99,101.99
2366,2025-07-25,910,429,5,309.42,1547.10
2366,2025-07-25,910,12,1,100.62,100.62
2366,2025-07-25,910,317,4,37.27,149.08
2367,2025-07-02,100,431,2,141.89,283.78
2368,2025-03-28,532,151,1,496.87,496.87
2368,2025-03-28,532,240,2,102.23,204.46
2368,2025-03-28,532,288,5,55.84,279.20
2369,2025-01-25,338,78,2,376.98,753.96
2370,2025-04-04,143,26,5,376.51,1882.55
2370,2025-04-04,143,34,5,401.45,2007.25
2371,2025-02-03,992,18,1,298.7,298.7
2371,2025-02-03,992,417,4,148.93,595.72
2371,2025-02-03,992,445,3,485.73,1457.19
2372,2025-03-15,802,65,1,430.11,430.11
2372,2025-03-15,802,29,2,178.91,357.82
2372,2025-03-15,802,72,3,409.92,1229.76
2373,2025-08-20,154,203,3,98.55,295.65
2373,2025-08-20,154,204,5,296.2,1481.0
2374,2025-03-16,426,158,4,373.08,1492.32
2374,2025-03-16,426,143,1,472.35,472.35
2375,2025-07-10,671,397,3,160.06,480.18
2375,2025-07-10,671,163,1,186.78,186.78
2376,2025-11-15,48,33,2,194.9,389.8
2376,2025-11-15,48,489,4,52.69,210.76
2376,2025-11-15,48,20,4,478.78,1915.12
2377,2025-11-15,36,375,5,445.17,2225.85
2377,2025-11-15,36,483,4,192.76,771.04
2378,2025-02-17,818,236,1,469.19,469.19
2379,2025-10-02,704,83,2,322.41,644.82
2380,2025-12-20,801,300,4,119.77,479.08
2381,2024-12-26,30,35,3,246.38,739.14
2381,2024-12-26,30,124,2,225.92,451.84
2381,2024-12-26,30,176,4,288.86,1155.44
2382,2025-10-26,102,334,3,134.61,403.83
2382,2025-10-26,102,480,1,172.26,172.26
2382,2025-10-26,102,429,3,309.42,928.26
2383,2025-10-28,893,281,2,115.36,230.72
2383,2025-10-28,893,23,4,412.11,1648.44
2383,2025-10-28,893,447,2,376.57,753.14
2384,2025-05-10,28,145,3,20.33,60.99
2385,2025-04-28,209,149,1,57.41,57.41
2385,2025-04-28,209,324,3,113.76,341.28
2385,2025-04-28,209,339,3,247.5,742.5
2386,2025-04-02,638,199,4,286.28,1145.12
2386,2025-04-02,638,167,4,224.17,896.68
2387,2025-06-29,468,462,1,412.76,412.76
2388,2025-07-02,385,373,4,282.2,1128.8
2388,2025-07-02,385,378,2,428.55,857.10
2389,2025-11-08,844,80,3,293.7,881.1
2390,2025-02-10,602,54,5,221.51,1107.55
2390,2025-02-10,602,33,4,194.9,779.6
2391,2025-02-16,370,453,1,236.71,236.71
2392,2025-06-27,438,200,5,275.47,1377.35
2393,2025-09-19,699,428,5,358.4,1792.0
2393,2025-09-19,699,140,4,187.49,749.96
2394,2025-12-20,47,258,5,77.66,388.30
2394,2025-12-20,47,490,3,476.01,1428.03
2394,2025-12-20,47,296,2,215.06,430.12
2395,2025-07-19,640,345,4,210.38,841.52
2395,2025-07-19,640,399,2,53.46,106.92
2396,2025-05-29,359,215,4,33.6,134.4
2396,2025-05-29,359,362,2,299.76,599.52
2397,2025-07-15,176,202,4,141.74,566.96
2398,2025-05-19,381,455,2,276.92,553.84
2399,2025-07-28,936,288,3,55.84,167.52
2399,2025-07-28,936,342,3,478.74,1436.22
2400,2025-07-20,19,478,2,68.54,137.08
2401,2025-06-03,339,409,5,31.26,156.30
2401,2025-06-03,339,489,3,52.69,158.07
2402,2025-01-25,65,381,3,313.66,940.98
2402,2025-01-25,65,375,3,445.17,1335.51
2402,2025-01-25,65,369,2,67.55,135.10
2403,2025-12-21,603,360,2,483.09,966.18
2404,2025-06-25,784,395,4,171.83,687.32
2404,2025-06-25,784,298,1,204.65,204.65
2405,2025-07-28,224,475,2,118.44,236.88
2406,2025-06-02,450,77,4,270.23,1080.92
2406,2025-06-02,450,327,2,499.91,999.82
2407,2025-04-14,744,71,2,268.41,536.82
2407,2025-04-14,744,311,2,289.44,578.88
2408,2025-11-23,426,49,1,243.73,243.73
2408,2025-11-23,426,57,2,103.12,206.24
2409,2025-09-23,408,479,4,301.68,1206.72
2410,2025-07-25,416,448,2,149.05,298.10
2411,2025-02-11,803,130,1,252.98,252.98
2412,2025-10-16,281,50,5,166.56,832.80
2412,2025-10-16,281,491,4,474.71,1898.84
2413,2025-09-30,704,41,4,114.35,457.40
2413,2025-09-30,704,155,5,407.98,2039.90
2413,2025-09-30,704,243,1,457.3,457.3
2414,2025-08-14,341,406,3,438.28,1314.84
2414,2025-08-14,341,334,5,134.61,673.05
2415,2025-06-15,804,158,4,373.08,1492.32
2415,2025-06-15,804,212,5,122.95,614.75
2415,2025-06-15,804,457,3,320.53,961.59
2416,2025-11-15,641,327,5,499.91,2499.55
2416,2025-11-15,641,158,3,373.08,1119.24
2416,2025-11-15,641,453,2,236.71,473.42
2417,2025-07-18,361,148,4,445.16,1780.64
2418,2025-12-24,734,219,2,24.98,49.96
2419,2025-12-14,330,247,3,154.79,464.37
2420,2025-08-23,501,106,4,180.08,720.32
2420,2025-08-23,501,339,5,247.5,1237.5
2420,2025-08-23,501,334,3,134.61,403.83
2421,2025-07-01,606,25,3,250.93,752.79
2421,2025-07-01,606,467,3,363.53,1090.59
2421,2025-07-01,606,324,1,113.76,113.76
2422,2025-01-06,473,127,1,428.76,428.76
2422,2025-01-06,473,362,1,299.76,299.76
2423,2025-03-20,230,136,3,341.46,1024.38
2424,2025-04-09,790,421,4,320.48,1281.92
2424,2025-04-09,790,211,5,180.66,903.30
2425,2025-03-16,835,6,1,388.76,388.76
2425,2025-03-16,835,255,5,214.59,1072.95
2425,2025-03-16,835,231,1,241.46,241.46
2426,2025-12-13,912,348,4,231.55,926.20
2426,2025-12-13,912,357,4,147.52,590.08
2427,2025-07-14,967,49,5,243.73,1218.65
2428,2025-11-25,565,85,1,321.65,321.65
2429,2025-06-11,461,434,3,21.02,63.06
2430,2025-12-23,649,162,2,147.2,294.4
2430,2025-12-23,649,47,4,447.66,1790.64
2430,2025-12-23,649,142,1,240.49,240.49
2431,2025-06-19,86,180,4,179.99,719.96
2431,2025-06-19,86,500,5,455.95,2279.75
2431,2025-06-19,86,116,3,496.51,1489.53
2432,2025-08-04,66,300,1,119.77,119.77
2432,2025-08-04,66,167,4,224.17,896.68
2433,2025-09-04,405,457,2,320.53,641.06
2433,2025-09-04,405,439,5,18.16,90.80
2434,2025-12-19,13,271,5,185.88,929.40
2434,2025-12-19,13,151,3,496.87,1490.61
2435,2025-03-09,252,140,2,187.49,374.98
2435,2025-03-09,252,111,4,157.26,629.04
2436,2025-01-16,384,345,5,210.38,1051.90
2437,2025-11-11,264,224,3,321.92,965.76
2437,2025-11-11,264,465,1,313.64,313.64
2437,2025-11-11,264,305,3,70.29,210.87
2438,2025-03-11,661,3,5,498.69,2493.45
2439,2025-08-21,476,321,3,75.56,226.68
2439,2025-08-21,476,262,1,92.87,92.87
2440,2025-12-13,14,25,3,250.93,752.79
2440,2025-12-13,14,203,4,98.55,394.20
2441,2025-03-26,287,122,2,459.94,919.88
2441,2025-03-26,287,384,3,229.07,687.21
2442,2025-09-19,231,351,5,87.53,437.65
2443,2025-01-02,969,116,3,496.51,1489.53
2443,2025-01-02,969,61,3,351.5,1054.5
2443,2025-01-02,969,109,3,97.7,293.1
2444,2025-01-21,746,493,4,312.43,1249.72
2444,2025-01-21,746,52,5,420.33,2101.65
2445,2025-02-18,144,447,1,376.57,376.57
2445,2025-02-18,144,277,1,328.27,328.27
2446,2025-07-04,172,299,4,383.39,1533.56
2446,2025-07-04,172,285,2,447.68,895.36
2447,2025-10-04,641,150,3,72.4,217.2
2448,2025-08-15,350,7,2,359.69,719.38
2448,2025-08-15,350,35,4,246.38,985.52
2448,2025-08-15,350,48,2,228.85,457.70
2449,2025-08-04,621,236,4,469.19,1876.76
2449,2025-08-04,621,140,1,187.49,187.49
2449,2025-08-04,621,463,5,144.91,724.55
2450,2025-06-01,21,139,4,339.12,1356.48
2450,2025-06-01,21,418,4,35.93,143.72
2450,2025-06-01,21,31,4,485.56,1942.24
2451,2025-03-14,17,63,1,364.98,364.98
2452,2025-07-13,504,32,5,342.29,1711.45
2453,2025-12-01,752,489,2,52.69,105.38
2453,2025-12-01,752,141,5,448.09,2240.45
2453,2025-12-01,752,1,5,80.6,403.0
2454,2025-08-26,240,299,5,383.39,1916.95
2454,2025-08-26,240,224,4,321.92,1287.68
2455,2025-09-01,32,45,4,250.68,1002.72
2455,2025-09-01,32,431,2,141.89,283.78
2456,2025-08-12,736,412,4,407.79,1631.16
2457,2025-09-07,640,136,4,341.46,1365.84
2457,2025-09-07,640,474,4,33.57,134.28
2457,2025-09-07,640,175,3,471.13,1413.39
2458,2025-12-04,809,447,1,376.57,376.57
2458,2025-12-04,809,436,2,472.16,944.32
2459,2025-02-08,368,254,5,463.64,2318.20
2459,2025-02-08,368,143,2,472.35,944.70
2460,2025-11-08,185,224,4,321.92,1287.68
2460,2025-11-08,185,429,4,309.42,1237.68
2460,2025-11-08,185,72,2,409.92,819.84
2461,2025-12-12,818,261,5,184.06,920.30
2461,2025-12-12,818,212,3,122.95,368.85
2462,2025-02-14,813,497,1,482.27,482.27
2462,2025-02-14,813,499,3,230.52,691.56
2463,2025-11-10,629,398,2,71.83,143.66
2463,2025-11-10,629,168,2,347.07,694.14
2464,2025-04-02,302,276,3,258.44,775.32
2464,2025-04-02,302,177,2,184.9,369.8
2465,2025-07-09,315,49,1,243.73,243.73
2465,2025-07-09,315,232,5,59.52,297.60
2465,2025-07-09,315,107,5,167.97,839.85
2466,2025-03-24,650,30,4,152.14,608.56
2466,2025-03-24,650,235,3,72.25,216.75
2467,2025-12-14,141,58,3,16.96,50.88
2467,2025-12-14,141,157,5,33.43,167.15
2468,2025-08-28,763,343,3,240.99,722.97
2468,2025-08-28,763,422,5,82.75,413.75
2469,2025-06-12,997,53,2,485.1,970.2
2470,2025-10-18,972,458,1,257.33,257.33
2470,2025-10-18,972,309,5,50.9,254.5
2470,2025-10-18,972,46,4,392.38,1569.52
2471,2025-07-18,288,443,1,255.06,255.06
2472,2025-01-27,255,10,5,248.75,1243.75
2473,2025-04-05,458,205,1,145.68,145.68
2474,2025-03-05,9,290,4,450.86,1803.44
2474,2025-03-05,9,147,2,55.32,110.64
2474,2025-03-05,9,56,3,278.79,836.37
2475,2025-10-23,569,376,5,167.79,838.95
2475,2025-10-23,569,237,1,242.96,242.96
2476,2025-06-24,878,239,5,469.38,2346.90
2477,2024-12-31,24,280,1,13.76,13.76
2477,2024-12-31,24,136,3,341.46,1024.38
2477,2024-12-31,24,109,5,97.7,488.5
2478,2025-12-25,474,193,2,250.13,500.26
2479,2025-07-17,85,391,1,325.16,325.16
2480,2025-03-16,199,149,2,57.41,114.82
2481,2025-01-17,939,422,1,82.75,82.75
2482,2025-10-19,963,472,1,46.16,46.16
2482,2025-10-19,963,80,1,293.7,293.7
2482,2025-10-19,963,21,2,141.16,282.32
2483,2025-04-19,89,182,3,496.05,1488.15
2484,2025-02-01,682,468,1,253.58,253.58
2484,2025-02-01,682,485,1,492.14,492.14
2485,2025-05-29,813,77,4,270.23,1080.92
2485,2025-05-29,813,196,4,305.3,1221.2
2486,2025-02-26,821,101,1,35.41,35.41
2486,2025-02-26,821,320,5,322.83,1614.15
2486,2025-02-26,821,35,5,246.38,1231.90
2487,2025-05-27,923,355,1,208.41,208.41
2487,2025-05-27,923,239,2,469.38,938.76
2487,2025-05-27,923,344,1,177.16,177.16
2488,2025-06-11,520,200,4,275.47,1101.88
2488,2025-06-11,520,429,2,309.42,618.84
2488,2025-06-11,520,305,1,70.29,70.29
2489,2025-09-26,484,169,3,460.43,1381.29
2489,2025-09-26,484,417,1,148.93,148.93
2490,2025-05-10,807,273,2,54.12,108.24
2491,2025-04-19,182,410,1,400.18,400.18
2492,2025-07-18,731,179,2,153.54,307.08
2492,2025-07-18,731,215,2,33.6,67.2
2492,2025-07-18,731,127,5,428.76,2143.80
2493,2025-04-07,218,19,4,144.77,579.08
2493,2025-04-07,218,384,4,229.07,916.28
2493,2025-04-07,218,177,2,184.9,369.8
2494,2025-01-22,371,171,1,350.16,350.16
2494,2025-01-22,371,164,1,310.9,310.9
2495,2025-09-11,148,132,1,305.92,305.92
2495,2025-09-11,148,434,2,21.02,42.04
2496,2025-03-25,429,483,1,192.76,192.76
2496,2025-03-25,429,433,2,389.95,779.90
2496,2025-03-25,429,253,5,358.42,1792.10
2497,2025-03-10,729,384,4,229.07,916.28
2497,2025-03-10,729,322,5,417.63,2088.15
2498,2025-06-29,557,419,3,54.3,162.9
2499,2025-04-11,691,330,1,217.0,217.0
2500,2025-08-26,905,341,4,51.61,206.44
2500,2025-08-26,905,392,1,141.55,141.55
2500,2025-08-26,905,464,4,267.75,1071.00
2501,2025-06-09,557,20,4,478.78,1915.12
2501,2025-06-09,557,24,5,330.39,1651.95
2502,2025-07-23,983,476,1,131.18,131.18
2503,2025-09-03,469,271,2,185.88,371.76
2503,2025-09-03,469,287,5,291.36,1456.80
2504,2025-03-15,433,462,2,412.76,825.52
2505,2025-07-01,824,150,3,72.4,217.2
2505,2025-07-01,824,365,4,459.25,1837.00
2506,2025-02-23,866,257,4,265.71,1062.84
2506,2025-02-23,866,26,3,376.51,1129.53
2506,2025-02-23,866,459,4,223.31,893.24
2507,2025-04-28,713,86,5,444.15,2220.75
2508,2025-08-23,634,417,4,148.93,595.72
2509,2025-08-04,53,404,4,153.82,615.28
2509,2025-08-04,53,62,3,245.04,735.12
2509,2025-08-04,53,385,2,391.11,782.22
2510,2025-03-10,783,414,4,307.45,1229.80
2510,2025-03-10,783,195,5,494.68,2473.40
2511,2025-01-20,586,460,5,313.84,1569.20
2511,2025-01-20,586,262,5,92.87,464.35
2511,2025-01-20,586,15,1,182.7,182.7
2512,2025-11-27,223,278,3,205.91,617.73
2513,2025-04-28,450,339,1,247.5,247.5
2513,2025-04-28,450,171,4,350.16,1400.64
2514,2025-04-19,371,100,2,220.87,441.74
2514,2025-04-19,371,39,2,154.19,308.38
2514,2025-04-19,371,272,3,352.7,1058.1
2515,2025-01-09,86,187,3,319.82,959.46
2515,2025-01-09,86,330,3,217.0,651.0
2516,2025-06-04,721,362,3,299.76,899.28
2517,2025-09-23,927,481,3,163.42,490.26
2517,2025-09-23,927,301,1,274.15,274.15
2518,2025-09-29,265,364,2,84.82,169.64
2519,2025-09-29,282,129,4,119.27,477.08
2519,2025-09-29,282,364,3,84.82,254.46
2519,2025-09-29,282,89,5,349.52,1747.60
2520,2024-12-30,117,350,1,30.8,30.8
2520,2024-12-30,117,340,4,46.68,186.72
2521,2025-11-24,158,322,3,417.63,1252.89
2521,2025-11-24,158,472,5,46.16,230.80
2522,2025-09-03,773,436,5,472.16,2360.80
2522,2025-09-03,773,147,3,55.32,165.96
2522,2025-09-03,773,42,4,39.02,156.08
2523,2025-08-31,662,298,1,204.65,204.65
2523,2025-08-31,662,108,3,393.46,1180.38
2524,2025-08-06,41,336,2,381.71,763.42
2525,2025-05-01,686,121,2,492.6,985.2
2525,2025-05-01,686,38,3,447.83,1343.49
2525,2025-05-01,686,266,1,468.09,468.09
2526,2025-05-15,891,83,4,322.41,1289.64
2527,2025-04-12,999,6,2,388.76,777.52
2527,2025-04-12,999,96,2,5.28,10.56
2527,2025-04-12,999,372,2,20.55,41.10
2528,2025-05-22,904,198,3,373.73,1121.19
2528,2025-05-22,904,194,4,447.89,1791.56
2528,2025-05-22,904,65,4,430.11,1720.44
2529,2025-11-01,807,69,5,340.46,1702.30
2529,2025-11-01,807,311,1,289.44,289.44
2530,2025-09-30,590,474,4,33.57,134.28
2530,2025-09-30,590,33,3,194.9,584.7
2531,2025-02-03,277,264,5,245.93,1229.65
2532,2025-01-04,271,67,5,301.26,1506.30
2533,2025-01-26,800,274,4,56.74,226.96
2534,2025-05-03,835,472,2,46.16,92.32
2535,2025-12-15,277,1,4,80.6,322.4
2536,2025-03-10,508,130,2,252.98,505.96
2536,2025-03-10,508,43,1,278.89,278.89
2537,2025-04-14,37,179,2,153.54,307.08
2538,2025-10-15,332,450,2,101.99,203.98
2539,2025-05-26,71,35,1,246.38,246.38
2540,2025-12-03,726,340,3,46.68,140.04
2541,2025-12-19,756,284,3,165.79,497.37
2542,2025-10-20,767,433,2,389.95,779.90
2542,2025-10-20,767,249,5,492.22,2461.10
2543,2025-10-02,30,289,5,150.72,753.60
2543,2025-10-02,30,424,3,321.07,963.21
2543,2025-10-02,30,354,2,78.8,157.6
2544,2025-07-22,681,42,1,39.02,39.02
2544,2025-07-22,681,428,1,358.4,358.4
2544,2025-07-22,681,154,4,434.3,1737.2
2545,2025-05-30,94,201,2,437.71,875.42
2545,2025-05-30,94,337,1,206.67,206.67
2546,2025-08-12,822,71,1,268.41,268.41
2546,2025-08-12,822,233,1,230.37,230.37
2546,2025-08-12,822,353,4,272.7,1090.8
2547,2025-09-08,999,404,3,153.82,461.46
2548,2025-01-12,149,260,3,39.69,119.07
2548,2025-01-12,149,154,4,434.3,1737.2
2549,2025-08-29,873,131,2,398.64,797.28
2549,2025-08-29,873,100,3,220.87,662.61
2549,2025-08-29,873,309,2,50.9,101.8
2550,2025-04-20,89,445,3,485.73,1457.19
2550,2025-04-20,89,197,2,195.32,390.64
2550,2025-04-20,89,305,2,70.29,140.58
2551,2024-12-27,678,464,1,267.75,267.75
2552,2025-05-02,211,268,1,164.18,164.18
2552,2025-05-02,211,234,4,6.55,26.20
2553,2025-08-04,864,108,2,393.46,786.92
2554,2025-01-24,333,329,2,374.27,748.54
2554,2025-01-24,333,127,4,428.76,1715.04
2555,2025-12-26,521,385,5,391.11,1955.55
2555,2025-12-26,521,402,4,341.36,1365.44
2555,2025-12-26,521,103,4,239.95,959.80
2556,2025-03-28,14,298,3,204.65,613.95
2556,2025-03-28,14,76,3,445.17,1335.51
2557,2025-08-28,34,162,1,147.2,147.2
2557,2025-08-28,34,75,2,131.43,262.86
2557,2025-08-28,34,187,1,319.82,319.82
2558,2025-06-27,802,35,5,246.38,1231.90
2558,2025-06-27,802,202,5,141.74,708.70
2558,2025-06-27,802,430,5,275.12,1375.60
2559,2025-07-01,95,49,4,243.73,974.92
2560,2025-10-28,967,159,4,372.6,1490.4
2560,2025-10-28,967,112,5,242.9,1214.5
2560,2025-10-28,967,321,4,75.56,302.24
2561,2025-05-21,949,79,4,139.58,558.32
2561,2025-05-21,949,12,5,100.62,503.10
2562,2025-07-21,604,272,5,352.7,1763.5
2562,2025-07-21,604,413,1,496.98,496.98
2563,2025-01-20,263,264,3,245.93,737.79
2563,2025-01-20,263,419,5,54.3,271.5
2563,2025-01-20,263,188,4,443.19,1772.76
2564,2025-03-10,149,204,1,296.2,296.2
2564,2025-03-10,149,299,5,383.39,1916.95
2564,2025-03-10,149,272,4,352.7,1410.8
2565,2025-02-21,708,432,3,117.54,352.62
2565,2025-02-21,708,122,2,459.94,919.88
2566,2025-08-10,274,188,2,443.19,886.38
2567,2025-09-04,913,480,2,172.26,344.52
2567,2025-09-04,913,149,4,57.41,229.64
2568,2025-05-07,676,198,5,373.73,1868.65
2569,2025-11-22,90,53,4,485.1,1940.4
2569,2025-11-22,90,240,1,102.23,102.23
2570,2025-03-05,573,412,3,407.79,1223.37
2571,2025-03-01,722,217,5,110.51,552.55
2572,2025-02-28,550,46,2,392.38,784.76
2572,2025-02-28,550,246,3,426.74,1280.22
2572,2025-02-28,550,66,3,211.47,634.41
2573,2025-05-27,568,322,3,417.63,1252.89
2574,2025-11-12,266,54,2,221.51,443.02
2574,2025-11-12,266,414,2,307.45,614.90
2574,2025-11-12,266,285,3,447.68,1343.04
2575,2025-10-05,304,168,1,347.07,347.07
2575,2025-10-05,304,185,2,335.4,670.8
2576,2025-08-17,564,280,4,13.76,55.04
2576,2025-08-17,564,353,2,272.7,545.4
2577,2025-09-11,457,24,5,330.39,1651.95
2577,2025-09-11,457,104,1,157.58,157.58
2577,2025-09-11,457,171,5,350.16,1750.80
2578,2025-07-22,719,475,4,118.44,473.76
2578,2025-07-22,719,432,5,117.54,587.70
2578,2025-07-22,719,44,3,439.63,1318.89
2579,2025-07-24,489,215,2,33.6,67.2
2580,2025-05-07,345,90,1,414.87,414.87
2580,2025-05-07,345,263,2,157.37,314.74
2581,2025-01-17,174,239,4,469.38,1877.52
2581,2025-01-17,174,440,2,475.31,950.62
2581,2025-01-17,174,247,4,154.79,619.16
2582,2025-11-16,497,340,2,46.68,93.36
2582,2025-11-16,497,451,2,117.67,235.34
2582,2025-11-16,497,94,3,295.93,887.79
2583,2025-02-03,484,119,2,244.81,489.62
2584,2024-12-28,995,460,4,313.84,1255.36
2584,2024-12-28,995,32,3,342.29,1026.87
2584,2024-12-28,995,474,5,33.57,167.85
2585,2025-07-10,737,80,5,293.7,1468.5
2585,2025-07-10,737,23,3,412.11,1236.33
2585,2025-07-10,737,118,5,116.6,583.0
2586,2025-03-19,743,77,4,270.23,1080.92
2587,2025-06-27,414,57,5,103.12,515.60
2587,2025-06-27,414,142,3,240.49,721.47
2587,2025-06-27,414,212,5,122.95,614.75
2588,2025-07-03,591,276,1,258.44,258.44
2588,2025-07-03,591,215,1,33.6,33.6
2588,2025-07-03,591,438,5,161.16,805.80
2589,2025-04-22,512,39,5,154.19,770.95
2589,2025-04-22,512,402,5,341.36,1706.80
2589,2025-04-22,512,101,4,35.41,141.64
2590,2025-09-23,29,37,4,37.4,149.6
2590,2025-09-23,29,260,2,39.69,79.38
2591,2025-03-20,555,432,1,117.54,117.54
2591,2025-03-20,555,425,3,165.2,495.6
2592,2025-04-05,558,489,1,52.69,52.69
2593,2025-06-07,385,150,2,72.4,144.8
2593,2025-06-07,385,331,2,321.18,642.36
2594,2025-03-20,797,315,5,398.86,1994.30
2594,2025-03-20,797,282,3,332.62,997.86
2594,2025-03-20,797,64,5,491.55,2457.75
2595,2025-09-11,148,226,1,285.54,285.54
2595,2025-09-11,148,80,2,293.7,587.4
2596,2025-09-08,219,234,4,6.55,26.20
2597,2025-10-18,788,495,1,295.22,295.22
2597,2025-10-18,788,265,5,86.31,431.55
2598,2025-03-13,558,95,4,394.98,1579.92
2598,2025-03-13,558,246,2,426.74,853.48
2598,2025-03-13,558,476,4,131.18,524.72
2599,2025-11-29,24,364,2,84.82,169.64
2599,2025-11-29,24,487,1,79.74,79.74
2600,2025-01-25,52,212,4,122.95,491.80
2600,2025-01-25,52,341,1,51.61,51.61
2601,2025-06-19,436,283,4,384.65,1538.60
2602,2025-08-10,662,390,4,40.96,163.84
2603,2025-03-05,374,318,5,12.28,61.40
2603,2025-03-05,374,330,2,217.0,434.0
2604,2025-12-09,109,323,2,299.85,599.70
2604,2025-12-09,109,424,3,321.07,963.21
2604,2025-12-09,109,101,4,35.41,141.64
2605,2025-01-12,148,414,3,307.45,922.35
2605,2025-01-12,148,488,4,209.37,837.48
2605,2025-01-12,148,188,4,443.19,1772.76
2606,2025-07-10,469,268,5,164.18,820.90
2607,2025-11-14,497,121,2,492.6,985.2
2607,2025-11-14,497,142,2,240.49,480.98
2608,2025-09-04,159,81,5,433.63,2168.15
2608,2025-09-04,159,234,4,6.55,26.20
2609,2025-11-19,829,487,3,79.74,239.22
2609,2025-11-19,829,157,1,33.43,33.43
2609,2025-11-19,829,261,2,184.06,368.12
2610,2025-01-31,966,309,3,50.9,152.7
2611,2025-03-03,775,403,2,215.58,431.16
2611,2025-03-03,775,219,2,24.98,49.96
2612,2025-06-22,502,318,5,12.28,61.40
2613,2025-06-18,6,191,4,246.88,987.52
2614,2025-05-07,465,87,1,480.44,480.44
2614,2025-05-07,465,73,1,25.92,25.92
2615,2025-08-17,820,142,5,240.49,1202.45
2616,2025-01-21,188,185,4,335.4,1341.6
2617,2025-09-10,345,361,5,365.74,1828.70
2617,2025-09-10,345,159,3,372.6,1117.8
2618,2025-12-12,134,347,5,138.42,692.10
2619,2025-12-18,35,460,1,313.84,313.84
2619,2025-12-18,35,135,5,220.51,1102.55
2620,2025-07-31,285,494,2,429.76,859.52
2620,2025-07-31,285,230,1,476.52,476.52
2620,2025-07-31,285,426,5,82.52,412.60
2621,2025-11-27,950,389,4,74.31,297.24
2621,2025-11-27,950,408,5,242.36,1211.80
2621,2025-11-27,950,163,5,186.78,933.90
2622,2025-09-10,141,473,3,341.31,1023.93
2622,2025-09-10,141,336,1,381.71,381.71
2623,2025-11-14,579,302,3,462.51,1387.53
2623,2025-11-14,579,244,5,478.82,2394.10
2623,2025-11-14,579,55,1,471.21,471.21
2624,2025-11-30,469,348,3,231.55,694.65
2625,2025-06-20,646,386,1,214.75,214.75
2625,2025-06-20,646,446,3,60.56,181.68
2626,2025-12-20,358,64,5,491.55,2457.75
2626,2025-12-20,358,318,1,12.28,12.28
2627,2025-10-26,242,57,5,103.12,515.60
2627,2025-10-26,242,211,1,180.66,180.66
2627,2025-10-26,242,411,4,147.7,590.8
2628,2025-04-22,829,106,2,180.08,360.16
2629,2025-11-14,294,165,4,78.9,315.6
2630,2025-09-28,840,30,2,152.14,304.28
2631,2025-09-28,430,86,5,444.15,2220.75
2631,2025-09-28,430,113,3,304.92,914.76
2632,2025-05-01,533,134,5,284.82,1424.10
2632,2025-05-01,533,286,2,46.15,92.30
2632,2025-05-01,533,174,3,314.06,942.18
2633,2025-03-19,776,432,2,117.54,235.08
2633,2025-03-19,776,332,3,258.46,775.38
2634,2025-12-12,385,183,5,448.54,2242.70
2635,2025-06-23,518,205,4,145.68,582.72
2635,2025-06-23,518,60,2,334.6,669.2
2635,2025-06-23,518,496,1,159.99,159.99
2636,2025-09-26,782,222,1,80.58,80.58
2637,2025-02-20,121,301,2,274.15,548.30
2638,2025-07-01,878,107,3,167.97,503.91
2639,2025-11-21,544,42,4,39.02,156.08
2639,2025-11-21,544,156,3,182.35,547.05
2640,2025-11-19,488,398,1,71.83,71.83
2641,2025-07-30,382,157,1,33.43,33.43
2642,2025-07-25,904,254,1,463.64,463.64
2643,2025-03-28,238,331,3,321.18,963.54
2643,2025-03-28,238,208,1,438.21,438.21
2644,2025-12-24,350,214,4,298.33,1193.32
2645,2025-07-05,196,19,3,144.77,434.31
2646,2025-10-22,827,68,3,57.36,172.08
2646,2025-10-22,827,491,3,474.71,1424.13
2646,2025-10-22,827,305,1,70.29,70.29
2647,2025-09-06,678,37,1,37.4,37.4
2648,2025-01-24,12,466,5,477.28,2386.40
2648,2025-01-24,12,119,5,244.81,1224.05
2648,2025-01-24,12,432,1,117.54,117.54
2649,2025-03-07,954,389,1,74.31,74.31
2650,2025-05-19,20,174,4,314.06,1256.24
2650,2025-05-19,20,314,4,239.74,958.96
2651,2025-06-16,459,178,1,65.82,65.82
2652,2025-05-09,337,329,4,374.27,1497.08
2652,2025-05-09,337,158,4,373.08,1492.32
2653,2025-12-11,997,227,1,94.86,94.86
2653,2025-12-11,997,392,2,141.55,283.10
2653,2025-12-11,997,23,2,412.11,824.22
2654,2025-08-11,179,259,4,131.5,526.0
2655,2025-07-21,401,49,5,243.73,1218.65
2656,2025-09-04,570,245,3,258.08,774.24
2657,2025-11-25,343,105,4,58.1,232.4
2657,2025-11-25,343,333,2,312.24,624.48
2657,2025-11-25,343,123,3,165.07,495.21
2658,2025-10-27,905,207,3,68.3,204.9
2658,2025-10-27,905,80,1,293.7,293.7
2659,2025-10-20,530,226,4,285.54,1142.16
2659,2025-10-20,530,362,4,299.76,1199.04
2659,2025-10-20,530,407,1,325.42,325.42
2660,2025-09-14,532,211,4,180.66,722.64
2661,2025-01-14,878,316,3,285.22,855.66
2662,2025-06-23,363,296,4,215.06,860.24
2662,2025-06-23,363,192,3,319.33,957.99
2663,2024-12-29,214,151,5,496.87,2484.35
2664,2025-06-25,801,101,2,35.41,70.82
2664,2025-06-25,801,105,2,58.1,116.2
2664,2025-06-25,801,350,5,30.8,154.0
2665,2025-01-14,199,426,3,82.52,247.56
2665,2025-01-14,199,421,4,320.48,1281.92
2665,2025-01-14,199,306,3,390.91,1172.73
2666,2025-11-02,838,407,2,325.42,650.84
2666,2025-11-02,838,462,1,412.76,412.76
2666,2025-11-02,838,483,3,192.76,578.28
2667,2025-11-09,454,335,3,42.9,128.7
2667,2025-11-09,454,75,5,131.43,657.15
2667,2025-11-09,454,54,2,221.51,443.02
2668,2025-03-10,518,164,5,310.9,1554.5
2669,2025-04-06,743,18,3,298.7,896.1
2669,2025-04-06,743,162,4,147.2,588.8
2670,2025-06-10,659,123,1,165.07,165.07
2671,2025-01-19,369,20,3,478.78,1436.34
2671,2025-01-19,369,119,4,244.81,979.24
2672,2025-01-23,415,291,4,346.84,1387.36
2672,2025-01-23,415,439,3,18.16,54.48
2672,2025-01-23,415,352,2,164.03,328.06
2673,2025-08-17,8,421,4,320.48,1281.92
2673,2025-08-17,8,70,5,24.04,120.20
2674,2025-05-13,801,179,1,153.54,153.54
2675,2025-07-13,417,261,4,184.06,736.24
2675,2025-07-13,417,143,4,472.35,1889.40
2675,2025-07-13,417,337,2,206.67,413.34
2676,2025-08-10,480,410,3,400.18,1200.54
2676,2025-08-10,480,394,4,348.1,1392.4
2677,2025-10-30,235,374,4,335.47,1341.88
2678,2025-07-25,293,172,5,250.68,1253.40
2679,2025-11-16,732,266,2,468.09,936.18
2679,2025-11-16,732,467,4,363.53,1454.12
2680,2025-05-24,224,349,1,173.73,173.73
2681,2025-02-23,48,433,4,389.95,1559.80
2682,2025-10-26,106,268,5,164.18,820.90
2682,2025-10-26,106,237,3,242.96,728.88
2682,2025-10-26,106,240,1,102.23,102.23
2683,2025-04-09,493,176,1,288.86,288.86
2683,2025-04-09,493,50,1,166.56,166.56
2684,2025-05-09,685,329,1,374.27,374.27
2684,2025-05-09,685,15,5,182.7,913.5
2685,2025-12-20,138,162,4,147.2,588.8
2686,2025-07-25,635,52,4,420.33,1681.32
2686,2025-07-25,635,465,2,313.64,627.28
2687,2025-07-18,398,311,3,289.44,868.32
2687,2025-07-18,398,47,5,447.66,2238.30
2688,2025-08-04,724,134,5,284.82,1424.10
2688,2025-08-04,724,227,5,94.86,474.30
2689,2025-09-30,483,152,1,39.12,39.12
2690,2025-11-01,772,217,4,110.51,442.04
2690,2025-11-01,772,122,4,459.94,1839.76
2690,2025-11-01,772,23,2,412.11,824.22
2691,2025-03-29,944,340,5,46.68,233.40
2691,2025-03-29,944,436,4,472.16,1888.64
2692,2025-02-06,644,427,2,410.44,820.88
2693,2025-12-14,761,211,2,180.66,361.32
2693,2025-12-14,761,475,5,118.44,592.20
2693,2025-12-14,761,401,3,341.45,1024.35
2694,2025-01-20,479,51,2,108.84,217.68
2695,2025-06-03,18,244,3,478.82,1436.46
2696,2025-08-08,454,469,2,103.95,207.90
2697,2025-12-20,740,342,2,478.74,957.48
2697,2025-12-20,740,266,1,468.09,468.09
2698,2025-09-08,461,376,4,167.79,671.16
2699,2025-05-25,81,124,2,225.92,451.84
2700,2025-04-15,458,419,5,54.3,271.5
2701,2025-07-01,190,39,4,154.19,616.76
2701,2025-07-01,190,175,4,471.13,1884.52
2702,2025-06-11,373,492,3,449.67,1349.01
2702,2025-06-11,373,457,4,320.53,1282.12
2703,2025-07-03,372,286,4,46.15,184.60
2704,2025-09-20,798,337,1,206.67,206.67
2704,2025-09-20,798,294,2,41.14,82.28
2704,2025-09-20,798,283,5,384.65,1923.25
2705,2025-03-19,855,54,4,221.51,886.04
2705,2025-03-19,855,145,3,20.33,60.99
2705,2025-03-19,855,416,5,70.38,351.90
2706,2025-05-23,735,311,2,289.44,578.88
2706,2025-05-23,735,384,1,229.07,229.07
2707,2025-06-27,493,312,1,333.94,333.94
2708,2025-01-23,37,311,2,289.44,578.88
2709,2025-08-07,318,406,5,438.28,2191.40
2709,2025-08-07,318,74,5,352.49,1762.45
2710,2025-03-01,614,259,3,131.5,394.5
2710,2025-03-01,614,182,1,496.05,496.05
2710,2025-03-01,614,85,2,321.65,643.30
2711,2025-05-28,259,7,4,359.69,1438.76
2712,2025-07-13,807,431,1,141.89,141.89
2712,2025-07-13,807,308,2,241.52,483.04
2712,2025-07-13,807,398,5,71.83,359.15
2713,2025-11-14,271,62,3,245.04,735.12
2714,2025-06-02,266,86,2,444.15,888.30
2714,2025-06-02,266,440,2,475.31,950.62
2714,2025-06-02,266,288,3,55.84,167.52
2715,2025-07-12,506,64,3,491.55,1474.65
2716,2025-02-21,913,452,1,46.98,46.98
2716,2025-02-21,913,351,4,87.53,350.12
2717,2025-06-11,614,499,4,230.52,922.08
2718,2025-02-21,948,264,4,245.93,983.72
2719,2025-01-30,187,249,4,492.22,1968.88
2720,2025-09-01,951,241,3,269.46,808.38
2721,2025-01-24,425,110,2,443.77,887.54
2721,2025-01-24,425,13,4,412.47,1649.88
2722,2025-10-25,810,273,4,54.12,216.48
2722,2025-10-25,810,472,3,46.16,138.48
2723,2025-02-21,864,438,4,161.16,644.64
2724,2025-04-16,680,434,1,21.02,21.02
2725,2025-06-25,691,7,4,359.69,1438.76
2725,2025-06-25,691,223,2,77.6,155.2
2726,2025-11-11,638,30,5,152.14,760.70
2726,2025-11-11,638,103,5,239.95,1199.75
2727,2025-07-06,547,140,1,187.49,187.49
2728,2025-09-22,222,136,4,341.46,1365.84
2728,2025-09-22,222,454,2,64.77,129.54
2729,2025-03-05,666,56,5,278.79,1393.95
2729,2025-03-05,666,360,3,483.09,1449.27
2730,2025-06-14,386,273,5,54.12,270.60
2731,2025-07-01,598,333,1,312.24,312.24
2732,2025-11-25,514,283,2,384.65,769.30
2733,2025-05-31,418,77,5,270.23,1351.15
2733,2025-05-31,418,191,5,246.88,1234.40
2733,2025-05-31,418,231,5,241.46,1207.30
2734,2025-08-30,412,443,5,255.06,1275.30
2735,2025-12-10,120,138,3,444.05,1332.15
2735,2025-12-10,120,420,3,72.09,216.27
2736,2025-08-27,368,291,4,346.84,1387.36
2737,2025-05-09,615,378,5,428.55,2142.75
2737,2025-05-09,615,447,5,376.57,1882.85
2738,2025-04-10,782,446,2,60.56,121.12
2738,2025-04-10,782,60,1,334.6,334.6
2738,2025-04-10,782,150,4,72.4,289.6
2739,2025-07-15,330,190,4,72.61,290.44
2739,2025-07-15,330,299,1,383.39,383.39
2739,2025-07-15,330,90,4,414.87,1659.48
2740,2025-06-24,261,472,5,46.16,230.80
2741,2025-06-10,480,287,3,291.36,874.08
2742,2025-10-08,405,351,5,87.53,437.65
2742,2025-10-08,405,107,5,167.97,839.85
2743,2025-03-04,705,361,5,365.74,1828.70
2744,2024-12-26,406,177,5,184.9,924.5
2744,2024-12-26,406,345,4,210.38,841.52
2744,2024-12-26,406,250,1,202.45,202.45
2745,2025-12-14,596,258,4,77.66,310.64
2745,2025-12-14,596,179,1,153.54,153.54
2745,2025-12-14,596,50,1,166.56,166.56
2746,2025-06-12,162,201,3,437.71,1313.13
2747,2025-09-13,456,129,3,119.27,357.81
2747,2025-09-13,456,15,5,182.7,913.5
2748,2025-04-01,759,50,2,166.56,333.12
2748,2025-04-01,759,124,4,225.92,903.68
2749,2025-05-06,669,80,1,293.7,293.7
2750,2025-03-02,396,188,5,443.19,2215.95
2750,2025-03-02,396,44,3,439.63,1318.89
2750,2025-03-02,396,234,1,6.55,6.55
2751,2025-09-27,608,131,3,398.64,1195.92
2751,2025-09-27,608,69,1,340.46,340.46
2751,2025-09-27,608,251,5,152.34,761.70
2752,2025-05-01,437,95,1,394.98,394.98
2752,2025-05-01,437,74,1,352.49,352.49
2753,2025-07-03,691,176,3,288.86,866.58
2753,2025-07-03,691,94,3,295.93,887.79
2753,2025-07-03,691,336,1,381.71,381.71
2754,2025-01-15,941,47,1,447.66,447.66
2754,2025-01-15,941,318,5,12.28,61.40
2754,2025-01-15,941,278,4,205.91,823.64
2755,2025-09-16,814,495,4,295.22,1180.88
2756,2024-12-26,292,252,5,257.9,1289.5
2756,2024-12-26,292,13,5,412.47,2062.35
2756,2024-12-26,292,305,2,70.29,140.58
2757,2025-05-02,774,385,4,391.11,1564.44
2757,2025-05-02,774,30,4,152.14,608.56
2757,2025-05-02,774,380,3,276.01,828.03
2758,2025-12-24,475,270,4,396.51,1586.04
2758,2025-12-24,475,202,2,141.74,283.48
2759,2025-04-13,974,364,3,84.82,254.46
2760,2025-08-31,930,91,4,51.8,207.2
2760,2025-08-31,930,341,2,51.61,103.22
2761,2025-07-24,774,186,3,436.63,1309.89
2762,2025-01-13,217,196,5,305.3,1526.5
2762,2025-01-13,217,89,1,349.52,349.52
2762,2025-01-13,217,274,5,56.74,283.70
2763,2025-04-13,640,263,4,157.37,629.48
2763,2025-04-13,640,218,2,137.61,275.22
2763,2025-04-13,640,258,3,77.66,232.98
2764,2025-04-14,658,272,2,352.7,705.4
2765,2025-06-06,20,51,1,108.84,108.84
2765,2025-06-06,20,263,1,157.37,157.37
2765,2025-06-06,20,38,4,447.83,1791.32
2766,2025-09-16,782,115,5,365.14,1825.70
2766,2025-09-16,782,282,5,332.62,1663.10
2766,2025-09-16,782,55,5,471.21,2356.05
2767,2025-11-18,342,283,4,384.65,1538.60
2767,2025-11-18,342,259,4,131.5,526.0
2767,2025-11-18,342,231,4,241.46,965.84
2768,2025-10-24,634,59,1,418.89,418.89
2768,2025-10-24,634,272,1,352.7,352.7
2768,2025-10-24,634,48,2,228.85,457.70
2769,2025-12-26,408,1,1,80.6,80.6
2769,2025-12-26,408,285,4,447.68,1790.72
2770,2025-06-19,448,275,5,25.24,126.20
2770,2025-06-19,448,208,3,438.21,1314.63
2770,2025-06-19,448,310,5,151.31,756.55
2771,2025-11-02,689,302,2,462.51,925.02
2772,2025-02-13,934,362,3,299.76,899.28
2773,2025-07-19,667,441,5,34.49,172.45
2774,2025-10-25,357,226,4,285.54,1142.16
2775,2025-03-25,86,158,5,373.08,1865.40
2775,2025-03-25,86,317,4,37.27,149.08
2776,2025-09-14,114,481,4,163.42,653.68
2776,2025-09-14,114,487,2,79.74,159.48
2777,2025-03-30,812,424,2,321.07,642.14
2777,2025-03-30,812,472,5,46.16,230.80
2778,2025-03-04,930,75,2,131.43,262.86
2778,2025-03-04,930,392,5,141.55,707.75
2779,2025-10-01,436,386,4,214.75,859.00
2780,2025-01-08,745,61,3,351.5,1054.5
2781,2025-11-24,337,261,4,184.06,736.24
2782,2025-07-17,328,419,5,54.3,271.5
2782,2025-07-17,328,265,1,86.31,86.31
2783,2025-11-28,14,112,1,242.9,242.9
2783,2025-11-28,14,120,3,458.95,1376.85
2783,2025-11-28,14,476,3,131.18,393.54
2784,2025-08-04,640,23,2,412.11,824.22
2785,2025-08-26,175,208,3,438.21,1314.63
2786,2025-01-24,186,413,2,496.98,993.96
2786,2025-01-24,186,298,3,204.65,613.95
2787,2025-01-28,680,486,3,176.54,529.62
2788,2025-12-26,42,150,3,72.4,217.2
2788,2025-12-26,42,101,1,35.41,35.41
2789,2025-09-12,922,183,2,448.54,897.08
2789,2025-09-12,922,198,3,373.73,1121.19
2790,2025-09-18,68,66,1,211.47,211.47
2790,2025-09-18,68,199,4,286.28,1145.12
2791,2025-10-26,485,257,2,265.71,531.42
2791,2025-10-26,485,324,3,113.76,341.28
2791,2025-10-26,485,215,2,33.6,67.2
2792,2025-02-01,129,465,5,313.64,1568.20
2792,2025-02-01,129,343,5,240.99,1204.95
2792,2025-02-01,129,384,5,229.07,1145.35
2793,2025-07-29,479,373,5,282.2,1411.0
2794,2025-07-07,83,196,1,305.3,305.3
2794,2025-07-07,83,16,5,241.42,1207.10
2795,2025-07-07,85,22,4,420.77,1683.08
2795,2025-07-07,85,13,1,412.47,412.47
2796,2025-04-05,74,418,5,35.93,179.65
2796,2025-04-05,74,167,2,224.17,448.34
2797,2025-11-04,886,445,3,485.73,1457.19
2797,2025-11-04,886,34,1,401.45,401.45
2797,2025-11-04,886,397,1,160.06,160.06
2798,2025-06-23,283,266,3,468.09,1404.27
2799,2025-05-30,68,366,4,223.44,893.76
2799,2025-05-30,68,204,1,296.2,296.2
2799,2025-05-30,68,467,3,363.53,1090.59
2800,2025-02-23,665,80,3,293.7,881.1
2801,2025-09-09,338,94,5,295.93,1479.65
2801,2025-09-09,338,416,3,70.38,211.14
2802,2025-06-05,949,284,2,165.79,331.58
2802,2025-06-05,949,89,1,349.52,349.52
2802,2025-06-05,949,198,5,373.73,1868.65
2803,2025-12-16,451,39,1,154.19,154.19
2803,2025-12-16,451,289,1,150.72,150.72
2804,2025-03-16,106,262,2,92.87,185.74
2804,2025-03-16,106,349,4,173.73,694.92
2805,2025-08-24,850,23,3,412.11,1236.33
2806,2025-03-15,293,493,3,312.43,937.29
2807,2025-01-20,791,220,4,26.81,107.24
2807,2025-01-20,791,73,2,25.92,51.84
2807,2025-01-20,791,195,3,494.68,1484.04
2808,2025-10-19,546,54,2,221.51,443.02
2808,2025-10-19,546,19,3,144.77,434.31
2808,2025-10-19,546,71,3,268.41,805.23
2809,2025-10-31,47,190,3,72.61,217.83
2809,2025-10-31,47,396,1,56.06,56.06
2810,2025-04-14,654,291,5,346.84,1734.20
2811,2025-09-01,601,343,5,240.99,1204.95
2811,2025-09-01,601,180,5,179.99,899.95
2811,2025-09-01,601,93,5,101.41,507.05
2812,2025-06-08,534,484,3,497.12,1491.36
2812,2025-06-08,534,191,4,246.88,987.52
2813,2025-11-13,599,110,5,443.77,2218.85
2814,2025-05-25,376,164,2,310.9,621.8
2814,2025-05-25,376,117,1,142.82,142.82
2814,2025-05-25,376,264,2,245.93,491.86
2815,2024-12-31,276,39,3,154.19,462.57
2815,2024-12-31,276,68,4,57.36,229.44
2815,2024-12-31,276,459,3,223.31,669.93
2816,2025-02-04,832,444,1,231.57,231.57
2816,2025-02-04,832,326,3,211.81,635.43
2817,2025-08-18,317,330,2,217.0,434.0
2818,2025-01-29,283,166,3,212.49,637.47
2818,2025-01-29,283,495,3,295.22,885.66
2818,2025-01-29,283,60,2,334.6,669.2
2819,2025-01-07,101,444,2,231.57,463.14
2820,2024-12-30,644,242,1,35.44,35.44
2820,2024-12-30,644,479,1,301.68,301.68
2820,2024-12-30,644,403,3,215.58,646.74
2821,2025-05-25,881,471,2,327.77,655.54
2822,2025-04-07,971,32,2,342.29,684.58
2822,2025-04-07,971,36,3,12.2,36.6
2822,2025-04-07,971,462,1,412.76,412.76
2823,2025-06-19,341,170,5,40.78,203.90
2823,2025-06-19,341,177,5,184.9,924.5
2823,2025-06-19,341,175,1,471.13,471.13
2824,2025-12-08,969,234,5,6.55,32.75
2824,2025-12-08,969,157,4,33.43,133.72
2824,2025-12-08,969,141,5,448.09,2240.45
2825,2025-05-21,220,59,2,418.89,837.78
2826,2025-09-30,357,327,5,499.91,2499.55
2827,2025-09-25,459,308,4,241.52,966.08
2827,2025-09-25,459,219,3,24.98,74.94
2827,2025-09-25,459,191,5,246.88,1234.40
2828,2025-02-08,403,326,2,211.81,423.62
2828,2025-02-08,403,261,5,184.06,920.30
2829,2025-06-16,590,459,2,223.31,446.62
2829,2025-06-16,590,419,4,54.3,217.2
2830,2025-07-26,214,217,3,110.51,331.53
2831,2025-02-12,83,1,2,80.6,161.2
2831,2025-02-12,83,356,4,8.39,33.56
2831,2025-02-12,83,244,3,478.82,1436.46
2832,2025-08-19,562,293,3,131.93,395.79
2832,2025-08-19,562,290,5,450.86,2254.30
2832,2025-08-19,562,465,1,313.64,313.64
2833,2025-04-18,682,331,2,321.18,642.36
2833,2025-04-18,682,2,5,287.98,1439.90
2834,2025-09-15,313,321,5,75.56,377.80
2835,2025-08-28,108,264,3,245.93,737.79
2835,2025-08-28,108,391,4,325.16,1300.64
2835,2025-08-28,108,40,1,296.1,296.1
2836,2025-07-26,731,162,3,147.2,441.6
2837,2025-09-07,490,120,3,458.95,1376.85
2837,2025-09-07,490,465,3,313.64,940.92
2838,2025-03-22,792,396,2,56.06,112.12
2838,2025-03-22,792,269,4,302.11,1208.44
2839,2025-07-21,278,500,4,455.95,1823.80
2839,2025-07-21,278,219,2,24.98,49.96
2840,2025-02-03,707,157,4,33.43,133.72
2840,2025-02-03,707,494,3,429.76,1289.28
2840,2025-02-03,707,191,4,246.88,987.52
2841,2025-10-25,746,179,4,153.54,614.16
2841,2025-10-25,746,330,3,217.0,651.0
2842,2025-09-12,478,183,2,448.54,897.08
2842,2025-09-12,478,413,1,496.98,496.98
2843,2025-03-20,517,329,1,374.27,374.27
2843,2025-03-20,517,231,4,241.46,965.84
2843,2025-03-20,517,150,5,72.4,362.0
2844,2025-12-17,47,326,5,211.81,1059.05
2844,2025-12-17,47,133,2,261.96,523.92
2844,2025-12-17,47,274,5,56.74,283.70
2845,2025-07-10,277,445,4,485.73,1942.92
2846,2025-06-25,177,367,1,394.98,394.98
2846,2025-06-25,177,268,2,164.18,328.36
2847,2025-11-02,768,94,2,295.93,591.86
2847,2025-11-02,768,183,5,448.54,2242.70
2847,2025-11-02,768,494,1,429.76,429.76
2848,2025-09-10,777,474,1,33.57,33.57
2848,2025-09-10,777,469,5,103.95,519.75
2849,2025-11-04,10,58,1,16.96,16.96
2850,2025-09-09,302,48,4,228.85,915.40
2850,2025-09-09,302,241,4,269.46,1077.84
2851,2025-10-03,341,23,2,412.11,824.22
2852,2025-07-04,3,1,4,80.6,322.4
2852,2025-07-04,3,25,4,250.93,1003.72
2853,2025-04-06,737,125,2,265.17,530.34
2853,2025-04-06,737,40,2,296.1,592.2
2854,2025-08-18,528,131,3,398.64,1195.92
2855,2025-09-26,453,351,1,87.53,87.53
2855,2025-09-26,453,211,4,180.66,722.64
2856,2025-12-13,337,333,5,312.24,1561.20
2856,2025-12-13,337,260,1,39.69,39.69
2857,2025-12-09,609,55,4,471.21,1884.84
2857,2025-12-09,609,450,5,101.99,509.95
2857,2025-12-09,609,348,1,231.55,231.55
2858,2025-01-19,736,164,1,310.9,310.9
2858,2025-01-19,736,44,2,439.63,879.26
2858,2025-01-19,736,46,4,392.38,1569.52
2859,2025-01-26,821,355,3,208.41,625.23
2860,2025-01-08,43,428,1,358.4,358.4
2861,2025-05-15,942,263,5,157.37,786.85
2861,2025-05-15,942,172,5,250.68,1253.40
2862,2025-10-20,389,288,1,55.84,55.84
2862,2025-10-20,389,223,5,77.6,388.0
2863,2025-04-07,368,72,3,409.92,1229.76
2863,2025-04-07,368,414,5,307.45,1537.25
2864,2025-07-25,470,259,3,131.5,394.5
2865,2025-04-24,301,403,3,215.58,646.74
2865,2025-04-24,301,160,2,241.99,483.98
2865,2025-04-24,301,263,2,157.37,314.74
2866,2025-09-19,268,75,5,131.43,657.15
2866,2025-09-19,268,292,5,242.18,1210.90
2867,2025-08-09,510,461,2,224.53,449.06
2868,2025-10-18,338,133,4,261.96,1047.84
2868,2025-10-18,338,201,4,437.71,1750.84
2869,2025-06-05,133,401,1,341.45,341.45
2869,2025-06-05,133,169,3,460.43,1381.29
2869,2025-06-05,133,40,5,296.1,1480.5
2870,2025-11-12,682,487,3,79.74,239.22
2870,2025-11-12,682,104,1,157.58,157.58
2871,2025-11-22,908,174,2,314.06,628.12
2871,2025-11-22,908,265,1,86.31,86.31
2871,2025-11-22,908,328,1,50.89,50.89
2872,2025-06-16,819,235,1,72.25,72.25
2873,2025-04-24,235,10,4,248.75,995.00
2873,2025-04-24,235,284,2,165.79,331.58
2874,2025-01-09,90,252,1,257.9,257.9
2874,2025-01-09,90,126,2,41.18,82.36
2874,2025-01-09,90,153,2,210.94,421.88
2875,2025-11-27,452,201,2,437.71,875.42
2875,2025-11-27,452,298,4,204.65,818.60
2876,2025-05-17,606,338,5,243.62,1218.10
2876,2025-05-17,606,410,1,400.18,400.18
2876,2025-05-17,606,358,4,329.56,1318.24
2877,2025-04-12,661,204,4,296.2,1184.8
2877,2025-04-12,661,430,2,275.12,550.24
2877,2025-04-12,661,416,5,70.38,351.90
2878,2025-12-08,544,168,3,347.07,1041.21
2878,2025-12-08,544,323,3,299.85,899.55
2878,2025-12-08,544,364,4,84.82,339.28
2879,2025-09-27,449,385,3,391.11,1173.33
2880,2025-02-05,845,89,2,349.52,699.04
2880,2025-02-05,845,364,4,84.82,339.28
2880,2025-02-05,845,432,5,117.54,587.70
2881,2025-11-18,710,496,2,159.99,319.98
2881,2025-11-18,710,322,5,417.63,2088.15
2881,2025-11-18,710,148,5,445.16,2225.80
2882,2025-08-10,940,214,3,298.33,894.99
2882,2025-08-10,940,416,5,70.38,351.90
2883,2025-01-04,552,307,2,228.49,456.98
2883,2025-01-04,552,148,3,445.16,1335.48
2883,2025-01-04,552,364,1,84.82,84.82
2884,2025-10-23,825,430,3,275.12,825.36
2885,2025-01-03,69,479,3,301.68,905.04
2885,2025-01-03,69,91,1,51.8,51.8
2886,2025-11-03,593,387,2,280.52,561.04
2886,2025-11-03,593,258,2,77.66,155.32
2886,2025-11-03,593,458,1,257.33,257.33
2887,2025-05-11,941,380,3,276.01,828.03
2887,2025-05-11,941,238,4,472.08,1888.32
2887,2025-05-11,941,257,4,265.71,1062.84
2888,2025-02-20,457,211,2,180.66,361.32
2888,2025-02-20,457,275,1,25.24,25.24
2888,2025-02-20,457,375,2,445.17,890.34
2889,2025-05-30,292,321,1,75.56,75.56
2889,2025-05-30,292,82,1,349.97,349.97
2890,2025-09-24,602,493,4,312.43,1249.72
2890,2025-09-24,602,208,1,438.21,438.21
2891,2025-09-03,153,486,3,176.54,529.62
2891,2025-09-03,153,115,3,365.14,1095.42
2892,2025-02-05,982,49,5,243.73,1218.65
2893,2025-08-12,345,45,5,250.68,1253.40
2893,2025-08-12,345,105,4,58.1,232.4
2894,2025-12-15,793,357,5,147.52,737.60
2894,2025-12-15,793,152,1,39.12,39.12
2895,2025-01-05,580,310,3,151.31,453.93
2896,2025-06-05,350,178,5,65.82,329.10
2896,2025-06-05,350,492,2,449.67,899.34
2896,2025-06-05,350,319,5,453.23,2266.15
2897,2025-06-28,432,120,4,458.95,1835.80
2897,2025-06-28,432,351,3,87.53,262.59
2897,2025-06-28,432,414,5,307.45,1537.25
2898,2025-11-16,506,442,2,155.41,310.82
2898,2025-11-16,506,252,4,257.9,1031.6
2899,2025-12-08,191,10,3,248.75,746.25
2899,2025-12-08,191,187,3,319.82,959.46
2900,2025-09-21,73,40,4,296.1,1184.4
2901,2025-06-08,405,342,4,478.74,1914.96
2901,2025-06-08,405,272,3,352.7,1058.1
2901,2025-06-08,405,396,1,56.06,56.06
2902,2025-02-13,27,178,1,65.82,65.82
2902,2025-02-13,27,68,3,57.36,172.08
2903,2025-06-26,355,480,4,172.26,689.04
2903,2025-06-26,355,380,3,276.01,828.03
2903,2025-06-26,355,426,2,82.52,165.04
2904,2025-12-08,517,404,1,153.82,153.82
2905,2025-06-12,843,189,2,147.88,295.76
2906,2025-12-02,389,486,2,176.54,353.08
2907,2025-08-29,157,293,5,131.93,659.65
2907,2025-08-29,157,56,4,278.79,1115.16
2907,2025-08-29,157,223,5,77.6,388.0
2908,2025-09-23,40,2,2,287.98,575.96
2909,2025-09-07,775,452,3,46.98,140.94
2910,2025-09-05,603,196,4,305.3,1221.2
2910,2025-09-05,603,138,1,444.05,444.05
2910,2025-09-05,603,135,5,220.51,1102.55
2911,2025-01-14,613,500,2,455.95,911.90
2911,2025-01-14,613,49,1,243.73,243.73
2911,2025-01-14,613,491,2,474.71,949.42
2912,2025-12-14,71,407,3,325.42,976.26
2912,2025-12-14,71,437,2,297.45,594.90
2913,2025-06-13,137,98,5,14.53,72.65
2913,2025-06-13,137,166,3,212.49,637.47
2914,2025-06-25,900,399,3,53.46,160.38
2914,2025-06-25,900,187,5,319.82,1599.10
2914,2025-06-25,900,3,3,498.69,1496.07
2915,2025-11-11,515,294,2,41.14,82.28
2915,2025-11-11,515,355,2,208.41,416.82
2916,2025-07-10,814,167,4,224.17,896.68
2917,2025-12-24,560,282,3,332.62,997.86
2917,2025-12-24,560,243,5,457.3,2286.5
2918,2025-08-23,536,99,4,342.87,1371.48
2918,2025-08-23,536,442,2,155.41,310.82
2919,2025-05-24,667,500,2,455.95,911.90
2919,2025-05-24,667,158,4,373.08,1492.32
2919,2025-05-24,667,239,4,469.38,1877.52
2920,2025-11-27,164,336,1,381.71,381.71
2920,2025-11-27,164,482,4,296.53,1186.12
2921,2025-05-16,3,328,4,50.89,203.56
2921,2025-05-16,3,466,2,477.28,954.56
2921,2025-05-16,3,492,2,449.67,899.34
2922,2025-07-27,880,462,2,412.76,825.52
2922,2025-07-27,880,55,3,471.21,1413.63
2923,2025-02-15,681,51,2,108.84,217.68
2923,2025-02-15,681,177,3,184.9,554.7
2924,2025-02-18,71,327,3,499.91,1499.73
2925,2025-05-24,204,129,2,119.27,238.54
2925,2025-05-24,204,405,3,16.73,50.19
2926,2025-09-08,335,494,4,429.76,1719.04
2926,2025-09-08,335,302,5,462.51,2312.55
2926,2025-09-08,335,197,2,195.32,390.64
2927,2025-11-18,49,45,3,250.68,752.04
2927,2025-11-18,49,28,2,412.52,825.04
2928,2025-03-19,932,193,4,250.13,1000.52
2929,2025-08-13,461,46,1,392.38,392.38
2930,2025-07-15,57,303,2,489.27,978.54
2930,2025-07-15,57,13,3,412.47,1237.41
2931,2025-08-03,935,175,4,471.13,1884.52
2931,2025-08-03,935,6,3,388.76,1166.28
2931,2025-08-03,935,32,1,342.29,342.29
2932,2025-09-27,949,456,2,452.55,905.10
2932,2025-09-27,949,198,2,373.73,747.46
2932,2025-09-27,949,470,3,232.51,697.53
2933,2025-03-31,170,376,3,167.79,503.37
2934,2025-04-10,850,449,1,119.8,119.8
2934,2025-04-10,850,388,1,317.72,317.72
2934,2025-04-10,850,121,3,492.6,1477.8
2935,2025-06-03,143,115,3,365.14,1095.42
2935,2025-06-03,143,57,3,103.12,309.36
2936,2025-06-24,903,304,1,276.08,276.08
2936,2025-06-24,903,108,1,393.46,393.46
2937,2025-01-04,376,118,1,116.6,116.6
2937,2025-01-04,376,227,3,94.86,284.58
2937,2025-01-04,376,100,4,220.87,883.48
2938,2025-12-12,883,300,2,119.77,239.54
2938,2025-12-12,883,219,1,24.98,24.98
2938,2025-12-12,883,300,5,119.77,598.85
2939,2025-08-24,679,35,1,246.38,246.38
2940,2025-11-16,728,437,4,297.45,1189.80
2940,2025-11-16,728,305,5,70.29,351.45
2940,2025-11-16,728,408,1,242.36,242.36
2941,2025-03-27,431,418,3,35.93,107.79
2941,2025-03-27,431,46,1,392.38,392.38
2941,2025-03-27,431,400,4,387.4,1549.6
2942,2025-04-27,691,479,2,301.68,603.36
2942,2025-04-27,691,371,2,51.41,102.82
2943,2025-02-21,35,282,3,332.62,997.86
2943,2025-02-21,35,97,5,113.42,567.10
2943,2025-02-21,35,358,5,329.56,1647.80
2944,2025-03-05,253,466,3,477.28,1431.84
2944,2025-03-05,253,285,5,447.68,2238.40
2945,2025-01-23,768,366,1,223.44,223.44
2945,2025-01-23,768,437,3,297.45,892.35
2945,2025-01-23,768,47,5,447.66,2238.30
2946,2025-03-28,253,63,2,364.98,729.96
2947,2025-01-22,188,98,2,14.53,29.06
2948,2025-03-21,704,144,1,398.79,398.79
2949,2024-12-29,565,28,3,412.52,1237.56
2949,2024-12-29,565,154,1,434.3,434.3
2950,2025-07-04,328,85,1,321.65,321.65
2950,2025-07-04,328,193,4,250.13,1000.52
2951,2025-07-06,107,195,3,494.68,1484.04
2952,2025-01-07,392,448,4,149.05,596.20
2952,2025-01-07,392,115,1,365.14,365.14
2953,2025-03-03,963,35,1,246.38,246.38
2953,2025-03-03,963,334,2,134.61,269.22
2954,2025-05-21,665,270,4,396.51,1586.04
2954,2025-05-21,665,117,1,142.82,142.82
2955,2025-02-18,544,82,3,349.97,1049.91
2956,2025-11-23,108,124,3,225.92,677.76
2956,2025-11-23,108,89,5,349.52,1747.60
2956,2025-11-23,108,444,2,231.57,463.14
2957,2025-07-06,537,435,2,122.68,245.36
2958,2025-03-14,360,484,1,497.12,497.12
2958,2025-03-14,360,59,5,418.89,2094.45
2958,2025-03-14,360,450,2,101.99,203.98
2959,2025-11-14,534,176,5,288.86,1444.30
2960,2025-12-26,138,426,2,82.52,165.04
2960,2025-12-26,138,207,3,68.3,204.9
2960,2025-12-26,138,365,3,459.25,1377.75
2961,2025-01-02,589,63,4,364.98,1459.92
2961,2025-01-02,589,333,4,312.24,1248.96
2961,2025-01-02,589,22,4,420.77,1683.08
2962,2025-06-24,46,331,3,321.18,963.54
2962,2025-06-24,46,462,5,412.76,2063.80
2962,2025-06-24,46,210,2,318.91,637.82
2963,2025-07-30,619,408,4,242.36,969.44
2964,2025-09-10,344,148,3,445.16,1335.48
2964,2025-09-10,344,481,2,163.42,326.84
2964,2025-09-10,344,256,5,127.97,639.85
2965,2025-12-16,131,326,1,211.81,211.81
2965,2025-12-16,131,228,3,404.8,1214.4
2966,2025-03-30,809,366,2,223.44,446.88
2966,2025-03-30,809,17,2,221.62,443.24
2967,2025-04-09,889,285,3,447.68,1343.04
2967,2025-04-09,889,187,4,319.82,1279.28
2967,2025-04-09,889,500,2,455.95,911.90
2968,2025-03-12,677,232,5,59.52,297.60
2968,2025-03-12,677,247,5,154.79,773.95
2968,2025-03-12,677,311,5,289.44,1447.20
2969,2025-06-06,87,354,1,78.8,78.8
2970,2025-10-10,448,416,3,70.38,211.14
2971,2025-06-04,975,409,2,31.26,62.52
2971,2025-06-04,975,404,5,153.82,769.10
2972,2025-12-10,263,395,1,171.83,171.83
2972,2025-12-10,263,408,3,242.36,727.08
2972,2025-12-10,263,105,5,58.1,290.5
2973,2025-10-17,459,499,5,230.52,1152.60
2973,2025-10-17,459,96,4,5.28,21.12
2974,2025-06-19,918,185,4,335.4,1341.6
2974,2025-06-19,918,8,2,316.53,633.06
2974,2025-06-19,918,103,4,239.95,959.80
2975,2025-05-31,468,378,1,428.55,428.55
2975,2025-05-31,468,296,1,215.06,215.06
2976,2025-05-11,517,397,1,160.06,160.06
2976,2025-05-11,517,49,1,243.73,243.73
2977,2025-01-15,625,337,5,206.67,1033.35
2978,2025-01-16,111,11,5,149.99,749.95
2978,2025-01-16,111,172,1,250.68,250.68
2979,2025-06-02,831,21,4,141.16,564.64
2979,2025-06-02,831,290,3,450.86,1352.58
2979,2025-06-02,831,442,1,155.41,155.41
2980,2025-06-15,724,27,2,227.57,455.14
2980,2025-06-15,724,242,1,35.44,35.44
2980,2025-06-15,724,437,1,297.45,297.45
2981,2025-06-04,128,270,2,396.51,793.02
2981,2025-06-04,128,277,3,328.27,984.81
2981,2025-06-04,128,39,4,154.19,616.76
2982,2025-06-29,682,367,4,394.98,1579.92
2982,2025-06-29,682,101,5,35.41,177.05
2982,2025-06-29,682,233,3,230.37,691.11
2983,2025-04-21,834,138,3,444.05,1332.15
2983,2025-04-21,834,93,1,101.41,101.41
2984,2025-01-31,481,296,5,215.06,1075.30
2984,2025-01-31,481,270,1,396.51,396.51
2984,2025-01-31,481,481,1,163.42,163.42
2985,2025-07-12,739,192,2,319.33,638.66
2986,2025-02-03,848,44,4,439.63,1758.52
2986,2025-02-03,848,301,2,274.15,548.30
2987,2025-09-20,511,360,5,483.09,2415.45
2987,2025-09-20,511,56,4,278.79,1115.16
2987,2025-09-20,511,349,4,173.73,694.92
2988,2025-11-19,902,412,1,407.79,407.79
2988,2025-11-19,902,151,4,496.87,1987.48
2989,2025-12-04,595,250,4,202.45,809.80
2989,2025-12-04,595,320,1,322.83,322.83
2990,2025-08-28,780,265,4,86.31,345.24
2990,2025-08-28,780,191,3,246.88,740.64
2991,2025-08-09,52,52,1,420.33,420.33
2991,2025-08-09,52,246,2,426.74,853.48
2991,2025-08-09,52,191,2,246.88,493.76
2992,2025-09-26,403,492,2,449.67,899.34
2992,2025-09-26,403,145,1,20.33,20.33
2993,2025-04-07,321,458,5,257.33,1286.65
2993,2025-04-07,321,152,4,39.12,156.48
2993,2025-04-07,321,370,2,285.74,571.48
2994,2025-02-01,430,279,1,204.8,204.8
2994,2025-02-01,430,24,5,330.39,1651.95
2995,2025-10-27,861,186,1,436.63,436.63
2996,2025-04-03,285,74,5,352.49,1762.45
2996,2025-04-03,285,95,3,394.98,1184.94
2997,2025-01-20,607,353,4,272.7,1090.8
2997,2025-01-20,607,456,5,452.55,2262.75
2998,2025-01-12,962,228,5,404.8,2024.0
2998,2025-01-12,962,312,2,333.94,667.88
2999,2025-04-23,935,248,2,45.08,90.16
2999,2025-04-23,935,399,4,53.46,213.84
2999,2025-04-23,935,328,1,50.89,50.89
3000,2025-10-26,735,350,5,30.8,154.0
3001,2025-05-02,833,88,1,222.45,222.45
3001,2025-05-02,833,368,5,83.83,419.15
3002,2025-01-17,328,2,2,287.98,575.96
3003,2025-03-25,210,108,1,393.46,393.46
3003,2025-03-25,210,359,2,275.01,550.02
3003,2025-03-25,210,6,3,388.76,1166.28
3004,2025-10-18,188,78,1,376.98,376.98
3004,2025-10-18,188,250,4,202.45,809.80
3005,2025-06-15,603,52,4,420.33,1681.32
3005,2025-06-15,603,370,3,285.74,857.22
3005,2025-06-15,603,392,3,141.55,424.65
3006,2025-04-19,134,360,4,483.09,1932.36
3007,2025-04-18,605,377,4,401.94,1607.76
3007,2025-04-18,605,264,3,245.93,737.79
3008,2025-10-18,914,143,1,472.35,472.35
3009,2025-01-19,597,70,1,24.04,24.04
3009,2025-01-19,597,336,1,381.71,381.71
3009,2025-01-19,597,396,4,56.06,224.24
3010,2025-03-18,364,218,5,137.61,688.05
3010,2025-03-18,364,333,4,312.24,1248.96
3010,2025-03-18,364,394,4,348.1,1392.4
3011,2025-11-17,792,22,5,420.77,2103.85
3011,2025-11-17,792,486,3,176.54,529.62
3011,2025-11-17,792,16,5,241.42,1207.10
3012,2025-01-07,834,259,5,131.5,657.5
3012,2025-01-07,834,274,5,56.74,283.70
3013,2025-03-31,645,210,5,318.91,1594.55
3013,2025-03-31,645,118,3,116.6,349.8
3014,2025-10-15,616,254,2,463.64,927.28
3015,2025-08-09,590,449,3,119.8,359.4
3015,2025-08-09,590,257,5,265.71,1328.55
3016,2025-05-18,698,401,3,341.45,1024.35
3016,2025-05-18,698,412,2,407.79,815.58
3016,2025-05-18,698,470,3,232.51,697.53
3017,2025-08-16,880,48,5,228.85,1144.25
3018,2025-02-14,650,352,4,164.03,656.12
3018,2025-02-14,650,360,2,483.09,966.18
3018,2025-02-14,650,231,5,241.46,1207.30
3019,2025-11-27,771,60,4,334.6,1338.4
3020,2025-05-02,584,439,3,18.16,54.48
3021,2025-08-30,689,298,5,204.65,1023.25
3021,2025-08-30,689,3,1,498.69,498.69
3022,2025-06-13,755,186,4,436.63,1746.52
3022,2025-06-13,755,477,5,442.21,2211.05
3022,2025-06-13,755,380,3,276.01,828.03
3023,2025-03-08,258,88,3,222.45,667.35
3023,2025-03-08,258,109,1,97.7,97.7
3024,2025-12-25,872,295,2,130.26,260.52
3024,2025-12-25,872,171,1,350.16,350.16
3024,2025-12-25,872,239,3,469.38,1408.14
3025,2025-06-06,18,214,4,298.33,1193.32
3025,2025-06-06,18,116,2,496.51,993.02
3026,2025-11-10,893,248,3,45.08,135.24
3026,2025-11-10,893,6,2,388.76,777.52
3027,2025-07-15,992,262,4,92.87,371.48
3028,2025-11-29,135,41,2,114.35,228.70
3028,2025-11-29,135,227,4,94.86,379.44
3029,2025-03-30,968,75,2,131.43,262.86
3029,2025-03-30,968,400,3,387.4,1162.2
3029,2025-03-30,968,270,3,396.51,1189.53
3030,2025-03-29,375,217,3,110.51,331.53
3030,2025-03-29,375,420,4,72.09,288.36
3031,2025-08-25,305,174,4,314.06,1256.24
3031,2025-08-25,305,93,2,101.41,202.82
3031,2025-08-25,305,3,3,498.69,1496.07
3032,2025-08-10,331,256,4,127.97,511.88
3032,2025-08-10,331,379,3,183.38,550.14
3033,2025-09-08,306,282,4,332.62,1330.48
3033,2025-09-08,306,182,4,496.05,1984.20
3034,2025-11-27,430,291,5,346.84,1734.20
3034,2025-11-27,430,434,2,21.02,42.04
3035,2025-04-03,706,65,1,430.11,430.11
3035,2025-04-03,706,438,3,161.16,483.48
3035,2025-04-03,706,307,1,228.49,228.49
3036,2025-09-06,455,163,2,186.78,373.56
3036,2025-09-06,455,265,2,86.31,172.62
3036,2025-09-06,455,54,5,221.51,1107.55
3037,2025-06-16,340,268,1,164.18,164.18
3038,2025-02-22,947,21,1,141.16,141.16
3038,2025-02-22,947,377,5,401.94,2009.70
3039,2025-09-15,309,444,5,231.57,1157.85
3040,2025-07-29,342,462,5,412.76,2063.80
3040,2025-07-29,342,180,5,179.99,899.95
3041,2025-04-08,85,5,3,314.52,943.56
3042,2025-03-12,947,159,2,372.6,745.2
3042,2025-03-12,947,411,3,147.7,443.1
3043,2025-12-11,132,491,2,474.71,949.42
3043,2025-12-11,132,291,4,346.84,1387.36
3043,2025-12-11,132,194,1,447.89,447.89
3044,2025-09-17,930,17,3,221.62,664.86
3045,2025-05-17,763,499,5,230.52,1152.60
3045,2025-05-17,763,70,3,24.04,72.12
3046,2025-03-22,365,329,1,374.27,374.27
3046,2025-03-22,365,178,5,65.82,329.10
3047,2025-10-19,597,375,3,445.17,1335.51
3048,2025-02-25,786,118,4,116.6,466.4
3048,2025-02-25,786,13,3,412.47,1237.41
3048,2025-02-25,786,30,5,152.14,760.70
3049,2025-09-14,644,304,1,276.08,276.08
3049,2025-09-14,644,403,5,215.58,1077.90
3050,2025-08-23,269,80,3,293.7,881.1
3050,2025-08-23,269,280,3,13.76,41.28
3051,2025-09-21,906,74,5,352.49,1762.45
3051,2025-09-21,906,144,1,398.79,398.79
3051,2025-09-21,906,274,2,56.74,113.48
3052,2025-11-14,650,4,1,472.3,472.3
3052,2025-11-14,650,292,4,242.18,968.72
3053,2025-10-29,71,111,2,157.26,314.52
3054,2025-02-06,543,450,4,101.99,407.96
3054,2025-02-06,543,315,5,398.86,1994.30
3054,2025-02-06,543,381,5,313.66,1568.30
3055,2025-08-20,715,19,3,144.77,434.31
3056,2025-05-04,658,255,3,214.59,643.77
3057,2025-01-15,91,448,5,149.05,745.25
3057,2025-01-15,91,293,4,131.93,527.72
3057,2025-01-15,91,52,4,420.33,1681.32
3058,2025-01-25,232,94,4,295.93,1183.72
3058,2025-01-25,232,83,4,322.41,1289.64
3059,2025-11-03,560,119,3,244.81,734.43
3059,2025-11-03,560,216,4,277.28,1109.12
3059,2025-11-03,560,465,1,313.64,313.64
3060,2025-02-06,790,53,2,485.1,970.2
3061,2025-07-24,710,417,4,148.93,595.72
3061,2025-07-24,710,403,1,215.58,215.58
3062,2025-06-03,868,347,2,138.42,276.84
3063,2025-04-21,58,48,2,228.85,457.70
3063,2025-04-21,58,273,1,54.12,54.12
3064,2025-06-06,621,462,4,412.76,1651.04
3065,2025-06-08,868,444,3,231.57,694.71
3065,2025-06-08,868,415,5,477.17,2385.85
3065,2025-06-08,868,62,5,245.04,1225.20
3066,2025-06-16,549,42,2,39.02,78.04
3066,2025-06-16,549,173,1,461.96,461.96
3067,2025-05-18,885,314,2,239.74,479.48
3068,2025-10-17,395,302,1,462.51,462.51
3068,2025-10-17,395,472,3,46.16,138.48
3068,2025-10-17,395,242,2,35.44,70.88
3069,2025-03-05,261,128,1,229.59,229.59
3070,2025-04-08,719,6,2,388.76,777.52
3070,2025-04-08,719,410,4,400.18,1600.72
3070,2025-04-08,719,25,3,250.93,752.79
3071,2025-08-29,593,343,1,240.99,240.99
3072,2025-03-01,914,214,3,298.33,894.99
3073,2025-06-03,194,328,2,50.89,101.78
3073,2025-06-03,194,399,5,53.46,267.30
3074,2025-05-14,177,75,1,131.43,131.43
3075,2025-03-15,382,437,4,297.45,1189.80
3075,2025-03-15,382,127,3,428.76,1286.28
3076,2025-09-24,575,239,2,469.38,938.76
3077,2025-01-02,601,187,2,319.82,639.64
3077,2025-01-02,601,15,4,182.7,730.8
3078,2025-08-31,651,94,1,295.93,295.93
3078,2025-08-31,651,222,3,80.58,241.74
3079,2025-05-02,146,332,4,258.46,1033.84
3079,2025-05-02,146,375,5,445.17,2225.85
3079,2025-05-02,146,232,3,59.52,178.56
3080,2025-12-10,613,204,3,296.2,888.6
3080,2025-12-10,613,152,2,39.12,78.24
3081,2025-07-02,691,380,2,276.01,552.02
3082,2025-09-12,571,156,4,182.35,729.40
3082,2025-09-12,571,214,1,298.33,298.33
3083,2025-02-01,35,127,4,428.76,1715.04
3083,2025-02-01,35,490,3,476.01,1428.03
3083,2025-02-01,35,456,5,452.55,2262.75
3084,2025-08-13,143,74,1,352.49,352.49
3084,2025-08-13,143,408,1,242.36,242.36
3085,2025-06-29,165,106,3,180.08,540.24
3086,2025-09-03,562,95,5,394.98,1974.90
3086,2025-09-03,562,168,3,347.07,1041.21
3086,2025-09-03,562,275,3,25.24,75.72
3087,2024-12-30,430,408,1,242.36,242.36
3087,2024-12-30,430,289,3,150.72,452.16
3087,2024-12-30,430,60,2,334.6,669.2
3088,2025-05-19,450,397,2,160.06,320.12
3088,2025-05-19,450,362,1,299.76,299.76
3089,2025-03-11,175,349,2,173.73,347.46
3090,2025-01-18,924,467,2,363.53,727.06
3090,2025-01-18,924,27,5,227.57,1137.85
3090,2025-01-18,924,102,5,468.5,2342.5
3091,2025-06-22,805,283,4,384.65,1538.60
3091,2025-06-22,805,425,3,165.2,495.6
3092,2025-02-06,317,160,1,241.99,241.99
3092,2025-02-06,317,420,2,72.09,144.18
3093,2025-12-06,543,109,3,97.7,293.1
3093,2025-12-06,543,394,2,348.1,696.2
3093,2025-12-06,543,12,3,100.62,301.86
3094,2025-11-29,778,277,4,328.27,1313.08
3094,2025-11-29,778,410,1,400.18,400.18
3095,2025-02-05,666,164,3,310.9,932.7
3096,2025-12-15,3,332,3,258.46,775.38
3097,2025-05-01,263,440,1,475.31,475.31
3097,2025-05-01,263,296,3,215.06,645.18
3098,2025-03-31,343,337,5,206.67,1033.35
3098,2025-03-31,343,193,5,250.13,1250.65
3098,2025-03-31,343,214,5,298.33,1491.65
3099,2025-01-19,480,257,5,265.71,1328.55
3099,2025-01-19,480,247,4,154.79,619.16
3100,2025-10-15,58,370,5,285.74,1428.70
3101,2025-12-11,810,287,4,291.36,1165.44
3101,2025-12-11,810,59,4,418.89,1675.56
3102,2025-10-29,907,209,2,148.45,296.90
3102,2025-10-29,907,217,3,110.51,331.53
3103,2025-12-19,208,446,4,60.56,242.24
3104,2025-08-30,14,152,2,39.12,78.24
3105,2025-03-02,637,120,4,458.95,1835.80
3106,2025-08-28,848,498,4,374.05,1496.20
3106,2025-08-28,848,249,4,492.22,1968.88
3107,2025-02-25,271,322,3,417.63,1252.89
3107,2025-02-25,271,301,5,274.15,1370.75
3107,2025-02-25,271,490,3,476.01,1428.03
3108,2025-01-07,166,91,4,51.8,207.2
3109,2025-04-23,162,466,4,477.28,1909.12
3109,2025-04-23,162,82,4,349.97,1399.88
3110,2025-02-21,844,480,2,172.26,344.52
3110,2025-02-21,844,410,4,400.18,1600.72
3111,2025-06-03,364,53,4,485.1,1940.4
3112,2025-05-30,454,391,2,325.16,650.32
3112,2025-05-30,454,290,2,450.86,901.72
3113,2025-06-08,764,444,1,231.57,231.57
3114,2025-01-29,224,350,2,30.8,61.6
3114,2025-01-29,224,268,4,164.18,656.72
3114,2025-01-29,224,304,1,276.08,276.08
3115,2025-12-04,15,407,3,325.42,976.26
3115,2025-12-04,15,256,4,127.97,511.88
3116,2025-06-13,42,285,3,447.68,1343.04
3117,2025-08-09,172,469,5,103.95,519.75
3117,2025-08-09,172,8,2,316.53,633.06
3118,2025-07-20,727,174,4,314.06,1256.24
3118,2025-07-20,727,202,1,141.74,141.74
3118,2025-07-20,727,176,1,288.86,288.86
3119,2025-08-11,69,262,4,92.87,371.48
3119,2025-08-11,69,330,2,217.0,434.0
3119,2025-08-11,69,430,3,275.12,825.36
3120,2025-07-25,916,16,4,241.42,965.68
3120,2025-07-25,916,359,3,275.01,825.03
3121,2025-04-04,966,476,2,131.18,262.36
3122,2025-01-14,180,65,3,430.11,1290.33
3122,2025-01-14,180,24,1,330.39,330.39
3123,2025-09-24,904,315,1,398.86,398.86
3123,2025-09-24,904,204,4,296.2,1184.8
3124,2025-05-05,922,414,3,307.45,922.35
3124,2025-05-05,922,371,1,51.41,51.41
3125,2025-12-19,117,390,2,40.96,81.92
3126,2025-07-19,236,308,3,241.52,724.56
3126,2025-07-19,236,360,4,483.09,1932.36
3127,2025-08-12,409,141,2,448.09,896.18
3127,2025-08-12,409,98,1,14.53,14.53
3127,2025-08-12,409,352,2,164.03,328.06
3128,2025-10-04,458,445,3,485.73,1457.19
3128,2025-10-04,458,386,3,214.75,644.25
3128,2025-10-04,458,104,3,157.58,472.74
3129,2025-10-20,293,219,4,24.98,99.92
3130,2025-11-25,134,162,3,147.2,441.6
3130,2025-11-25,134,138,4,444.05,1776.20
3131,2025-02-08,623,356,4,8.39,33.56
3131,2025-02-08,623,195,5,494.68,2473.40
3132,2025-11-03,810,353,3,272.7,818.1
3133,2025-08-06,874,19,4,144.77,579.08
3133,2025-08-06,874,202,4,141.74,566.96
3134,2025-12-10,135,332,1,258.46,258.46
3134,2025-12-10,135,395,4,171.83,687.32
3134,2025-12-10,135,363,1,154.83,154.83
3135,2025-02-27,879,370,2,285.74,571.48
3135,2025-02-27,879,188,3,443.19,1329.57
3135,2025-02-27,879,161,1,318.86,318.86
3136,2025-11-29,619,92,1,468.03,468.03
3136,2025-11-29,619,280,1,13.76,13.76
3137,2025-01-26,575,409,4,31.26,125.04
3138,2025-12-17,530,128,4,229.59,918.36
3138,2025-12-17,530,15,4,182.7,730.8
3139,2025-08-07,593,91,3,51.8,155.4
3140,2025-04-20,976,53,1,485.1,485.1
3140,2025-04-20,976,52,5,420.33,2101.65
3140,2025-04-20,976,170,2,40.78,81.56
3141,2025-08-28,367,66,4,211.47,845.88
3142,2025-07-14,538,118,2,116.6,233.2
3142,2025-07-14,538,172,5,250.68,1253.40
3142,2025-07-14,538,132,4,305.92,1223.68
3143,2025-05-17,690,470,1,232.51,232.51
3144,2025-01-15,8,485,4,492.14,1968.56
3144,2025-01-15,8,427,1,410.44,410.44
3144,2025-01-15,8,254,1,463.64,463.64
3145,2025-09-30,957,28,4,412.52,1650.08
3145,2025-09-30,957,273,2,54.12,108.24
3145,2025-09-30,957,398,2,71.83,143.66
3146,2025-06-12,728,56,4,278.79,1115.16
3146,2025-06-12,728,325,4,281.87,1127.48
3147,2025-04-06,975,490,5,476.01,2380.05
3147,2025-04-06,975,64,5,491.55,2457.75
3148,2025-12-03,776,358,1,329.56,329.56
3149,2025-10-01,233,452,2,46.98,93.96
3149,2025-10-01,233,130,3,252.98,758.94
3150,2025-10-16,181,487,1,79.74,79.74
3150,2025-10-16,181,454,1,64.77,64.77
3151,2025-05-25,14,395,1,171.83,171.83
3151,2025-05-25,14,488,3,209.37,628.11
3151,2025-05-25,14,498,1,374.05,374.05
3152,2025-06-19,135,15,5,182.7,913.5
3152,2025-06-19,135,27,3,227.57,682.71
3153,2025-05-22,321,124,1,225.92,225.92
3153,2025-05-22,321,446,2,60.56,121.12
3153,2025-05-22,321,227,5,94.86,474.30
3154,2025-08-05,916,162,1,147.2,147.2
3155,2025-08-26,939,457,3,320.53,961.59
3156,2025-10-07,599,78,4,376.98,1507.92
3156,2025-10-07,599,271,1,185.88,185.88
3156,2025-10-07,599,476,5,131.18,655.90
3157,2025-03-07,337,226,1,285.54,285.54
3157,2025-03-07,337,408,4,242.36,969.44
3158,2025-10-09,228,111,2,157.26,314.52
3159,2025-02-11,255,26,2,376.51,753.02
3159,2025-02-11,255,461,3,224.53,673.59
3160,2025-04-04,239,394,2,348.1,696.2
3161,2025-03-17,940,51,5,108.84,544.20
3161,2025-03-17,940,278,5,205.91,1029.55
3161,2025-03-17,940,498,3,374.05,1122.15
3162,2025-09-20,994,432,4,117.54,470.16
3163,2025-07-23,494,153,4,210.94,843.76
3163,2025-07-23,494,133,1,261.96,261.96
3163,2025-07-23,494,445,2,485.73,971.46
3164,2025-10-18,932,215,5,33.6,168.0
3164,2025-10-18,932,206,2,270.77,541.54
3164,2025-10-18,932,88,2,222.45,444.90
3165,2025-03-06,850,39,5,154.19,770.95
3166,2025-06-11,576,86,3,444.15,1332.45
3167,2025-06-26,674,180,3,179.99,539.97
3167,2025-06-26,674,194,1,447.89,447.89
3167,2025-06-26,674,393,3,263.08,789.24
3168,2025-11-14,741,135,3,220.51,661.53
3168,2025-11-14,741,9,5,217.36,1086.80
3168,2025-11-14,741,481,2,163.42,326.84
3169,2025-06-04,578,275,2,25.24,50.48
3169,2025-06-04,578,152,1,39.12,39.12
3170,2025-12-21,155,448,4,149.05,596.20
3170,2025-12-21,155,303,5,489.27,2446.35
3171,2025-02-14,746,385,4,391.11,1564.44
3171,2025-02-14,746,107,4,167.97,671.88
3172,2025-12-17,398,205,2,145.68,291.36
3172,2025-12-17,398,417,4,148.93,595.72
3173,2025-07-11,943,377,5,401.94,2009.70
3173,2025-07-11,943,484,2,497.12,994.24
3174,2025-04-22,669,91,4,51.8,207.2
3175,2025-06-21,814,122,3,459.94,1379.82
3175,2025-06-21,814,5,4,314.52,1258.08
3175,2025-06-21,814,340,2,46.68,93.36
3176,2025-04-22,513,9,1,217.36,217.36
3177,2025-11-20,117,297,4,398.94,1595.76
3178,2025-11-01,252,226,1,285.54,285.54
3178,2025-11-01,252,189,1,147.88,147.88
3179,2025-04-01,762,148,5,445.16,2225.80
3179,2025-04-01,762,215,4,33.6,134.4
3179,2025-04-01,762,393,1,263.08,263.08
3180,2025-09-08,66,247,3,154.79,464.37
3180,2025-09-08,66,365,2,459.25,918.50
3180,2025-09-08,66,312,2,333.94,667.88
3181,2025-08-28,4,333,2,312.24,624.48
3182,2025-10-17,870,435,5,122.68,613.40
3182,2025-10-17,870,392,1,141.55,141.55
3183,2025-05-04,954,315,1,398.86,398.86
3183,2025-05-04,954,103,3,239.95,719.85
3183,2025-05-04,954,98,5,14.53,72.65
3184,2025-12-03,571,265,5,86.31,431.55
3185,2025-10-22,347,494,2,429.76,859.52
3185,2025-10-22,347,265,3,86.31,258.93
3185,2025-10-22,347,393,5,263.08,1315.40
3186,2025-04-14,799,381,3,313.66,940.98
3186,2025-04-14,799,6,1,388.76,388.76
3186,2025-04-14,799,281,1,115.36,115.36
3187,2025-11-10,476,123,2,165.07,330.14
3187,2025-11-10,476,48,2,228.85,457.70
3187,2025-11-10,476,405,3,16.73,50.19
3188,2025-03-05,934,153,1,210.94,210.94
3189,2025-10-15,805,367,4,394.98,1579.92
3189,2025-10-15,805,266,1,468.09,468.09
3190,2025-12-01,599,11,5,149.99,749.95
3190,2025-12-01,599,155,5,407.98,2039.90
3191,2025-05-21,799,408,5,242.36,1211.80
3191,2025-05-21,799,34,3,401.45,1204.35
3192,2025-07-02,102,183,2,448.54,897.08
3192,2025-07-02,102,26,2,376.51,753.02
3193,2025-05-17,403,488,4,209.37,837.48
3194,2025-09-02,385,109,4,97.7,390.8
3194,2025-09-02,385,437,2,297.45,594.90
3195,2025-10-08,868,269,4,302.11,1208.44
3195,2025-10-08,868,485,4,492.14,1968.56
3196,2025-03-03,952,308,2,241.52,483.04
3197,2025-11-23,11,444,2,231.57,463.14
3198,2025-03-21,655,19,5,144.77,723.85
3198,2025-03-21,655,479,3,301.68,905.04
3199,2025-08-17,249,467,5,363.53,1817.65
3200,2025-03-16,630,397,5,160.06,800.30
3200,2025-03-16,630,352,5,164.03,820.15
3201,2025-03-15,796,416,4,70.38,281.52
3202,2025-10-13,373,55,3,471.21,1413.63
3202,2025-10-13,373,23,3,412.11,1236.33
3202,2025-10-13,373,4,3,472.3,1416.9
3203,2025-04-28,710,325,1,281.87,281.87
3204,2025-10-03,696,285,2,447.68,895.36
3205,2025-12-11,296,323,5,299.85,1499.25
3205,2025-12-11,296,149,5,57.41,287.05
3206,2025-11-19,837,285,4,447.68,1790.72
3206,2025-11-19,837,414,4,307.45,1229.80
3207,2025-11-22,43,323,5,299.85,1499.25
3207,2025-11-22,43,62,4,245.04,980.16
3207,2025-11-22,43,462,2,412.76,825.52
3208,2025-03-14,8,447,4,376.57,1506.28
3209,2025-06-08,292,165,4,78.9,315.6
3209,2025-06-08,292,158,4,373.08,1492.32
3209,2025-06-08,292,46,1,392.38,392.38
3210,2025-02-03,224,80,2,293.7,587.4
3211,2025-10-20,783,461,4,224.53,898.12
3211,2025-10-20,783,353,2,272.7,545.4
3211,2025-10-20,783,343,3,240.99,722.97
3212,2025-04-22,590,112,1,242.9,242.9
3212,2025-04-22,590,450,2,101.99,203.98
3212,2025-04-22,590,454,5,64.77,323.85
3213,2025-08-03,310,55,4,471.21,1884.84
3213,2025-08-03,310,347,1,138.42,138.42
3213,2025-08-03,310,93,5,101.41,507.05
3214,2025-05-24,110,286,3,46.15,138.45
3214,2025-05-24,110,260,1,39.69,39.69
3214,2025-05-24,110,36,4,12.2,48.8
3215,2025-06-17,520,213,3,312.66,937.98
3215,2025-06-17,520,492,5,449.67,2248.35
3216,2025-12-13,553,160,4,241.99,967.96
3216,2025-12-13,553,475,2,118.44,236.88
3216,2025-12-13,553,303,2,489.27,978.54
3217,2025-04-07,172,360,3,483.09,1449.27
3218,2025-09-10,398,97,1,113.42,113.42
3218,2025-09-10,398,118,4,116.6,466.4
3219,2025-07-05,53,217,1,110.51,110.51
3220,2025-07-11,326,62,1,245.04,245.04
3220,2025-07-11,326,347,1,138.42,138.42
3220,2025-07-11,326,500,4,455.95,1823.80
3221,2025-07-19,311,306,1,390.91,390.91
3221,2025-07-19,311,359,2,275.01,550.02
3221,2025-07-19,311,219,4,24.98,99.92
3222,2025-07-30,833,302,3,462.51,1387.53
3223,2025-05-21,258,438,5,161.16,805.80
3223,2025-05-21,258,344,2,177.16,354.32
3224,2025-03-23,112,114,1,136.66,136.66
3224,2025-03-23,112,489,1,52.69,52.69
3224,2025-03-23,112,362,1,299.76,299.76
3225,2025-12-05,581,468,2,253.58,507.16
3226,2025-02-27,467,121,5,492.6,2463.0
3227,2025-03-15,117,308,2,241.52,483.04
3227,2025-03-15,117,418,5,35.93,179.65
3227,2025-03-15,117,246,3,426.74,1280.22
3228,2025-03-24,276,445,1,485.73,485.73
3228,2025-03-24,276,73,3,25.92,77.76
3229,2025-09-30,208,266,4,468.09,1872.36
3229,2025-09-30,208,104,2,157.58,315.16
3229,2025-09-30,208,246,2,426.74,853.48
3230,2025-01-05,969,338,4,243.62,974.48
3231,2025-01-23,465,167,2,224.17,448.34
3232,2025-05-30,165,124,5,225.92,1129.60
3233,2025-11-21,236,164,1,310.9,310.9
3233,2025-11-21,236,486,2,176.54,353.08
3234,2025-09-07,592,166,5,212.49,1062.45
3234,2025-09-07,592,162,1,147.2,147.2
3234,2025-09-07,592,450,3,101.99,305.97
3235,2025-08-19,237,204,2,296.2,592.4
3235,2025-08-19,237,60,4,334.6,1338.4
3236,2025-07-28,973,308,2,241.52,483.04
3236,2025-07-28,973,150,5,72.4,362.0
3236,2025-07-28,973,74,4,352.49,1409.96
3237,2025-01-23,898,21,1,141.16,141.16
3238,2025-11-10,554,339,1,247.5,247.5
3239,2025-07-26,547,497,3,482.27,1446.81
3239,2025-07-26,547,209,3,148.45,445.35
3239,2025-07-26,547,495,5,295.22,1476.10
3240,2025-08-13,169,29,4,178.91,715.64
3240,2025-08-13,169,463,3,144.91,434.73
3241,2025-05-04,541,448,1,149.05,149.05
3242,2025-10-28,617,259,2,131.5,263.0
3242,2025-10-28,617,438,5,161.16,805.80
3243,2025-01-04,873,424,1,321.07,321.07
3244,2025-04-07,601,144,4,398.79,1595.16
3244,2025-04-07,601,352,3,164.03,492.09
3244,2025-04-07,601,318,1,12.28,12.28
3245,2025-11-27,92,24,4,330.39,1321.56
3245,2025-11-27,92,245,4,258.08,1032.32
3246,2025-06-23,779,493,4,312.43,1249.72
3247,2025-01-01,898,199,4,286.28,1145.12
3248,2025-04-18,87,33,1,194.9,194.9
3248,2025-04-18,87,2,1,287.98,287.98
3249,2025-02-23,676,94,1,295.93,295.93
3249,2025-02-23,676,117,3,142.82,428.46
3249,2025-02-23,676,262,3,92.87,278.61
3250,2025-02-16,9,360,2,483.09,966.18
3250,2025-02-16,9,308,3,241.52,724.56
3250,2025-02-16,9,257,4,265.71,1062.84
3251,2025-09-28,350,30,4,152.14,608.56
3252,2025-11-27,555,27,4,227.57,910.28
3253,2025-11-29,390,402,4,341.36,1365.44
3253,2025-11-29,390,205,2,145.68,291.36
3254,2025-01-26,586,225,4,460.72,1842.88
3254,2025-01-26,586,270,4,396.51,1586.04
3254,2025-01-26,586,277,4,328.27,1313.08
3255,2025-03-01,684,35,5,246.38,1231.90
3256,2025-08-26,719,465,2,313.64,627.28
3257,2025-08-23,204,361,2,365.74,731.48
3258,2025-06-10,159,384,1,229.07,229.07
3259,2025-09-20,38,229,1,296.73,296.73
3260,2025-06-05,431,467,5,363.53,1817.65
3261,2025-11-13,578,273,4,54.12,216.48
3261,2025-11-13,578,109,3,97.7,293.1
3262,2025-07-29,640,113,1,304.92,304.92
3263,2025-07-29,3,203,1,98.55,98.55
3263,2025-07-29,3,386,2,214.75,429.50
3264,2025-06-08,803,473,3,341.31,1023.93
3265,2025-09-23,889,329,5,374.27,1871.35
3266,2025-10-16,726,266,3,468.09,1404.27
3266,2025-10-16,726,375,2,445.17,890.34
3267,2024-12-26,515,337,4,206.67,826.68
3267,2024-12-26,515,100,4,220.87,883.48
3268,2025-11-17,505,253,1,358.42,358.42
3269,2025-11-18,742,340,5,46.68,233.40
3270,2025-07-12,616,182,1,496.05,496.05
3270,2025-07-12,616,484,2,497.12,994.24
3270,2025-07-12,616,324,4,113.76,455.04
3271,2025-07-03,787,227,5,94.86,474.30
3272,2025-10-07,268,108,4,393.46,1573.84
3272,2025-10-07,268,425,3,165.2,495.6
3272,2025-10-07,268,338,5,243.62,1218.10
3273,2025-01-01,615,237,4,242.96,971.84
3273,2025-01-01,615,233,2,230.37,460.74
3274,2025-06-01,883,20,5,478.78,2393.90
3274,2025-06-01,883,14,1,40.36,40.36
3275,2025-07-02,838,205,3,145.68,437.04
3275,2025-07-02,838,248,5,45.08,225.40
3276,2025-05-01,489,41,4,114.35,457.40
3276,2025-05-01,489,139,2,339.12,678.24
3276,2025-05-01,489,245,3,258.08,774.24
3277,2025-09-26,365,5,5,314.52,1572.60
3277,2025-09-26,365,304,5,276.08,1380.40
3277,2025-09-26,365,2,2,287.98,575.96
3278,2025-12-21,95,298,3,204.65,613.95
3278,2025-12-21,95,474,4,33.57,134.28
3278,2025-12-21,95,210,1,318.91,318.91
3279,2025-03-17,753,289,1,150.72,150.72
3280,2025-09-03,690,327,5,499.91,2499.55
3281,2025-03-23,949,335,5,42.9,214.5
3282,2025-03-14,888,412,1,407.79,407.79
3282,2025-03-14,888,495,4,295.22,1180.88
3282,2025-03-14,888,433,4,389.95,1559.80
3283,2025-02-15,413,145,5,20.33,101.65
3284,2025-07-11,832,325,2,281.87,563.74
3284,2025-07-11,832,82,4,349.97,1399.88
3284,2025-07-11,832,449,4,119.8,479.2
3285,2025-11-01,640,420,5,72.09,360.45
3285,2025-11-01,640,186,3,436.63,1309.89
3285,2025-11-01,640,395,5,171.83,859.15
3286,2025-10-07,827,263,5,157.37,786.85
3286,2025-10-07,827,26,3,376.51,1129.53
3287,2025-09-19,178,169,5,460.43,2302.15
3287,2025-09-19,178,54,3,221.51,664.53
3288,2025-09-03,277,405,2,16.73,33.46
3288,2025-09-03,277,244,5,478.82,2394.10
3289,2025-03-27,755,408,5,242.36,1211.80
3289,2025-03-27,755,166,2,212.49,424.98
3290,2025-08-26,678,54,2,221.51,443.02
3291,2025-06-28,986,380,4,276.01,1104.04
3292,2025-03-10,637,470,5,232.51,1162.55
3292,2025-03-10,637,409,4,31.26,125.04
3293,2025-02-11,494,128,4,229.59,918.36
3294,2025-01-31,391,82,4,349.97,1399.88
3295,2024-12-29,502,500,1,455.95,455.95
3296,2025-03-20,630,128,2,229.59,459.18
3297,2025-02-01,632,364,5,84.82,424.10
3297,2025-02-01,632,22,1,420.77,420.77
3298,2025-07-25,262,483,4,192.76,771.04
3298,2025-07-25,262,24,4,330.39,1321.56
3298,2025-07-25,262,141,1,448.09,448.09
3299,2025-01-15,345,394,4,348.1,1392.4
3299,2025-01-15,345,44,4,439.63,1758.52
3300,2025-06-01,554,108,2,393.46,786.92
3301,2025-01-14,784,483,3,192.76,578.28
3301,2025-01-14,784,104,2,157.58,315.16
3301,2025-01-14,784,228,3,404.8,1214.4
3302,2025-03-17,796,10,3,248.75,746.25
3302,2025-03-17,796,471,2,327.77,655.54
3302,2025-03-17,796,103,1,239.95,239.95
3303,2025-09-23,485,77,2,270.23,540.46
3303,2025-09-23,485,262,1,92.87,92.87
3304,2025-08-16,321,209,1,148.45,148.45
3304,2025-08-16,321,454,2,64.77,129.54
3304,2025-08-16,321,493,5,312.43,1562.15
3305,2025-10-10,797,117,5,142.82,714.10
3306,2025-02-02,578,71,3,268.41,805.23
3307,2025-10-31,186,320,5,322.83,1614.15
3308,2025-11-27,388,326,5,211.81,1059.05
3308,2025-11-27,388,188,1,443.19,443.19
3308,2025-11-27,388,256,1,127.97,127.97
3309,2025-09-08,726,197,1,195.32,195.32
3309,2025-09-08,726,131,5,398.64,1993.20
3309,2025-09-08,726,294,1,41.14,41.14
3310,2025-03-13,214,211,4,180.66,722.64
3310,2025-03-13,214,385,2,391.11,782.22
3310,2025-03-13,214,350,2,30.8,61.6
3311,2025-04-11,6,370,5,285.74,1428.70
3311,2025-04-11,6,29,5,178.91,894.55
3312,2025-06-07,495,74,5,352.49,1762.45
3313,2025-12-01,17,230,3,476.52,1429.56
3313,2025-12-01,17,180,1,179.99,179.99
3314,2025-12-25,257,340,3,46.68,140.04
3315,2025-08-16,860,474,4,33.57,134.28
3315,2025-08-16,860,290,5,450.86,2254.30
3315,2025-08-16,860,113,2,304.92,609.84
3316,2025-10-18,839,168,3,347.07,1041.21
3317,2025-01-25,150,309,4,50.9,203.6
3317,2025-01-25,150,385,5,391.11,1955.55
3317,2025-01-25,150,417,2,148.93,297.86
3318,2025-06-22,648,450,2,101.99,203.98
3318,2025-06-22,648,310,3,151.31,453.93
3318,2025-06-22,648,185,5,335.4,1677.0
3319,2025-09-01,199,139,2,339.12,678.24
3320,2025-10-23,714,473,5,341.31,1706.55
3320,2025-10-23,714,167,5,224.17,1120.85
3321,2025-11-09,73,101,4,35.41,141.64
3321,2025-11-09,73,180,3,179.99,539.97
3321,2025-11-09,73,231,2,241.46,482.92
3322,2025-08-03,87,180,4,179.99,719.96
3323,2025-08-05,873,191,4,246.88,987.52
3324,2025-01-01,157,472,2,46.16,92.32
3324,2025-01-01,157,334,2,134.61,269.22
3324,2025-01-01,157,117,3,142.82,428.46
3325,2025-09-20,973,452,1,46.98,46.98
3326,2025-02-11,120,466,1,477.28,477.28
3326,2025-02-11,120,304,3,276.08,828.24
3326,2025-02-11,120,462,3,412.76,1238.28
3327,2025-12-25,380,177,1,184.9,184.9
3328,2025-07-12,251,55,5,471.21,2356.05
3328,2025-07-12,251,319,3,453.23,1359.69
3329,2025-01-08,295,87,2,480.44,960.88
3330,2025-05-07,56,251,5,152.34,761.70
3330,2025-05-07,56,117,5,142.82,714.10
3330,2025-05-07,56,445,2,485.73,971.46
3331,2025-06-07,203,300,4,119.77,479.08
3332,2025-01-25,984,500,1,455.95,455.95
3332,2025-01-25,984,162,3,147.2,441.6
3332,2025-01-25,984,227,5,94.86,474.30
3333,2025-12-13,457,38,3,447.83,1343.49
3334,2025-11-29,175,16,1,241.42,241.42
3335,2025-01-02,156,350,1,30.8,30.8
3335,2025-01-02,156,471,1,327.77,327.77
3336,2025-10-24,496,272,2,352.7,705.4
3336,2025-10-24,496,452,2,46.98,93.96
3337,2025-11-25,137,392,3,141.55,424.65
3337,2025-11-25,137,447,3,376.57,1129.71
3337,2025-11-25,137,271,5,185.88,929.40
3338,2025-03-24,952,7,5,359.69,1798.45
3339,2025-02-03,743,249,3,492.22,1476.66
3339,2025-02-03,743,412,4,407.79,1631.16
3340,2025-04-24,214,227,1,94.86,94.86
3340,2025-04-24,214,267,1,281.05,281.05
3341,2025-10-12,529,279,1,204.8,204.8
3341,2025-10-12,529,68,5,57.36,286.80
3342,2025-02-19,853,280,1,13.76,13.76
3342,2025-02-19,853,299,3,383.39,1150.17
3343,2025-05-06,230,347,2,138.42,276.84
3344,2025-07-01,40,166,5,212.49,1062.45
3345,2025-04-15,687,312,3,333.94,1001.82
3346,2025-09-09,356,385,2,391.11,782.22
3347,2024-12-26,939,68,5,57.36,286.80
3348,2025-04-20,471,85,4,321.65,1286.60
3348,2025-04-20,471,80,5,293.7,1468.5
3348,2025-04-20,471,235,4,72.25,289.00
3349,2025-05-07,897,443,3,255.06,765.18
3350,2025-12-07,711,39,3,154.19,462.57
3350,2025-12-07,711,396,3,56.06,168.18
3351,2025-11-29,728,115,5,365.14,1825.70
3351,2025-11-29,728,376,4,167.79,671.16
3352,2025-11-27,14,494,1,429.76,429.76
3352,2025-11-27,14,148,1,445.16,445.16
3352,2025-11-27,14,174,3,314.06,942.18
3353,2025-10-15,683,285,5,447.68,2238.40
3354,2025-12-15,700,58,3,16.96,50.88
3354,2025-12-15,700,20,3,478.78,1436.34
3354,2025-12-15,700,345,1,210.38,210.38
3355,2025-01-24,180,83,1,322.41,322.41
3355,2025-01-24,180,219,3,24.98,74.94
3356,2025-02-15,979,186,4,436.63,1746.52
3356,2025-02-15,979,453,3,236.71,710.13
3356,2025-02-15,979,198,4,373.73,1494.92
3357,2025-09-20,182,77,2,270.23,540.46
3357,2025-09-20,182,125,5,265.17,1325.85
3358,2025-09-13,215,3,2,498.69,997.38
3359,2025-03-30,989,155,2,407.98,815.96
3359,2025-03-30,989,55,1,471.21,471.21
3360,2025-01-13,839,331,1,321.18,321.18
3360,2025-01-13,839,118,2,116.6,233.2
3360,2025-01-13,839,487,4,79.74,318.96
3361,2025-03-06,767,134,2,284.82,569.64
3361,2025-03-06,767,287,4,291.36,1165.44
3362,2025-06-13,221,130,2,252.98,505.96
3362,2025-06-13,221,228,4,404.8,1619.2
3362,2025-06-13,221,243,4,457.3,1829.2
3363,2025-12-25,566,183,5,448.54,2242.70
3363,2025-12-25,566,148,5,445.16,2225.80
3364,2025-03-13,55,352,1,164.03,164.03
3364,2025-03-13,55,11,1,149.99,149.99
3364,2025-03-13,55,208,4,438.21,1752.84
3365,2025-07-11,264,13,1,412.47,412.47
3365,2025-07-11,264,480,2,172.26,344.52
3366,2025-03-19,918,349,1,173.73,173.73
3366,2025-03-19,918,325,2,281.87,563.74
3366,2025-03-19,918,255,5,214.59,1072.95
3367,2025-11-24,321,214,2,298.33,596.66
3367,2025-11-24,321,413,1,496.98,496.98
3367,2025-11-24,321,131,1,398.64,398.64
3368,2025-06-18,332,154,3,434.3,1302.9
3368,2025-06-18,332,144,5,398.79,1993.95
3368,2025-06-18,332,190,3,72.61,217.83
3369,2025-02-15,825,205,3,145.68,437.04
3370,2024-12-26,794,324,2,113.76,227.52
3370,2024-12-26,794,195,2,494.68,989.36
3371,2025-12-16,100,387,5,280.52,1402.60
3372,2025-05-29,845,191,5,246.88,1234.40
3372,2025-05-29,845,267,2,281.05,562.10
3373,2025-07-29,924,108,5,393.46,1967.30
3374,2025-09-16,891,237,1,242.96,242.96
3374,2025-09-16,891,33,1,194.9,194.9
3375,2025-05-17,668,205,4,145.68,582.72
3375,2025-05-17,668,245,4,258.08,1032.32
3375,2025-05-17,668,492,2,449.67,899.34
3376,2025-12-20,230,339,3,247.5,742.5
3376,2025-12-20,230,455,2,276.92,553.84
3376,2025-12-20,230,142,5,240.49,1202.45
3377,2025-08-10,839,386,3,214.75,644.25
3377,2025-08-10,839,372,1,20.55,20.55
3377,2025-08-10,839,162,4,147.2,588.8
3378,2025-02-10,18,392,5,141.55,707.75
3379,2025-03-22,764,134,4,284.82,1139.28
3379,2025-03-22,764,130,2,252.98,505.96
3379,2025-03-22,764,273,4,54.12,216.48
3380,2025-03-24,670,288,4,55.84,223.36
3380,2025-03-24,670,170,3,40.78,122.34
3380,2025-03-24,670,19,3,144.77,434.31
3381,2025-03-23,47,223,4,77.6,310.4
3381,2025-03-23,47,159,3,372.6,1117.8
3381,2025-03-23,47,197,3,195.32,585.96
3382,2025-07-18,325,1,3,80.6,241.8
3382,2025-07-18,325,434,3,21.02,63.06
3383,2025-12-21,670,428,5,358.4,1792.0
3383,2025-12-21,670,398,2,71.83,143.66
3384,2025-04-11,235,492,4,449.67,1798.68
3384,2025-04-11,235,125,4,265.17,1060.68
3385,2025-10-01,424,49,5,243.73,1218.65
3385,2025-10-01,424,203,1,98.55,98.55
3386,2025-12-25,95,285,5,447.68,2238.40
3387,2025-12-13,915,66,2,211.47,422.94
3388,2025-02-07,791,398,3,71.83,215.49
3389,2025-06-12,531,177,1,184.9,184.9
3390,2025-09-04,58,24,2,330.39,660.78
3391,2025-02-22,589,156,4,182.35,729.40
3392,2025-12-21,363,487,3,79.74,239.22
3392,2025-12-21,363,162,2,147.2,294.4
3393,2025-01-09,539,26,5,376.51,1882.55
3394,2025-05-20,440,423,4,410.7,1642.8
3394,2025-05-20,440,13,3,412.47,1237.41
3394,2025-05-20,440,353,1,272.7,272.7
3395,2025-06-26,184,277,5,328.27,1641.35
3395,2025-06-26,184,400,3,387.4,1162.2
3395,2025-06-26,184,348,2,231.55,463.10
3396,2025-03-14,412,221,1,109.17,109.17
3397,2025-02-18,230,319,2,453.23,906.46
3397,2025-02-18,230,422,5,82.75,413.75
3398,2025-12-02,246,180,3,179.99,539.97
3399,2025-01-30,855,244,3,478.82,1436.46
3399,2025-01-30,855,206,5,270.77,1353.85
3399,2025-01-30,855,429,2,309.42,618.84
3400,2025-10-15,185,69,2,340.46,680.92
3400,2025-10-15,185,380,3,276.01,828.03
3401,2025-10-29,245,2,3,287.98,863.94
3401,2025-10-29,245,470,1,232.51,232.51
3401,2025-10-29,245,72,3,409.92,1229.76
3402,2025-01-24,92,88,4,222.45,889.80
3403,2025-03-28,827,260,1,39.69,39.69
3403,2025-03-28,827,268,4,164.18,656.72
3404,2025-03-23,88,382,3,240.39,721.17
3405,2025-02-08,719,494,1,429.76,429.76
3405,2025-02-08,719,462,5,412.76,2063.80
3406,2025-06-23,334,309,2,50.9,101.8
3406,2025-06-23,334,330,1,217.0,217.0
3406,2025-06-23,334,400,1,387.4,387.4
3407,2025-05-24,444,381,5,313.66,1568.30
3408,2025-12-16,693,413,5,496.98,2484.90
3409,2025-07-14,104,255,1,214.59,214.59
3409,2025-07-14,104,327,2,499.91,999.82
3410,2025-07-22,368,236,1,469.19,469.19
3410,2025-07-22,368,100,2,220.87,441.74
3410,2025-07-22,368,453,3,236.71,710.13
3411,2025-06-18,685,127,1,428.76,428.76
3411,2025-06-18,685,328,5,50.89,254.45
3411,2025-06-18,685,196,2,305.3,610.6
3412,2025-10-30,397,429,2,309.42,618.84
3413,2025-06-06,143,300,4,119.77,479.08
3413,2025-06-06,143,308,1,241.52,241.52
3414,2025-09-18,853,38,4,447.83,1791.32
3415,2025-02-08,869,21,3,141.16,423.48
3415,2025-02-08,869,432,5,117.54,587.70
3416,2025-10-29,527,24,1,330.39,330.39
3416,2025-10-29,527,196,5,305.3,1526.5
3416,2025-10-29,527,333,3,312.24,936.72
3417,2025-02-01,799,255,4,214.59,858.36
3417,2025-02-01,799,208,4,438.21,1752.84
3417,2025-02-01,799,472,2,46.16,92.32
3418,2025-08-12,329,55,3,471.21,1413.63
3419,2025-12-20,509,462,3,412.76,1238.28
3419,2025-12-20,509,111,2,157.26,314.52
3420,2025-03-26,717,451,3,117.67,353.01
3421,2025-11-28,815,85,1,321.65,321.65
3422,2025-06-23,906,282,5,332.62,1663.10
3422,2025-06-23,906,110,5,443.77,2218.85
3422,2025-06-23,906,121,4,492.6,1970.4
3423,2025-05-21,57,139,4,339.12,1356.48
3423,2025-05-21,57,196,4,305.3,1221.2
3424,2025-05-12,486,253,2,358.42,716.84
3424,2025-05-12,486,386,1,214.75,214.75
3424,2025-05-12,486,177,5,184.9,924.5
3425,2025-10-09,569,27,3,227.57,682.71
3425,2025-10-09,569,340,2,46.68,93.36
3425,2025-10-09,569,191,2,246.88,493.76
3426,2025-10-23,90,193,1,250.13,250.13
3427,2025-11-05,445,460,3,313.84,941.52
3428,2025-09-10,433,440,2,475.31,950.62
3428,2025-09-10,433,94,3,295.93,887.79
3428,2025-09-10,433,485,3,492.14,1476.42
3429,2025-01-30,6,401,4,341.45,1365.80
3430,2025-09-18,493,320,4,322.83,1291.32
3431,2025-07-07,344,88,3,222.45,667.35
3432,2025-02-12,746,172,4,250.68,1002.72
3432,2025-02-12,746,401,1,341.45,341.45
3432,2025-02-12,746,121,4,492.6,1970.4
3433,2025-05-30,28,436,5,472.16,2360.80
3433,2025-05-30,28,271,1,185.88,185.88
3433,2025-05-30,28,353,2,272.7,545.4
3434,2025-05-18,168,11,1,149.99,149.99
3434,2025-05-18,168,40,5,296.1,1480.5
3435,2025-07-13,949,131,5,398.64,1993.20
3435,2025-07-13,949,23,4,412.11,1648.44
3435,2025-07-13,949,291,2,346.84,693.68
3436,2025-12-22,660,266,5,468.09,2340.45
3436,2025-12-22,660,421,3,320.48,961.44
3436,2025-12-22,660,363,4,154.83,619.32
3437,2025-08-16,819,489,3,52.69,158.07
3438,2025-02-09,655,411,1,147.7,147.7
3439,2025-05-10,640,411,2,147.7,295.4
3439,2025-05-10,640,216,2,277.28,554.56
3440,2025-12-21,306,199,3,286.28,858.84
3441,2025-08-24,234,163,2,186.78,373.56
3441,2025-08-24,234,214,3,298.33,894.99
3441,2025-08-24,234,146,3,92.21,276.63
3442,2025-02-21,304,164,1,310.9,310.9
3443,2025-01-03,790,238,3,472.08,1416.24
3443,2025-01-03,790,445,2,485.73,971.46
3443,2025-01-03,790,147,2,55.32,110.64
3444,2025-11-12,189,123,5,165.07,825.35
3444,2025-11-12,189,380,4,276.01,1104.04
3444,2025-11-12,189,466,2,477.28,954.56
3445,2025-03-09,552,224,2,321.92,643.84
3446,2025-09-09,876,276,5,258.44,1292.20
3447,2025-08-20,934,415,2,477.17,954.34
3448,2025-03-06,942,237,2,242.96,485.92
3448,2025-03-06,942,151,5,496.87,2484.35
3448,2025-03-06,942,355,2,208.41,416.82
3449,2025-05-12,806,264,1,245.93,245.93
3449,2025-05-12,806,438,3,161.16,483.48
3449,2025-05-12,806,28,4,412.52,1650.08
3450,2025-09-28,119,20,4,478.78,1915.12
3451,2025-08-15,329,95,1,394.98,394.98
3451,2025-08-15,329,252,4,257.9,1031.6
3451,2025-08-15,329,203,1,98.55,98.55
3452,2025-02-22,716,384,3,229.07,687.21
3452,2025-02-22,716,448,2,149.05,298.10
3452,2025-02-22,716,179,3,153.54,460.62
3453,2025-12-13,449,341,5,51.61,258.05
3453,2025-12-13,449,324,2,113.76,227.52
3453,2025-12-13,449,191,4,246.88,987.52
3454,2025-03-21,484,17,5,221.62,1108.10
3454,2025-03-21,484,371,5,51.41,257.05
3455,2025-11-21,2,403,5,215.58,1077.90
3455,2025-11-21,2,164,4,310.9,1243.6
3456,2025-09-18,142,237,5,242.96,1214.80
3456,2025-09-18,142,469,4,103.95,415.80
3457,2025-09-25,4,16,2,241.42,482.84
3457,2025-09-25,4,118,3,116.6,349.8
3458,2025-05-21,26,43,4,278.89,1115.56
3458,2025-05-21,26,464,5,267.75,1338.75
3459,2025-12-09,423,225,1,460.72,460.72
3459,2025-12-09,423,310,4,151.31,605.24
3460,2025-02-02,68,370,2,285.74,571.48
3461,2025-05-24,876,318,5,12.28,61.40
3461,2025-05-24,876,73,2,25.92,51.84
3461,2025-05-24,876,391,2,325.16,650.32
3462,2025-12-11,405,8,3,316.53,949.59
3462,2025-12-11,405,482,3,296.53,889.59
3462,2025-12-11,405,486,4,176.54,706.16
3463,2025-08-11,210,303,2,489.27,978.54
3463,2025-08-11,210,379,2,183.38,366.76
3463,2025-08-11,210,216,1,277.28,277.28
3464,2025-12-15,658,197,1,195.32,195.32
3465,2025-08-31,409,471,3,327.77,983.31
3465,2025-08-31,409,323,2,299.85,599.70
3465,2025-08-31,409,367,3,394.98,1184.94
3466,2025-02-04,330,472,3,46.16,138.48
3466,2025-02-04,330,20,3,478.78,1436.34
3467,2025-05-30,977,46,5,392.38,1961.90
3467,2025-05-30,977,340,5,46.68,233.40
3467,2025-05-30,977,461,3,224.53,673.59
3468,2025-09-09,925,58,5,16.96,84.80
3469,2025-07-24,219,477,3,442.21,1326.63
3470,2025-09-06,449,470,1,232.51,232.51
3470,2025-09-06,449,430,1,275.12,275.12
3471,2025-11-05,278,429,2,309.42,618.84
3472,2025-06-03,605,24,1,330.39,330.39
3473,2025-04-07,525,448,5,149.05,745.25
3474,2025-07-21,287,148,1,445.16,445.16
3474,2025-07-21,287,44,3,439.63,1318.89
3475,2025-01-31,974,229,3,296.73,890.19
3475,2025-01-31,974,29,1,178.91,178.91
3476,2025-10-28,950,312,3,333.94,1001.82
3476,2025-10-28,950,193,3,250.13,750.39
3477,2025-10-19,187,307,2,228.49,456.98
3477,2025-10-19,187,141,5,448.09,2240.45
3477,2025-10-19,187,407,4,325.42,1301.68
3478,2025-04-14,580,73,4,25.92,103.68
3479,2025-07-25,452,19,5,144.77,723.85
3479,2025-07-25,452,143,1,472.35,472.35
3480,2025-02-14,122,256,2,127.97,255.94
3481,2025-04-07,160,298,4,204.65,818.60
3481,2025-04-07,160,266,3,468.09,1404.27
3481,2025-04-07,160,490,5,476.01,2380.05
3482,2025-01-09,869,438,3,161.16,483.48
3482,2025-01-09,869,421,1,320.48,320.48
3483,2025-03-04,435,29,5,178.91,894.55
3483,2025-03-04,435,493,3,312.43,937.29
3483,2025-03-04,435,492,4,449.67,1798.68
3484,2025-10-18,625,114,5,136.66,683.30
3485,2025-08-04,324,312,1,333.94,333.94
3485,2025-08-04,324,287,4,291.36,1165.44
3485,2025-08-04,324,79,4,139.58,558.32
3486,2025-08-21,340,477,5,442.21,2211.05
3486,2025-08-21,340,110,2,443.77,887.54
3486,2025-08-21,340,213,2,312.66,625.32
3487,2025-11-02,950,300,3,119.77,359.31
3487,2025-11-02,950,312,5,333.94,1669.70
3488,2025-10-07,662,341,2,51.61,103.22
3488,2025-10-07,662,179,2,153.54,307.08
3488,2025-10-07,662,258,4,77.66,310.64
3489,2025-06-20,834,51,5,108.84,544.20
3489,2025-06-20,834,269,5,302.11,1510.55
3490,2025-10-29,337,57,2,103.12,206.24
3490,2025-10-29,337,379,4,183.38,733.52
3490,2025-10-29,337,84,1,404.22,404.22
3491,2025-01-03,309,265,1,86.31,86.31
3491,2025-01-03,309,223,4,77.6,310.4
3491,2025-01-03,309,371,4,51.41,205.64
3492,2025-06-09,370,98,3,14.53,43.59
3492,2025-06-09,370,297,3,398.94,1196.82
3493,2025-02-26,231,258,5,77.66,388.30
3493,2025-02-26,231,174,4,314.06,1256.24
3493,2025-02-26,231,285,4,447.68,1790.72
3494,2025-08-03,606,194,4,447.89,1791.56
3494,2025-08-03,606,294,5,41.14,205.70
3494,2025-08-03,606,151,1,496.87,496.87
3495,2025-04-11,174,308,4,241.52,966.08
3496,2025-03-25,309,94,2,295.93,591.86
3497,2025-05-17,748,139,4,339.12,1356.48
3497,2025-05-17,748,254,5,463.64,2318.20
3497,2025-05-17,748,76,2,445.17,890.34
3498,2025-07-10,813,467,4,363.53,1454.12
3498,2025-07-10,813,273,2,54.12,108.24
3499,2025-05-26,296,109,2,97.7,195.4
3499,2025-05-26,296,482,3,296.53,889.59
3499,2025-05-26,296,278,1,205.91,205.91
3500,2025-09-07,416,487,5,79.74,398.70
3500,2025-09-07,416,395,2,171.83,343.66
3500,2025-09-07,416,114,4,136.66,546.64
3501,2025-11-04,589,101,1,35.41,35.41
3501,2025-11-04,589,156,4,182.35,729.40
3502,2025-03-06,578,370,2,285.74,571.48
3502,2025-03-06,578,18,5,298.7,1493.5
3503,2025-01-10,151,155,5,407.98,2039.90
3504,2025-04-01,222,238,1,472.08,472.08
3504,2025-04-01,222,234,1,6.55,6.55
3505,2025-05-04,555,298,4,204.65,818.60
3506,2025-10-27,230,440,4,475.31,1901.24
3507,2025-02-28,569,476,2,131.18,262.36
3507,2025-02-28,569,88,5,222.45,1112.25
3508,2025-04-07,99,180,5,179.99,899.95
3508,2025-04-07,99,251,2,152.34,304.68
3508,2025-04-07,99,62,5,245.04,1225.20
3509,2025-04-06,262,193,5,250.13,1250.65
3510,2025-11-04,128,354,1,78.8,78.8
3510,2025-11-04,128,462,3,412.76,1238.28
3510,2025-11-04,128,31,1,485.56,485.56
3511,2025-04-08,998,239,4,469.38,1877.52
3511,2025-04-08,998,364,1,84.82,84.82
3512,2025-02-20,778,100,5,220.87,1104.35
3512,2025-02-20,778,461,4,224.53,898.12
3513,2025-07-07,864,357,3,147.52,442.56
3513,2025-07-07,864,338,5,243.62,1218.10
3514,2025-08-27,527,149,5,57.41,287.05
3515,2025-01-21,66,232,4,59.52,238.08
3516,2025-08-29,294,250,4,202.45,809.80
3517,2025-07-23,301,459,3,223.31,669.93
3517,2025-07-23,301,56,4,278.79,1115.16
3518,2025-07-04,833,84,3,404.22,1212.66
3518,2025-07-04,833,481,2,163.42,326.84
3519,2025-01-26,730,172,2,250.68,501.36
3519,2025-01-26,730,107,1,167.97,167.97
3520,2025-06-21,590,43,2,278.89,557.78
3521,2025-03-30,705,105,4,58.1,232.4
3521,2025-03-30,705,308,4,241.52,966.08
3521,2025-03-30,705,7,2,359.69,719.38
3522,2025-02-26,240,283,2,384.65,769.30
3522,2025-02-26,240,273,4,54.12,216.48
3522,2025-02-26,240,402,3,341.36,1024.08
3523,2025-03-01,576,177,5,184.9,924.5
3523,2025-03-01,576,168,1,347.07,347.07
3523,2025-03-01,576,318,4,12.28,49.12
3524,2025-05-07,100,21,4,141.16,564.64
3524,2025-05-07,100,133,3,261.96,785.88
3525,2025-06-07,823,3,1,498.69,498.69
3525,2025-06-07,823,92,2,468.03,936.06
3525,2025-06-07,823,266,2,468.09,936.18
3526,2025-03-19,101,20,2,478.78,957.56
3526,2025-03-19,101,308,3,241.52,724.56
3526,2025-03-19,101,486,4,176.54,706.16
3527,2025-07-03,429,201,3,437.71,1313.13
3527,2025-07-03,429,53,5,485.1,2425.5
3528,2025-05-21,428,292,5,242.18,1210.90
3528,2025-05-21,428,101,2,35.41,70.82
3529,2025-03-24,829,471,1,327.77,327.77
3529,2025-03-24,829,439,4,18.16,72.64
3530,2025-08-14,142,155,4,407.98,1631.92
3530,2025-08-14,142,331,4,321.18,1284.72
3530,2025-08-14,142,334,2,134.61,269.22
3531,2025-06-07,267,22,2,420.77,841.54
3531,2025-06-07,267,73,5,25.92,129.60
3531,2025-06-07,267,150,1,72.4,72.4
3532,2025-07-18,83,431,5,141.89,709.45
3532,2025-07-18,83,359,1,275.01,275.01
3532,2025-07-18,83,477,1,442.21,442.21
3533,2024-12-26,852,125,4,265.17,1060.68
3533,2024-12-26,852,459,4,223.31,893.24
3534,2025-10-15,66,384,5,229.07,1145.35
3534,2025-10-15,66,249,2,492.22,984.44
3535,2025-08-11,946,317,5,37.27,186.35
3535,2025-08-11,946,99,4,342.87,1371.48
3536,2025-03-28,600,320,4,322.83,1291.32
3537,2025-12-10,566,342,2,478.74,957.48
3537,2025-12-10,566,455,1,276.92,276.92
3538,2025-10-15,693,172,1,250.68,250.68
3539,2025-12-11,888,325,5,281.87,1409.35
3539,2025-12-11,888,428,4,358.4,1433.6
3540,2025-11-18,419,54,1,221.51,221.51
3541,2025-12-19,188,46,2,392.38,784.76
3542,2025-08-24,980,208,5,438.21,2191.05
3543,2025-09-02,740,462,1,412.76,412.76
3544,2025-03-16,620,98,2,14.53,29.06
3544,2025-03-16,620,277,5,328.27,1641.35
3545,2025-07-23,888,437,4,297.45,1189.80
3545,2025-07-23,888,255,5,214.59,1072.95
3546,2025-06-29,219,500,2,455.95,911.90
3547,2025-08-08,326,438,2,161.16,322.32
3547,2025-08-08,326,26,3,376.51,1129.53
3547,2025-08-08,326,317,2,37.27,74.54
3548,2025-09-21,665,36,4,12.2,48.8
3548,2025-09-21,665,143,1,472.35,472.35
3548,2025-09-21,665,201,1,437.71,437.71
3549,2025-04-15,340,43,1,278.89,278.89
3549,2025-04-15,340,197,4,195.32,781.28
3550,2025-01-19,306,129,3,119.27,357.81
3551,2025-04-28,606,484,2,497.12,994.24
3551,2025-04-28,606,231,4,241.46,965.84
3552,2025-11-13,124,164,5,310.9,1554.5
3552,2025-11-13,124,165,1,78.9,78.9
3552,2025-11-13,124,187,5,319.82,1599.10
3553,2025-05-09,144,63,3,364.98,1094.94
3553,2025-05-09,144,180,2,179.99,359.98
3554,2025-06-20,712,114,3,136.66,409.98
3554,2025-06-20,712,284,3,165.79,497.37
3554,2025-06-20,712,431,4,141.89,567.56
3555,2025-05-15,71,462,5,412.76,2063.80
3555,2025-05-15,71,455,4,276.92,1107.68
3556,2025-09-28,451,154,4,434.3,1737.2
3557,2025-12-23,79,58,5,16.96,84.80
3558,2025-03-01,530,197,1,195.32,195.32
3559,2025-08-16,532,58,5,16.96,84.80
3559,2025-08-16,532,136,1,341.46,341.46
3559,2025-08-16,532,391,4,325.16,1300.64
3560,2025-03-27,820,56,2,278.79,557.58
3560,2025-03-27,820,137,2,272.96,545.92
3560,2025-03-27,820,437,3,297.45,892.35
3561,2025-01-28,16,116,5,496.51,2482.55
3562,2025-01-02,998,394,3,348.1,1044.3
3562,2025-01-02,998,493,5,312.43,1562.15
3563,2025-03-08,922,25,5,250.93,1254.65
3563,2025-03-08,922,411,3,147.7,443.1
3564,2025-02-11,62,71,3,268.41,805.23
3564,2025-02-11,62,56,5,278.79,1393.95
3564,2025-02-11,62,298,4,204.65,818.60
3565,2025-01-12,326,173,3,461.96,1385.88
3566,2025-05-02,256,233,4,230.37,921.48
3566,2025-05-02,256,239,1,469.38,469.38
3566,2025-05-02,256,178,1,65.82,65.82
3567,2025-07-26,19,365,2,459.25,918.50
3567,2025-07-26,19,419,2,54.3,108.6
3567,2025-07-26,19,445,3,485.73,1457.19
3568,2025-05-03,90,27,5,227.57,1137.85
3568,2025-05-03,90,301,1,274.15,274.15
3568,2025-05-03,90,107,2,167.97,335.94
3569,2025-11-15,263,367,2,394.98,789.96
3570,2025-10-25,941,74,2,352.49,704.98
3570,2025-10-25,941,275,3,25.24,75.72
3570,2025-10-25,941,204,4,296.2,1184.8
3571,2025-03-05,478,235,5,72.25,361.25
3571,2025-03-05,478,316,5,285.22,1426.10
3571,2025-03-05,478,136,2,341.46,682.92
3572,2025-04-09,369,483,1,192.76,192.76
3572,2025-04-09,369,302,5,462.51,2312.55
3573,2025-07-26,106,354,2,78.8,157.6
3573,2025-07-26,106,409,3,31.26,93.78
3573,2025-07-26,106,58,5,16.96,84.80
3574,2025-02-25,178,375,4,445.17,1780.68
3575,2025-04-15,868,406,4,438.28,1753.12
3576,2025-06-02,194,14,4,40.36,161.44
3576,2025-06-02,194,320,1,322.83,322.83
3577,2025-02-02,669,23,2,412.11,824.22
3577,2025-02-02,669,306,3,390.91,1172.73
3577,2025-02-02,669,353,2,272.7,545.4
3578,2025-03-05,237,410,3,400.18,1200.54
3579,2025-03-25,346,386,4,214.75,859.00
3579,2025-03-25,346,137,1,272.96,272.96
3579,2025-03-25,346,154,3,434.3,1302.9
3580,2025-05-11,204,484,5,497.12,2485.60
3580,2025-05-11,204,30,1,152.14,152.14
3580,2025-05-11,204,245,4,258.08,1032.32
3581,2025-04-24,658,481,5,163.42,817.10
3582,2025-05-15,472,110,5,443.77,2218.85
3582,2025-05-15,472,4,2,472.3,944.6
3583,2025-01-22,686,406,2,438.28,876.56
3584,2025-01-27,368,301,4,274.15,1096.60
3584,2025-01-27,368,397,5,160.06,800.30
3585,2025-04-16,904,385,1,391.11,391.11
3586,2025-04-25,819,247,4,154.79,619.16
3586,2025-04-25,819,322,5,417.63,2088.15
3587,2024-12-28,559,87,4,480.44,1921.76
3587,2024-12-28,559,492,4,449.67,1798.68
3588,2025-05-10,656,398,5,71.83,359.15
3588,2025-05-10,656,342,4,478.74,1914.96
3588,2025-05-10,656,18,5,298.7,1493.5
3589,2025-06-28,51,402,4,341.36,1365.44
3589,2025-06-28,51,291,2,346.84,693.68
3590,2025-03-25,481,419,5,54.3,271.5
3590,2025-03-25,481,156,2,182.35,364.70
3590,2025-03-25,481,35,5,246.38,1231.90
3591,2025-11-26,319,197,4,195.32,781.28
3591,2025-11-26,319,50,1,166.56,166.56
3592,2025-08-19,562,253,5,358.42,1792.10
3593,2025-05-22,484,403,5,215.58,1077.90
3593,2025-05-22,484,235,3,72.25,216.75
3594,2025-06-29,211,45,5,250.68,1253.40
3595,2025-10-04,775,494,5,429.76,2148.80
3595,2025-10-04,775,235,4,72.25,289.00
3596,2025-04-06,962,474,2,33.57,67.14
3596,2025-04-06,962,250,1,202.45,202.45
3596,2025-04-06,962,72,5,409.92,2049.60
3597,2025-12-19,239,237,5,242.96,1214.80
3597,2025-12-19,239,398,1,71.83,71.83
3597,2025-12-19,239,275,1,25.24,25.24
3598,2025-05-31,950,280,2,13.76,27.52
3598,2025-05-31,950,221,1,109.17,109.17
3599,2024-12-26,780,475,4,118.44,473.76
3599,2024-12-26,780,289,5,150.72,753.60
3599,2024-12-26,780,480,3,172.26,516.78
3600,2025-08-16,146,498,1,374.05,374.05
3600,2025-08-16,146,98,3,14.53,43.59
3600,2025-08-16,146,344,4,177.16,708.64
3601,2025-04-29,982,232,1,59.52,59.52
3601,2025-04-29,982,97,2,113.42,226.84
3601,2025-04-29,982,299,2,383.39,766.78
3602,2025-04-27,706,434,5,21.02,105.10
3603,2025-09-11,228,342,5,478.74,2393.70
3603,2025-09-11,228,386,3,214.75,644.25
3603,2025-09-11,228,251,2,152.34,304.68
3604,2025-08-06,303,129,5,119.27,596.35
3604,2025-08-06,303,252,5,257.9,1289.5
3604,2025-08-06,303,408,1,242.36,242.36
3605,2025-11-26,659,375,3,445.17,1335.51
3606,2025-07-03,725,191,1,246.88,246.88
3607,2025-09-24,954,471,3,327.77,983.31
3607,2025-09-24,954,61,3,351.5,1054.5
3607,2025-09-24,954,38,3,447.83,1343.49
3608,2025-08-21,661,328,1,50.89,50.89
3608,2025-08-21,661,442,5,155.41,777.05
3609,2025-04-09,732,458,5,257.33,1286.65
3609,2025-04-09,732,487,5,79.74,398.70
3610,2025-01-10,66,278,4,205.91,823.64
3611,2025-03-10,588,188,2,443.19,886.38
3611,2025-03-10,588,311,3,289.44,868.32
3612,2025-03-06,959,151,1,496.87,496.87
3612,2025-03-06,959,122,5,459.94,2299.70
3613,2025-11-21,805,343,2,240.99,481.98
3613,2025-11-21,805,24,5,330.39,1651.95
3613,2025-11-21,805,348,5,231.55,1157.75
3614,2025-02-26,909,327,5,499.91,2499.55
3615,2025-08-29,296,273,3,54.12,162.36
3615,2025-08-29,296,330,1,217.0,217.0
3615,2025-08-29,296,196,2,305.3,610.6
3616,2025-04-13,609,367,3,394.98,1184.94
3617,2025-11-20,68,451,2,117.67,235.34
3618,2025-12-10,868,101,5,35.41,177.05
3618,2025-12-10,868,226,5,285.54,1427.70
3619,2025-01-23,771,236,3,469.19,1407.57
3620,2025-07-09,744,368,4,83.83,335.32
3620,2025-07-09,744,257,1,265.71,265.71
3620,2025-07-09,744,85,4,321.65,1286.60
3621,2025-07-10,205,117,2,142.82,285.64
3621,2025-07-10,205,43,5,278.89,1394.45
3622,2025-01-28,954,214,3,298.33,894.99
3622,2025-01-28,954,6,5,388.76,1943.80
3623,2025-10-30,713,205,2,145.68,291.36
3624,2025-11-12,965,206,1,270.77,270.77
3624,2025-11-12,965,318,1,12.28,12.28
3624,2025-11-12,965,474,4,33.57,134.28
3625,2025-06-14,610,408,5,242.36,1211.80
3625,2025-06-14,610,344,1,177.16,177.16
3626,2025-06-26,19,323,5,299.85,1499.25
3626,2025-06-26,19,172,2,250.68,501.36
3627,2025-02-02,451,477,5,442.21,2211.05
3627,2025-02-02,451,34,1,401.45,401.45
3628,2025-04-28,12,257,2,265.71,531.42
3628,2025-04-28,12,329,5,374.27,1871.35
3629,2025-05-27,166,216,5,277.28,1386.40
3630,2025-04-20,490,242,3,35.44,106.32
3630,2025-04-20,490,409,5,31.26,156.30
3630,2025-04-20,490,18,2,298.7,597.4
3631,2025-07-22,636,169,2,460.43,920.86
3631,2025-07-22,636,31,2,485.56,971.12
3632,2025-07-10,820,161,5,318.86,1594.30
3632,2025-07-10,820,260,3,39.69,119.07
3633,2025-11-16,89,254,5,463.64,2318.20
3633,2025-11-16,89,478,5,68.54,342.70
3634,2025-05-21,156,275,5,25.24,126.20
3634,2025-05-21,156,482,1,296.53,296.53
3635,2025-07-03,343,202,4,141.74,566.96
3635,2025-07-03,343,456,5,452.55,2262.75
3636,2025-09-21,339,331,5,321.18,1605.90
3636,2025-09-21,339,194,2,447.89,895.78
3637,2025-10-30,257,298,3,204.65,613.95
3637,2025-10-30,257,330,5,217.0,1085.0
3637,2025-10-30,257,399,5,53.46,267.30
3638,2025-01-05,380,115,2,365.14,730.28
3639,2025-02-07,66,220,2,26.81,53.62
3640,2025-08-03,101,125,3,265.17,795.51
3640,2025-08-03,101,432,1,117.54,117.54
3640,2025-08-03,101,264,2,245.93,491.86
3641,2025-08-11,69,231,3,241.46,724.38
3642,2025-01-11,189,350,3,30.8,92.4
3642,2025-01-11,189,116,3,496.51,1489.53
3643,2025-05-01,971,494,5,429.76,2148.80
3643,2025-05-01,971,178,2,65.82,131.64
3643,2025-05-01,971,354,5,78.8,394.0
3644,2025-12-24,865,453,2,236.71,473.42
3644,2025-12-24,865,366,3,223.44,670.32
3645,2025-10-26,694,118,3,116.6,349.8
3645,2025-10-26,694,90,2,414.87,829.74
3646,2025-05-23,679,188,3,443.19,1329.57
3646,2025-05-23,679,390,3,40.96,122.88
3646,2025-05-23,679,173,3,461.96,1385.88
3647,2025-01-23,992,175,5,471.13,2355.65
3647,2025-01-23,992,196,2,305.3,610.6
3647,2025-01-23,992,461,5,224.53,1122.65
3648,2025-03-19,466,82,4,349.97,1399.88
3648,2025-03-19,466,463,4,144.91,579.64
3649,2025-10-08,670,32,3,342.29,1026.87
3650,2025-02-12,418,53,5,485.1,2425.5
3651,2025-07-27,647,346,1,30.32,30.32
3652,2025-08-20,491,460,2,313.84,627.68
3652,2025-08-20,491,263,5,157.37,786.85
3652,2025-08-20,491,145,4,20.33,81.32
3653,2025-06-11,810,386,5,214.75,1073.75
3653,2025-06-11,810,321,3,75.56,226.68
3653,2025-06-11,810,469,1,103.95,103.95
3654,2025-06-24,452,408,4,242.36,969.44
3654,2025-06-24,452,384,3,229.07,687.21
3655,2025-05-11,309,129,2,119.27,238.54
3655,2025-05-11,309,320,3,322.83,968.49
3655,2025-05-11,309,31,3,485.56,1456.68
3656,2025-10-19,106,257,2,265.71,531.42
3656,2025-10-19,106,15,5,182.7,913.5
3656,2025-10-19,106,210,5,318.91,1594.55
3657,2025-11-23,240,26,5,376.51,1882.55
3658,2025-08-22,121,179,5,153.54,767.70
3659,2025-01-14,423,118,3,116.6,349.8
3659,2025-01-14,423,237,1,242.96,242.96
3660,2025-09-05,305,58,3,16.96,50.88
3661,2025-06-23,77,242,3,35.44,106.32
3661,2025-06-23,77,284,4,165.79,663.16
3661,2025-06-23,77,407,4,325.42,1301.68
3662,2025-02-11,688,325,1,281.87,281.87
3663,2025-10-05,988,76,4,445.17,1780.68
3664,2025-07-28,706,99,5,342.87,1714.35
3664,2025-07-28,706,286,4,46.15,184.60
3665,2025-05-04,492,221,5,109.17,545.85
3666,2025-04-18,119,362,1,299.76,299.76
3667,2025-06-20,374,368,5,83.83,419.15
3668,2025-09-10,365,315,4,398.86,1595.44
3668,2025-09-10,365,132,2,305.92,611.84
3668,2025-09-10,365,146,5,92.21,461.05
3669,2025-03-21,862,221,5,109.17,545.85
3670,2025-07-28,582,102,1,468.5,468.5
3670,2025-07-28,582,69,1,340.46,340.46
3671,2025-08-26,180,163,4,186.78,747.12
3671,2025-08-26,180,329,5,374.27,1871.35
3672,2024-12-29,568,272,4,352.7,1410.8
3672,2024-12-29,568,460,3,313.84,941.52
3673,2025-03-08,305,242,4,35.44,141.76
3673,2025-03-08,305,405,5,16.73,83.65
3673,2025-03-08,305,85,2,321.65,643.30
3674,2025-11-17,672,456,5,452.55,2262.75
3674,2025-11-17,672,437,5,297.45,1487.25
3675,2025-10-12,346,476,5,131.18,655.90
3675,2025-10-12,346,424,2,321.07,642.14
3675,2025-10-12,346,36,4,12.2,48.8
3676,2025-11-14,299,205,5,145.68,728.40
3676,2025-11-14,299,477,5,442.21,2211.05
3677,2025-12-04,761,472,2,46.16,92.32
3678,2025-06-20,753,381,3,313.66,940.98
3678,2025-06-20,753,7,4,359.69,1438.76
3678,2025-06-20,753,123,3,165.07,495.21
3679,2025-04-03,348,139,5,339.12,1695.60
3679,2025-04-03,348,94,5,295.93,1479.65
3679,2025-04-03,348,469,1,103.95,103.95
3680,2025-11-23,139,327,1,499.91,499.91
3681,2025-04-09,286,204,3,296.2,888.6
3681,2025-04-09,286,166,3,212.49,637.47
3681,2025-04-09,286,124,5,225.92,1129.60
3682,2025-04-12,369,247,4,154.79,619.16
3682,2025-04-12,369,166,3,212.49,637.47
3682,2025-04-12,369,417,5,148.93,744.65
3683,2025-06-06,520,272,4,352.7,1410.8
3683,2025-06-06,520,216,3,277.28,831.84
3683,2025-06-06,520,105,4,58.1,232.4
3684,2025-08-10,866,240,5,102.23,511.15
3685,2025-08-10,944,76,4,445.17,1780.68
3685,2025-08-10,944,305,3,70.29,210.87
3685,2025-08-10,944,293,4,131.93,527.72
3686,2024-12-29,562,454,2,64.77,129.54
3687,2025-03-11,665,269,4,302.11,1208.44
3687,2025-03-11,665,252,3,257.9,773.7
3688,2025-04-24,399,112,4,242.9,971.6
3688,2025-04-24,399,255,1,214.59,214.59
3689,2025-06-10,705,386,5,214.75,1073.75
3690,2025-05-29,907,147,5,55.32,276.60
3690,2025-05-29,907,19,4,144.77,579.08
3690,2025-05-29,907,322,1,417.63,417.63
3691,2025-10-22,28,184,5,72.35,361.75
3692,2025-03-09,878,57,1,103.12,103.12
3693,2025-01-26,472,329,5,374.27,1871.35
3694,2025-08-31,993,63,4,364.98,1459.92
3695,2025-07-23,223,256,3,127.97,383.91
3696,2025-10-16,821,438,4,161.16,644.64
3696,2025-10-16,821,222,1,80.58,80.58
3697,2025-05-13,635,279,4,204.8,819.2
3698,2025-06-09,927,109,5,97.7,488.5
3698,2025-06-09,927,300,2,119.77,239.54
3698,2025-06-09,927,280,5,13.76,68.80
3699,2025-12-25,488,424,5,321.07,1605.35
3700,2025-03-10,947,38,1,447.83,447.83
3700,2025-03-10,947,283,1,384.65,384.65
3700,2025-03-10,947,483,2,192.76,385.52
3701,2025-08-15,520,409,2,31.26,62.52
3702,2025-11-30,976,162,3,147.2,441.6
3702,2025-11-30,976,226,5,285.54,1427.70
3703,2025-10-09,674,249,3,492.22,1476.66
3703,2025-10-09,674,70,5,24.04,120.20
3703,2025-10-09,674,488,4,209.37,837.48
3704,2025-07-24,697,4,3,472.3,1416.9
3704,2025-07-24,697,250,3,202.45,607.35
3704,2025-07-24,697,159,4,372.6,1490.4
3705,2025-04-22,817,267,4,281.05,1124.20
3706,2025-02-18,525,117,2,142.82,285.64
3706,2025-02-18,525,260,5,39.69,198.45
3706,2025-02-18,525,487,5,79.74,398.70
3707,2025-04-11,998,41,1,114.35,114.35
3707,2025-04-11,998,167,5,224.17,1120.85
3707,2025-04-11,998,12,1,100.62,100.62
3708,2025-11-25,596,361,5,365.74,1828.70
3708,2025-11-25,596,268,5,164.18,820.90
3708,2025-11-25,596,165,4,78.9,315.6
3709,2025-04-26,976,18,1,298.7,298.7
3709,2025-04-26,976,214,4,298.33,1193.32
3709,2025-04-26,976,462,5,412.76,2063.80
3710,2025-11-26,167,300,3,119.77,359.31
3710,2025-11-26,167,282,3,332.62,997.86
3711,2025-12-20,688,204,3,296.2,888.6
3711,2025-12-20,688,157,3,33.43,100.29
3712,2025-02-17,988,43,2,278.89,557.78
3712,2025-02-17,988,113,3,304.92,914.76
3712,2025-02-17,988,263,2,157.37,314.74
3713,2025-04-18,25,366,1,223.44,223.44
3713,2025-04-18,25,321,3,75.56,226.68
3713,2025-04-18,25,440,2,475.31,950.62
3714,2025-04-18,23,143,1,472.35,472.35
3714,2025-04-18,23,60,5,334.6,1673.0
3715,2025-10-06,414,203,1,98.55,98.55
3716,2025-05-28,381,56,4,278.79,1115.16
3716,2025-05-28,381,359,1,275.01,275.01
3716,2025-05-28,381,214,3,298.33,894.99
3717,2025-08-09,555,127,1,428.76,428.76
3718,2025-03-11,94,470,4,232.51,930.04
3719,2025-12-14,295,85,2,321.65,643.30
3720,2025-02-26,616,456,2,452.55,905.10
3721,2025-05-01,23,9,1,217.36,217.36
3721,2025-05-01,23,142,2,240.49,480.98
3721,2025-05-01,23,394,5,348.1,1740.5
3722,2025-12-16,588,114,5,136.66,683.30
3722,2025-12-16,588,61,3,351.5,1054.5
3723,2025-03-30,373,8,4,316.53,1266.12
3724,2025-07-07,694,492,1,449.67,449.67
3724,2025-07-07,694,339,2,247.5,495.0
3725,2025-04-20,225,250,4,202.45,809.80
3725,2025-04-20,225,300,1,119.77,119.77
3725,2025-04-20,225,408,3,242.36,727.08
3726,2025-08-23,829,381,3,313.66,940.98
3726,2025-08-23,829,30,5,152.14,760.70
3726,2025-08-23,829,489,5,52.69,263.45
3727,2025-06-06,430,280,4,13.76,55.04
3727,2025-06-06,430,272,2,352.7,705.4
3727,2025-06-06,430,34,5,401.45,2007.25
3728,2025-11-17,289,423,5,410.7,2053.5
3728,2025-11-17,289,466,3,477.28,1431.84
3728,2025-11-17,289,89,2,349.52,699.04
3729,2025-03-25,471,319,1,453.23,453.23
3729,2025-03-25,471,287,3,291.36,874.08
3729,2025-03-25,471,466,2,477.28,954.56
3730,2025-03-10,243,498,3,374.05,1122.15
3731,2025-11-19,342,356,2,8.39,16.78
3732,2025-10-10,785,315,5,398.86,1994.30
3732,2025-10-10,785,14,2,40.36,80.72
3733,2025-03-01,39,456,3,452.55,1357.65
3733,2025-03-01,39,374,4,335.47,1341.88
3733,2025-03-01,39,363,4,154.83,619.32
3734,2025-05-31,386,36,4,12.2,48.8
3734,2025-05-31,386,218,1,137.61,137.61
3735,2025-12-21,278,15,2,182.7,365.4
3735,2025-12-21,278,100,3,220.87,662.61
3736,2025-01-31,492,435,5,122.68,613.40
3736,2025-01-31,492,208,4,438.21,1752.84
3736,2025-01-31,492,185,4,335.4,1341.6
3737,2025-11-23,495,145,4,20.33,81.32
3737,2025-11-23,495,159,4,372.6,1490.4
3737,2025-11-23,495,62,4,245.04,980.16
3738,2025-03-08,724,56,3,278.79,836.37
3738,2025-03-08,724,379,3,183.38,550.14
3738,2025-03-08,724,79,5,139.58,697.90
3739,2025-05-21,458,466,5,477.28,2386.40
3740,2025-04-11,848,101,2,35.41,70.82
3740,2025-04-11,848,49,4,243.73,974.92
3741,2025-03-04,48,388,4,317.72,1270.88
3741,2025-03-04,48,489,2,52.69,105.38
3741,2025-03-04,48,143,3,472.35,1417.05
3742,2025-08-15,685,459,5,223.31,1116.55
3743,2025-01-26,198,371,4,51.41,205.64
3743,2025-01-26,198,83,4,322.41,1289.64
3743,2025-01-26,198,218,4,137.61,550.44
3744,2025-09-11,794,440,4,475.31,1901.24
3745,2025-12-11,398,76,3,445.17,1335.51
3745,2025-12-11,398,458,1,257.33,257.33
3745,2025-12-11,398,233,4,230.37,921.48
3746,2025-01-01,271,408,1,242.36,242.36
3746,2025-01-01,271,388,5,317.72,1588.60
3746,2025-01-01,271,301,4,274.15,1096.60
3747,2025-12-12,927,120,3,458.95,1376.85
3747,2025-12-12,927,364,4,84.82,339.28
3747,2025-12-12,927,348,2,231.55,463.10
3748,2025-02-27,126,430,1,275.12,275.12
3749,2025-09-15,835,4,1,472.3,472.3
3749,2025-09-15,835,289,3,150.72,452.16
3749,2025-09-15,835,113,1,304.92,304.92
3750,2025-08-25,249,432,2,117.54,235.08
3750,2025-08-25,249,35,5,246.38,1231.90
3750,2025-08-25,249,177,3,184.9,554.7
3751,2025-12-13,851,256,2,127.97,255.94
3752,2025-02-23,389,163,5,186.78,933.90
3752,2025-02-23,389,291,2,346.84,693.68
3753,2025-03-31,305,481,1,163.42,163.42
3753,2025-03-31,305,334,3,134.61,403.83
3754,2025-01-30,296,365,4,459.25,1837.00
3754,2025-01-30,296,393,3,263.08,789.24
3755,2025-10-21,626,359,1,275.01,275.01
3756,2025-04-24,841,436,2,472.16,944.32
3757,2025-05-19,341,64,1,491.55,491.55
3757,2025-05-19,341,326,4,211.81,847.24
3758,2025-10-05,904,81,4,433.63,1734.52
3758,2025-10-05,904,366,1,223.44,223.44
3759,2025-04-09,350,222,2,80.58,161.16
3760,2025-03-08,275,288,5,55.84,279.20
3760,2025-03-08,275,438,3,161.16,483.48
3761,2025-02-01,754,11,3,149.99,449.97
3762,2025-06-01,475,57,3,103.12,309.36
3762,2025-06-01,475,85,1,321.65,321.65
3762,2025-06-01,475,161,1,318.86,318.86
3763,2025-09-09,748,103,4,239.95,959.80
3763,2025-09-09,748,177,1,184.9,184.9
3764,2025-05-31,227,486,4,176.54,706.16
3764,2025-05-31,227,428,2,358.4,716.8
3765,2025-05-29,635,480,4,172.26,689.04
3765,2025-05-29,635,28,5,412.52,2062.60
3765,2025-05-29,635,119,3,244.81,734.43
3766,2025-11-02,242,396,3,56.06,168.18
3766,2025-11-02,242,305,1,70.29,70.29
3766,2025-11-02,242,108,5,393.46,1967.30
3767,2025-10-23,692,234,2,6.55,13.10
3768,2025-08-17,170,30,5,152.14,760.70
3769,2025-01-18,136,248,3,45.08,135.24
3769,2025-01-18,136,119,4,244.81,979.24
3770,2025-03-07,722,117,5,142.82,714.10
3770,2025-03-07,722,250,2,202.45,404.90
3770,2025-03-07,722,420,3,72.09,216.27
3771,2025-03-06,245,259,1,131.5,131.5
3772,2025-01-03,580,468,1,253.58,253.58
3773,2025-02-08,955,412,2,407.79,815.58
3774,2025-05-11,822,433,2,389.95,779.90
3774,2025-05-11,822,337,5,206.67,1033.35
3774,2025-05-11,822,335,1,42.9,42.9
3775,2025-01-03,738,454,4,64.77,259.08
3775,2025-01-03,738,442,4,155.41,621.64
3776,2025-01-10,372,428,5,358.4,1792.0
3776,2025-01-10,372,31,5,485.56,2427.80
3777,2025-08-24,282,90,2,414.87,829.74
3777,2025-08-24,282,291,1,346.84,346.84
3777,2025-08-24,282,201,5,437.71,2188.55
3778,2025-08-15,181,49,5,243.73,1218.65
3778,2025-08-15,181,415,3,477.17,1431.51
3779,2025-05-30,160,355,1,208.41,208.41
3779,2025-05-30,160,464,4,267.75,1071.00
3780,2025-06-15,502,166,3,212.49,637.47
3781,2025-06-26,963,28,3,412.52,1237.56
3782,2025-08-22,627,238,1,472.08,472.08
3782,2025-08-22,627,332,4,258.46,1033.84
3782,2025-08-22,627,279,3,204.8,614.4
3783,2025-08-07,630,68,5,57.36,286.80
3783,2025-08-07,630,171,3,350.16,1050.48
3783,2025-08-07,630,324,5,113.76,568.80
3784,2025-08-07,867,85,1,321.65,321.65
3785,2025-01-09,987,376,5,167.79,838.95
3786,2025-12-02,650,365,5,459.25,2296.25
3787,2025-10-07,636,143,1,472.35,472.35
3787,2025-10-07,636,368,3,83.83,251.49
3788,2025-10-25,441,268,5,164.18,820.90
3789,2025-04-02,963,127,4,428.76,1715.04
3790,2025-11-02,466,194,5,447.89,2239.45
3790,2025-11-02,466,83,2,322.41,644.82
3790,2025-11-02,466,92,3,468.03,1404.09
3791,2025-07-05,48,28,2,412.52,825.04
3791,2025-07-05,48,476,3,131.18,393.54
3792,2025-02-01,40,107,1,167.97,167.97
3792,2025-02-01,40,259,5,131.5,657.5
3793,2025-04-12,565,444,4,231.57,926.28
3794,2025-04-11,443,270,1,396.51,396.51
3795,2025-10-09,893,80,5,293.7,1468.5
3796,2025-12-10,465,224,4,321.92,1287.68
3796,2025-12-10,465,275,4,25.24,100.96
3797,2025-03-19,710,135,4,220.51,882.04
3798,2025-09-22,59,81,4,433.63,1734.52
3798,2025-09-22,59,402,2,341.36,682.72
3798,2025-09-22,59,247,3,154.79,464.37
3799,2025-07-12,31,221,3,109.17,327.51
3799,2025-07-12,31,25,3,250.93,752.79
3800,2025-03-08,601,118,2,116.6,233.2
3800,2025-03-08,601,427,3,410.44,1231.32
3801,2025-01-21,315,143,1,472.35,472.35
3801,2025-01-21,315,220,3,26.81,80.43
3801,2025-01-21,315,350,5,30.8,154.0
3802,2025-04-01,908,51,5,108.84,544.20
3803,2025-05-06,445,435,4,122.68,490.72
3803,2025-05-06,445,98,1,14.53,14.53
3804,2025-11-29,308,438,1,161.16,161.16
3804,2025-11-29,308,230,2,476.52,953.04
3804,2025-11-29,308,39,3,154.19,462.57
3805,2025-02-08,406,54,1,221.51,221.51
3805,2025-02-08,406,1,1,80.6,80.6
3805,2025-02-08,406,482,2,296.53,593.06
3806,2025-11-18,223,85,2,321.65,643.30
3806,2025-11-18,223,244,1,478.82,478.82
3806,2025-11-18,223,377,5,401.94,2009.70
3807,2025-08-01,875,363,2,154.83,309.66
3808,2025-08-02,936,199,3,286.28,858.84
3809,2025-02-13,205,246,5,426.74,2133.70
3809,2025-02-13,205,350,5,30.8,154.0
3810,2025-09-04,838,303,4,489.27,1957.08
3810,2025-09-04,838,388,2,317.72,635.44
3811,2025-03-01,724,209,1,148.45,148.45
3811,2025-03-01,724,288,5,55.84,279.20
3812,2025-03-03,167,414,2,307.45,614.90
3812,2025-03-03,167,227,2,94.86,189.72
3812,2025-03-03,167,124,3,225.92,677.76
3813,2025-08-09,995,458,5,257.33,1286.65
3813,2025-08-09,995,296,4,215.06,860.24
3813,2025-08-09,995,163,2,186.78,373.56
3814,2025-05-14,303,62,5,245.04,1225.20
3814,2025-05-14,303,213,4,312.66,1250.64
3815,2025-04-07,845,425,1,165.2,165.2
3815,2025-04-07,845,163,5,186.78,933.90
3816,2025-09-11,777,233,3,230.37,691.11
3817,2025-10-14,894,165,1,78.9,78.9
3818,2025-09-16,686,140,1,187.49,187.49
3818,2025-09-16,686,212,2,122.95,245.90
3818,2025-09-16,686,244,4,478.82,1915.28
3819,2025-12-10,824,143,3,472.35,1417.05
3820,2025-03-13,133,183,1,448.54,448.54
3820,2025-03-13,133,292,3,242.18,726.54
3821,2025-05-14,531,402,5,341.36,1706.80
3821,2025-05-14,531,62,1,245.04,245.04
3822,2025-06-24,945,324,1,113.76,113.76
3822,2025-06-24,945,92,1,468.03,468.03
3822,2025-06-24,945,37,4,37.4,149.6
3823,2025-05-14,23,160,4,241.99,967.96
3823,2025-05-14,23,339,2,247.5,495.0
3824,2025-03-31,535,45,4,250.68,1002.72
3824,2025-03-31,535,82,1,349.97,349.97
3825,2025-06-20,517,403,4,215.58,862.32
3825,2025-06-20,517,217,2,110.51,221.02
3826,2025-09-28,581,172,2,250.68,501.36
3826,2025-09-28,581,48,2,228.85,457.70
3827,2025-05-02,867,201,1,437.71,437.71
3828,2025-09-29,55,263,1,157.37,157.37
3828,2025-09-29,55,38,1,447.83,447.83
3828,2025-09-29,55,265,4,86.31,345.24
3829,2025-06-06,727,306,5,390.91,1954.55
3829,2025-06-06,727,3,1,498.69,498.69
3830,2025-09-27,832,20,5,478.78,2393.90
3831,2025-03-02,705,31,1,485.56,485.56
3831,2025-03-02,705,428,2,358.4,716.8
3831,2025-03-02,705,89,5,349.52,1747.60
3832,2025-08-15,888,149,5,57.41,287.05
3832,2025-08-15,888,327,4,499.91,1999.64
3832,2025-08-15,888,474,1,33.57,33.57
3833,2025-07-16,568,68,2,57.36,114.72
3833,2025-07-16,568,449,5,119.8,599.0
3833,2025-07-16,568,196,3,305.3,915.9
3834,2025-09-24,449,421,4,320.48,1281.92
3834,2025-09-24,449,463,1,144.91,144.91
3835,2025-03-27,978,409,1,31.26,31.26
3836,2025-08-13,143,21,5,141.16,705.80
3837,2025-01-08,4,272,5,352.7,1763.5
3837,2025-01-08,4,5,2,314.52,629.04
3837,2025-01-08,4,16,3,241.42,724.26
3838,2025-08-16,596,320,2,322.83,645.66
3838,2025-08-16,596,12,3,100.62,301.86
3839,2025-09-20,376,100,3,220.87,662.61
3840,2025-08-17,589,59,1,418.89,418.89
3841,2025-09-03,608,167,3,224.17,672.51
3842,2025-12-17,301,242,3,35.44,106.32
3842,2025-12-17,301,212,4,122.95,491.80
3843,2025-10-19,875,313,5,151.33,756.65
3843,2025-10-19,875,441,2,34.49,68.98
3843,2025-10-19,875,1,3,80.6,241.8
3844,2025-05-17,172,309,5,50.9,254.5
3845,2025-08-23,55,417,1,148.93,148.93
3846,2025-08-21,492,492,5,449.67,2248.35
3846,2025-08-21,492,360,4,483.09,1932.36
3847,2025-08-28,38,382,4,240.39,961.56
3847,2025-08-28,38,89,3,349.52,1048.56
3847,2025-08-28,38,383,3,259.72,779.16
3848,2025-05-04,238,270,4,396.51,1586.04
3848,2025-05-04,238,208,2,438.21,876.42
3848,2025-05-04,238,377,4,401.94,1607.76
3849,2025-05-11,263,378,5,428.55,2142.75
3849,2025-05-11,263,105,3,58.1,174.3
3849,2025-05-11,263,253,3,358.42,1075.26
3850,2025-06-04,442,80,4,293.7,1174.8
3851,2025-07-07,697,79,4,139.58,558.32
3851,2025-07-07,697,332,5,258.46,1292.30
3851,2025-07-07,697,468,3,253.58,760.74
3852,2025-01-18,501,23,4,412.11,1648.44
3852,2025-01-18,501,148,5,445.16,2225.80
3853,2025-08-09,367,223,5,77.6,388.0
3853,2025-08-09,367,418,2,35.93,71.86
3854,2025-04-27,979,29,5,178.91,894.55
3854,2025-04-27,979,406,2,438.28,876.56
3855,2025-11-22,230,314,4,239.74,958.96
3855,2025-11-22,230,381,2,313.66,627.32
3855,2025-11-22,230,470,3,232.51,697.53
3856,2025-12-12,950,496,5,159.99,799.95
3856,2025-12-12,950,441,2,34.49,68.98
3857,2025-05-10,89,381,5,313.66,1568.30
3857,2025-05-10,89,378,4,428.55,1714.20
3857,2025-05-10,89,103,3,239.95,719.85
3858,2025-11-01,156,56,3,278.79,836.37
3858,2025-11-01,156,137,5,272.96,1364.80
3858,2025-11-01,156,118,2,116.6,233.2
3859,2024-12-26,279,261,5,184.06,920.30
3859,2024-12-26,279,438,1,161.16,161.16
3859,2024-12-26,279,433,4,389.95,1559.80
3860,2025-07-09,304,46,5,392.38,1961.90
3860,2025-07-09,304,497,2,482.27,964.54
3860,2025-07-09,304,142,2,240.49,480.98
3861,2025-09-22,133,187,4,319.82,1279.28
3861,2025-09-22,133,314,5,239.74,1198.70
3862,2025-10-03,79,34,1,401.45,401.45
3863,2025-09-29,486,236,1,469.19,469.19
3863,2025-09-29,486,69,1,340.46,340.46
3864,2025-08-06,471,428,3,358.4,1075.2
3865,2025-11-22,225,291,1,346.84,346.84
3866,2025-06-17,923,400,3,387.4,1162.2
3866,2025-06-17,923,319,4,453.23,1812.92
3867,2025-08-15,400,104,5,157.58,787.90
3868,2025-03-22,751,52,2,420.33,840.66
3869,2025-07-29,887,383,5,259.72,1298.60
3869,2025-07-29,887,246,2,426.74,853.48
3870,2025-05-08,655,124,2,225.92,451.84
3870,2025-05-08,655,299,2,383.39,766.78
3870,2025-05-08,655,306,4,390.91,1563.64
3871,2025-03-07,991,353,2,272.7,545.4
3871,2025-03-07,991,39,1,154.19,154.19
3871,2025-03-07,991,274,4,56.74,226.96
3872,2025-12-05,306,237,1,242.96,242.96
3873,2025-02-23,65,8,5,316.53,1582.65
3874,2025-05-30,6,108,2,393.46,786.92
3875,2025-08-18,835,324,4,113.76,455.04
3875,2025-08-18,835,394,2,348.1,696.2
3876,2025-08-17,628,83,5,322.41,1612.05
3877,2025-09-27,211,479,4,301.68,1206.72
3878,2025-09-17,107,209,5,148.45,742.25
3878,2025-09-17,107,241,5,269.46,1347.30
3878,2025-09-17,107,340,1,46.68,46.68
3879,2025-01-20,250,95,3,394.98,1184.94
3879,2025-01-20,250,205,2,145.68,291.36
3879,2025-01-20,250,204,3,296.2,888.6
3880,2025-05-09,367,91,1,51.8,51.8
3880,2025-05-09,367,232,5,59.52,297.60
3881,2025-12-26,553,240,5,102.23,511.15
3881,2025-12-26,553,330,5,217.0,1085.0
3881,2025-12-26,553,295,1,130.26,130.26
3882,2025-12-08,503,402,1,341.36,341.36
3882,2025-12-08,503,14,5,40.36,201.80
3883,2025-03-31,456,186,5,436.63,2183.15
3883,2025-03-31,456,55,2,471.21,942.42
3883,2025-03-31,456,446,2,60.56,121.12
3884,2025-01-04,855,78,2,376.98,753.96
3884,2025-01-04,855,391,5,325.16,1625.80
3885,2025-06-17,560,292,5,242.18,1210.90
3885,2025-06-17,560,159,4,372.6,1490.4
3885,2025-06-17,560,257,3,265.71,797.13
3886,2025-03-29,85,269,4,302.11,1208.44
3886,2025-03-29,85,446,5,60.56,302.80
3887,2025-08-03,912,250,3,202.45,607.35
3887,2025-08-03,912,159,5,372.6,1863.0
3887,2025-08-03,912,456,1,452.55,452.55
3888,2025-01-01,461,145,4,20.33,81.32
3888,2025-01-01,461,186,1,436.63,436.63
3888,2025-01-01,461,376,4,167.79,671.16
3889,2025-06-21,33,216,2,277.28,554.56
3890,2025-05-19,292,466,5,477.28,2386.40
3890,2025-05-19,292,256,2,127.97,255.94
3890,2025-05-19,292,60,3,334.6,1003.8
3891,2025-02-03,298,177,4,184.9,739.6
3891,2025-02-03,298,314,3,239.74,719.22
3891,2025-02-03,298,2,5,287.98,1439.90
3892,2025-04-14,234,139,3,339.12,1017.36
3893,2025-01-13,352,383,5,259.72,1298.60
3893,2025-01-13,352,490,5,476.01,2380.05
3893,2025-01-13,352,70,3,24.04,72.12
3894,2025-06-05,323,290,3,450.86,1352.58
3894,2025-06-05,323,38,4,447.83,1791.32
3895,2025-09-18,578,235,4,72.25,289.00
3895,2025-09-18,578,245,4,258.08,1032.32
3895,2025-09-18,578,262,4,92.87,371.48
3896,2025-02-20,162,126,2,41.18,82.36
3896,2025-02-20,162,59,5,418.89,2094.45
3897,2025-04-19,685,342,2,478.74,957.48
3897,2025-04-19,685,131,1,398.64,398.64
3897,2025-04-19,685,433,5,389.95,1949.75
3898,2025-05-19,449,405,5,16.73,83.65
3898,2025-05-19,449,199,3,286.28,858.84
3899,2025-05-18,493,239,1,469.38,469.38
3899,2025-05-18,493,442,5,155.41,777.05
3900,2025-09-22,404,381,4,313.66,1254.64
3900,2025-09-22,404,40,3,296.1,888.3
3901,2025-10-29,54,216,1,277.28,277.28
3902,2025-12-07,369,306,5,390.91,1954.55
3903,2025-09-14,839,347,3,138.42,415.26
3904,2025-10-03,494,160,4,241.99,967.96
3904,2025-10-03,494,340,4,46.68,186.72
3904,2025-10-03,494,6,3,388.76,1166.28
3905,2025-11-26,395,146,3,92.21,276.63
3906,2024-12-26,843,479,2,301.68,603.36
3907,2025-06-03,883,474,1,33.57,33.57
3908,2025-06-06,266,115,5,365.14,1825.70
3909,2025-08-17,318,361,5,365.74,1828.70
3909,2025-08-17,318,365,4,459.25,1837.00
3909,2025-08-17,318,251,4,152.34,609.36
3910,2025-02-17,68,21,1,141.16,141.16
3910,2025-02-17,68,142,5,240.49,1202.45
3911,2025-02-19,642,416,3,70.38,211.14
3911,2025-02-19,642,169,5,460.43,2302.15
3911,2025-02-19,642,22,4,420.77,1683.08
3912,2025-06-07,76,214,4,298.33,1193.32
3912,2025-06-07,76,355,1,208.41,208.41
3913,2025-02-21,191,418,4,35.93,143.72
3914,2025-12-01,869,138,5,444.05,2220.25
3914,2025-12-01,869,92,3,468.03,1404.09
3914,2025-12-01,869,89,3,349.52,1048.56
3915,2025-05-19,647,308,2,241.52,483.04
3915,2025-05-19,647,463,3,144.91,434.73
3915,2025-05-19,647,333,4,312.24,1248.96
3916,2025-12-25,277,490,3,476.01,1428.03
3917,2025-09-26,828,473,4,341.31,1365.24
3917,2025-09-26,828,26,5,376.51,1882.55
3917,2025-09-26,828,273,5,54.12,270.60
3918,2025-06-22,190,290,4,450.86,1803.44
3919,2025-06-21,662,225,2,460.72,921.44
3919,2025-06-21,662,364,5,84.82,424.10
3920,2025-11-21,252,18,2,298.7,597.4
3921,2025-09-20,886,179,2,153.54,307.08
3922,2025-11-22,95,397,1,160.06,160.06
3922,2025-11-22,95,488,3,209.37,628.11
3923,2025-02-13,315,93,1,101.41,101.41
3924,2025-06-07,873,165,4,78.9,315.6
3925,2025-03-31,574,316,2,285.22,570.44
3925,2025-03-31,574,414,4,307.45,1229.80
3925,2025-03-31,574,411,4,147.7,590.8
3926,2025-10-13,865,104,5,157.58,787.90
3926,2025-10-13,865,313,2,151.33,302.66
3926,2025-10-13,865,93,3,101.41,304.23
3927,2025-09-02,677,424,3,321.07,963.21
3928,2025-03-04,451,43,4,278.89,1115.56
3928,2025-03-04,451,248,4,45.08,180.32
3928,2025-03-04,451,166,1,212.49,212.49
3929,2025-01-22,587,376,3,167.79,503.37
3929,2025-01-22,587,47,4,447.66,1790.64
3929,2025-01-22,587,155,5,407.98,2039.90
3930,2025-03-18,578,332,2,258.46,516.92
3930,2025-03-18,578,333,1,312.24,312.24
3930,2025-03-18,578,473,5,341.31,1706.55
3931,2025-01-08,951,250,1,202.45,202.45
3932,2025-07-22,139,363,1,154.83,154.83
3933,2025-01-07,953,407,4,325.42,1301.68
3933,2025-01-07,953,380,3,276.01,828.03
3933,2025-01-07,953,267,4,281.05,1124.20
3934,2025-06-03,265,380,3,276.01,828.03
3934,2025-06-03,265,83,5,322.41,1612.05
3934,2025-06-03,265,365,3,459.25,1377.75
3935,2024-12-29,801,434,2,21.02,42.04
3935,2024-12-29,801,395,1,171.83,171.83
3935,2024-12-29,801,264,5,245.93,1229.65
3936,2025-04-08,719,434,4,21.02,84.08
3937,2025-02-12,869,287,5,291.36,1456.80
3938,2025-11-07,911,343,2,240.99,481.98
3939,2025-10-02,521,68,2,57.36,114.72
3940,2025-10-04,759,304,5,276.08,1380.40
3940,2025-10-04,759,158,3,373.08,1119.24
3941,2025-08-31,507,371,1,51.41,51.41
3941,2025-08-31,507,469,4,103.95,415.80
3941,2025-08-31,507,197,2,195.32,390.64
3942,2025-10-25,575,199,3,286.28,858.84
3943,2024-12-27,133,363,5,154.83,774.15
3943,2024-12-27,133,427,2,410.44,820.88
3944,2025-03-13,621,457,1,320.53,320.53
3945,2025-07-23,514,50,3,166.56,499.68
3946,2025-11-09,405,155,1,407.98,407.98
3946,2025-11-09,405,326,5,211.81,1059.05
3946,2025-11-09,405,328,3,50.89,152.67
3947,2025-01-04,375,203,5,98.55,492.75
3947,2025-01-04,375,456,3,452.55,1357.65
3948,2025-08-24,34,138,5,444.05,2220.25
3948,2025-08-24,34,440,5,475.31,2376.55
3948,2025-08-24,34,145,4,20.33,81.32
3949,2025-06-10,682,20,1,478.78,478.78
3949,2025-06-10,682,223,2,77.6,155.2
3949,2025-06-10,682,64,1,491.55,491.55
3950,2025-10-25,5,71,3,268.41,805.23
3951,2025-01-01,551,397,4,160.06,640.24
3951,2025-01-01,551,367,2,394.98,789.96
3951,2025-01-01,551,46,4,392.38,1569.52
3952,2025-11-22,144,128,4,229.59,918.36
3953,2025-12-08,581,380,1,276.01,276.01
3953,2025-12-08,581,102,4,468.5,1874.0
3953,2025-12-08,581,326,5,211.81,1059.05
3954,2025-08-21,826,61,4,351.5,1406.0
3954,2025-08-21,826,167,1,224.17,224.17
3954,2025-08-21,826,146,1,92.21,92.21
3955,2025-05-14,801,1,1,80.6,80.6
3955,2025-05-14,801,441,2,34.49,68.98
3955,2025-05-14,801,491,1,474.71,474.71
3956,2025-01-27,326,149,1,57.41,57.41
3956,2025-01-27,326,460,4,313.84,1255.36
3957,2025-03-30,160,404,1,153.82,153.82
3957,2025-03-30,160,424,1,321.07,321.07
3957,2025-03-30,160,220,5,26.81,134.05
3958,2025-08-13,67,482,4,296.53,1186.12
3958,2025-08-13,67,262,3,92.87,278.61
3958,2025-08-13,67,456,5,452.55,2262.75
3959,2025-02-10,634,138,1,444.05,444.05
3959,2025-02-10,634,288,5,55.84,279.20
3960,2025-09-05,35,327,3,499.91,1499.73
3961,2025-08-31,937,23,4,412.11,1648.44
3961,2025-08-31,937,471,2,327.77,655.54
3962,2025-04-27,575,324,4,113.76,455.04
3962,2025-04-27,575,13,4,412.47,1649.88
3963,2025-08-28,489,238,1,472.08,472.08
3963,2025-08-28,489,168,2,347.07,694.14
3964,2025-01-03,899,113,2,304.92,609.84
3964,2025-01-03,899,257,3,265.71,797.13
3965,2025-02-11,76,460,3,313.84,941.52
3965,2025-02-11,76,54,4,221.51,886.04
3966,2025-03-14,737,165,4,78.9,315.6
3967,2025-07-18,845,156,3,182.35,547.05
3967,2025-07-18,845,468,3,253.58,760.74
3968,2025-01-17,244,447,1,376.57,376.57
3968,2025-01-17,244,202,4,141.74,566.96
3969,2025-11-17,862,250,2,202.45,404.90
3969,2025-11-17,862,262,1,92.87,92.87
3969,2025-11-17,862,323,4,299.85,1199.40
3970,2025-12-26,770,116,4,496.51,1986.04
3971,2025-05-22,956,362,1,299.76,299.76
3972,2025-05-03,15,283,1,384.65,384.65
3972,2025-05-03,15,96,2,5.28,10.56
3972,2025-05-03,15,144,1,398.79,398.79
3973,2025-08-08,561,79,5,139.58,697.90
3974,2025-05-26,337,309,5,50.9,254.5
3975,2025-05-13,204,9,1,217.36,217.36
3975,2025-05-13,204,494,3,429.76,1289.28
3975,2025-05-13,204,43,4,278.89,1115.56
3976,2025-12-26,388,99,1,342.87,342.87
3976,2025-12-26,388,55,5,471.21,2356.05
3977,2025-11-23,484,63,3,364.98,1094.94
3977,2025-11-23,484,263,1,157.37,157.37
3978,2025-06-24,623,479,1,301.68,301.68
3979,2025-07-16,978,235,3,72.25,216.75
3980,2025-03-08,420,12,3,100.62,301.86
3980,2025-03-08,420,154,5,434.3,2171.5
3980,2025-03-08,420,137,2,272.96,545.92
3981,2025-08-14,813,387,4,280.52,1122.08
3981,2025-08-14,813,448,1,149.05,149.05
3982,2024-12-27,199,263,2,157.37,314.74
3982,2024-12-27,199,160,4,241.99,967.96
3982,2024-12-27,199,155,2,407.98,815.96
3983,2025-07-15,646,312,4,333.94,1335.76
3984,2025-04-15,788,400,1,387.4,387.4
3985,2025-03-15,904,105,1,58.1,58.1
3985,2025-03-15,904,381,3,313.66,940.98
3986,2025-03-08,58,156,1,182.35,182.35
3986,2025-03-08,58,386,3,214.75,644.25
3987,2025-05-26,807,433,3,389.95,1169.85
3987,2025-05-26,807,29,2,178.91,357.82
3987,2025-05-26,807,79,1,139.58,139.58
3988,2025-01-03,245,22,3,420.77,1262.31
3988,2025-01-03,245,31,5,485.56,2427.80
3988,2025-01-03,245,355,2,208.41,416.82
3989,2025-04-21,212,386,2,214.75,429.50
3990,2025-05-22,718,457,5,320.53,1602.65
3990,2025-05-22,718,225,2,460.72,921.44
3990,2025-05-22,718,170,4,40.78,163.12
3991,2025-03-10,610,110,3,443.77,1331.31
3991,2025-03-10,610,420,1,72.09,72.09
3991,2025-03-10,610,222,2,80.58,161.16
3992,2025-09-01,417,431,5,141.89,709.45
3993,2025-12-18,865,224,5,321.92,1609.60
3994,2025-02-08,497,392,2,141.55,283.10
3994,2025-02-08,497,417,2,148.93,297.86
3994,2025-02-08,497,258,5,77.66,388.30
3995,2025-11-01,908,470,5,232.51,1162.55
3996,2025-10-12,206,341,4,51.61,206.44
3996,2025-10-12,206,88,3,222.45,667.35
3997,2025-10-09,757,209,1,148.45,148.45
3998,2025-06-26,219,301,4,274.15,1096.60
3998,2025-06-26,219,366,2,223.44,446.88
3999,2025-03-29,445,423,4,410.7,1642.8
3999,2025-03-29,445,142,5,240.49,1202.45
3999,2025-03-29,445,156,2,182.35,364.70
4000,2025-06-11,338,121,3,492.6,1477.8
4001,2025-03-31,121,80,4,293.7,1174.8
4001,2025-03-31,121,45,4,250.68,1002.72
4002,2025-03-26,962,461,4,224.53,898.12
4003,2025-11-25,249,411,3,147.7,443.1
4004,2025-02-06,646,272,2,352.7,705.4
4004,2025-02-06,646,188,2,443.19,886.38
4004,2025-02-06,646,244,3,478.82,1436.46
4005,2025-06-01,11,239,2,469.38,938.76
4005,2025-06-01,11,235,3,72.25,216.75
4005,2025-06-01,11,426,2,82.52,165.04
4006,2025-10-20,539,320,4,322.83,1291.32
4007,2025-01-03,547,316,3,285.22,855.66
4008,2025-11-16,884,241,5,269.46,1347.30
4009,2025-11-24,653,42,2,39.02,78.04
4009,2025-11-24,653,394,3,348.1,1044.3
4010,2025-11-30,491,466,2,477.28,954.56
4010,2025-11-30,491,42,4,39.02,156.08
4010,2025-11-30,491,422,1,82.75,82.75
4011,2025-08-27,30,105,5,58.1,290.5
4012,2025-10-26,678,481,1,163.42,163.42
4013,2025-01-19,233,257,4,265.71,1062.84
4014,2025-08-30,557,65,3,430.11,1290.33
4014,2025-08-30,557,182,5,496.05,2480.25
4014,2025-08-30,557,258,2,77.66,155.32
4015,2025-11-26,154,260,2,39.69,79.38
4015,2025-11-26,154,189,4,147.88,591.52
4015,2025-11-26,154,76,4,445.17,1780.68
4016,2025-01-19,776,246,3,426.74,1280.22
4016,2025-01-19,776,90,4,414.87,1659.48
4017,2025-10-25,61,198,2,373.73,747.46
4018,2025-08-05,270,290,3,450.86,1352.58
4018,2025-08-05,270,268,5,164.18,820.90
4018,2025-08-05,270,361,2,365.74,731.48
4019,2025-03-23,914,294,4,41.14,164.56
4020,2025-12-10,248,468,4,253.58,1014.32
4020,2025-12-10,248,458,3,257.33,771.99
4021,2025-02-15,91,24,4,330.39,1321.56
4021,2025-02-15,91,49,3,243.73,731.19
4022,2025-03-30,326,109,1,97.7,97.7
4022,2025-03-30,326,28,4,412.52,1650.08
4023,2025-05-13,343,182,1,496.05,496.05
4024,2025-01-15,836,289,2,150.72,301.44
4024,2025-01-15,836,468,1,253.58,253.58
4024,2025-01-15,836,219,5,24.98,124.90
4025,2025-05-11,205,434,2,21.02,42.04
4026,2025-05-19,857,274,1,56.74,56.74
4026,2025-05-19,857,378,1,428.55,428.55
4026,2025-05-19,857,54,5,221.51,1107.55
4027,2025-07-08,263,278,3,205.91,617.73
4027,2025-07-08,263,189,1,147.88,147.88
4028,2025-05-09,58,252,3,257.9,773.7
4028,2025-05-09,58,239,3,469.38,1408.14
4028,2025-05-09,58,237,5,242.96,1214.80
4029,2025-01-17,284,192,2,319.33,638.66
4030,2025-07-23,468,389,2,74.31,148.62
4031,2025-11-11,845,73,4,25.92,103.68
4031,2025-11-11,845,57,4,103.12,412.48
4031,2025-11-11,845,499,1,230.52,230.52
4032,2025-06-26,675,102,4,468.5,1874.0
4033,2025-03-08,423,190,5,72.61,363.05
4034,2025-09-03,264,496,1,159.99,159.99
4034,2025-09-03,264,132,4,305.92,1223.68
4035,2025-07-28,675,245,1,258.08,258.08
4036,2025-06-14,903,325,4,281.87,1127.48
4037,2025-08-17,675,227,4,94.86,379.44
4038,2025-10-10,445,262,3,92.87,278.61
4038,2025-10-10,445,104,5,157.58,787.90
4038,2025-10-10,445,346,1,30.32,30.32
4039,2025-05-09,567,312,1,333.94,333.94
4039,2025-05-09,567,336,2,381.71,763.42
4039,2025-05-09,567,449,5,119.8,599.0
4040,2025-01-17,97,381,3,313.66,940.98
4040,2025-01-17,97,396,3,56.06,168.18
4041,2025-10-28,23,187,4,319.82,1279.28
4042,2025-09-08,882,307,5,228.49,1142.45
4043,2025-07-24,85,330,3,217.0,651.0
4043,2025-07-24,85,304,2,276.08,552.16
4044,2025-09-25,147,284,4,165.79,663.16
4044,2025-09-25,147,123,4,165.07,660.28
4045,2025-07-17,516,454,3,64.77,194.31
4045,2025-07-17,516,47,3,447.66,1342.98
4046,2025-08-29,614,126,2,41.18,82.36
4046,2025-08-29,614,75,4,131.43,525.72
4046,2025-08-29,614,27,4,227.57,910.28
4047,2025-02-18,71,28,4,412.52,1650.08
4047,2025-02-18,71,96,2,5.28,10.56
4048,2025-11-16,393,304,2,276.08,552.16
4049,2025-01-20,249,359,3,275.01,825.03
4049,2025-01-20,249,446,3,60.56,181.68
4049,2025-01-20,249,323,2,299.85,599.70
4050,2025-06-15,442,68,1,57.36,57.36
4051,2025-02-13,50,347,1,138.42,138.42
4051,2025-02-13,50,300,1,119.77,119.77
4052,2025-02-14,586,215,1,33.6,33.6
4052,2025-02-14,586,445,1,485.73,485.73
4053,2025-08-03,608,102,3,468.5,1405.5
4054,2025-05-04,317,379,5,183.38,916.90
4054,2025-05-04,317,171,1,350.16,350.16
4055,2025-06-22,186,272,1,352.7,352.7
4055,2025-06-22,186,320,5,322.83,1614.15
4055,2025-06-22,186,154,1,434.3,434.3
4056,2025-06-16,987,131,1,398.64,398.64
4056,2025-06-16,987,359,4,275.01,1100.04
4056,2025-06-16,987,199,3,286.28,858.84
4057,2025-11-19,244,299,3,383.39,1150.17
4057,2025-11-19,244,298,2,204.65,409.30
4058,2025-03-10,825,306,3,390.91,1172.73
4058,2025-03-10,825,228,3,404.8,1214.4
4058,2025-03-10,825,121,1,492.6,492.6
4059,2025-09-19,772,44,2,439.63,879.26
4059,2025-09-19,772,245,3,258.08,774.24
4060,2025-11-02,673,357,4,147.52,590.08
4061,2025-02-25,648,453,2,236.71,473.42
4061,2025-02-25,648,361,3,365.74,1097.22
4061,2025-02-25,648,73,5,25.92,129.60
4062,2025-03-02,127,18,3,298.7,896.1
4062,2025-03-02,127,295,5,130.26,651.30
4063,2025-12-07,547,323,1,299.85,299.85
4063,2025-12-07,547,78,2,376.98,753.96
4064,2025-01-14,530,322,2,417.63,835.26
4064,2025-01-14,530,248,1,45.08,45.08
4065,2025-12-19,986,303,4,489.27,1957.08
4065,2025-12-19,986,331,1,321.18,321.18
4066,2025-08-25,962,374,4,335.47,1341.88
4066,2025-08-25,962,470,1,232.51,232.51
4067,2025-07-26,839,48,1,228.85,228.85
4068,2025-06-05,135,270,2,396.51,793.02
4069,2025-10-15,93,25,3,250.93,752.79
4069,2025-10-15,93,330,1,217.0,217.0
4070,2025-01-07,745,65,2,430.11,860.22
4070,2025-01-07,745,155,2,407.98,815.96
4071,2025-07-13,222,224,4,321.92,1287.68
4071,2025-07-13,222,36,3,12.2,36.6
4071,2025-07-13,222,131,4,398.64,1594.56
4072,2025-02-19,147,260,5,39.69,198.45
4073,2025-07-13,31,454,4,64.77,259.08
4074,2025-11-13,482,206,3,270.77,812.31
4074,2025-11-13,482,13,1,412.47,412.47
4074,2025-11-13,482,13,2,412.47,824.94
4075,2025-12-17,873,459,2,223.31,446.62
4075,2025-12-17,873,425,1,165.2,165.2
4075,2025-12-17,873,86,5,444.15,2220.75
4076,2025-09-17,374,390,3,40.96,122.88
4076,2025-09-17,374,136,1,341.46,341.46
4077,2025-08-19,517,309,4,50.9,203.6
4077,2025-08-19,517,332,4,258.46,1033.84
4077,2025-08-19,517,315,1,398.86,398.86
4078,2025-05-23,327,64,2,491.55,983.10
4078,2025-05-23,327,473,4,341.31,1365.24
4079,2025-02-24,993,29,1,178.91,178.91
4079,2025-02-24,993,55,5,471.21,2356.05
4079,2025-02-24,993,480,4,172.26,689.04
4080,2025-11-25,854,232,5,59.52,297.60
4081,2025-09-25,348,200,3,275.47,826.41
4081,2025-09-25,348,255,5,214.59,1072.95
4081,2025-09-25,348,444,2,231.57,463.14
4082,2024-12-31,879,116,5,496.51,2482.55
4083,2025-05-07,821,459,3,223.31,669.93
4083,2025-05-07,821,438,5,161.16,805.80
4083,2025-05-07,821,406,3,438.28,1314.84
4084,2025-11-06,51,490,1,476.01,476.01
4085,2025-01-27,819,425,3,165.2,495.6
4085,2025-01-27,819,215,4,33.6,134.4
4086,2025-08-01,601,464,2,267.75,535.50
4087,2025-12-25,665,91,4,51.8,207.2
4087,2025-12-25,665,315,1,398.86,398.86
4087,2025-12-25,665,133,3,261.96,785.88
4088,2025-11-03,732,33,2,194.9,389.8
4089,2025-07-16,830,56,4,278.79,1115.16
4089,2025-07-16,830,110,3,443.77,1331.31
4090,2025-01-02,59,323,4,299.85,1199.40
4091,2025-11-22,658,499,2,230.52,461.04
4092,2025-07-21,636,20,3,478.78,1436.34
4092,2025-07-21,636,124,2,225.92,451.84
4092,2025-07-21,636,324,1,113.76,113.76
4093,2025-08-08,518,228,1,404.8,404.8
4093,2025-08-08,518,315,5,398.86,1994.30
4094,2025-11-27,745,180,5,179.99,899.95
4094,2025-11-27,745,360,2,483.09,966.18
4094,2025-11-27,745,80,1,293.7,293.7
4095,2025-05-27,744,115,1,365.14,365.14
4095,2025-05-27,744,339,3,247.5,742.5
4096,2025-07-20,203,329,5,374.27,1871.35
4096,2025-07-20,203,404,2,153.82,307.64
4097,2025-04-10,462,353,5,272.7,1363.5
4097,2025-04-10,462,248,3,45.08,135.24
4097,2025-04-10,462,37,3,37.4,112.2
4098,2025-08-03,842,348,4,231.55,926.20
4098,2025-08-03,842,211,3,180.66,541.98
4098,2025-08-03,842,35,1,246.38,246.38
4099,2025-08-02,883,252,1,257.9,257.9
4100,2025-01-11,902,316,5,285.22,1426.10
4100,2025-01-11,902,129,1,119.27,119.27
4101,2025-02-27,578,339,2,247.5,495.0
4101,2025-02-27,578,48,5,228.85,1144.25
4101,2025-02-27,578,89,3,349.52,1048.56
4102,2025-09-15,127,425,4,165.2,660.8
4102,2025-09-15,127,49,4,243.73,974.92
4102,2025-09-15,127,482,1,296.53,296.53
4103,2025-04-25,216,336,4,381.71,1526.84
4103,2025-04-25,216,239,1,469.38,469.38
4104,2025-02-28,285,401,3,341.45,1024.35
4104,2025-02-28,285,423,5,410.7,2053.5
4104,2025-02-28,285,341,4,51.61,206.44
4105,2025-06-14,761,207,4,68.3,273.2
4105,2025-06-14,761,90,3,414.87,1244.61
4105,2025-06-14,761,66,5,211.47,1057.35
4106,2025-10-16,536,38,2,447.83,895.66
4106,2025-10-16,536,432,4,117.54,470.16
4106,2025-10-16,536,216,3,277.28,831.84
4107,2025-03-19,145,157,3,33.43,100.29
4107,2025-03-19,145,189,2,147.88,295.76
4107,2025-03-19,145,234,2,6.55,13.10
4108,2025-09-12,579,379,1,183.38,183.38
4108,2025-09-12,579,251,4,152.34,609.36
4109,2025-06-29,428,369,2,67.55,135.10
4109,2025-06-29,428,483,1,192.76,192.76
4110,2025-11-21,58,31,5,485.56,2427.80
4110,2025-11-21,58,262,1,92.87,92.87
4110,2025-11-21,58,145,5,20.33,101.65
4111,2025-02-01,155,430,5,275.12,1375.60
4111,2025-02-01,155,121,2,492.6,985.2
4112,2025-11-05,203,305,3,70.29,210.87
4112,2025-11-05,203,275,4,25.24,100.96
4112,2025-11-05,203,271,2,185.88,371.76
4113,2025-05-06,478,17,4,221.62,886.48
4114,2025-11-21,60,167,1,224.17,224.17
4114,2025-11-21,60,358,3,329.56,988.68
4115,2025-08-20,197,463,4,144.91,579.64
4115,2025-08-20,197,328,2,50.89,101.78
4116,2025-09-28,768,307,2,228.49,456.98
4116,2025-09-28,768,396,3,56.06,168.18
4117,2025-07-28,492,123,1,165.07,165.07
4117,2025-07-28,492,14,1,40.36,40.36
4117,2025-07-28,492,333,1,312.24,312.24
4118,2025-12-16,529,249,1,492.22,492.22
4118,2025-12-16,529,387,5,280.52,1402.60
4119,2025-10-29,578,218,5,137.61,688.05
4119,2025-10-29,578,255,1,214.59,214.59
4120,2025-12-01,735,116,2,496.51,993.02
4121,2025-04-18,938,225,5,460.72,2303.60
4121,2025-04-18,938,490,3,476.01,1428.03
4121,2025-04-18,938,22,3,420.77,1262.31
4122,2025-02-12,760,429,1,309.42,309.42
4123,2025-09-08,992,352,1,164.03,164.03
4123,2025-09-08,992,85,3,321.65,964.95
4124,2025-07-26,772,192,3,319.33,957.99
4124,2025-07-26,772,78,2,376.98,753.96
4124,2025-07-26,772,328,5,50.89,254.45
4125,2025-03-29,517,66,2,211.47,422.94
4126,2025-06-12,725,224,2,321.92,643.84
4127,2025-04-20,583,5,5,314.52,1572.60
4128,2025-09-01,883,94,2,295.93,591.86
4128,2025-09-01,883,476,2,131.18,262.36
4128,2025-09-01,883,266,4,468.09,1872.36
4129,2025-02-06,878,208,5,438.21,2191.05
4130,2025-11-11,79,153,5,210.94,1054.70
4130,2025-11-11,79,339,2,247.5,495.0
4130,2025-11-11,79,453,4,236.71,946.84
4131,2025-07-01,1000,319,2,453.23,906.46
4132,2025-07-08,475,243,4,457.3,1829.2
4132,2025-07-08,475,284,5,165.79,828.95
4132,2025-07-08,475,481,4,163.42,653.68
4133,2025-12-26,188,182,5,496.05,2480.25
4133,2025-12-26,188,477,2,442.21,884.42
4133,2025-12-26,188,179,1,153.54,153.54
4134,2025-03-30,341,39,1,154.19,154.19
4134,2025-03-30,341,131,5,398.64,1993.20
4134,2025-03-30,341,279,5,204.8,1024.0
4135,2025-09-30,635,131,1,398.64,398.64
4135,2025-09-30,635,429,4,309.42,1237.68
4136,2025-09-16,373,387,1,280.52,280.52
4136,2025-09-16,373,363,2,154.83,309.66
4137,2025-11-19,167,190,1,72.61,72.61
4137,2025-11-19,167,179,2,153.54,307.08
4138,2025-12-07,903,133,4,261.96,1047.84
4138,2025-12-07,903,104,4,157.58,630.32
4138,2025-12-07,903,186,1,436.63,436.63
4139,2025-11-13,685,100,3,220.87,662.61
4140,2025-07-11,884,450,3,101.99,305.97
4140,2025-07-11,884,115,5,365.14,1825.70
4141,2025-09-10,583,197,3,195.32,585.96
4141,2025-09-10,583,262,1,92.87,92.87
4141,2025-09-10,583,460,5,313.84,1569.20
4142,2025-07-31,589,235,2,72.25,144.50
4142,2025-07-31,589,351,5,87.53,437.65
4143,2025-03-17,174,144,5,398.79,1993.95
4144,2025-07-06,256,314,1,239.74,239.74
4144,2025-07-06,256,414,5,307.45,1537.25
4144,2025-07-06,256,327,1,499.91,499.91
4145,2025-10-07,484,183,3,448.54,1345.62
4145,2025-10-07,484,353,4,272.7,1090.8
4146,2025-11-25,816,175,1,471.13,471.13
4146,2025-11-25,816,43,3,278.89,836.67
4147,2025-02-14,956,327,3,499.91,1499.73
4148,2025-05-16,999,312,2,333.94,667.88
4148,2025-05-16,999,336,4,381.71,1526.84
4148,2025-05-16,999,117,4,142.82,571.28
4149,2025-01-18,573,38,2,447.83,895.66
4149,2025-01-18,573,33,1,194.9,194.9
4149,2025-01-18,573,334,2,134.61,269.22
4150,2025-08-29,1000,100,4,220.87,883.48
4150,2025-08-29,1000,99,2,342.87,685.74
4151,2025-06-23,246,469,1,103.95,103.95
4151,2025-06-23,246,29,4,178.91,715.64
4152,2025-05-05,990,441,4,34.49,137.96
4152,2025-05-05,990,387,5,280.52,1402.60
4152,2025-05-05,990,409,5,31.26,156.30
4153,2025-09-01,258,21,5,141.16,705.80
4154,2025-11-10,187,134,4,284.82,1139.28
4154,2025-11-10,187,398,1,71.83,71.83
4154,2025-11-10,187,484,5,497.12,2485.60
4155,2025-08-05,427,411,3,147.7,443.1
4155,2025-08-05,427,410,4,400.18,1600.72
4155,2025-08-05,427,172,1,250.68,250.68
4156,2025-01-13,681,222,4,80.58,322.32
4156,2025-01-13,681,103,4,239.95,959.80
4156,2025-01-13,681,184,2,72.35,144.70
4157,2025-06-15,70,260,1,39.69,39.69
4157,2025-06-15,70,254,2,463.64,927.28
4157,2025-06-15,70,478,2,68.54,137.08
4158,2025-03-31,952,437,3,297.45,892.35
4158,2025-03-31,952,16,3,241.42,724.26
4158,2025-03-31,952,403,5,215.58,1077.90
4159,2025-05-18,777,221,1,109.17,109.17
4160,2025-05-01,884,15,2,182.7,365.4
4160,2025-05-01,884,197,1,195.32,195.32
4160,2025-05-01,884,119,2,244.81,489.62
4161,2025-12-14,231,158,5,373.08,1865.40
4162,2025-07-15,735,142,5,240.49,1202.45
4162,2025-07-15,735,314,3,239.74,719.22
4163,2025-07-08,336,27,3,227.57,682.71
4163,2025-07-08,336,105,2,58.1,116.2
4163,2025-07-08,336,477,3,442.21,1326.63
4164,2025-12-17,554,308,5,241.52,1207.60
4164,2025-12-17,554,163,4,186.78,747.12
4165,2025-08-24,289,118,3,116.6,349.8
4165,2025-08-24,289,120,5,458.95,2294.75
4166,2025-06-01,377,180,3,179.99,539.97
4166,2025-06-01,377,356,4,8.39,33.56
4167,2025-07-25,761,430,4,275.12,1100.48
4167,2025-07-25,761,462,4,412.76,1651.04
4167,2025-07-25,761,289,5,150.72,753.60
4168,2025-12-19,644,251,3,152.34,457.02
4169,2025-06-29,15,168,2,347.07,694.14
4169,2025-06-29,15,253,1,358.42,358.42
4170,2025-11-06,211,224,5,321.92,1609.60
4170,2025-11-06,211,373,2,282.2,564.4
4171,2025-02-26,313,264,5,245.93,1229.65
4171,2025-02-26,313,227,3,94.86,284.58
4171,2025-02-26,313,304,3,276.08,828.24
4172,2025-07-26,220,438,4,161.16,644.64
4172,2025-07-26,220,275,4,25.24,100.96
4173,2025-02-20,797,278,2,205.91,411.82
4173,2025-02-20,797,400,3,387.4,1162.2
4173,2025-02-20,797,305,3,70.29,210.87
4174,2025-02-19,923,229,2,296.73,593.46
4174,2025-02-19,923,474,4,33.57,134.28
4174,2025-02-19,923,67,3,301.26,903.78
4175,2025-09-27,802,300,4,119.77,479.08
4175,2025-09-27,802,27,3,227.57,682.71
4175,2025-09-27,802,441,2,34.49,68.98
4176,2025-01-06,347,338,3,243.62,730.86
4176,2025-01-06,347,92,1,468.03,468.03
4177,2025-01-26,747,397,1,160.06,160.06
4177,2025-01-26,747,213,5,312.66,1563.30
4178,2025-06-04,547,7,4,359.69,1438.76
4178,2025-06-04,547,182,1,496.05,496.05
4179,2025-01-23,858,479,2,301.68,603.36
4179,2025-01-23,858,8,3,316.53,949.59
4180,2025-01-05,436,311,1,289.44,289.44
4180,2025-01-05,436,82,1,349.97,349.97
4181,2025-10-14,950,485,1,492.14,492.14
4181,2025-10-14,950,213,5,312.66,1563.30
4181,2025-10-14,950,143,1,472.35,472.35
4182,2025-01-26,265,74,3,352.49,1057.47
4182,2025-01-26,265,366,1,223.44,223.44
4182,2025-01-26,265,471,1,327.77,327.77
4183,2025-04-27,562,349,4,173.73,694.92
4183,2025-04-27,562,439,4,18.16,72.64
4184,2025-01-30,158,239,1,469.38,469.38
4185,2025-02-07,632,148,2,445.16,890.32
4185,2025-02-07,632,24,3,330.39,991.17
4186,2025-10-16,467,342,1,478.74,478.74
4186,2025-10-16,467,303,5,489.27,2446.35
4186,2025-10-16,467,472,2,46.16,92.32
4187,2025-02-28,296,436,2,472.16,944.32
4187,2025-02-28,296,385,3,391.11,1173.33
4187,2025-02-28,296,86,1,444.15,444.15
4188,2025-07-05,353,212,3,122.95,368.85
4188,2025-07-05,353,258,5,77.66,388.30
4189,2024-12-29,917,157,3,33.43,100.29
4189,2024-12-29,917,95,1,394.98,394.98
4190,2025-02-07,903,493,5,312.43,1562.15
4190,2025-02-07,903,175,3,471.13,1413.39
4190,2025-02-07,903,301,5,274.15,1370.75
4191,2025-12-23,437,176,4,288.86,1155.44
4191,2025-12-23,437,180,1,179.99,179.99
4192,2025-01-19,630,57,1,103.12,103.12
4192,2025-01-19,630,312,2,333.94,667.88
4193,2025-10-04,611,457,1,320.53,320.53
4194,2025-06-24,820,393,2,263.08,526.16
4195,2025-08-05,704,355,5,208.41,1042.05
4195,2025-08-05,704,373,4,282.2,1128.8
4196,2025-12-01,958,317,4,37.27,149.08
4196,2025-12-01,958,164,2,310.9,621.8
4196,2025-12-01,958,187,3,319.82,959.46
4197,2025-03-05,823,43,2,278.89,557.78
4197,2025-03-05,823,431,3,141.89,425.67
4197,2025-03-05,823,402,3,341.36,1024.08
4198,2025-04-22,554,490,3,476.01,1428.03
4199,2025-07-01,754,217,3,110.51,331.53
4200,2025-07-05,387,401,3,341.45,1024.35
4200,2025-07-05,387,499,2,230.52,461.04
4200,2025-07-05,387,256,5,127.97,639.85
4201,2025-10-22,921,300,1,119.77,119.77
4202,2025-11-06,654,279,4,204.8,819.2
4202,2025-11-06,654,337,3,206.67,620.01
4202,2025-11-06,654,326,2,211.81,423.62
4203,2025-03-12,49,379,2,183.38,366.76
4204,2025-05-28,851,296,5,215.06,1075.30
4204,2025-05-28,851,158,1,373.08,373.08
4204,2025-05-28,851,314,1,239.74,239.74
4205,2025-07-29,733,264,2,245.93,491.86
4205,2025-07-29,733,335,4,42.9,171.6
4206,2025-10-03,896,314,5,239.74,1198.70
4207,2025-11-02,19,375,5,445.17,2225.85
4208,2025-06-17,881,222,3,80.58,241.74
4208,2025-06-17,881,382,4,240.39,961.56
4209,2025-06-25,140,252,5,257.9,1289.5
4209,2025-06-25,140,391,5,325.16,1625.80
4210,2025-01-13,608,154,4,434.3,1737.2
4211,2025-08-05,895,467,1,363.53,363.53
4211,2025-08-05,895,421,2,320.48,640.96
4211,2025-08-05,895,123,5,165.07,825.35
4212,2025-09-28,471,268,2,164.18,328.36
4212,2025-09-28,471,55,2,471.21,942.42
4213,2025-06-09,627,128,1,229.59,229.59
4214,2025-03-25,953,242,3,35.44,106.32
4214,2025-03-25,953,240,3,102.23,306.69
4214,2025-03-25,953,311,4,289.44,1157.76
4215,2025-10-15,838,372,1,20.55,20.55
4215,2025-10-15,838,444,4,231.57,926.28
4215,2025-10-15,838,124,3,225.92,677.76
4216,2025-03-13,141,244,4,478.82,1915.28
4216,2025-03-13,141,42,1,39.02,39.02
4216,2025-03-13,141,330,3,217.0,651.0
4217,2025-09-16,356,293,1,131.93,131.93
4217,2025-09-16,356,472,3,46.16,138.48
4218,2025-08-18,806,52,1,420.33,420.33
4218,2025-08-18,806,57,4,103.12,412.48
4219,2025-03-07,497,138,4,444.05,1776.20
4219,2025-03-07,497,443,4,255.06,1020.24
4220,2025-12-09,717,336,3,381.71,1145.13
4220,2025-12-09,717,159,3,372.6,1117.8
4220,2025-12-09,717,426,3,82.52,247.56
4221,2025-01-21,481,300,2,119.77,239.54
4221,2025-01-21,481,432,4,117.54,470.16
4221,2025-01-21,481,94,2,295.93,591.86
4222,2025-03-30,434,452,5,46.98,234.90
4222,2025-03-30,434,169,3,460.43,1381.29
4222,2025-03-30,434,192,4,319.33,1277.32
4223,2025-05-26,897,102,2,468.5,937.0
4223,2025-05-26,897,159,1,372.6,372.6
4223,2025-05-26,897,30,2,152.14,304.28
4224,2025-06-07,187,161,5,318.86,1594.30
4224,2025-06-07,187,397,1,160.06,160.06
4224,2025-06-07,187,38,3,447.83,1343.49
4225,2025-11-10,734,173,3,461.96,1385.88
4225,2025-11-10,734,76,3,445.17,1335.51
4226,2025-11-25,882,349,1,173.73,173.73
4226,2025-11-25,882,235,1,72.25,72.25
4227,2025-06-11,458,384,1,229.07,229.07
4227,2025-06-11,458,30,5,152.14,760.70
4228,2025-06-10,35,65,2,430.11,860.22
4228,2025-06-10,35,169,3,460.43,1381.29
4228,2025-06-10,35,256,3,127.97,383.91
4229,2025-03-21,449,456,4,452.55,1810.20
4229,2025-03-21,449,88,1,222.45,222.45
4229,2025-03-21,449,205,3,145.68,437.04
4230,2025-05-10,340,66,3,211.47,634.41
4230,2025-05-10,340,496,2,159.99,319.98
4230,2025-05-10,340,353,4,272.7,1090.8
4231,2025-05-27,794,98,3,14.53,43.59
4232,2025-08-07,32,328,2,50.89,101.78
4232,2025-08-07,32,170,2,40.78,81.56
4233,2025-06-19,503,279,4,204.8,819.2
4233,2025-06-19,503,115,3,365.14,1095.42
4233,2025-06-19,503,267,5,281.05,1405.25
4234,2025-10-23,871,27,5,227.57,1137.85
4234,2025-10-23,871,116,3,496.51,1489.53
4235,2025-04-22,342,426,1,82.52,82.52
4236,2025-10-02,723,252,4,257.9,1031.6
4237,2025-08-12,602,107,4,167.97,671.88
4238,2025-07-06,916,422,1,82.75,82.75
4238,2025-07-06,916,81,5,433.63,2168.15
4238,2025-07-06,916,219,4,24.98,99.92
4239,2025-05-21,941,142,3,240.49,721.47
4239,2025-05-21,941,466,2,477.28,954.56
4240,2025-11-24,356,360,5,483.09,2415.45
4241,2025-10-25,267,265,1,86.31,86.31
4241,2025-10-25,267,487,4,79.74,318.96
4241,2025-10-25,267,273,3,54.12,162.36
4242,2025-01-15,18,209,5,148.45,742.25
4243,2025-03-05,575,299,5,383.39,1916.95
4243,2025-03-05,575,269,5,302.11,1510.55
4243,2025-03-05,575,255,3,214.59,643.77
4244,2025-08-29,629,489,2,52.69,105.38
4244,2025-08-29,629,229,5,296.73,1483.65
4244,2025-08-29,629,208,2,438.21,876.42
4245,2025-03-19,885,374,5,335.47,1677.35
4245,2025-03-19,885,284,4,165.79,663.16
4246,2025-01-27,605,274,4,56.74,226.96
4246,2025-01-27,605,156,4,182.35,729.40
4247,2025-07-14,474,185,1,335.4,335.4
4247,2025-07-14,474,364,1,84.82,84.82
4248,2025-09-01,691,131,2,398.64,797.28
4249,2025-07-15,971,327,5,499.91,2499.55
4249,2025-07-15,971,223,1,77.6,77.6
4250,2025-06-02,185,297,5,398.94,1994.70
4250,2025-06-02,185,213,4,312.66,1250.64
4251,2025-09-13,844,126,3,41.18,123.54
4251,2025-09-13,844,349,4,173.73,694.92
4251,2025-09-13,844,67,5,301.26,1506.30
4252,2025-10-31,341,430,5,275.12,1375.60
4252,2025-10-31,341,484,2,497.12,994.24
4252,2025-10-31,341,235,5,72.25,361.25
4253,2025-07-02,656,338,1,243.62,243.62
4253,2025-07-02,656,159,2,372.6,745.2
4253,2025-07-02,656,281,4,115.36,461.44
4254,2025-03-06,168,150,3,72.4,217.2
4254,2025-03-06,168,189,4,147.88,591.52
4255,2025-05-14,979,385,3,391.11,1173.33
4256,2025-02-27,209,439,4,18.16,72.64
4257,2025-12-19,664,454,3,64.77,194.31
4258,2025-05-23,65,278,1,205.91,205.91
4258,2025-05-23,65,363,3,154.83,464.49
4258,2025-05-23,65,383,5,259.72,1298.60
4259,2025-10-21,626,137,3,272.96,818.88
4259,2025-10-21,626,78,3,376.98,1130.94
4260,2025-05-05,710,383,5,259.72,1298.60
4260,2025-05-05,710,276,2,258.44,516.88
4260,2025-05-05,710,376,4,167.79,671.16
4261,2025-01-10,886,40,3,296.1,888.3
4261,2025-01-10,886,378,3,428.55,1285.65
4262,2025-01-27,562,8,2,316.53,633.06
4263,2025-03-30,351,188,5,443.19,2215.95
4263,2025-03-30,351,360,4,483.09,1932.36
4264,2025-07-25,245,60,1,334.6,334.6
4264,2025-07-25,245,182,5,496.05,2480.25
4265,2025-05-31,275,105,3,58.1,174.3
4265,2025-05-31,275,390,2,40.96,81.92
4265,2025-05-31,275,195,3,494.68,1484.04
4266,2025-05-12,973,300,4,119.77,479.08
4267,2025-03-14,167,234,3,6.55,19.65
4267,2025-03-14,167,378,3,428.55,1285.65
4268,2025-06-22,461,242,5,35.44,177.20
4269,2025-10-30,66,121,5,492.6,2463.0
4270,2025-04-16,429,495,2,295.22,590.44
4271,2024-12-26,130,241,2,269.46,538.92
4272,2025-04-29,679,390,2,40.96,81.92
4273,2025-01-22,327,446,4,60.56,242.24
4274,2025-11-11,935,224,3,321.92,965.76
4274,2025-11-11,935,263,1,157.37,157.37
4275,2025-04-30,299,440,1,475.31,475.31
4276,2025-03-10,213,286,3,46.15,138.45
4276,2025-03-10,213,369,1,67.55,67.55
4277,2025-09-16,65,44,1,439.63,439.63
4277,2025-09-16,65,449,2,119.8,239.6
4278,2025-12-21,579,401,2,341.45,682.90
4278,2025-12-21,579,314,1,239.74,239.74
4279,2025-07-14,99,37,3,37.4,112.2
4280,2025-07-10,639,148,5,445.16,2225.80
4280,2025-07-10,639,482,3,296.53,889.59
4280,2025-07-10,639,407,2,325.42,650.84
4281,2025-04-05,212,484,5,497.12,2485.60
4281,2025-04-05,212,431,3,141.89,425.67
4282,2025-05-15,922,201,3,437.71,1313.13
4282,2025-05-15,922,395,5,171.83,859.15
4283,2025-04-07,898,221,3,109.17,327.51
4284,2025-09-16,761,407,1,325.42,325.42
4284,2025-09-16,761,26,1,376.51,376.51
4285,2025-01-17,508,399,4,53.46,213.84
4285,2025-01-17,508,330,3,217.0,651.0
4286,2025-03-07,55,257,1,265.71,265.71
4286,2025-03-07,55,495,1,295.22,295.22
4286,2025-03-07,55,129,4,119.27,477.08
4287,2025-08-07,428,500,5,455.95,2279.75
4287,2025-08-07,428,464,1,267.75,267.75
4287,2025-08-07,428,355,3,208.41,625.23
4288,2025-10-31,696,105,5,58.1,290.5
4289,2025-11-14,575,183,5,448.54,2242.70
4289,2025-11-14,575,470,4,232.51,930.04
4289,2025-11-14,575,46,4,392.38,1569.52
4290,2024-12-30,329,370,3,285.74,857.22
4290,2024-12-30,329,294,5,41.14,205.70
4290,2024-12-30,329,386,4,214.75,859.00
4291,2025-12-06,91,70,5,24.04,120.20
4291,2025-12-06,91,360,5,483.09,2415.45
4292,2025-03-26,560,220,4,26.81,107.24
4293,2025-09-02,549,247,4,154.79,619.16
4294,2025-12-15,894,398,2,71.83,143.66
4294,2025-12-15,894,381,4,313.66,1254.64
4295,2025-06-11,605,236,1,469.19,469.19
4295,2025-06-11,605,345,2,210.38,420.76
4296,2025-03-12,543,30,2,152.14,304.28
4297,2025-06-07,778,125,2,265.17,530.34
4297,2025-06-07,778,95,1,394.98,394.98
4298,2025-10-08,337,30,5,152.14,760.70
4298,2025-10-08,337,5,5,314.52,1572.60
4298,2025-10-08,337,345,2,210.38,420.76
4299,2025-01-19,726,76,4,445.17,1780.68
4300,2025-10-29,640,181,2,284.33,568.66
4301,2025-05-24,474,493,3,312.43,937.29
4301,2025-05-24,474,493,1,312.43,312.43
4301,2025-05-24,474,366,1,223.44,223.44
4302,2025-04-02,964,26,5,376.51,1882.55
4303,2025-02-23,796,459,1,223.31,223.31
4303,2025-02-23,796,468,1,253.58,253.58
4304,2025-10-20,861,211,3,180.66,541.98
4304,2025-10-20,861,385,1,391.11,391.11
4305,2025-12-19,155,55,5,471.21,2356.05
4305,2025-12-19,155,33,3,194.9,584.7
4306,2025-03-14,534,187,5,319.82,1599.10
4306,2025-03-14,534,242,2,35.44,70.88
4307,2025-01-13,276,455,4,276.92,1107.68
4307,2025-01-13,276,220,1,26.81,26.81
4308,2025-07-23,124,269,3,302.11,906.33
4308,2025-07-23,124,349,5,173.73,868.65
4308,2025-07-23,124,56,3,278.79,836.37
4309,2025-01-15,952,4,2,472.3,944.6
4309,2025-01-15,952,474,5,33.57,167.85
4310,2025-02-03,929,46,3,392.38,1177.14
4310,2025-02-03,929,457,2,320.53,641.06
4310,2025-02-03,929,183,1,448.54,448.54
4311,2025-10-21,291,440,1,475.31,475.31
4311,2025-10-21,291,361,3,365.74,1097.22
4311,2025-10-21,291,152,4,39.12,156.48
4312,2025-04-21,868,254,1,463.64,463.64
4313,2025-09-25,77,318,4,12.28,49.12
4313,2025-09-25,77,132,2,305.92,611.84
4314,2025-09-21,422,141,4,448.09,1792.36
4315,2025-04-14,872,325,1,281.87,281.87
4316,2025-08-23,724,295,1,130.26,130.26
4317,2025-06-03,865,227,1,94.86,94.86
4317,2025-06-03,865,464,2,267.75,535.50
4318,2025-05-31,408,24,4,330.39,1321.56
4318,2025-05-31,408,490,4,476.01,1904.04
4318,2025-05-31,408,68,4,57.36,229.44
4319,2025-08-05,974,232,2,59.52,119.04
4319,2025-08-05,974,366,4,223.44,893.76
4319,2025-08-05,974,79,5,139.58,697.90
4320,2025-06-04,330,176,4,288.86,1155.44
4320,2025-06-04,330,484,3,497.12,1491.36
4320,2025-06-04,330,221,2,109.17,218.34
4321,2025-01-22,821,127,1,428.76,428.76
4321,2025-01-22,821,337,1,206.67,206.67
4321,2025-01-22,821,44,4,439.63,1758.52
4322,2024-12-28,541,227,3,94.86,284.58
4322,2024-12-28,541,55,5,471.21,2356.05
4323,2025-07-21,256,256,5,127.97,639.85
4323,2025-07-21,256,335,2,42.9,85.8
4323,2025-07-21,256,380,5,276.01,1380.05
4324,2025-10-26,843,201,4,437.71,1750.84
4325,2025-05-01,987,335,3,42.9,128.7
4326,2025-10-08,648,80,4,293.7,1174.8
4326,2025-10-08,648,53,3,485.1,1455.3
4326,2025-10-08,648,237,1,242.96,242.96
4327,2025-05-22,282,312,1,333.94,333.94
4328,2025-11-22,156,384,3,229.07,687.21
4328,2025-11-22,156,265,5,86.31,431.55
4328,2025-11-22,156,107,1,167.97,167.97
4329,2025-06-19,563,79,4,139.58,558.32
4329,2025-06-19,563,461,3,224.53,673.59
4329,2025-06-19,563,478,3,68.54,205.62
4330,2025-04-08,419,66,5,211.47,1057.35
4331,2025-03-29,402,301,1,274.15,274.15
4331,2025-03-29,402,254,2,463.64,927.28
4332,2024-12-29,426,176,5,288.86,1444.30
4332,2024-12-29,426,64,2,491.55,983.10
4333,2025-01-01,598,293,3,131.93,395.79
4333,2025-01-01,598,149,3,57.41,172.23
4334,2025-11-03,412,235,3,72.25,216.75
4335,2025-04-19,687,134,2,284.82,569.64
4336,2025-06-18,413,371,4,51.41,205.64
4336,2025-06-18,413,345,1,210.38,210.38
4336,2025-06-18,413,155,2,407.98,815.96
4337,2025-09-26,564,244,2,478.82,957.64
4338,2025-05-27,606,63,5,364.98,1824.90
4338,2025-05-27,606,364,2,84.82,169.64
4338,2025-05-27,606,101,1,35.41,35.41
4339,2025-12-15,271,238,5,472.08,2360.40
4339,2025-12-15,271,28,4,412.52,1650.08
4340,2025-01-14,804,366,2,223.44,446.88
4341,2025-07-01,547,445,1,485.73,485.73
4342,2025-05-20,252,215,1,33.6,33.6
4342,2025-05-20,252,347,1,138.42,138.42
4342,2025-05-20,252,265,4,86.31,345.24
4343,2025-01-04,40,378,1,428.55,428.55
4343,2025-01-04,40,197,4,195.32,781.28
4343,2025-01-04,40,400,3,387.4,1162.2
4344,2025-08-26,995,495,5,295.22,1476.10
4344,2025-08-26,995,177,2,184.9,369.8
4344,2025-08-26,995,443,5,255.06,1275.30
4345,2025-03-01,423,255,3,214.59,643.77
4345,2025-03-01,423,430,1,275.12,275.12
4346,2025-12-09,655,487,1,79.74,79.74
4346,2025-12-09,655,288,1,55.84,55.84
4347,2025-12-02,746,132,3,305.92,917.76
4347,2025-12-02,746,354,4,78.8,315.2
4348,2025-05-02,797,386,1,214.75,214.75
4348,2025-05-02,797,436,1,472.16,472.16
4349,2025-01-31,450,316,5,285.22,1426.10
4349,2025-01-31,450,196,3,305.3,915.9
4349,2025-01-31,450,412,1,407.79,407.79
4350,2025-03-19,53,468,2,253.58,507.16
4350,2025-03-19,53,373,1,282.2,282.2
4351,2025-10-13,880,245,3,258.08,774.24
4351,2025-10-13,880,467,2,363.53,727.06
4351,2025-10-13,880,148,5,445.16,2225.80
4352,2025-10-20,712,243,1,457.3,457.3
4353,2025-05-23,325,266,5,468.09,2340.45
4353,2025-05-23,325,52,4,420.33,1681.32
4353,2025-05-23,325,110,3,443.77,1331.31
4354,2025-10-26,668,353,5,272.7,1363.5
4355,2025-11-05,120,204,2,296.2,592.4
4356,2025-01-19,783,188,4,443.19,1772.76
4356,2025-01-19,783,442,2,155.41,310.82
4356,2025-01-19,783,86,4,444.15,1776.60
4357,2025-07-23,344,463,4,144.91,579.64
4357,2025-07-23,344,427,3,410.44,1231.32
4357,2025-07-23,344,161,5,318.86,1594.30
4358,2025-06-10,192,59,2,418.89,837.78
4358,2025-06-10,192,56,5,278.79,1393.95
4359,2025-04-14,338,480,5,172.26,861.30
4359,2025-04-14,338,234,4,6.55,26.20
4359,2025-04-14,338,155,1,407.98,407.98
4360,2025-11-27,701,146,1,92.21,92.21
4360,2025-11-27,701,268,2,164.18,328.36
4361,2025-02-26,823,101,1,35.41,35.41
4361,2025-02-26,823,422,5,82.75,413.75
4361,2025-02-26,823,161,3,318.86,956.58
4362,2025-05-08,829,312,4,333.94,1335.76
4362,2025-05-08,829,380,2,276.01,552.02
4363,2025-01-14,640,191,5,246.88,1234.40
4364,2025-02-08,629,197,2,195.32,390.64
4364,2025-02-08,629,66,1,211.47,211.47
4365,2025-08-22,527,409,1,31.26,31.26
4366,2025-12-25,5,181,4,284.33,1137.32
4366,2025-12-25,5,81,1,433.63,433.63
4366,2025-12-25,5,480,3,172.26,516.78
4367,2025-09-16,136,13,3,412.47,1237.41
4367,2025-09-16,136,120,4,458.95,1835.80
4368,2025-05-27,519,446,4,60.56,242.24
4368,2025-05-27,519,159,5,372.6,1863.0
4369,2025-08-02,310,116,5,496.51,2482.55
4369,2025-08-02,310,239,2,469.38,938.76
4369,2025-08-02,310,345,5,210.38,1051.90
4370,2025-10-14,770,266,2,468.09,936.18
4371,2025-08-16,971,448,4,149.05,596.20
4371,2025-08-16,971,130,1,252.98,252.98
4371,2025-08-16,971,473,3,341.31,1023.93
4372,2025-03-18,629,93,2,101.41,202.82
4372,2025-03-18,629,273,1,54.12,54.12
4372,2025-03-18,629,434,1,21.02,21.02
4373,2025-01-11,116,260,5,39.69,198.45
4374,2025-08-17,809,344,5,177.16,885.80
4374,2025-08-17,809,219,3,24.98,74.94
4374,2025-08-17,809,338,2,243.62,487.24
4375,2025-09-29,466,415,5,477.17,2385.85
4375,2025-09-29,466,353,1,272.7,272.7
4376,2025-12-06,27,417,3,148.93,446.79
4377,2024-12-28,269,360,5,483.09,2415.45
4377,2024-12-28,269,464,2,267.75,535.50
4378,2025-09-30,160,155,2,407.98,815.96
4378,2025-09-30,160,69,4,340.46,1361.84
4378,2025-09-30,160,404,4,153.82,615.28
4379,2025-04-19,395,92,5,468.03,2340.15
4380,2024-12-30,468,235,3,72.25,216.75
4381,2025-12-19,843,402,5,341.36,1706.80
4381,2025-12-19,843,266,1,468.09,468.09
4382,2025-08-05,461,497,1,482.27,482.27
4382,2025-08-05,461,135,4,220.51,882.04
4382,2025-08-05,461,389,5,74.31,371.55
4383,2025-04-06,860,116,2,496.51,993.02
4384,2025-11-14,857,323,3,299.85,899.55
4385,2025-05-14,9,260,4,39.69,158.76
4386,2025-11-03,822,470,4,232.51,930.04
4386,2025-11-03,822,445,5,485.73,2428.65
4386,2025-11-03,822,283,4,384.65,1538.60
4387,2025-03-04,351,403,4,215.58,862.32
4388,2025-08-21,423,301,4,274.15,1096.60
4389,2024-12-31,406,173,2,461.96,923.92
4390,2025-02-17,819,282,4,332.62,1330.48
4391,2025-03-07,738,399,4,53.46,213.84
4391,2025-03-07,738,366,5,223.44,1117.20
4392,2025-04-24,142,108,4,393.46,1573.84
4392,2025-04-24,142,149,1,57.41,57.41
4392,2025-04-24,142,262,1,92.87,92.87
4393,2025-06-01,5,97,3,113.42,340.26
4393,2025-06-01,5,469,5,103.95,519.75
4393,2025-06-01,5,16,3,241.42,724.26
4394,2025-11-10,607,134,4,284.82,1139.28
4395,2025-05-27,460,468,1,253.58,253.58
4395,2025-05-27,460,98,3,14.53,43.59
4395,2025-05-27,460,480,4,172.26,689.04
4396,2025-11-11,955,38,3,447.83,1343.49
4397,2025-01-31,596,485,4,492.14,1968.56
4397,2025-01-31,596,200,5,275.47,1377.35
4397,2025-01-31,596,311,3,289.44,868.32
4398,2025-10-03,189,86,3,444.15,1332.45
4398,2025-10-03,189,339,4,247.5,990.0
4399,2025-12-07,398,194,1,447.89,447.89
4399,2025-12-07,398,348,2,231.55,463.10
4399,2025-12-07,398,262,4,92.87,371.48
4400,2025-02-13,705,439,4,18.16,72.64
4400,2025-02-13,705,335,4,42.9,171.6
4400,2025-02-13,705,255,2,214.59,429.18
4401,2025-06-19,227,444,2,231.57,463.14
4401,2025-06-19,227,461,4,224.53,898.12
4402,2025-05-06,255,309,1,50.9,50.9
4402,2025-05-06,255,448,1,149.05,149.05
4403,2025-04-22,407,71,3,268.41,805.23
4403,2025-04-22,407,108,4,393.46,1573.84
4404,2025-12-06,215,102,4,468.5,1874.0
4404,2025-12-06,215,249,2,492.22,984.44
4405,2025-06-01,630,223,1,77.6,77.6
4405,2025-06-01,630,432,5,117.54,587.70
4405,2025-06-01,630,148,3,445.16,1335.48
4406,2025-07-18,479,403,4,215.58,862.32
4407,2024-12-31,756,433,5,389.95,1949.75
4408,2025-01-06,741,351,4,87.53,350.12
4408,2025-01-06,741,418,4,35.93,143.72
4408,2025-01-06,741,251,3,152.34,457.02
4409,2025-09-22,672,214,2,298.33,596.66
4409,2025-09-22,672,192,5,319.33,1596.65
4409,2025-09-22,672,188,1,443.19,443.19
4410,2025-06-21,601,412,2,407.79,815.58
4411,2025-11-05,613,178,4,65.82,263.28
4411,2025-11-05,613,133,5,261.96,1309.80
4412,2025-07-20,238,210,3,318.91,956.73
4412,2025-07-20,238,288,3,55.84,167.52
4413,2025-09-10,520,443,2,255.06,510.12
4413,2025-09-10,520,244,3,478.82,1436.46
4414,2025-02-09,298,394,4,348.1,1392.4
4415,2025-08-19,748,353,3,272.7,818.1
4416,2025-09-04,364,41,4,114.35,457.40
4416,2025-09-04,364,466,4,477.28,1909.12
4416,2025-09-04,364,126,2,41.18,82.36
4417,2025-11-26,303,161,4,318.86,1275.44
4417,2025-11-26,303,142,2,240.49,480.98
4418,2025-08-16,536,449,2,119.8,239.6
4418,2025-08-16,536,125,3,265.17,795.51
4419,2025-10-14,451,420,2,72.09,144.18
4420,2025-01-05,371,292,1,242.18,242.18
4420,2025-01-05,371,308,3,241.52,724.56
4420,2025-01-05,371,329,3,374.27,1122.81
4421,2025-10-08,307,130,1,252.98,252.98
4421,2025-10-08,307,126,1,41.18,41.18
4422,2025-12-08,621,455,1,276.92,276.92
4423,2025-01-11,887,15,3,182.7,548.1
4424,2025-06-01,880,428,3,358.4,1075.2
4425,2025-11-01,230,21,5,141.16,705.80
4425,2025-11-01,230,129,5,119.27,596.35
4425,2025-11-01,230,381,2,313.66,627.32
4426,2025-09-14,509,351,5,87.53,437.65
4427,2025-05-12,843,215,3,33.6,100.8
4427,2025-05-12,843,257,1,265.71,265.71
4428,2025-12-03,541,343,3,240.99,722.97
4428,2025-12-03,541,10,3,248.75,746.25
4429,2025-06-20,38,449,5,119.8,599.0
4429,2025-06-20,38,51,1,108.84,108.84
4429,2025-06-20,38,260,4,39.69,158.76
4430,2025-08-21,37,479,4,301.68,1206.72
4430,2025-08-21,37,409,5,31.26,156.30
4431,2025-12-25,709,188,1,443.19,443.19
4431,2025-12-25,709,88,2,222.45,444.90
4432,2025-06-19,962,146,2,92.21,184.42
4432,2025-06-19,962,409,4,31.26,125.04
4432,2025-06-19,962,130,5,252.98,1264.90
4433,2024-12-30,719,85,2,321.65,643.30
4434,2025-06-05,686,257,3,265.71,797.13
4435,2025-06-14,214,485,1,492.14,492.14
4435,2025-06-14,214,55,3,471.21,1413.63
4435,2025-06-14,214,88,3,222.45,667.35
4436,2025-10-05,89,22,3,420.77,1262.31
4436,2025-10-05,89,124,2,225.92,451.84
4437,2025-05-21,633,314,3,239.74,719.22
4438,2025-11-04,182,357,3,147.52,442.56
4438,2025-11-04,182,432,3,117.54,352.62
4438,2025-11-04,182,1,1,80.6,80.6
4439,2025-01-26,182,303,3,489.27,1467.81
4439,2025-01-26,182,8,3,316.53,949.59
4440,2025-04-23,487,345,5,210.38,1051.90
4440,2025-04-23,487,35,4,246.38,985.52
4441,2025-12-23,899,312,5,333.94,1669.70
4442,2025-10-03,316,488,5,209.37,1046.85
4442,2025-10-03,316,309,2,50.9,101.8
4442,2025-10-03,316,105,5,58.1,290.5
4443,2025-08-28,106,398,1,71.83,71.83
4444,2025-04-19,509,23,5,412.11,2060.55
4444,2025-04-19,509,218,1,137.61,137.61
4444,2025-04-19,509,236,4,469.19,1876.76
4445,2025-10-24,50,454,2,64.77,129.54
4445,2025-10-24,50,140,4,187.49,749.96
4446,2025-04-08,680,414,4,307.45,1229.80
4446,2025-04-08,680,118,1,116.6,116.6
4446,2025-04-08,680,152,5,39.12,195.60
4447,2025-07-15,139,400,3,387.4,1162.2
4447,2025-07-15,139,26,3,376.51,1129.53
4448,2025-12-09,846,371,4,51.41,205.64
4448,2025-12-09,846,257,2,265.71,531.42
4448,2025-12-09,846,289,4,150.72,602.88
4449,2025-06-28,75,263,5,157.37,786.85
4449,2025-06-28,75,457,2,320.53,641.06
4449,2025-06-28,75,284,4,165.79,663.16
4450,2025-11-15,481,426,2,82.52,165.04
4451,2025-11-09,138,223,4,77.6,310.4
4451,2025-11-09,138,483,4,192.76,771.04
4452,2025-01-03,221,177,1,184.9,184.9
4453,2025-07-03,660,213,3,312.66,937.98
4454,2025-03-02,479,328,1,50.89,50.89
4454,2025-03-02,479,20,2,478.78,957.56
4455,2025-03-09,617,96,1,5.28,5.28
4455,2025-03-09,617,242,1,35.44,35.44
4455,2025-03-09,617,216,5,277.28,1386.40
4456,2025-04-12,78,103,4,239.95,959.80
4456,2025-04-12,78,460,1,313.84,313.84
4456,2025-04-12,78,329,2,374.27,748.54
4457,2025-12-11,587,451,1,117.67,117.67
4457,2025-12-11,587,357,5,147.52,737.60
4458,2025-11-28,788,348,3,231.55,694.65
4458,2025-11-28,788,89,3,349.52,1048.56
4459,2025-04-15,831,473,1,341.31,341.31
4459,2025-04-15,831,359,3,275.01,825.03
4459,2025-04-15,831,289,5,150.72,753.60
4460,2025-02-02,638,475,3,118.44,355.32
4460,2025-02-02,638,345,4,210.38,841.52
4461,2025-12-23,761,170,5,40.78,203.90
4462,2025-09-22,888,117,5,142.82,714.10
4462,2025-09-22,888,174,2,314.06,628.12
4463,2025-11-11,580,144,1,398.79,398.79
4464,2025-04-06,734,195,2,494.68,989.36
4464,2025-04-06,734,489,1,52.69,52.69
4465,2025-06-27,428,124,1,225.92,225.92
4465,2025-06-27,428,479,5,301.68,1508.40
4466,2025-05-30,861,6,2,388.76,777.52
4466,2025-05-30,861,427,2,410.44,820.88
4467,2025-11-18,640,211,4,180.66,722.64
4468,2025-06-12,47,8,2,316.53,633.06
4468,2025-06-12,47,131,5,398.64,1993.20
4469,2025-08-02,110,415,4,477.17,1908.68
4469,2025-08-02,110,172,5,250.68,1253.40
4470,2025-05-16,303,65,5,430.11,2150.55
4471,2025-07-15,639,302,2,462.51,925.02
4472,2025-05-07,110,159,1,372.6,372.6
4472,2025-05-07,110,272,5,352.7,1763.5
4472,2025-05-07,110,188,3,443.19,1329.57
4473,2025-12-14,53,388,1,317.72,317.72
4474,2025-02-20,126,97,1,113.42,113.42
4475,2025-08-30,321,169,5,460.43,2302.15
4475,2025-08-30,321,73,1,25.92,25.92
4476,2025-04-15,827,420,4,72.09,288.36
4476,2025-04-15,827,450,1,101.99,101.99
4476,2025-04-15,827,289,4,150.72,602.88
4477,2025-02-17,469,421,2,320.48,640.96
4477,2025-02-17,469,297,4,398.94,1595.76
4478,2025-11-14,115,364,4,84.82,339.28
4478,2025-11-14,115,279,1,204.8,204.8
4479,2025-08-07,424,479,2,301.68,603.36
4479,2025-08-07,424,492,3,449.67,1349.01
4480,2025-03-17,324,404,3,153.82,461.46
4480,2025-03-17,324,439,1,18.16,18.16
4480,2025-03-17,324,460,2,313.84,627.68
4481,2025-07-27,688,397,4,160.06,640.24
4482,2025-07-30,697,443,3,255.06,765.18
4482,2025-07-30,697,458,3,257.33,771.99
4482,2025-07-30,697,77,4,270.23,1080.92
4483,2025-11-12,788,177,4,184.9,739.6
4484,2025-07-21,149,476,3,131.18,393.54
4484,2025-07-21,149,444,4,231.57,926.28
4485,2025-03-20,401,446,5,60.56,302.80
4486,2025-11-04,532,216,1,277.28,277.28
4486,2025-11-04,532,278,3,205.91,617.73
4486,2025-11-04,532,249,4,492.22,1968.88
4487,2025-12-24,711,199,1,286.28,286.28
4487,2025-12-24,711,187,1,319.82,319.82
4488,2025-08-09,510,61,4,351.5,1406.0
4488,2025-08-09,510,280,4,13.76,55.04
4488,2025-08-09,510,326,2,211.81,423.62
4489,2025-04-23,656,175,2,471.13,942.26
4490,2025-07-20,896,114,5,136.66,683.30
4491,2025-06-09,767,331,3,321.18,963.54
4491,2025-06-09,767,457,3,320.53,961.59
4492,2025-09-21,245,2,3,287.98,863.94
4493,2025-04-25,94,89,5,349.52,1747.60
4494,2025-11-06,556,225,4,460.72,1842.88
4495,2025-07-01,433,64,3,491.55,1474.65
4496,2025-01-18,819,103,2,239.95,479.90
4497,2025-09-03,753,153,4,210.94,843.76
4497,2025-09-03,753,66,5,211.47,1057.35
4497,2025-09-03,753,442,5,155.41,777.05
4498,2025-07-12,254,462,3,412.76,1238.28
4498,2025-07-12,254,27,1,227.57,227.57
4499,2025-02-11,965,193,5,250.13,1250.65
4500,2025-08-04,210,372,3,20.55,61.65
4501,2025-03-29,302,428,1,358.4,358.4
4501,2025-03-29,302,8,4,316.53,1266.12
4501,2025-03-29,302,232,1,59.52,59.52
4502,2025-08-28,945,193,4,250.13,1000.52
4503,2025-10-10,474,267,3,281.05,843.15
4504,2025-02-16,678,30,1,152.14,152.14
4505,2025-08-25,593,75,1,131.43,131.43
4506,2025-01-29,439,302,5,462.51,2312.55
4507,2025-05-22,597,219,1,24.98,24.98
4507,2025-05-22,597,292,2,242.18,484.36
4507,2025-05-22,597,290,3,450.86,1352.58
4508,2025-06-07,200,210,1,318.91,318.91
4509,2025-02-27,248,12,2,100.62,201.24
4510,2025-08-07,901,100,5,220.87,1104.35
4510,2025-08-07,901,79,5,139.58,697.90
4510,2025-08-07,901,405,5,16.73,83.65
4511,2025-11-26,797,369,2,67.55,135.10
4512,2025-07-06,664,276,5,258.44,1292.20
4512,2025-07-06,664,10,1,248.75,248.75
4512,2025-07-06,664,288,2,55.84,111.68
4513,2025-05-31,436,212,4,122.95,491.80
4513,2025-05-31,436,263,3,157.37,472.11
4514,2025-05-11,244,204,2,296.2,592.4
4514,2025-05-11,244,203,4,98.55,394.20
4514,2025-05-11,244,257,2,265.71,531.42
4515,2025-03-16,712,179,1,153.54,153.54
4516,2025-09-10,57,301,1,274.15,274.15
4516,2025-09-10,57,303,2,489.27,978.54
4517,2025-04-05,852,334,2,134.61,269.22
4518,2025-03-31,454,302,2,462.51,925.02
4518,2025-03-31,454,476,3,131.18,393.54
4519,2025-07-31,575,223,3,77.6,232.8
4519,2025-07-31,575,31,1,485.56,485.56
4519,2025-07-31,575,413,3,496.98,1490.94
4520,2025-10-27,144,352,5,164.03,820.15
4520,2025-10-27,144,344,5,177.16,885.80
4521,2025-09-19,471,254,2,463.64,927.28
4521,2025-09-19,471,45,5,250.68,1253.40
4522,2025-09-11,58,222,2,80.58,161.16
4523,2025-08-09,439,72,4,409.92,1639.68
4524,2025-04-24,376,261,5,184.06,920.30
4525,2025-12-22,787,362,2,299.76,599.52
4525,2025-12-22,787,117,3,142.82,428.46
4526,2025-01-09,928,197,3,195.32,585.96
4526,2025-01-09,928,473,4,341.31,1365.24
4527,2025-06-02,765,97,1,113.42,113.42
4528,2025-06-03,368,151,3,496.87,1490.61
4528,2025-06-03,368,68,3,57.36,172.08
4529,2025-05-18,57,194,5,447.89,2239.45
4530,2025-06-04,220,219,4,24.98,99.92
4530,2025-06-04,220,497,3,482.27,1446.81
4531,2025-02-02,623,403,4,215.58,862.32
4531,2025-02-02,623,108,1,393.46,393.46
4532,2025-05-22,134,472,4,46.16,184.64
4532,2025-05-22,134,157,3,33.43,100.29
4533,2025-08-23,911,29,2,178.91,357.82
4533,2025-08-23,911,96,3,5.28,15.84
4533,2025-08-23,911,143,1,472.35,472.35
4534,2025-09-10,225,183,1,448.54,448.54
4534,2025-09-10,225,242,1,35.44,35.44
4535,2025-03-02,796,381,3,313.66,940.98
4535,2025-03-02,796,66,3,211.47,634.41
4535,2025-03-02,796,148,3,445.16,1335.48
4536,2025-05-08,466,351,1,87.53,87.53
4537,2025-07-02,117,371,5,51.41,257.05
4537,2025-07-02,117,102,5,468.5,2342.5
4537,2025-07-02,117,407,2,325.42,650.84
4538,2025-08-17,944,191,2,246.88,493.76
4538,2025-08-17,944,251,3,152.34,457.02
4538,2025-08-17,944,287,2,291.36,582.72
4539,2025-03-30,680,266,1,468.09,468.09
4539,2025-03-30,680,370,4,285.74,1142.96
4540,2025-08-28,709,177,3,184.9,554.7
4540,2025-08-28,709,240,2,102.23,204.46
4541,2025-11-21,353,236,3,469.19,1407.57
4541,2025-11-21,353,413,4,496.98,1987.92
4541,2025-11-21,353,125,3,265.17,795.51
4542,2025-01-18,607,389,4,74.31,297.24
4542,2025-01-18,607,255,3,214.59,643.77
4543,2025-09-06,323,361,1,365.74,365.74
4544,2025-11-19,176,65,3,430.11,1290.33
4545,2025-10-02,410,294,5,41.14,205.70
4546,2025-04-24,28,49,4,243.73,974.92
4546,2025-04-24,28,170,2,40.78,81.56
4546,2025-04-24,28,328,5,50.89,254.45
4547,2025-10-05,226,79,1,139.58,139.58
4547,2025-10-05,226,89,3,349.52,1048.56
4548,2025-02-01,131,283,5,384.65,1923.25
4548,2025-02-01,131,484,5,497.12,2485.60
4548,2025-02-01,131,75,2,131.43,262.86
4549,2025-12-15,295,332,3,258.46,775.38
4549,2025-12-15,295,412,3,407.79,1223.37
4550,2025-08-29,13,179,4,153.54,614.16
4550,2025-08-29,13,307,2,228.49,456.98
4550,2025-08-29,13,473,3,341.31,1023.93
4551,2025-09-10,899,401,4,341.45,1365.80
4551,2025-09-10,899,452,5,46.98,234.90
4552,2025-08-03,537,91,4,51.8,207.2
4552,2025-08-03,537,363,4,154.83,619.32
4552,2025-08-03,537,406,3,438.28,1314.84
4553,2025-11-01,931,170,4,40.78,163.12
4553,2025-11-01,931,156,3,182.35,547.05
4553,2025-11-01,931,343,3,240.99,722.97
4554,2025-07-13,88,302,5,462.51,2312.55
4554,2025-07-13,88,373,5,282.2,1411.0
4555,2025-04-04,923,374,2,335.47,670.94
4555,2025-04-04,923,60,5,334.6,1673.0
4556,2025-09-04,506,453,4,236.71,946.84
4557,2025-04-05,859,356,2,8.39,16.78
4557,2025-04-05,859,347,4,138.42,553.68
4558,2025-10-22,748,346,4,30.32,121.28
4559,2025-04-18,96,499,3,230.52,691.56
4560,2025-09-11,867,392,4,141.55,566.20
4560,2025-09-11,867,459,3,223.31,669.93
4561,2025-08-30,521,84,5,404.22,2021.10
4561,2025-08-30,521,24,5,330.39,1651.95
4562,2025-01-13,125,274,2,56.74,113.48
4562,2025-01-13,125,54,5,221.51,1107.55
4563,2025-01-31,964,247,2,154.79,309.58
4564,2025-05-05,515,126,4,41.18,164.72
4564,2025-05-05,515,338,1,243.62,243.62
4565,2025-11-05,551,180,4,179.99,719.96
4566,2025-08-26,588,476,3,131.18,393.54
4567,2025-02-25,383,278,2,205.91,411.82
4567,2025-02-25,383,377,3,401.94,1205.82
4567,2025-02-25,383,391,1,325.16,325.16
4568,2025-01-18,913,362,4,299.76,1199.04
4568,2025-01-18,913,39,3,154.19,462.57
4569,2025-05-12,677,354,1,78.8,78.8
4570,2025-05-23,879,223,1,77.6,77.6
4571,2025-09-13,343,191,3,246.88,740.64
4572,2025-02-28,315,231,4,241.46,965.84
4572,2025-02-28,315,322,5,417.63,2088.15
4573,2025-02-03,606,250,4,202.45,809.80
4573,2025-02-03,606,140,2,187.49,374.98
4574,2025-09-22,419,259,3,131.5,394.5
4574,2025-09-22,419,185,5,335.4,1677.0
4574,2025-09-22,419,65,4,430.11,1720.44
4575,2025-05-11,679,202,1,141.74,141.74
4575,2025-05-11,679,193,3,250.13,750.39
4576,2025-10-04,490,485,3,492.14,1476.42
4577,2025-01-12,287,139,1,339.12,339.12
4577,2025-01-12,287,22,1,420.77,420.77
4578,2025-12-07,113,151,1,496.87,496.87
4578,2025-12-07,113,422,4,82.75,331.00
4578,2025-12-07,113,434,5,21.02,105.10
4579,2025-07-31,650,38,3,447.83,1343.49
4580,2025-06-17,480,224,2,321.92,643.84
4580,2025-06-17,480,420,5,72.09,360.45
4580,2025-06-17,480,231,4,241.46,965.84
4581,2025-08-28,856,446,1,60.56,60.56
4582,2025-04-10,411,434,1,21.02,21.02
4582,2025-04-10,411,229,5,296.73,1483.65
4582,2025-04-10,411,183,3,448.54,1345.62
4583,2025-04-20,14,174,3,314.06,942.18
4583,2025-04-20,14,201,2,437.71,875.42
4584,2025-11-05,878,436,3,472.16,1416.48
4584,2025-11-05,878,192,3,319.33,957.99
4585,2025-11-21,361,225,5,460.72,2303.60
4585,2025-11-21,361,312,4,333.94,1335.76
4586,2025-11-14,803,15,4,182.7,730.8
4586,2025-11-14,803,200,1,275.47,275.47
4587,2025-06-09,668,296,5,215.06,1075.30
4587,2025-06-09,668,450,4,101.99,407.96
4588,2025-06-02,866,247,5,154.79,773.95
4588,2025-06-02,866,98,2,14.53,29.06
4588,2025-06-02,866,112,3,242.9,728.7
4589,2025-03-29,649,103,2,239.95,479.90
4590,2025-02-11,770,447,4,376.57,1506.28
4591,2025-10-09,337,220,1,26.81,26.81
4591,2025-10-09,337,174,1,314.06,314.06
4592,2025-07-14,115,16,2,241.42,482.84
4592,2025-07-14,115,100,1,220.87,220.87
4593,2025-03-05,753,25,3,250.93,752.79
4594,2025-02-07,512,230,3,476.52,1429.56
4594,2025-02-07,512,392,3,141.55,424.65
4594,2025-02-07,512,283,1,384.65,384.65
4595,2025-11-26,38,479,3,301.68,905.04
4596,2025-08-16,691,464,3,267.75,803.25
4596,2025-08-16,691,295,2,130.26,260.52
4597,2025-06-28,637,181,4,284.33,1137.32
4597,2025-06-28,637,488,2,209.37,418.74
4598,2025-02-03,501,465,2,313.64,627.28
4598,2025-02-03,501,62,3,245.04,735.12
4598,2025-02-03,501,182,4,496.05,1984.20
4599,2025-02-09,763,321,4,75.56,302.24
4599,2025-02-09,763,307,3,228.49,685.47
4600,2025-08-26,349,111,4,157.26,629.04
4600,2025-08-26,349,96,2,5.28,10.56
4600,2025-08-26,349,112,5,242.9,1214.5
4601,2025-10-31,753,351,4,87.53,350.12
4601,2025-10-31,753,406,1,438.28,438.28
4602,2025-06-08,386,69,2,340.46,680.92
4603,2025-12-12,445,357,4,147.52,590.08
4603,2025-12-12,445,44,3,439.63,1318.89
4603,2025-12-12,445,67,1,301.26,301.26
4604,2025-02-20,756,406,5,438.28,2191.40
4605,2025-01-12,839,318,3,12.28,36.84
4605,2025-01-12,839,114,3,136.66,409.98
4606,2025-11-15,916,210,4,318.91,1275.64
4607,2025-08-14,935,391,1,325.16,325.16
4607,2025-08-14,935,270,3,396.51,1189.53
4607,2025-08-14,935,214,2,298.33,596.66
4608,2025-05-30,488,9,4,217.36,869.44
4608,2025-05-30,488,219,3,24.98,74.94
4608,2025-05-30,488,371,2,51.41,102.82
4609,2025-03-18,716,349,2,173.73,347.46
4609,2025-03-18,716,325,4,281.87,1127.48
4609,2025-03-18,716,174,1,314.06,314.06
4610,2025-10-03,323,197,5,195.32,976.60
4610,2025-10-03,323,257,2,265.71,531.42
4611,2025-10-25,393,476,3,131.18,393.54
4611,2025-10-25,393,83,4,322.41,1289.64
4611,2025-10-25,393,298,1,204.65,204.65
4612,2025-03-25,767,474,5,33.57,167.85
4612,2025-03-25,767,383,4,259.72,1038.88
4613,2025-02-12,143,56,2,278.79,557.58
4613,2025-02-12,143,10,3,248.75,746.25
4614,2025-08-12,672,189,2,147.88,295.76
4614,2025-08-12,672,154,3,434.3,1302.9
4615,2025-08-08,955,211,4,180.66,722.64
4615,2025-08-08,955,334,1,134.61,134.61
4615,2025-08-08,955,297,5,398.94,1994.70
4616,2025-06-15,841,132,4,305.92,1223.68
4616,2025-06-15,841,59,3,418.89,1256.67
4616,2025-06-15,841,285,4,447.68,1790.72
4617,2025-10-13,361,320,5,322.83,1614.15
4617,2025-10-13,361,220,2,26.81,53.62
4618,2025-04-23,946,308,4,241.52,966.08
4619,2025-10-23,260,133,1,261.96,261.96
4619,2025-10-23,260,460,5,313.84,1569.20
4619,2025-10-23,260,288,1,55.84,55.84
4620,2025-12-02,283,316,1,285.22,285.22
4621,2025-12-18,2,451,5,117.67,588.35
4622,2025-08-02,34,183,1,448.54,448.54
4622,2025-08-02,34,185,2,335.4,670.8
4623,2025-05-08,596,451,3,117.67,353.01
4623,2025-05-08,596,495,4,295.22,1180.88
4624,2025-06-22,87,10,4,248.75,995.00
4624,2025-06-22,87,479,3,301.68,905.04
4625,2025-08-21,656,408,3,242.36,727.08
4625,2025-08-21,656,245,3,258.08,774.24
4626,2025-08-17,280,279,4,204.8,819.2
4626,2025-08-17,280,419,1,54.3,54.3
4627,2025-12-03,220,267,4,281.05,1124.20
4627,2025-12-03,220,456,1,452.55,452.55
4628,2025-09-21,715,171,5,350.16,1750.80
4629,2025-09-04,194,452,2,46.98,93.96
4629,2025-09-04,194,146,2,92.21,184.42
4629,2025-09-04,194,276,2,258.44,516.88
4630,2024-12-29,982,315,2,398.86,797.72
4630,2024-12-29,982,19,3,144.77,434.31
4631,2025-09-27,339,160,3,241.99,725.97
4632,2025-07-04,197,95,5,394.98,1974.90
4632,2025-07-04,197,62,1,245.04,245.04
4632,2025-07-04,197,412,5,407.79,2038.95
4633,2025-07-07,300,248,4,45.08,180.32
4634,2025-08-23,506,285,5,447.68,2238.40
4634,2025-08-23,506,227,2,94.86,189.72
4634,2025-08-23,506,183,5,448.54,2242.70
4635,2025-04-05,255,480,5,172.26,861.30
4635,2025-04-05,255,32,2,342.29,684.58
4635,2025-04-05,255,462,1,412.76,412.76
4636,2025-04-11,52,248,5,45.08,225.40
4637,2025-02-17,529,92,2,468.03,936.06
4637,2025-02-17,529,488,1,209.37,209.37
4637,2025-02-17,529,189,5,147.88,739.40
4638,2025-06-12,322,252,1,257.9,257.9
4638,2025-06-12,322,247,4,154.79,619.16
4638,2025-06-12,322,351,5,87.53,437.65
4639,2025-09-02,461,435,2,122.68,245.36
4640,2025-12-21,166,274,4,56.74,226.96
4640,2025-12-21,166,176,3,288.86,866.58
4641,2025-07-17,181,240,5,102.23,511.15
4641,2025-07-17,181,262,2,92.87,185.74
4641,2025-07-17,181,84,5,404.22,2021.10
4642,2025-03-04,266,166,2,212.49,424.98
4642,2025-03-04,266,265,3,86.31,258.93
4643,2025-11-15,605,242,1,35.44,35.44
4643,2025-11-15,605,434,2,21.02,42.04
4643,2025-11-15,605,308,3,241.52,724.56
4644,2025-04-15,854,489,4,52.69,210.76
4644,2025-04-15,854,276,4,258.44,1033.76
4645,2025-08-28,229,171,3,350.16,1050.48
4645,2025-08-28,229,134,1,284.82,284.82
4646,2025-05-14,935,378,4,428.55,1714.20
4646,2025-05-14,935,193,5,250.13,1250.65
4646,2025-05-14,935,228,4,404.8,1619.2
4647,2025-06-15,273,177,1,184.9,184.9
4647,2025-06-15,273,231,2,241.46,482.92
4647,2025-06-15,273,386,1,214.75,214.75
4648,2025-01-13,283,459,3,223.31,669.93
4649,2025-11-22,367,486,2,176.54,353.08
4649,2025-11-22,367,65,2,430.11,860.22
4649,2025-11-22,367,86,1,444.15,444.15
4650,2025-09-11,297,340,5,46.68,233.40
4650,2025-09-11,297,203,5,98.55,492.75
4651,2025-02-26,614,40,5,296.1,1480.5
4651,2025-02-26,614,402,3,341.36,1024.08
4651,2025-02-26,614,114,3,136.66,409.98
4652,2025-11-07,660,300,4,119.77,479.08
4653,2025-10-20,418,8,1,316.53,316.53
4654,2025-10-18,305,51,5,108.84,544.20
4655,2024-12-30,256,339,2,247.5,495.0
4655,2024-12-30,256,357,1,147.52,147.52
4656,2025-03-16,438,252,5,257.9,1289.5
4657,2025-04-11,188,315,1,398.86,398.86
4658,2025-09-13,441,241,3,269.46,808.38
4659,2025-04-29,919,378,4,428.55,1714.20
4659,2025-04-29,919,410,5,400.18,2000.90
4659,2025-04-29,919,299,5,383.39,1916.95
4660,2025-04-10,108,260,5,39.69,198.45
4660,2025-04-10,108,448,3,149.05,447.15
4661,2025-08-23,857,84,4,404.22,1616.88
4661,2025-08-23,857,345,4,210.38,841.52
4661,2025-08-23,857,76,3,445.17,1335.51
4662,2025-12-22,114,480,3,172.26,516.78
4662,2025-12-22,114,103,4,239.95,959.80
4663,2025-07-15,185,133,5,261.96,1309.80
4663,2025-07-15,185,338,1,243.62,243.62
4664,2025-04-09,57,337,2,206.67,413.34
4664,2025-04-09,57,92,2,468.03,936.06
4665,2025-03-05,618,184,2,72.35,144.70
4665,2025-03-05,618,200,5,275.47,1377.35
4665,2025-03-05,618,343,5,240.99,1204.95
4666,2025-05-24,616,115,5,365.14,1825.70
4666,2025-05-24,616,117,5,142.82,714.10
4667,2025-06-11,726,346,2,30.32,60.64
4667,2025-06-11,726,325,1,281.87,281.87
4668,2025-10-21,112,468,1,253.58,253.58
4668,2025-10-21,112,439,4,18.16,72.64
4668,2025-10-21,112,486,5,176.54,882.70
4669,2025-10-12,172,284,1,165.79,165.79
4669,2025-10-12,172,134,3,284.82,854.46
4669,2025-10-12,172,268,1,164.18,164.18
4670,2025-06-29,880,235,1,72.25,72.25
4670,2025-06-29,880,50,2,166.56,333.12
4671,2025-01-31,678,181,5,284.33,1421.65
4671,2025-01-31,678,90,4,414.87,1659.48
4671,2025-01-31,678,43,1,278.89,278.89
4672,2025-04-16,968,337,3,206.67,620.01
4672,2025-04-16,968,180,1,179.99,179.99
4672,2025-04-16,968,31,1,485.56,485.56
4673,2024-12-30,110,302,5,462.51,2312.55
4673,2024-12-30,110,137,1,272.96,272.96
4673,2024-12-30,110,329,4,374.27,1497.08
4674,2025-04-06,356,438,4,161.16,644.64
4674,2025-04-06,356,456,4,452.55,1810.20
4675,2024-12-26,304,397,3,160.06,480.18
4676,2025-04-29,592,409,5,31.26,156.30
4677,2025-10-07,441,444,4,231.57,926.28
4677,2025-10-07,441,334,5,134.61,673.05
4677,2025-10-07,441,328,4,50.89,203.56
4678,2025-02-17,373,183,3,448.54,1345.62
4679,2025-01-20,668,329,3,374.27,1122.81
4680,2025-01-26,165,455,3,276.92,830.76
4680,2025-01-26,165,342,2,478.74,957.48
4681,2025-08-04,105,281,4,115.36,461.44
4681,2025-08-04,105,171,5,350.16,1750.80
4681,2025-08-04,105,214,4,298.33,1193.32
4682,2025-03-19,736,215,5,33.6,168.0
4683,2025-11-05,844,152,3,39.12,117.36
4684,2025-07-16,658,212,5,122.95,614.75
4685,2025-10-14,971,247,4,154.79,619.16
4686,2025-05-19,439,333,2,312.24,624.48
4687,2025-04-06,251,156,3,182.35,547.05
4687,2025-04-06,251,330,1,217.0,217.0
4688,2025-08-17,599,191,1,246.88,246.88
4688,2025-08-17,599,484,3,497.12,1491.36
4688,2025-08-17,599,341,3,51.61,154.83
4689,2025-04-25,685,130,4,252.98,1011.92
4690,2025-03-10,511,378,2,428.55,857.10
4691,2025-01-23,144,62,1,245.04,245.04
4692,2025-02-12,511,149,1,57.41,57.41
4692,2025-02-12,511,460,1,313.84,313.84
4693,2025-07-23,682,173,1,461.96,461.96
4694,2025-12-07,5,208,3,438.21,1314.63
4695,2025-03-14,147,186,2,436.63,873.26
4695,2025-03-14,147,415,4,477.17,1908.68
4696,2025-07-16,593,399,5,53.46,267.30
4696,2025-07-16,593,270,5,396.51,1982.55
4697,2025-08-05,849,434,1,21.02,21.02
4697,2025-08-05,849,252,2,257.9,515.8
4698,2025-05-28,35,4,3,472.3,1416.9
4698,2025-05-28,35,402,1,341.36,341.36
4698,2025-05-28,35,234,2,6.55,13.10
4699,2025-06-19,304,407,2,325.42,650.84
4699,2025-06-19,304,250,2,202.45,404.90
4700,2025-11-18,922,101,5,35.41,177.05
4700,2025-11-18,922,14,3,40.36,121.08
4701,2025-03-18,673,233,3,230.37,691.11
4701,2025-03-18,673,448,4,149.05,596.20
4701,2025-03-18,673,131,3,398.64,1195.92
4702,2025-03-29,938,115,4,365.14,1460.56
4702,2025-03-29,938,215,2,33.6,67.2
4703,2024-12-28,533,461,3,224.53,673.59
4704,2025-05-29,31,47,2,447.66,895.32
4704,2025-05-29,31,350,5,30.8,154.0
4704,2025-05-29,31,470,2,232.51,465.02
4705,2025-02-21,338,107,5,167.97,839.85
4705,2025-02-21,338,98,4,14.53,58.12
4705,2025-02-21,338,5,1,314.52,314.52
4706,2025-05-30,293,148,2,445.16,890.32
4707,2025-03-14,637,308,4,241.52,966.08
4707,2025-03-14,637,235,3,72.25,216.75
4708,2025-01-07,784,154,1,434.3,434.3
4708,2025-01-07,784,487,3,79.74,239.22
4708,2025-01-07,784,92,3,468.03,1404.09
4709,2025-11-26,343,62,3,245.04,735.12
4710,2025-08-05,439,485,2,492.14,984.28
4710,2025-08-05,439,486,3,176.54,529.62
4710,2025-08-05,439,356,2,8.39,16.78
4711,2025-02-01,761,183,2,448.54,897.08
4711,2025-02-01,761,433,2,389.95,779.90
4711,2025-02-01,761,379,2,183.38,366.76
4712,2025-07-16,244,393,3,263.08,789.24
4712,2025-07-16,244,322,2,417.63,835.26
4712,2025-07-16,244,311,1,289.44,289.44
4713,2025-02-04,891,164,1,310.9,310.9
4713,2025-02-04,891,339,3,247.5,742.5
4714,2025-10-25,568,125,4,265.17,1060.68
4714,2025-10-25,568,271,4,185.88,743.52
4715,2025-03-22,722,362,4,299.76,1199.04
4715,2025-03-22,722,397,1,160.06,160.06
4716,2025-09-28,232,352,5,164.03,820.15
4717,2025-07-07,721,398,1,71.83,71.83
4717,2025-07-07,721,442,1,155.41,155.41
4717,2025-07-07,721,139,1,339.12,339.12
4718,2025-11-02,776,44,1,439.63,439.63
4718,2025-11-02,776,285,4,447.68,1790.72
4719,2025-08-28,800,441,3,34.49,103.47
4719,2025-08-28,800,186,2,436.63,873.26
4720,2025-08-09,444,408,2,242.36,484.72
4721,2025-12-21,145,413,3,496.98,1490.94
4721,2025-12-21,145,10,5,248.75,1243.75
4722,2025-11-06,890,478,5,68.54,342.70
4722,2025-11-06,890,333,1,312.24,312.24
4722,2025-11-06,890,229,2,296.73,593.46
4723,2025-08-03,137,180,5,179.99,899.95
4724,2025-03-04,217,352,1,164.03,164.03
4725,2025-09-04,623,404,3,153.82,461.46
4726,2025-11-29,367,353,1,272.7,272.7
4727,2025-05-30,793,464,2,267.75,535.50
4727,2025-05-30,793,361,1,365.74,365.74
4728,2025-02-19,566,49,4,243.73,974.92
4728,2025-02-19,566,419,3,54.3,162.9
4729,2025-03-09,80,327,5,499.91,2499.55
4729,2025-03-09,80,193,5,250.13,1250.65
4730,2025-01-14,27,416,2,70.38,140.76
4730,2025-01-14,27,76,5,445.17,2225.85
4730,2025-01-14,27,460,3,313.84,941.52
4731,2025-10-30,172,110,1,443.77,443.77
4732,2025-07-09,213,402,4,341.36,1365.44
4732,2025-07-09,213,73,2,25.92,51.84
4733,2025-01-20,698,380,4,276.01,1104.04
4733,2025-01-20,698,168,5,347.07,1735.35
4734,2025-09-03,230,146,5,92.21,461.05
4734,2025-09-03,230,30,3,152.14,456.42
4734,2025-09-03,230,337,3,206.67,620.01
4735,2025-11-06,252,243,3,457.3,1371.9
4735,2025-11-06,252,109,4,97.7,390.8
4735,2025-11-06,252,160,1,241.99,241.99
4736,2025-02-15,413,240,1,102.23,102.23
4736,2025-02-15,413,175,2,471.13,942.26
4736,2025-02-15,413,458,2,257.33,514.66
4737,2025-03-09,793,465,5,313.64,1568.20
4737,2025-03-09,793,136,1,341.46,341.46
4738,2025-01-31,24,14,1,40.36,40.36
4738,2025-01-31,24,189,5,147.88,739.40
4738,2025-01-31,24,156,1,182.35,182.35
4739,2025-04-04,790,64,5,491.55,2457.75
4740,2025-01-13,777,497,5,482.27,2411.35
4740,2025-01-13,777,10,2,248.75,497.50
4741,2025-02-15,679,484,5,497.12,2485.60
4741,2025-02-15,679,66,1,211.47,211.47
4741,2025-02-15,679,101,5,35.41,177.05
4742,2025-12-24,681,402,1,341.36,341.36
4742,2025-12-24,681,7,1,359.69,359.69
4742,2025-12-24,681,459,1,223.31,223.31
4743,2025-04-16,502,391,3,325.16,975.48
4744,2025-01-19,573,157,3,33.43,100.29
4744,2025-01-19,573,220,1,26.81,26.81
4744,2025-01-19,573,368,1,83.83,83.83
4745,2025-02-14,797,169,2,460.43,920.86
4745,2025-02-14,797,376,2,167.79,335.58
4746,2025-04-05,832,85,2,321.65,643.30
4747,2025-06-25,144,46,5,392.38,1961.90
4747,2025-06-25,144,401,2,341.45,682.90
4748,2025-08-25,957,265,3,86.31,258.93
4748,2025-08-25,957,297,5,398.94,1994.70
4749,2025-01-31,447,472,3,46.16,138.48
4750,2025-03-22,520,142,2,240.49,480.98
4750,2025-03-22,520,274,4,56.74,226.96
4751,2025-03-11,395,56,4,278.79,1115.16
4752,2025-12-19,521,439,5,18.16,90.80
4753,2025-01-20,549,369,4,67.55,270.20
4754,2025-05-28,492,202,2,141.74,283.48
4755,2025-06-30,453,278,1,205.91,205.91
4756,2025-11-11,434,13,5,412.47,2062.35
4756,2025-11-11,434,343,2,240.99,481.98
4756,2025-11-11,434,117,3,142.82,428.46
4757,2025-07-27,558,143,1,472.35,472.35
4757,2025-07-27,558,173,4,461.96,1847.84
4757,2025-07-27,558,128,5,229.59,1147.95
4758,2025-10-15,458,80,4,293.7,1174.8
4759,2025-10-26,635,411,2,147.7,295.4
4759,2025-10-26,635,102,2,468.5,937.0
4760,2025-01-19,628,86,1,444.15,444.15
4760,2025-01-19,628,30,5,152.14,760.70
4760,2025-01-19,628,171,4,350.16,1400.64
4761,2025-07-17,563,125,2,265.17,530.34
4761,2025-07-17,563,232,5,59.52,297.60
4762,2025-03-13,122,310,4,151.31,605.24
4763,2025-02-14,736,326,4,211.81,847.24
4764,2025-11-02,748,486,2,176.54,353.08
4764,2025-11-02,748,208,4,438.21,1752.84
4764,2025-11-02,748,87,1,480.44,480.44
4765,2025-05-04,637,212,3,122.95,368.85
4766,2025-10-11,607,400,5,387.4,1937.0
4766,2025-10-11,607,1,1,80.6,80.6
4766,2025-10-11,607,490,4,476.01,1904.04
4767,2025-01-24,565,204,5,296.2,1481.0
4768,2025-10-04,138,457,1,320.53,320.53
4768,2025-10-04,138,102,2,468.5,937.0
4768,2025-10-04,138,351,3,87.53,262.59
4769,2025-09-05,457,140,2,187.49,374.98
4769,2025-09-05,457,296,4,215.06,860.24
4769,2025-09-05,457,84,4,404.22,1616.88
4770,2025-10-05,55,34,4,401.45,1605.80
4770,2025-10-05,55,483,5,192.76,963.80
4770,2025-10-05,55,191,3,246.88,740.64
4771,2025-12-09,398,129,5,119.27,596.35
4772,2025-11-08,378,78,3,376.98,1130.94
4772,2025-11-08,378,56,3,278.79,836.37
4772,2025-11-08,378,395,3,171.83,515.49
4773,2025-12-16,906,86,4,444.15,1776.60
4774,2025-10-09,187,445,3,485.73,1457.19
4774,2025-10-09,187,424,2,321.07,642.14
4774,2025-10-09,187,95,2,394.98,789.96
4775,2025-02-17,910,215,3,33.6,100.8
4775,2025-02-17,910,426,4,82.52,330.08
4775,2025-02-17,910,51,3,108.84,326.52
4776,2025-05-07,692,244,5,478.82,2394.10
4777,2025-08-03,203,77,4,270.23,1080.92
4777,2025-08-03,203,350,5,30.8,154.0
4778,2025-11-04,687,69,4,340.46,1361.84
4778,2025-11-04,687,179,3,153.54,460.62
4778,2025-11-04,687,332,3,258.46,775.38
4779,2025-08-24,918,79,2,139.58,279.16
4779,2025-08-24,918,388,4,317.72,1270.88
4779,2025-08-24,918,298,3,204.65,613.95
4780,2025-12-20,637,209,5,148.45,742.25
4781,2025-03-31,991,269,5,302.11,1510.55
4781,2025-03-31,991,67,1,301.26,301.26
4781,2025-03-31,991,209,2,148.45,296.90
4782,2025-09-23,459,403,2,215.58,431.16
4783,2025-06-24,924,55,5,471.21,2356.05
4783,2025-06-24,924,101,1,35.41,35.41
4783,2025-06-24,924,21,1,141.16,141.16
4784,2025-11-11,269,196,4,305.3,1221.2
4784,2025-11-11,269,276,3,258.44,775.32
4785,2025-08-14,23,299,2,383.39,766.78
4786,2025-06-19,256,195,1,494.68,494.68
4787,2025-10-14,921,10,5,248.75,1243.75
4787,2025-10-14,921,218,2,137.61,275.22
4788,2025-06-28,741,11,1,149.99,149.99
4788,2025-06-28,741,260,1,39.69,39.69
4789,2025-07-22,664,378,3,428.55,1285.65
4789,2025-07-22,664,50,2,166.56,333.12
4789,2025-07-22,664,391,3,325.16,975.48
4790,2025-01-24,125,67,1,301.26,301.26
4790,2025-01-24,125,488,5,209.37,1046.85
4791,2025-06-15,790,44,1,439.63,439.63
4791,2025-06-15,790,318,4,12.28,49.12
4792,2025-05-12,99,286,5,46.15,230.75
4793,2025-05-27,578,88,3,222.45,667.35
4793,2025-05-27,578,224,3,321.92,965.76
4793,2025-05-27,578,127,4,428.76,1715.04
4794,2025-12-05,305,432,5,117.54,587.70
4794,2025-12-05,305,279,1,204.8,204.8
4794,2025-12-05,305,415,2,477.17,954.34
4795,2025-03-23,533,225,4,460.72,1842.88
4795,2025-03-23,533,148,4,445.16,1780.64
4796,2025-09-01,285,407,5,325.42,1627.10
4796,2025-09-01,285,449,3,119.8,359.4
4797,2025-11-16,459,428,3,358.4,1075.2
4797,2025-11-16,459,251,3,152.34,457.02
4797,2025-11-16,459,99,4,342.87,1371.48
4798,2025-09-26,804,403,4,215.58,862.32
4798,2025-09-26,804,471,1,327.77,327.77
4799,2025-11-15,100,16,1,241.42,241.42
4799,2025-11-15,100,388,5,317.72,1588.60
4800,2025-09-20,171,198,2,373.73,747.46
4800,2025-09-20,171,196,2,305.3,610.6
4801,2025-11-03,698,282,3,332.62,997.86
4802,2025-04-18,427,26,3,376.51,1129.53
4803,2025-03-05,858,199,3,286.28,858.84
4803,2025-03-05,858,274,1,56.74,56.74
4803,2025-03-05,858,481,4,163.42,653.68
4804,2025-11-28,680,485,5,492.14,2460.70
4805,2025-02-07,491,169,2,460.43,920.86
4805,2025-02-07,491,89,4,349.52,1398.08
4806,2025-12-09,536,357,5,147.52,737.60
4807,2025-06-11,690,373,1,282.2,282.2
4808,2025-11-27,627,134,5,284.82,1424.10
4808,2025-11-27,627,478,4,68.54,274.16
4808,2025-11-27,627,267,5,281.05,1405.25
4809,2025-12-12,383,170,3,40.78,122.34
4809,2025-12-12,383,486,4,176.54,706.16
4810,2025-07-23,810,413,1,496.98,496.98
4810,2025-07-23,810,417,3,148.93,446.79
4810,2025-07-23,810,317,4,37.27,149.08
4811,2025-11-21,780,234,2,6.55,13.10
4811,2025-11-21,780,202,2,141.74,283.48
4812,2024-12-29,660,119,4,244.81,979.24
4812,2024-12-29,660,322,3,417.63,1252.89
4812,2024-12-29,660,301,1,274.15,274.15
4813,2025-11-10,277,417,3,148.93,446.79
4813,2025-11-10,277,242,2,35.44,70.88
4814,2025-09-22,20,118,5,116.6,583.0
4814,2025-09-22,20,374,5,335.47,1677.35
4815,2025-07-21,787,288,5,55.84,279.20
4816,2025-06-09,610,154,2,434.3,868.6
4817,2025-10-22,800,65,2,430.11,860.22
4817,2025-10-22,800,399,4,53.46,213.84
4818,2025-07-20,226,201,2,437.71,875.42
4818,2025-07-20,226,50,4,166.56,666.24
4818,2025-07-20,226,128,3,229.59,688.77
4819,2025-04-26,558,322,1,417.63,417.63
4820,2025-03-11,291,300,2,119.77,239.54
4820,2025-03-11,291,413,1,496.98,496.98
4821,2025-05-05,252,30,3,152.14,456.42
4822,2025-03-17,37,447,2,376.57,753.14
4822,2025-03-17,37,413,3,496.98,1490.94
4822,2025-03-17,37,267,3,281.05,843.15
4823,2025-06-13,986,316,4,285.22,1140.88
4823,2025-06-13,986,429,2,309.42,618.84
4823,2025-06-13,986,492,2,449.67,899.34
4824,2025-05-26,632,93,3,101.41,304.23
4825,2025-10-16,86,5,4,314.52,1258.08
4826,2025-07-23,529,175,2,471.13,942.26
4827,2025-05-22,460,15,2,182.7,365.4
4827,2025-05-22,460,145,2,20.33,40.66
4827,2025-05-22,460,135,5,220.51,1102.55
4828,2025-12-14,576,72,1,409.92,409.92
4829,2025-03-09,751,232,1,59.52,59.52
4830,2025-10-21,486,379,3,183.38,550.14
4831,2024-12-29,183,444,3,231.57,694.71
4831,2024-12-29,183,206,5,270.77,1353.85
4831,2024-12-29,183,474,1,33.57,33.57
4832,2025-07-28,398,265,2,86.31,172.62
4832,2025-07-28,398,119,2,244.81,489.62
4833,2025-05-26,368,145,5,20.33,101.65
4834,2025-05-29,240,316,2,285.22,570.44
4834,2025-05-29,240,147,2,55.32,110.64
4834,2025-05-29,240,146,1,92.21,92.21
4835,2025-05-20,586,172,1,250.68,250.68
4835,2025-05-20,586,5,3,314.52,943.56
4835,2025-05-20,586,70,2,24.04,48.08
4836,2025-12-14,416,330,1,217.0,217.0
4836,2025-12-14,416,121,1,492.6,492.6
4837,2025-02-15,516,455,3,276.92,830.76
4838,2025-03-31,885,115,5,365.14,1825.70
4839,2025-03-29,47,497,1,482.27,482.27
4839,2025-03-29,47,121,1,492.6,492.6
4839,2025-03-29,47,227,2,94.86,189.72
4840,2025-09-20,744,113,5,304.92,1524.60
4840,2025-09-20,744,293,3,131.93,395.79
4840,2025-09-20,744,240,4,102.23,408.92
4841,2025-02-16,521,471,5,327.77,1638.85
4842,2025-08-29,462,255,1,214.59,214.59
4843,2025-10-11,933,294,4,41.14,164.56
4844,2025-10-06,760,184,2,72.35,144.70
4844,2025-10-06,760,228,2,404.8,809.6
4844,2025-10-06,760,54,5,221.51,1107.55
4845,2025-07-29,121,26,3,376.51,1129.53
4846,2025-06-10,521,338,3,243.62,730.86
4846,2025-06-10,521,385,2,391.11,782.22
4847,2025-10-28,300,96,2,5.28,10.56
4847,2025-10-28,300,35,4,246.38,985.52
4847,2025-10-28,300,251,1,152.34,152.34
4848,2024-12-27,348,434,4,21.02,84.08
4849,2025-06-28,560,26,1,376.51,376.51
4850,2025-05-11,710,218,2,137.61,275.22
4850,2025-05-11,710,475,3,118.44,355.32
4850,2025-05-11,710,143,3,472.35,1417.05
4851,2024-12-29,421,229,1,296.73,296.73
4851,2024-12-29,421,20,3,478.78,1436.34
4852,2025-09-12,616,411,3,147.7,443.1
4853,2025-05-12,858,250,5,202.45,1012.25
4854,2024-12-29,408,202,3,141.74,425.22
4854,2024-12-29,408,101,2,35.41,70.82
4855,2025-10-10,268,88,2,222.45,444.90
4855,2025-10-10,268,455,3,276.92,830.76
4855,2025-10-10,268,296,5,215.06,1075.30
4856,2025-10-08,664,496,5,159.99,799.95
4857,2025-11-01,717,204,2,296.2,592.4
4858,2025-04-13,816,204,2,296.2,592.4
4858,2025-04-13,816,380,5,276.01,1380.05
4858,2025-04-13,816,34,4,401.45,1605.80
4859,2025-01-21,837,376,2,167.79,335.58
4859,2025-01-21,837,327,5,499.91,2499.55
4860,2025-11-03,480,94,5,295.93,1479.65
4861,2025-10-02,200,158,2,373.08,746.16
4861,2025-10-02,200,479,4,301.68,1206.72
4862,2025-11-18,306,291,2,346.84,693.68
4863,2025-05-20,236,402,4,341.36,1365.44
4864,2025-10-18,964,449,2,119.8,239.6
4864,2025-10-18,964,71,5,268.41,1342.05
4865,2025-10-01,314,189,5,147.88,739.40
4865,2025-10-01,314,375,3,445.17,1335.51
4866,2025-11-20,661,274,3,56.74,170.22
4866,2025-11-20,661,161,5,318.86,1594.30
4866,2025-11-20,661,248,3,45.08,135.24
4867,2025-12-03,676,487,2,79.74,159.48
4867,2025-12-03,676,78,3,376.98,1130.94
4867,2025-12-03,676,69,1,340.46,340.46
4868,2025-11-18,458,153,1,210.94,210.94
4868,2025-11-18,458,226,2,285.54,571.08
4868,2025-11-18,458,456,1,452.55,452.55
4869,2025-12-10,536,270,5,396.51,1982.55
4870,2024-12-28,827,392,2,141.55,283.10
4871,2025-01-22,908,3,5,498.69,2493.45
4871,2025-01-22,908,174,4,314.06,1256.24
4872,2025-03-13,781,128,3,229.59,688.77
4872,2025-03-13,781,110,2,443.77,887.54
4873,2025-04-18,221,377,5,401.94,2009.70
4873,2025-04-18,221,225,4,460.72,1842.88
4873,2025-04-18,221,237,3,242.96,728.88
4874,2025-07-11,703,318,3,12.28,36.84
4874,2025-07-11,703,495,3,295.22,885.66
4875,2025-02-21,44,392,1,141.55,141.55
4875,2025-02-21,44,367,2,394.98,789.96
4875,2025-02-21,44,20,1,478.78,478.78
4876,2025-07-31,53,391,4,325.16,1300.64
4876,2025-07-31,53,227,2,94.86,189.72
4876,2025-07-31,53,341,3,51.61,154.83
4877,2025-01-27,744,226,3,285.54,856.62
4878,2025-10-20,265,23,3,412.11,1236.33
4878,2025-10-20,265,367,2,394.98,789.96
4879,2025-08-17,33,309,5,50.9,254.5
4879,2025-08-17,33,165,1,78.9,78.9
4880,2025-06-10,870,452,4,46.98,187.92
4881,2025-08-13,791,341,3,51.61,154.83
4881,2025-08-13,791,376,4,167.79,671.16
4882,2025-04-16,697,364,4,84.82,339.28
4883,2025-08-10,258,47,2,447.66,895.32
4884,2025-03-04,642,5,3,314.52,943.56
4884,2025-03-04,642,187,5,319.82,1599.10
4885,2025-10-15,387,279,3,204.8,614.4
4885,2025-10-15,387,56,2,278.79,557.58
4886,2025-10-17,827,275,2,25.24,50.48
4886,2025-10-17,827,487,4,79.74,318.96
4887,2025-03-08,145,461,1,224.53,224.53
4887,2025-03-08,145,178,3,65.82,197.46
4887,2025-03-08,145,177,4,184.9,739.6
4888,2025-03-10,705,175,3,471.13,1413.39
4888,2025-03-10,705,61,5,351.5,1757.5
4888,2025-03-10,705,283,3,384.65,1153.95
4889,2025-11-20,478,418,5,35.93,179.65
4889,2025-11-20,478,150,5,72.4,362.0
4889,2025-11-20,478,61,1,351.5,351.5
4890,2025-03-01,851,158,3,373.08,1119.24
4891,2025-01-07,272,258,2,77.66,155.32
4892,2025-01-19,960,23,3,412.11,1236.33
4892,2025-01-19,960,304,4,276.08,1104.32
4892,2025-01-19,960,45,3,250.68,752.04
4893,2025-02-13,576,245,3,258.08,774.24
4893,2025-02-13,576,217,1,110.51,110.51
4894,2025-07-08,690,389,5,74.31,371.55
4894,2025-07-08,690,412,5,407.79,2038.95
4895,2025-03-14,784,323,4,299.85,1199.40
4896,2025-03-20,516,183,1,448.54,448.54
4896,2025-03-20,516,474,2,33.57,67.14
4897,2025-11-07,848,460,2,313.84,627.68
4898,2024-12-31,602,321,5,75.56,377.80
4899,2025-08-16,255,245,1,258.08,258.08
4899,2025-08-16,255,413,5,496.98,2484.90
4899,2025-08-16,255,141,1,448.09,448.09
4900,2025-08-10,536,241,3,269.46,808.38
4900,2025-08-10,536,183,2,448.54,897.08
4900,2025-08-10,536,365,1,459.25,459.25
4901,2025-07-09,81,186,5,436.63,2183.15
4901,2025-07-09,81,282,3,332.62,997.86
4901,2025-07-09,81,40,2,296.1,592.2
4902,2025-05-06,854,55,3,471.21,1413.63
4903,2025-07-25,995,41,3,114.35,343.05
4903,2025-07-25,995,171,2,350.16,700.32
4903,2025-07-25,995,146,1,92.21,92.21
4904,2025-01-04,662,396,4,56.06,224.24
4904,2025-01-04,662,64,3,491.55,1474.65
4905,2025-08-21,860,305,1,70.29,70.29
4905,2025-08-21,860,116,1,496.51,496.51
4905,2025-08-21,860,308,2,241.52,483.04
4906,2025-08-24,493,84,3,404.22,1212.66
4907,2025-02-14,98,186,1,436.63,436.63
4908,2025-10-09,196,371,3,51.41,154.23
4908,2025-10-09,196,415,5,477.17,2385.85
4909,2025-12-19,363,45,3,250.68,752.04
4909,2025-12-19,363,358,3,329.56,988.68
4909,2025-12-19,363,436,1,472.16,472.16
4910,2025-02-11,779,299,3,383.39,1150.17
4911,2025-11-07,375,315,4,398.86,1595.44
4911,2025-11-07,375,240,2,102.23,204.46
4912,2025-03-07,110,338,2,243.62,487.24
4913,2025-10-30,653,213,5,312.66,1563.30
4913,2025-10-30,653,445,4,485.73,1942.92
4913,2025-10-30,653,176,3,288.86,866.58
4914,2025-12-04,630,197,1,195.32,195.32
4914,2025-12-04,630,326,1,211.81,211.81
4914,2025-12-04,630,132,4,305.92,1223.68
4915,2025-07-04,917,197,4,195.32,781.28
4915,2025-07-04,917,475,3,118.44,355.32
4915,2025-07-04,917,42,3,39.02,117.06
4916,2025-06-20,195,461,5,224.53,1122.65
4917,2025-04-07,767,179,2,153.54,307.08
4917,2025-04-07,767,11,3,149.99,449.97
4917,2025-04-07,767,211,5,180.66,903.30
4918,2025-10-02,24,262,2,92.87,185.74
4918,2025-10-02,24,172,1,250.68,250.68
4919,2025-12-14,979,32,4,342.29,1369.16
4920,2025-05-07,843,212,1,122.95,122.95
4921,2025-12-08,949,446,1,60.56,60.56
4921,2025-12-08,949,318,5,12.28,61.40
4921,2025-12-08,949,36,3,12.2,36.6
4922,2025-01-26,8,383,5,259.72,1298.60
4922,2025-01-26,8,44,1,439.63,439.63
4923,2025-08-06,654,95,1,394.98,394.98
4923,2025-08-06,654,373,2,282.2,564.4
4923,2025-08-06,654,96,1,5.28,5.28
4924,2025-08-29,412,280,5,13.76,68.80
4925,2025-02-08,949,95,2,394.98,789.96
4926,2025-07-08,514,262,3,92.87,278.61
4927,2025-03-06,396,423,5,410.7,2053.5
4927,2025-03-06,396,33,3,194.9,584.7
4928,2025-01-24,779,215,2,33.6,67.2
4928,2025-01-24,779,389,1,74.31,74.31
4928,2025-01-24,779,284,1,165.79,165.79
4929,2025-08-31,11,38,1,447.83,447.83
4929,2025-08-31,11,359,3,275.01,825.03
4930,2025-02-08,525,312,3,333.94,1001.82
4930,2025-02-08,525,352,4,164.03,656.12
4930,2025-02-08,525,336,1,381.71,381.71
4931,2025-09-22,268,79,5,139.58,697.90
4932,2025-04-04,316,408,3,242.36,727.08
4932,2025-04-04,316,292,5,242.18,1210.90
4933,2025-03-01,625,8,2,316.53,633.06
4934,2025-11-29,686,277,1,328.27,328.27
4934,2025-11-29,686,297,2,398.94,797.88
4935,2025-03-04,303,177,4,184.9,739.6
4936,2025-03-06,176,500,1,455.95,455.95
4937,2025-06-03,862,71,1,268.41,268.41
4938,2025-02-27,44,40,3,296.1,888.3
4938,2025-02-27,44,139,2,339.12,678.24
4938,2025-02-27,44,218,1,137.61,137.61
4939,2025-12-18,921,428,4,358.4,1433.6
4939,2025-12-18,921,438,3,161.16,483.48
4940,2025-03-03,99,365,1,459.25,459.25
4940,2025-03-03,99,353,4,272.7,1090.8
4940,2025-03-03,99,385,1,391.11,391.11
4941,2025-01-28,477,295,5,130.26,651.30
4941,2025-01-28,477,258,2,77.66,155.32
4941,2025-01-28,477,229,1,296.73,296.73
4942,2025-11-04,309,184,5,72.35,361.75
4943,2025-01-12,747,185,2,335.4,670.8
4943,2025-01-12,747,466,1,477.28,477.28
4944,2025-09-07,280,133,1,261.96,261.96
4945,2025-11-19,867,249,4,492.22,1968.88
4945,2025-11-19,867,191,4,246.88,987.52
4946,2025-08-15,531,429,3,309.42,928.26
4946,2025-08-15,531,434,2,21.02,42.04
4947,2025-05-17,458,239,4,469.38,1877.52
4948,2025-07-13,363,49,1,243.73,243.73
4948,2025-07-13,363,208,5,438.21,2191.05
4949,2025-08-11,691,274,5,56.74,283.70
4949,2025-08-11,691,366,2,223.44,446.88
4950,2025-04-18,831,306,2,390.91,781.82
4951,2025-08-17,650,257,3,265.71,797.13
4951,2025-08-17,650,372,1,20.55,20.55
4952,2025-03-03,115,147,5,55.32,276.60
4952,2025-03-03,115,455,4,276.92,1107.68
4952,2025-03-03,115,304,4,276.08,1104.32
4953,2025-04-08,841,260,4,39.69,158.76
4954,2025-04-24,860,481,3,163.42,490.26
4954,2025-04-24,860,366,4,223.44,893.76
4954,2025-04-24,860,203,4,98.55,394.20
4955,2025-07-10,548,15,2,182.7,365.4
4955,2025-07-10,548,328,4,50.89,203.56
4956,2025-01-30,836,6,5,388.76,1943.80
4956,2025-01-30,836,118,3,116.6,349.8
4956,2025-01-30,836,284,1,165.79,165.79
4957,2025-12-17,361,457,3,320.53,961.59
4958,2025-01-27,765,452,5,46.98,234.90
4958,2025-01-27,765,432,5,117.54,587.70
4958,2025-01-27,765,274,3,56.74,170.22
4959,2025-03-21,613,157,4,33.43,133.72
4960,2025-03-29,908,101,5,35.41,177.05
4961,2025-07-13,512,150,1,72.4,72.4
4961,2025-07-13,512,233,3,230.37,691.11
4962,2025-03-14,345,328,1,50.89,50.89
4962,2025-03-14,345,215,3,33.6,100.8
4963,2025-08-03,327,226,3,285.54,856.62
4964,2025-01-23,139,80,1,293.7,293.7
4964,2025-01-23,139,409,4,31.26,125.04
4964,2025-01-23,139,77,2,270.23,540.46
4965,2025-02-17,501,84,2,404.22,808.44
4965,2025-02-17,501,170,1,40.78,40.78
4965,2025-02-17,501,285,5,447.68,2238.40
4966,2025-03-28,587,224,3,321.92,965.76
4967,2025-01-26,720,217,3,110.51,331.53
4967,2025-01-26,720,481,4,163.42,653.68
4968,2025-09-08,69,176,2,288.86,577.72
4968,2025-09-08,69,157,4,33.43,133.72
4968,2025-09-08,69,199,4,286.28,1145.12
4969,2025-10-23,420,296,1,215.06,215.06
4970,2025-08-20,45,16,2,241.42,482.84
4970,2025-08-20,45,190,2,72.61,145.22
4970,2025-08-20,45,366,5,223.44,1117.20
4971,2025-07-23,628,170,5,40.78,203.90
4971,2025-07-23,628,243,2,457.3,914.6
4971,2025-07-23,628,258,4,77.66,310.64
4972,2025-07-12,88,72,1,409.92,409.92
4973,2025-02-03,941,473,1,341.31,341.31
4974,2025-07-05,221,294,5,41.14,205.70
4974,2025-07-05,221,296,1,215.06,215.06
4974,2025-07-05,221,141,4,448.09,1792.36
4975,2025-09-19,485,247,5,154.79,773.95
4976,2025-04-04,203,206,4,270.77,1083.08
4976,2025-04-04,203,270,5,396.51,1982.55
4977,2025-02-14,767,380,1,276.01,276.01
4978,2025-08-07,195,39,1,154.19,154.19
4978,2025-08-07,195,43,4,278.89,1115.56
4979,2024-12-29,604,470,2,232.51,465.02
4980,2025-10-14,629,297,1,398.94,398.94
4980,2025-10-14,629,152,4,39.12,156.48
4980,2025-10-14,629,254,5,463.64,2318.20
4981,2025-06-15,444,151,3,496.87,1490.61
4982,2025-06-30,68,381,5,313.66,1568.30
4982,2025-06-30,68,446,4,60.56,242.24
4982,2025-06-30,68,5,3,314.52,943.56
4983,2025-05-01,843,443,4,255.06,1020.24
4983,2025-05-01,843,154,1,434.3,434.3
4984,2025-05-05,808,24,2,330.39,660.78
4984,2025-05-05,808,148,4,445.16,1780.64
4985,2025-07-24,320,409,1,31.26,31.26
4985,2025-07-24,320,380,5,276.01,1380.05
4986,2025-09-24,389,138,1,444.05,444.05
4986,2025-09-24,389,364,3,84.82,254.46
4986,2025-09-24,389,407,1,325.42,325.42
4987,2025-06-24,449,166,1,212.49,212.49
4988,2025-06-07,129,116,5,496.51,2482.55
4989,2025-09-07,220,380,4,276.01,1104.04
4990,2025-07-19,777,387,4,280.52,1122.08
4990,2025-07-19,777,363,4,154.83,619.32
4991,2025-10-24,862,455,1,276.92,276.92
4991,2025-10-24,862,353,1,272.7,272.7
4992,2025-03-26,513,301,1,274.15,274.15
4992,2025-03-26,513,78,5,376.98,1884.90
4993,2025-09-12,152,371,1,51.41,51.41
4994,2025-09-14,994,383,2,259.72,519.44
4994,2025-09-14,994,299,5,383.39,1916.95
4995,2025-08-28,232,10,3,248.75,746.25
4996,2025-04-17,166,301,4,274.15,1096.60
4996,2025-04-17,166,446,4,60.56,242.24
4997,2025-01-05,138,62,3,245.04,735.12
4998,2025-06-19,831,217,4,110.51,442.04
4998,2025-06-19,831,184,1,72.35,72.35
4999,2025-02-24,548,257,2,265.71,531.42
5000,2025-05-03,752,149,5,57.41,287.05
5000,2025-05-03,752,148,2,445.16,890.32
5000,2025-05-03,752,448,1,149.05,149.05
5001,2025-03-22,948,15,2,182.7,365.4
5001,2025-03-22,948,35,5,246.38,1231.90
5001,2025-03-22,948,291,3,346.84,1040.52
5002,2025-06-18,921,389,5,74.31,371.55
5003,2025-05-23,255,17,5,221.62,1108.10
5003,2025-05-23,255,204,5,296.2,1481.0
5003,2025-05-23,255,143,1,472.35,472.35
5004,2025-12-16,561,300,1,119.77,119.77
5005,2025-06-20,77,97,4,113.42,453.68
5006,2025-03-21,2,110,3,443.77,1331.31
5007,2025-11-11,753,339,3,247.5,742.5
5007,2025-11-11,753,16,4,241.42,965.68
5008,2025-05-05,623,117,3,142.82,428.46
5008,2025-05-05,623,492,2,449.67,899.34
5009,2025-04-12,403,195,5,494.68,2473.40
5009,2025-04-12,403,125,5,265.17,1325.85
5010,2025-01-07,284,88,4,222.45,889.80
5010,2025-01-07,284,10,2,248.75,497.50
5011,2025-09-07,441,381,1,313.66,313.66
5011,2025-09-07,441,402,1,341.36,341.36
5011,2025-09-07,441,315,2,398.86,797.72
5012,2025-07-06,951,62,3,245.04,735.12
5013,2025-08-30,621,18,2,298.7,597.4
5013,2025-08-30,621,140,3,187.49,562.47
5013,2025-08-30,621,126,5,41.18,205.90
5014,2025-08-24,252,2,3,287.98,863.94
5015,2025-06-10,352,382,4,240.39,961.56
5016,2025-02-25,995,130,4,252.98,1011.92
5016,2025-02-25,995,332,5,258.46,1292.30
5017,2025-05-02,167,423,5,410.7,2053.5
5018,2025-06-29,87,435,1,122.68,122.68
5018,2025-06-29,87,393,4,263.08,1052.32
5018,2025-06-29,87,419,2,54.3,108.6
5019,2025-11-24,426,292,4,242.18,968.72
5019,2025-11-24,426,396,1,56.06,56.06
5019,2025-11-24,426,90,3,414.87,1244.61
5020,2025-09-05,809,466,3,477.28,1431.84
5021,2025-08-05,687,149,1,57.41,57.41
5021,2025-08-05,687,269,2,302.11,604.22
5022,2025-08-21,346,194,1,447.89,447.89
5023,2025-10-25,997,72,4,409.92,1639.68
5023,2025-10-25,997,343,2,240.99,481.98
5024,2024-12-28,458,391,1,325.16,325.16
5024,2024-12-28,458,490,2,476.01,952.02
5024,2024-12-28,458,143,4,472.35,1889.40
5025,2025-05-02,900,116,4,496.51,1986.04
5026,2025-10-03,862,239,4,469.38,1877.52
5027,2025-08-01,121,62,1,245.04,245.04
5028,2025-09-09,735,191,1,246.88,246.88
5029,2025-12-19,749,306,2,390.91,781.82
5029,2025-12-19,749,277,2,328.27,656.54
5030,2025-10-28,98,243,4,457.3,1829.2
5031,2025-05-04,857,61,1,351.5,351.5
5031,2025-05-04,857,414,3,307.45,922.35
5032,2025-07-02,780,141,1,448.09,448.09
5032,2025-07-02,780,444,5,231.57,1157.85
5032,2025-07-02,780,56,3,278.79,836.37
5033,2025-04-12,426,25,5,250.93,1254.65
5033,2025-04-12,426,366,1,223.44,223.44
5033,2025-04-12,426,156,3,182.35,547.05
5034,2025-05-27,749,79,5,139.58,697.90
5035,2025-11-03,255,347,1,138.42,138.42
5035,2025-11-03,255,122,1,459.94,459.94
5035,2025-11-03,255,5,1,314.52,314.52
5036,2025-01-21,8,456,4,452.55,1810.20
5036,2025-01-21,8,86,1,444.15,444.15
5037,2025-08-22,685,389,2,74.31,148.62
5037,2025-08-22,685,470,3,232.51,697.53
5037,2025-08-22,685,171,2,350.16,700.32
5038,2025-07-25,821,98,2,14.53,29.06
5039,2025-01-12,163,166,1,212.49,212.49
5039,2025-01-12,163,435,5,122.68,613.40
5039,2025-01-12,163,161,5,318.86,1594.30
5040,2025-04-23,825,397,1,160.06,160.06
5041,2025-04-21,468,315,3,398.86,1196.58
5041,2025-04-21,468,496,1,159.99,159.99
5041,2025-04-21,468,40,2,296.1,592.2
5042,2025-03-19,77,148,4,445.16,1780.64
5043,2025-03-03,563,335,3,42.9,128.7
5043,2025-03-03,563,436,4,472.16,1888.64
5043,2025-03-03,563,321,3,75.56,226.68
5044,2025-06-22,161,290,3,450.86,1352.58
5044,2025-06-22,161,322,5,417.63,2088.15
5044,2025-06-22,161,148,4,445.16,1780.64
5045,2025-09-27,599,427,2,410.44,820.88
5045,2025-09-27,599,104,1,157.58,157.58
5046,2025-07-16,567,283,5,384.65,1923.25
5046,2025-07-16,567,317,1,37.27,37.27
5046,2025-07-16,567,452,5,46.98,234.90
5047,2025-12-05,205,56,5,278.79,1393.95
5047,2025-12-05,205,196,3,305.3,915.9
5048,2025-10-05,484,203,1,98.55,98.55
5048,2025-10-05,484,164,2,310.9,621.8
5048,2025-10-05,484,1,5,80.6,403.0
5049,2025-12-15,841,250,3,202.45,607.35
5050,2025-04-25,211,50,1,166.56,166.56
5051,2025-09-10,786,77,5,270.23,1351.15
5051,2025-09-10,786,142,4,240.49,961.96
5051,2025-09-10,786,51,3,108.84,326.52
5052,2025-06-06,803,136,5,341.46,1707.30
5053,2025-03-16,785,131,5,398.64,1993.20
5054,2025-03-19,202,145,5,20.33,101.65
5055,2025-06-18,950,346,2,30.32,60.64
5056,2025-10-04,545,431,2,141.89,283.78
5057,2025-09-20,725,48,2,228.85,457.70
5057,2025-09-20,725,413,5,496.98,2484.90
5057,2025-09-20,725,448,2,149.05,298.10
5058,2025-09-14,533,18,3,298.7,896.1
5059,2025-06-07,726,280,2,13.76,27.52
5059,2025-06-07,726,134,4,284.82,1139.28
5059,2025-06-07,726,277,4,328.27,1313.08
5060,2025-08-27,171,341,5,51.61,258.05
5061,2025-02-01,209,345,4,210.38,841.52
5061,2025-02-01,209,260,2,39.69,79.38
5062,2025-08-11,934,129,5,119.27,596.35
5062,2025-08-11,934,210,4,318.91,1275.64
5063,2025-01-13,492,44,4,439.63,1758.52
5064,2025-08-31,665,193,3,250.13,750.39
5064,2025-08-31,665,365,3,459.25,1377.75
5064,2025-08-31,665,399,5,53.46,267.30
5065,2025-05-20,28,234,2,6.55,13.10
5066,2025-07-21,354,224,3,321.92,965.76
5066,2025-07-21,354,209,2,148.45,296.90
5066,2025-07-21,354,169,2,460.43,920.86
5067,2025-08-31,450,455,2,276.92,553.84
5067,2025-08-31,450,423,1,410.7,410.7
5067,2025-08-31,450,445,1,485.73,485.73
5068,2025-05-12,159,282,4,332.62,1330.48
5068,2025-05-12,159,291,3,346.84,1040.52
5068,2025-05-12,159,191,3,246.88,740.64
5069,2025-04-28,73,173,5,461.96,2309.80
5070,2025-03-08,124,317,1,37.27,37.27
5070,2025-03-08,124,472,3,46.16,138.48
5070,2025-03-08,124,231,5,241.46,1207.30
5071,2025-09-23,647,346,1,30.32,30.32
5071,2025-09-23,647,67,4,301.26,1205.04
5071,2025-09-23,647,478,3,68.54,205.62
5072,2025-08-03,240,500,5,455.95,2279.75
5072,2025-08-03,240,41,1,114.35,114.35
5072,2025-08-03,240,118,4,116.6,466.4
5073,2025-02-21,947,15,2,182.7,365.4
5073,2025-02-21,947,197,3,195.32,585.96
5073,2025-02-21,947,178,5,65.82,329.10
5074,2025-12-17,157,317,3,37.27,111.81
5074,2025-12-17,157,376,4,167.79,671.16
5075,2025-09-06,190,242,5,35.44,177.20
5075,2025-09-06,190,81,2,433.63,867.26
5075,2025-09-06,190,200,4,275.47,1101.88
5076,2025-11-05,168,367,1,394.98,394.98
5076,2025-11-05,168,204,1,296.2,296.2
5076,2025-11-05,168,60,2,334.6,669.2
5077,2025-03-13,730,88,3,222.45,667.35
5077,2025-03-13,730,65,2,430.11,860.22
5078,2024-12-26,853,149,1,57.41,57.41
5078,2024-12-26,853,161,1,318.86,318.86
5079,2025-08-17,733,324,3,113.76,341.28
5079,2025-08-17,733,271,4,185.88,743.52
5079,2025-08-17,733,306,4,390.91,1563.64
5080,2025-10-19,153,148,1,445.16,445.16
5080,2025-10-19,153,462,5,412.76,2063.80
5080,2025-10-19,153,388,5,317.72,1588.60
5081,2025-06-19,238,473,3,341.31,1023.93
5082,2025-02-25,200,427,5,410.44,2052.20
5082,2025-02-25,200,350,5,30.8,154.0
5083,2025-03-04,648,357,4,147.52,590.08
5084,2025-07-23,928,340,2,46.68,93.36
5085,2025-01-05,921,368,3,83.83,251.49
5086,2025-03-27,223,67,4,301.26,1205.04
5086,2025-03-27,223,102,4,468.5,1874.0
5086,2025-03-27,223,116,1,496.51,496.51
5087,2025-03-28,150,18,3,298.7,896.1
5087,2025-03-28,150,357,5,147.52,737.60
5087,2025-03-28,150,226,2,285.54,571.08
5088,2025-12-14,580,370,5,285.74,1428.70
5089,2025-04-01,935,38,5,447.83,2239.15
5089,2025-04-01,935,307,2,228.49,456.98
5089,2025-04-01,935,437,4,297.45,1189.80
5090,2025-01-21,340,71,5,268.41,1342.05
5090,2025-01-21,340,139,1,339.12,339.12
5091,2025-11-21,951,222,3,80.58,241.74
5091,2025-11-21,951,436,3,472.16,1416.48
5092,2025-08-19,931,287,3,291.36,874.08
5092,2025-08-19,931,214,3,298.33,894.99
5093,2025-03-09,782,415,1,477.17,477.17
5093,2025-03-09,782,302,2,462.51,925.02
5093,2025-03-09,782,424,2,321.07,642.14
5094,2025-06-27,560,40,2,296.1,592.2
5095,2025-11-24,612,477,5,442.21,2211.05
5095,2025-11-24,612,333,1,312.24,312.24
5095,2025-11-24,612,486,5,176.54,882.70
5096,2025-08-15,856,77,1,270.23,270.23
5096,2025-08-15,856,298,2,204.65,409.30
5096,2025-08-15,856,156,1,182.35,182.35
5097,2025-09-16,550,260,1,39.69,39.69
5097,2025-09-16,550,395,1,171.83,171.83
5097,2025-09-16,550,213,4,312.66,1250.64
5098,2025-11-10,687,126,2,41.18,82.36
5098,2025-11-10,687,161,4,318.86,1275.44
5098,2025-11-10,687,152,3,39.12,117.36
5099,2025-03-15,670,95,1,394.98,394.98
5099,2025-03-15,670,210,2,318.91,637.82
5100,2025-02-03,546,203,1,98.55,98.55
5101,2025-01-22,395,57,4,103.12,412.48
5102,2025-01-30,698,296,2,215.06,430.12
5103,2025-11-30,160,246,1,426.74,426.74
5103,2025-11-30,160,436,5,472.16,2360.80
5103,2025-11-30,160,138,3,444.05,1332.15
5104,2024-12-28,861,63,2,364.98,729.96
5104,2024-12-28,861,497,3,482.27,1446.81
5104,2024-12-28,861,123,1,165.07,165.07
5105,2024-12-29,847,500,3,455.95,1367.85
5106,2025-02-14,182,185,1,335.4,335.4
5106,2025-02-14,182,337,4,206.67,826.68
5106,2025-02-14,182,477,4,442.21,1768.84
5107,2025-04-11,668,61,2,351.5,703.0
5108,2025-06-13,594,62,3,245.04,735.12
5108,2025-06-13,594,499,3,230.52,691.56
5108,2025-06-13,594,167,5,224.17,1120.85
5109,2025-07-28,766,270,5,396.51,1982.55
5109,2025-07-28,766,158,1,373.08,373.08
5110,2025-09-05,36,475,3,118.44,355.32
5110,2025-09-05,36,381,1,313.66,313.66
5110,2025-09-05,36,391,2,325.16,650.32
5111,2025-12-10,971,342,3,478.74,1436.22
5111,2025-12-10,971,361,1,365.74,365.74
5112,2025-12-25,943,448,4,149.05,596.20
5112,2025-12-25,943,392,2,141.55,283.10
5113,2025-07-02,143,237,3,242.96,728.88
5113,2025-07-02,143,374,1,335.47,335.47
5113,2025-07-02,143,193,3,250.13,750.39
5114,2025-11-03,911,355,1,208.41,208.41
5114,2025-11-03,911,487,3,79.74,239.22
5115,2025-01-02,744,489,3,52.69,158.07
5116,2025-01-26,159,447,1,376.57,376.57
5117,2025-01-13,96,263,1,157.37,157.37
5118,2025-12-15,205,391,2,325.16,650.32
5118,2025-12-15,205,38,5,447.83,2239.15
5118,2025-12-15,205,261,4,184.06,736.24
5119,2025-07-11,80,110,3,443.77,1331.31
5120,2025-05-28,13,55,1,471.21,471.21
5121,2025-05-12,757,59,2,418.89,837.78
5121,2025-05-12,757,59,1,418.89,418.89
5121,2025-05-12,757,448,5,149.05,745.25
5122,2025-07-29,125,299,2,383.39,766.78
5123,2025-08-25,585,457,5,320.53,1602.65
5123,2025-08-25,585,200,2,275.47,550.94
5124,2025-02-11,273,128,3,229.59,688.77
5125,2025-03-25,511,423,1,410.7,410.7
5125,2025-03-25,511,468,5,253.58,1267.90
5126,2025-01-26,761,120,3,458.95,1376.85
5126,2025-01-26,761,228,2,404.8,809.6
5126,2025-01-26,761,168,2,347.07,694.14
5127,2025-02-20,94,200,2,275.47,550.94
5128,2025-11-28,661,58,4,16.96,67.84
5128,2025-11-28,661,437,2,297.45,594.90
5129,2025-10-26,710,3,3,498.69,1496.07
5130,2025-09-10,503,441,3,34.49,103.47
5131,2025-05-29,123,55,3,471.21,1413.63
5131,2025-05-29,123,347,5,138.42,692.10
5131,2025-05-29,123,321,1,75.56,75.56
5132,2024-12-27,572,288,1,55.84,55.84
5133,2025-04-19,257,137,1,272.96,272.96
5134,2025-04-26,78,124,2,225.92,451.84
5134,2025-04-26,78,455,2,276.92,553.84
5134,2025-04-26,78,54,2,221.51,443.02
5135,2025-09-12,392,321,4,75.56,302.24
5135,2025-09-12,392,324,4,113.76,455.04
5136,2025-11-10,308,452,5,46.98,234.90
5137,2025-01-01,43,136,5,341.46,1707.30
5138,2025-09-16,719,480,4,172.26,689.04
5138,2025-09-16,719,296,2,215.06,430.12
5139,2025-02-17,376,189,1,147.88,147.88
5139,2025-02-17,376,354,4,78.8,315.2
5139,2025-02-17,376,126,1,41.18,41.18
5140,2025-06-18,156,252,2,257.9,515.8
5140,2025-06-18,156,177,2,184.9,369.8
5140,2025-06-18,156,483,4,192.76,771.04
5141,2025-07-13,742,309,2,50.9,101.8
5141,2025-07-13,742,463,2,144.91,289.82
5142,2025-06-02,541,279,4,204.8,819.2
5143,2025-06-12,424,468,4,253.58,1014.32
5143,2025-06-12,424,172,3,250.68,752.04
5144,2025-02-02,918,372,3,20.55,61.65
5144,2025-02-02,918,266,5,468.09,2340.45
5145,2025-01-08,427,108,2,393.46,786.92
5145,2025-01-08,427,277,1,328.27,328.27
5146,2025-02-23,271,242,1,35.44,35.44
5147,2024-12-30,928,494,2,429.76,859.52
5148,2025-03-22,5,115,4,365.14,1460.56
5148,2025-03-22,5,5,5,314.52,1572.60
5149,2025-04-28,708,470,1,232.51,232.51
5149,2025-04-28,708,360,1,483.09,483.09
5149,2025-04-28,708,107,5,167.97,839.85
5150,2025-05-10,414,496,4,159.99,639.96
5151,2024-12-29,499,106,1,180.08,180.08
5151,2024-12-29,499,372,2,20.55,41.10
5151,2024-12-29,499,137,5,272.96,1364.80
5152,2025-01-22,506,69,1,340.46,340.46
5153,2025-03-05,730,484,1,497.12,497.12
5153,2025-03-05,730,61,5,351.5,1757.5
5154,2025-01-31,631,457,2,320.53,641.06
5155,2025-04-27,440,457,3,320.53,961.59
5155,2025-04-27,440,1,3,80.6,241.8
5156,2025-06-08,292,145,4,20.33,81.32
5156,2025-06-08,292,221,5,109.17,545.85
5157,2024-12-30,190,402,2,341.36,682.72
5158,2025-10-12,441,362,4,299.76,1199.04
5158,2025-10-12,441,97,2,113.42,226.84
5159,2025-12-21,53,287,3,291.36,874.08
5159,2025-12-21,53,222,1,80.58,80.58
5159,2025-12-21,53,489,3,52.69,158.07
5160,2025-10-06,2,258,5,77.66,388.30
5160,2025-10-06,2,472,2,46.16,92.32
5160,2025-10-06,2,142,2,240.49,480.98
5161,2025-12-22,690,401,4,341.45,1365.80
5161,2025-12-22,690,365,5,459.25,2296.25
5161,2025-12-22,690,232,3,59.52,178.56
5162,2025-08-25,224,195,5,494.68,2473.40
5162,2025-08-25,224,363,1,154.83,154.83
5163,2025-05-19,383,333,5,312.24,1561.20
5163,2025-05-19,383,425,5,165.2,826.0
5164,2025-03-22,482,84,4,404.22,1616.88
5164,2025-03-22,482,272,3,352.7,1058.1
5164,2025-03-22,482,487,1,79.74,79.74
5165,2025-08-11,988,386,1,214.75,214.75
5166,2025-08-20,335,97,5,113.42,567.10
5167,2025-11-09,663,61,1,351.5,351.5
5167,2025-11-09,663,377,1,401.94,401.94
5167,2025-11-09,663,472,5,46.16,230.80
5168,2025-09-01,860,198,1,373.73,373.73
5168,2025-09-01,860,408,2,242.36,484.72
5168,2025-09-01,860,391,3,325.16,975.48
5169,2025-08-19,719,459,1,223.31,223.31
5169,2025-08-19,719,208,2,438.21,876.42
5169,2025-08-19,719,86,3,444.15,1332.45
5170,2025-11-12,420,160,5,241.99,1209.95
5170,2025-11-12,420,462,5,412.76,2063.80
5171,2025-03-02,964,345,4,210.38,841.52
5171,2025-03-02,964,129,5,119.27,596.35
5171,2025-03-02,964,371,2,51.41,102.82
5172,2025-06-30,913,300,3,119.77,359.31
5173,2025-02-17,70,164,1,310.9,310.9
5174,2025-02-05,285,66,2,211.47,422.94
5174,2025-02-05,285,241,2,269.46,538.92
5175,2025-06-17,658,129,3,119.27,357.81
5176,2025-05-06,586,480,3,172.26,516.78
5177,2025-03-31,513,92,1,468.03,468.03
5177,2025-03-31,513,224,5,321.92,1609.60
5178,2025-04-11,241,443,3,255.06,765.18
5178,2025-04-11,241,162,1,147.2,147.2
5178,2025-04-11,241,1,1,80.6,80.6
5179,2025-06-28,441,51,1,108.84,108.84
5179,2025-06-28,441,220,2,26.81,53.62
5179,2025-06-28,441,422,3,82.75,248.25
5180,2025-02-15,663,384,4,229.07,916.28
5180,2025-02-15,663,302,5,462.51,2312.55
5181,2025-03-21,514,354,2,78.8,157.6
5182,2025-08-25,626,101,2,35.41,70.82
5182,2025-08-25,626,285,4,447.68,1790.72
5182,2025-08-25,626,265,1,86.31,86.31
5183,2025-08-09,500,471,1,327.77,327.77
5183,2025-08-09,500,468,5,253.58,1267.90
5184,2025-11-05,560,84,5,404.22,2021.10
5184,2025-11-05,560,167,5,224.17,1120.85
5184,2025-11-05,560,26,3,376.51,1129.53
5185,2025-05-02,49,228,5,404.8,2024.0
5185,2025-05-02,49,207,1,68.3,68.3
5185,2025-05-02,49,368,4,83.83,335.32
5186,2025-10-18,757,267,5,281.05,1405.25
5186,2025-10-18,757,314,1,239.74,239.74
5187,2025-09-09,168,27,2,227.57,455.14
5188,2025-05-15,225,276,4,258.44,1033.76
5189,2025-01-04,563,187,3,319.82,959.46
5190,2025-09-20,235,157,1,33.43,33.43
5190,2025-09-20,235,43,3,278.89,836.67
5190,2025-09-20,235,216,5,277.28,1386.40
5191,2025-01-31,139,276,1,258.44,258.44
5192,2025-12-18,859,338,5,243.62,1218.10
5192,2025-12-18,859,281,1,115.36,115.36
5193,2025-06-22,110,255,4,214.59,858.36
5193,2025-06-22,110,369,4,67.55,270.20
5193,2025-06-22,110,56,2,278.79,557.58
5194,2025-06-11,311,163,4,186.78,747.12
5195,2025-11-15,315,43,5,278.89,1394.45
5195,2025-11-15,315,185,2,335.4,670.8
5196,2025-11-11,611,326,3,211.81,635.43
5197,2025-11-29,860,203,2,98.55,197.10
5197,2025-11-29,860,297,2,398.94,797.88
5197,2025-11-29,860,394,3,348.1,1044.3
5198,2025-10-22,530,319,5,453.23,2266.15
5198,2025-10-22,530,27,5,227.57,1137.85
5198,2025-10-22,530,229,5,296.73,1483.65
5199,2025-10-29,642,238,4,472.08,1888.32
5200,2025-01-01,486,459,2,223.31,446.62
5200,2025-01-01,486,214,4,298.33,1193.32
5200,2025-01-01,486,252,5,257.9,1289.5
5201,2025-11-02,109,227,3,94.86,284.58
5202,2025-07-31,391,298,2,204.65,409.30
5203,2025-06-03,328,243,1,457.3,457.3
5203,2025-06-03,328,143,2,472.35,944.70
5203,2025-06-03,328,159,4,372.6,1490.4
5204,2025-06-03,17,395,3,171.83,515.49
5204,2025-06-03,17,391,3,325.16,975.48
5204,2025-06-03,17,396,2,56.06,112.12
5205,2025-10-31,939,136,4,341.46,1365.84
5206,2025-10-06,403,43,5,278.89,1394.45
5206,2025-10-06,403,389,4,74.31,297.24
5206,2025-10-06,403,337,5,206.67,1033.35
5207,2025-09-08,241,402,5,341.36,1706.80
5208,2025-08-06,956,140,5,187.49,937.45
5208,2025-08-06,956,111,2,157.26,314.52
5208,2025-08-06,956,107,1,167.97,167.97
5209,2025-02-04,194,376,5,167.79,838.95
5210,2025-06-08,985,355,2,208.41,416.82
5210,2025-06-08,985,81,1,433.63,433.63
5210,2025-06-08,985,69,5,340.46,1702.30
5211,2025-08-27,900,488,1,209.37,209.37
5211,2025-08-27,900,267,4,281.05,1124.20
5212,2025-01-29,138,151,3,496.87,1490.61
5212,2025-01-29,138,242,1,35.44,35.44
5212,2025-01-29,138,340,1,46.68,46.68
5213,2025-01-08,756,347,4,138.42,553.68
5213,2025-01-08,756,290,4,450.86,1803.44
5214,2025-11-09,208,252,4,257.9,1031.6
5215,2024-12-31,882,122,3,459.94,1379.82
5216,2025-03-16,443,236,4,469.19,1876.76
5217,2025-02-27,63,353,1,272.7,272.7
5218,2025-12-05,716,281,5,115.36,576.80
5218,2025-12-05,716,59,3,418.89,1256.67
5219,2025-04-15,947,112,4,242.9,971.6
5219,2025-04-15,947,118,5,116.6,583.0
5220,2025-03-05,46,406,3,438.28,1314.84
5221,2025-10-30,42,66,2,211.47,422.94
5221,2025-10-30,42,421,4,320.48,1281.92
5221,2025-10-30,42,388,4,317.72,1270.88
5222,2025-03-10,253,449,3,119.8,359.4
5222,2025-03-10,253,187,1,319.82,319.82
5223,2024-12-30,25,202,2,141.74,283.48
5223,2024-12-30,25,431,4,141.89,567.56
5224,2025-03-15,712,365,3,459.25,1377.75
5224,2025-03-15,712,102,1,468.5,468.5
5224,2025-03-15,712,407,5,325.42,1627.10
5225,2025-04-28,212,462,2,412.76,825.52
5225,2025-04-28,212,49,2,243.73,487.46
5226,2025-02-17,287,55,5,471.21,2356.05
5227,2025-01-09,349,69,3,340.46,1021.38
5227,2025-01-09,349,273,2,54.12,108.24
5227,2025-01-09,349,77,5,270.23,1351.15
5228,2025-09-15,296,38,1,447.83,447.83
5228,2025-09-15,296,53,4,485.1,1940.4
5229,2025-07-24,627,66,2,211.47,422.94
5230,2025-09-25,505,5,1,314.52,314.52
5231,2025-03-18,478,255,4,214.59,858.36
5231,2025-03-18,478,51,4,108.84,435.36
5231,2025-03-18,478,320,2,322.83,645.66
5232,2025-01-08,838,121,4,492.6,1970.4
5232,2025-01-08,838,37,4,37.4,149.6
5233,2025-03-27,702,80,3,293.7,881.1
5234,2025-11-06,585,140,5,187.49,937.45
5235,2025-07-25,379,214,2,298.33,596.66
5235,2025-07-25,379,175,5,471.13,2355.65
5236,2025-11-26,677,12,4,100.62,402.48
5236,2025-11-26,677,277,5,328.27,1641.35
5236,2025-11-26,677,105,1,58.1,58.1
5237,2025-09-24,272,110,2,443.77,887.54
5237,2025-09-24,272,68,1,57.36,57.36
5237,2025-09-24,272,70,1,24.04,24.04
5238,2025-09-27,620,70,4,24.04,96.16
5238,2025-09-27,620,432,5,117.54,587.70
5239,2025-03-05,725,459,5,223.31,1116.55
5240,2025-11-20,562,308,5,241.52,1207.60
5240,2025-11-20,562,248,1,45.08,45.08
5241,2025-09-23,467,169,3,460.43,1381.29
5241,2025-09-23,467,161,3,318.86,956.58
5241,2025-09-23,467,489,5,52.69,263.45
5242,2025-09-19,648,257,5,265.71,1328.55
5242,2025-09-19,648,190,5,72.61,363.05
5243,2025-07-06,504,17,3,221.62,664.86
5244,2024-12-30,245,500,1,455.95,455.95
5244,2024-12-30,245,16,2,241.42,482.84
5244,2024-12-30,245,74,5,352.49,1762.45
5245,2025-11-22,901,350,2,30.8,61.6
5246,2025-06-08,282,22,3,420.77,1262.31
5246,2025-06-08,282,71,4,268.41,1073.64
5246,2025-06-08,282,249,2,492.22,984.44
5247,2025-10-23,833,413,3,496.98,1490.94
5247,2025-10-23,833,54,5,221.51,1107.55
5247,2025-10-23,833,415,2,477.17,954.34
5248,2025-01-07,720,356,4,8.39,33.56
5248,2025-01-07,720,87,1,480.44,480.44
5248,2025-01-07,720,461,5,224.53,1122.65
5249,2025-05-28,602,487,2,79.74,159.48
5249,2025-05-28,602,348,2,231.55,463.10
5249,2025-05-28,602,496,3,159.99,479.97
5250,2025-07-02,621,64,2,491.55,983.10
5250,2025-07-02,621,478,1,68.54,68.54
5251,2025-11-06,736,3,2,498.69,997.38
5251,2025-11-06,736,374,2,335.47,670.94
5251,2025-11-06,736,483,3,192.76,578.28
5252,2025-04-30,467,104,4,157.58,630.32
5252,2025-04-30,467,222,4,80.58,322.32
5253,2025-01-05,112,141,5,448.09,2240.45
5254,2025-10-24,134,318,3,12.28,36.84
5254,2025-10-24,134,61,5,351.5,1757.5
5255,2025-11-21,359,119,1,244.81,244.81
5255,2025-11-21,359,397,3,160.06,480.18
5256,2025-05-01,829,163,2,186.78,373.56
5256,2025-05-01,829,403,3,215.58,646.74
5256,2025-05-01,829,51,5,108.84,544.20
5257,2025-11-03,883,160,1,241.99,241.99
5257,2025-11-03,883,432,2,117.54,235.08
5257,2025-11-03,883,14,4,40.36,161.44
5258,2025-12-20,249,368,2,83.83,167.66
5258,2025-12-20,249,47,1,447.66,447.66
5259,2025-10-15,683,446,4,60.56,242.24
5259,2025-10-15,683,433,4,389.95,1559.80
5260,2025-09-12,849,284,5,165.79,828.95
5261,2025-08-29,78,61,5,351.5,1757.5
5261,2025-08-29,78,212,3,122.95,368.85
5262,2025-01-20,738,36,4,12.2,48.8
5263,2025-09-01,437,186,2,436.63,873.26
5264,2024-12-26,303,131,2,398.64,797.28
5264,2024-12-26,303,91,1,51.8,51.8
5264,2024-12-26,303,99,5,342.87,1714.35
5265,2025-04-21,538,248,1,45.08,45.08
5265,2025-04-21,538,318,5,12.28,61.40
5265,2025-04-21,538,498,4,374.05,1496.20
5266,2025-07-11,234,405,5,16.73,83.65
5266,2025-07-11,234,464,4,267.75,1071.00
5267,2025-07-30,664,303,2,489.27,978.54
5268,2025-10-05,338,57,1,103.12,103.12
5269,2025-04-09,636,428,3,358.4,1075.2
5269,2025-04-09,636,368,2,83.83,167.66
5270,2025-03-06,483,237,3,242.96,728.88
5270,2025-03-06,483,356,2,8.39,16.78
5271,2025-03-25,339,334,3,134.61,403.83
5272,2025-09-20,639,25,2,250.93,501.86
5273,2025-12-04,266,284,2,165.79,331.58
5273,2025-12-04,266,447,3,376.57,1129.71
5274,2025-10-07,528,333,4,312.24,1248.96
5274,2025-10-07,528,65,4,430.11,1720.44
5274,2025-10-07,528,399,3,53.46,160.38
5275,2025-05-17,437,234,3,6.55,19.65
5276,2025-04-01,225,276,2,258.44,516.88
5276,2025-04-01,225,349,3,173.73,521.19
5276,2025-04-01,225,284,5,165.79,828.95
5277,2025-05-30,1000,484,4,497.12,1988.48
5277,2025-05-30,1000,300,5,119.77,598.85
5277,2025-05-30,1000,385,2,391.11,782.22
5278,2025-03-03,585,257,4,265.71,1062.84
5278,2025-03-03,585,372,1,20.55,20.55
5278,2025-03-03,585,490,4,476.01,1904.04
5279,2025-01-12,705,169,5,460.43,2302.15
5279,2025-01-12,705,1,1,80.6,80.6
5280,2025-12-21,925,242,4,35.44,141.76
5281,2025-07-13,906,116,2,496.51,993.02
5281,2025-07-13,906,43,5,278.89,1394.45
5282,2025-09-18,363,5,5,314.52,1572.60
5283,2025-03-07,121,409,4,31.26,125.04
5283,2025-03-07,121,40,2,296.1,592.2
5284,2025-02-23,683,198,4,373.73,1494.92
5284,2025-02-23,683,416,5,70.38,351.90
5284,2025-02-23,683,366,5,223.44,1117.20
5285,2025-07-05,792,403,4,215.58,862.32
5285,2025-07-05,792,121,1,492.6,492.6
5286,2025-09-12,195,444,4,231.57,926.28
5287,2025-03-29,91,302,4,462.51,1850.04
5288,2025-01-28,866,199,5,286.28,1431.40
5288,2025-01-28,866,256,4,127.97,511.88
5288,2025-01-28,866,91,1,51.8,51.8
5289,2025-12-16,779,210,3,318.91,956.73
5289,2025-12-16,779,125,1,265.17,265.17
5289,2025-12-16,779,493,5,312.43,1562.15
5290,2025-09-28,926,39,3,154.19,462.57
5290,2025-09-28,926,450,5,101.99,509.95
5290,2025-09-28,926,470,5,232.51,1162.55
5291,2025-12-15,269,263,4,157.37,629.48
5292,2025-06-29,468,486,2,176.54,353.08
5292,2025-06-29,468,486,3,176.54,529.62
5292,2025-06-29,468,304,5,276.08,1380.40
5293,2025-11-25,859,124,4,225.92,903.68
5294,2025-08-01,880,46,2,392.38,784.76
5294,2025-08-01,880,96,4,5.28,21.12
5295,2024-12-29,135,407,4,325.42,1301.68
5295,2024-12-29,135,60,3,334.6,1003.8
5295,2024-12-29,135,145,4,20.33,81.32
5296,2025-10-10,471,364,4,84.82,339.28
5296,2025-10-10,471,190,1,72.61,72.61
5296,2025-10-10,471,331,1,321.18,321.18
5297,2025-09-29,892,401,3,341.45,1024.35
5298,2025-09-03,303,327,3,499.91,1499.73
5298,2025-09-03,303,459,4,223.31,893.24
5298,2025-09-03,303,24,1,330.39,330.39
5299,2025-12-24,400,157,3,33.43,100.29
5299,2025-12-24,400,438,1,161.16,161.16
5300,2025-11-11,887,454,5,64.77,323.85
5301,2025-09-10,490,426,3,82.52,247.56
5301,2025-09-10,490,464,3,267.75,803.25
5301,2025-09-10,490,479,1,301.68,301.68
5302,2025-01-15,414,488,3,209.37,628.11
5302,2025-01-15,414,116,2,496.51,993.02
5303,2025-05-12,754,208,5,438.21,2191.05
5303,2025-05-12,754,320,3,322.83,968.49
5303,2025-05-12,754,70,3,24.04,72.12
5304,2025-10-04,401,190,1,72.61,72.61
5305,2024-12-31,54,377,4,401.94,1607.76
5305,2024-12-31,54,308,1,241.52,241.52
5305,2024-12-31,54,432,2,117.54,235.08
5306,2025-07-25,313,300,5,119.77,598.85
5306,2025-07-25,313,348,1,231.55,231.55
5306,2025-07-25,313,319,1,453.23,453.23
5307,2025-11-14,454,397,1,160.06,160.06
5307,2025-11-14,454,433,2,389.95,779.90
5308,2025-12-03,578,500,5,455.95,2279.75
5309,2025-11-10,389,412,4,407.79,1631.16
5310,2025-02-04,970,153,4,210.94,843.76
5310,2025-02-04,970,374,2,335.47,670.94
5311,2025-08-14,569,158,4,373.08,1492.32
5312,2025-08-02,938,373,1,282.2,282.2
5312,2025-08-02,938,337,2,206.67,413.34
5312,2025-08-02,938,164,5,310.9,1554.5
5313,2025-07-18,593,387,3,280.52,841.56
5313,2025-07-18,593,59,1,418.89,418.89
5314,2025-02-23,187,363,4,154.83,619.32
5314,2025-02-23,187,277,1,328.27,328.27
5315,2025-06-20,162,10,2,248.75,497.50
5315,2025-06-20,162,338,1,243.62,243.62
5316,2025-11-05,95,392,1,141.55,141.55
5316,2025-11-05,95,70,3,24.04,72.12
5317,2025-10-02,632,255,3,214.59,643.77
5317,2025-10-02,632,46,1,392.38,392.38
5318,2025-02-10,435,178,3,65.82,197.46
5318,2025-02-10,435,418,5,35.93,179.65
5318,2025-02-10,435,446,1,60.56,60.56
5319,2025-10-14,389,206,2,270.77,541.54
5319,2025-10-14,389,341,1,51.61,51.61
5320,2025-09-12,487,104,3,157.58,472.74
5320,2025-09-12,487,61,2,351.5,703.0
5320,2025-09-12,487,412,3,407.79,1223.37
5321,2025-07-02,361,195,5,494.68,2473.40
5321,2025-07-02,361,98,3,14.53,43.59
5322,2025-06-28,296,28,4,412.52,1650.08
5323,2025-08-27,105,231,4,241.46,965.84
5324,2025-02-28,625,170,3,40.78,122.34
5325,2025-03-03,224,171,1,350.16,350.16
5325,2025-03-03,224,275,4,25.24,100.96
5325,2025-03-03,224,227,2,94.86,189.72
5326,2025-01-13,300,439,5,18.16,90.80
5326,2025-01-13,300,6,1,388.76,388.76
5326,2025-01-13,300,17,2,221.62,443.24
5327,2025-01-21,613,401,4,341.45,1365.80
5327,2025-01-21,613,54,5,221.51,1107.55
5328,2025-12-06,443,475,3,118.44,355.32
5328,2025-12-06,443,204,3,296.2,888.6
5329,2025-05-31,937,469,2,103.95,207.90
5329,2025-05-31,937,338,1,243.62,243.62
5330,2025-09-06,76,444,4,231.57,926.28
5331,2025-08-10,270,115,3,365.14,1095.42
5331,2025-08-10,270,304,2,276.08,552.16
5332,2025-03-09,355,498,1,374.05,374.05
5332,2025-03-09,355,12,3,100.62,301.86
5332,2025-03-09,355,100,3,220.87,662.61
5333,2024-12-27,455,103,3,239.95,719.85
5333,2024-12-27,455,195,2,494.68,989.36
5334,2025-08-30,514,102,1,468.5,468.5
5334,2025-08-30,514,374,1,335.47,335.47
5335,2025-05-01,694,336,5,381.71,1908.55
5336,2025-01-18,320,363,1,154.83,154.83
5336,2025-01-18,320,286,3,46.15,138.45
5336,2025-01-18,320,365,4,459.25,1837.00
5337,2025-11-11,705,168,1,347.07,347.07
5338,2025-09-04,519,149,1,57.41,57.41
5339,2024-12-26,108,216,3,277.28,831.84
5339,2024-12-26,108,35,3,246.38,739.14
5339,2024-12-26,108,332,4,258.46,1033.84
5340,2025-07-10,868,155,1,407.98,407.98
5340,2025-07-10,868,298,4,204.65,818.60
5340,2025-07-10,868,340,5,46.68,233.40
5341,2025-10-31,42,285,3,447.68,1343.04
5342,2025-07-10,73,423,4,410.7,1642.8
5342,2025-07-10,73,92,2,468.03,936.06
5342,2025-07-10,73,26,1,376.51,376.51
5343,2025-02-04,457,93,1,101.41,101.41
5344,2025-12-08,193,306,3,390.91,1172.73
5344,2025-12-08,193,369,3,67.55,202.65
5344,2025-12-08,193,417,3,148.93,446.79
5345,2025-05-15,247,268,3,164.18,492.54
5345,2025-05-15,247,175,1,471.13,471.13
5345,2025-05-15,247,23,1,412.11,412.11
5346,2025-10-02,389,98,5,14.53,72.65
5347,2025-06-24,561,16,2,241.42,482.84
5347,2025-06-24,561,126,5,41.18,205.90
5347,2025-06-24,561,244,1,478.82,478.82
5348,2025-02-18,755,271,2,185.88,371.76
5348,2025-02-18,755,133,4,261.96,1047.84
5349,2025-05-29,353,245,1,258.08,258.08
5349,2025-05-29,353,182,3,496.05,1488.15
5349,2025-05-29,353,205,4,145.68,582.72
5350,2025-08-09,846,73,3,25.92,77.76
5351,2025-12-07,242,421,5,320.48,1602.40
5351,2025-12-07,242,476,1,131.18,131.18
5352,2025-03-04,875,107,1,167.97,167.97
5353,2025-08-16,435,59,5,418.89,2094.45
5353,2025-08-16,435,295,3,130.26,390.78
5354,2025-10-12,537,122,3,459.94,1379.82
5354,2025-10-12,537,128,4,229.59,918.36
5355,2025-01-13,650,135,3,220.51,661.53
5355,2025-01-13,650,97,5,113.42,567.10
5356,2025-04-11,863,450,1,101.99,101.99
5357,2025-08-14,831,227,3,94.86,284.58
5358,2025-07-02,327,311,5,289.44,1447.20
5358,2025-07-02,327,425,4,165.2,660.8
5359,2025-05-07,333,221,3,109.17,327.51
5360,2025-11-13,491,375,3,445.17,1335.51
5360,2025-11-13,491,281,5,115.36,576.80
5360,2025-11-13,491,206,5,270.77,1353.85
5361,2025-08-08,112,17,5,221.62,1108.10
5361,2025-08-08,112,95,3,394.98,1184.94
5362,2025-12-08,104,124,4,225.92,903.68
5362,2025-12-08,104,308,4,241.52,966.08
5362,2025-12-08,104,307,4,228.49,913.96
5363,2025-01-30,521,71,5,268.41,1342.05
5363,2025-01-30,521,284,1,165.79,165.79
5364,2025-10-30,661,227,3,94.86,284.58
5364,2025-10-30,661,203,5,98.55,492.75
5364,2025-10-30,661,357,5,147.52,737.60
5365,2025-11-08,948,171,1,350.16,350.16
5365,2025-11-08,948,241,1,269.46,269.46
5365,2025-11-08,948,218,5,137.61,688.05
5366,2025-01-16,738,146,2,92.21,184.42
5367,2025-10-13,244,388,4,317.72,1270.88
5367,2025-10-13,244,193,2,250.13,500.26
5368,2025-05-17,342,36,3,12.2,36.6
5368,2025-05-17,342,219,1,24.98,24.98
5369,2025-06-17,16,306,3,390.91,1172.73
5369,2025-06-17,16,281,1,115.36,115.36
5370,2025-11-05,801,199,4,286.28,1145.12
5370,2025-11-05,801,479,3,301.68,905.04
5370,2025-11-05,801,25,5,250.93,1254.65
5371,2025-12-15,542,176,5,288.86,1444.30
5372,2025-05-11,186,364,2,84.82,169.64
5372,2025-05-11,186,268,4,164.18,656.72
5372,2025-05-11,186,217,3,110.51,331.53
5373,2025-08-20,690,22,3,420.77,1262.31
5374,2025-07-01,482,44,4,439.63,1758.52
5374,2025-07-01,482,307,1,228.49,228.49
5374,2025-07-01,482,106,2,180.08,360.16
5375,2025-10-04,145,361,4,365.74,1462.96
5375,2025-10-04,145,258,4,77.66,310.64
5375,2025-10-04,145,209,5,148.45,742.25
5376,2025-09-07,575,228,2,404.8,809.6
5376,2025-09-07,575,453,3,236.71,710.13
5377,2025-09-17,992,206,2,270.77,541.54
5378,2025-07-14,77,300,1,119.77,119.77
5379,2025-09-11,883,206,5,270.77,1353.85
5379,2025-09-11,883,63,1,364.98,364.98
5379,2025-09-11,883,210,4,318.91,1275.64
5380,2025-07-10,340,447,3,376.57,1129.71
5380,2025-07-10,340,235,2,72.25,144.50
5380,2025-07-10,340,480,5,172.26,861.30
5381,2025-05-12,604,128,2,229.59,459.18
5382,2025-07-12,272,158,2,373.08,746.16
5382,2025-07-12,272,140,2,187.49,374.98
5383,2025-10-03,547,394,5,348.1,1740.5
5384,2025-10-02,630,139,5,339.12,1695.60
5384,2025-10-02,630,8,3,316.53,949.59
5384,2025-10-02,630,429,2,309.42,618.84
5385,2025-04-15,627,116,5,496.51,2482.55
5385,2025-04-15,627,492,1,449.67,449.67
5385,2025-04-15,627,459,1,223.31,223.31
5386,2025-04-03,858,221,1,109.17,109.17
5386,2025-04-03,858,45,4,250.68,1002.72
5386,2025-04-03,858,66,2,211.47,422.94
5387,2025-05-08,224,15,3,182.7,548.1
5387,2025-05-08,224,7,2,359.69,719.38
5388,2025-05-24,614,109,5,97.7,488.5
5388,2025-05-24,614,275,4,25.24,100.96
5389,2025-11-23,58,45,1,250.68,250.68
5389,2025-11-23,58,172,2,250.68,501.36
5389,2025-11-23,58,168,5,347.07,1735.35
5390,2025-10-23,577,477,2,442.21,884.42
5390,2025-10-23,577,208,1,438.21,438.21
5391,2025-03-08,945,10,1,248.75,248.75
5392,2025-07-29,981,233,2,230.37,460.74
5392,2025-07-29,981,413,5,496.98,2484.90
5392,2025-07-29,981,62,3,245.04,735.12
5393,2025-06-10,270,1,2,80.6,161.2
5393,2025-06-10,270,452,4,46.98,187.92
5393,2025-06-10,270,247,2,154.79,309.58
5394,2025-06-23,836,137,1,272.96,272.96
5395,2025-09-17,201,275,2,25.24,50.48
5396,2025-07-04,809,280,4,13.76,55.04
5397,2025-03-08,82,137,3,272.96,818.88
5397,2025-03-08,82,467,2,363.53,727.06
5398,2025-09-13,270,391,2,325.16,650.32
5398,2025-09-13,270,341,1,51.61,51.61
5399,2025-02-26,870,29,5,178.91,894.55
5399,2025-02-26,870,297,4,398.94,1595.76
5400,2025-01-26,409,301,4,274.15,1096.60
5401,2024-12-28,651,211,1,180.66,180.66
5401,2024-12-28,651,120,4,458.95,1835.80
5401,2024-12-28,651,74,4,352.49,1409.96
5402,2025-03-17,802,475,3,118.44,355.32
5402,2025-03-17,802,357,3,147.52,442.56
5403,2025-08-18,799,305,4,70.29,281.16
5403,2025-08-18,799,267,4,281.05,1124.20
5403,2025-08-18,799,491,2,474.71,949.42
5404,2025-11-29,234,391,4,325.16,1300.64
5404,2025-11-29,234,28,4,412.52,1650.08
5405,2025-02-20,502,131,3,398.64,1195.92
5405,2025-02-20,502,129,3,119.27,357.81
5405,2025-02-20,502,40,5,296.1,1480.5
5406,2025-01-31,186,283,1,384.65,384.65
5406,2025-01-31,186,213,3,312.66,937.98
5406,2025-01-31,186,133,3,261.96,785.88
5407,2025-05-08,893,370,2,285.74,571.48
5408,2025-12-22,434,398,5,71.83,359.15
5408,2025-12-22,434,83,2,322.41,644.82
5408,2025-12-22,434,276,1,258.44,258.44
5409,2025-02-01,643,314,4,239.74,958.96
5409,2025-02-01,643,394,5,348.1,1740.5
5409,2025-02-01,643,146,4,92.21,368.84
5410,2025-09-25,7,255,4,214.59,858.36
5411,2025-01-17,821,109,1,97.7,97.7
5412,2025-12-25,652,494,2,429.76,859.52
5412,2025-12-25,652,382,5,240.39,1201.95
5412,2025-12-25,652,104,5,157.58,787.90
5413,2025-08-26,340,372,3,20.55,61.65
5413,2025-08-26,340,100,1,220.87,220.87
5413,2025-08-26,340,252,2,257.9,515.8
5414,2025-06-24,500,75,5,131.43,657.15
5414,2025-06-24,500,475,3,118.44,355.32
5415,2025-05-22,606,73,2,25.92,51.84
5415,2025-05-22,606,300,1,119.77,119.77
5416,2025-01-20,770,355,1,208.41,208.41
5416,2025-01-20,770,420,5,72.09,360.45
5416,2025-01-20,770,325,5,281.87,1409.35
5417,2025-05-02,928,480,4,172.26,689.04
5418,2025-08-18,243,245,3,258.08,774.24
5418,2025-08-18,243,178,1,65.82,65.82
5419,2025-04-23,968,212,4,122.95,491.80
5419,2025-04-23,968,287,3,291.36,874.08
5420,2025-09-14,662,263,4,157.37,629.48
5420,2025-09-14,662,27,1,227.57,227.57
5421,2025-11-16,340,57,1,103.12,103.12
5421,2025-11-16,340,299,3,383.39,1150.17
5422,2025-08-12,164,140,4,187.49,749.96
5423,2025-03-20,975,305,2,70.29,140.58
5423,2025-03-20,975,382,2,240.39,480.78
5424,2025-02-19,745,442,1,155.41,155.41
5425,2025-08-29,223,394,3,348.1,1044.3
5425,2025-08-29,223,292,1,242.18,242.18
5425,2025-08-29,223,445,4,485.73,1942.92
5426,2025-11-24,534,59,3,418.89,1256.67
5426,2025-11-24,534,244,2,478.82,957.64
5427,2025-12-03,817,295,4,130.26,521.04
5427,2025-12-03,817,62,3,245.04,735.12
5427,2025-12-03,817,210,1,318.91,318.91
5428,2025-02-23,45,33,4,194.9,779.6
5429,2025-10-27,791,243,1,457.3,457.3
5429,2025-10-27,791,478,1,68.54,68.54
5430,2025-09-05,656,492,1,449.67,449.67
5430,2025-09-05,656,340,5,46.68,233.40
5431,2025-10-21,678,290,3,450.86,1352.58
5431,2025-10-21,678,265,3,86.31,258.93
5431,2025-10-21,678,472,3,46.16,138.48
5432,2025-04-18,937,414,5,307.45,1537.25
5433,2025-01-28,383,275,4,25.24,100.96
5433,2025-01-28,383,432,5,117.54,587.70
5433,2025-01-28,383,450,4,101.99,407.96
5434,2025-09-28,66,494,1,429.76,429.76
5435,2025-04-26,625,145,4,20.33,81.32
5435,2025-04-26,625,413,1,496.98,496.98
5436,2025-04-23,84,8,5,316.53,1582.65
5437,2025-08-28,426,62,1,245.04,245.04
5438,2025-02-11,998,149,2,57.41,114.82
5438,2025-02-11,998,113,2,304.92,609.84
5438,2025-02-11,998,141,1,448.09,448.09
5439,2025-03-12,372,308,2,241.52,483.04
5439,2025-03-12,372,132,4,305.92,1223.68
5439,2025-03-12,372,446,1,60.56,60.56
5440,2025-10-13,46,267,5,281.05,1405.25
5440,2025-10-13,46,431,1,141.89,141.89
5440,2025-10-13,46,396,4,56.06,224.24
5441,2025-01-15,457,38,2,447.83,895.66
5441,2025-01-15,457,346,5,30.32,151.60
5442,2025-04-14,330,130,4,252.98,1011.92
5443,2025-11-07,871,390,5,40.96,204.80
5443,2025-11-07,871,77,1,270.23,270.23
5443,2025-11-07,871,390,3,40.96,122.88
5444,2025-03-04,835,338,5,243.62,1218.10
5444,2025-03-04,835,99,2,342.87,685.74
5445,2025-02-28,371,394,1,348.1,348.1
5446,2025-11-23,152,77,1,270.23,270.23
5447,2025-03-02,640,143,4,472.35,1889.40
5448,2025-08-26,457,323,1,299.85,299.85
5449,2025-04-10,224,422,2,82.75,165.50
5449,2025-04-10,224,485,3,492.14,1476.42
5450,2025-07-09,736,74,4,352.49,1409.96
5450,2025-07-09,736,338,3,243.62,730.86
5450,2025-07-09,736,344,5,177.16,885.80
5451,2025-04-11,908,433,3,389.95,1169.85
5451,2025-04-11,908,269,4,302.11,1208.44
5451,2025-04-11,908,222,2,80.58,161.16
5452,2025-08-20,965,14,5,40.36,201.80
5453,2025-09-01,762,152,4,39.12,156.48
5453,2025-09-01,762,136,1,341.46,341.46
5454,2025-09-10,90,28,4,412.52,1650.08
5454,2025-09-10,90,194,3,447.89,1343.67
5454,2025-09-10,90,309,2,50.9,101.8
5455,2025-10-30,586,246,4,426.74,1706.96
5456,2025-07-27,545,293,3,131.93,395.79
5456,2025-07-27,545,368,3,83.83,251.49
5456,2025-07-27,545,341,5,51.61,258.05
5457,2025-12-24,428,397,1,160.06,160.06
5458,2025-05-02,452,77,3,270.23,810.69
5458,2025-05-02,452,486,4,176.54,706.16
5459,2025-01-30,233,203,1,98.55,98.55
5459,2025-01-30,233,100,4,220.87,883.48
5459,2025-01-30,233,415,4,477.17,1908.68
5460,2025-07-17,414,6,3,388.76,1166.28
5460,2025-07-17,414,15,3,182.7,548.1
5460,2025-07-17,414,160,4,241.99,967.96
5461,2025-02-14,953,23,2,412.11,824.22
5461,2025-02-14,953,95,1,394.98,394.98
5461,2025-02-14,953,112,4,242.9,971.6
5462,2025-03-09,88,44,2,439.63,879.26
5463,2025-11-26,10,413,3,496.98,1490.94
5463,2025-11-26,10,334,5,134.61,673.05
5463,2025-11-26,10,346,3,30.32,90.96
5464,2025-03-05,894,481,5,163.42,817.10
5464,2025-03-05,894,160,4,241.99,967.96
5464,2025-03-05,894,35,2,246.38,492.76
5465,2025-12-10,899,362,5,299.76,1498.80
5466,2025-12-14,30,178,3,65.82,197.46
5467,2025-02-21,408,340,3,46.68,140.04
5467,2025-02-21,408,500,5,455.95,2279.75
5468,2025-02-05,397,432,2,117.54,235.08
5469,2025-03-03,517,130,3,252.98,758.94
5469,2025-03-03,517,325,2,281.87,563.74
5469,2025-03-03,517,307,1,228.49,228.49
5470,2025-09-26,455,35,2,246.38,492.76
5470,2025-09-26,455,69,1,340.46,340.46
5471,2025-09-03,478,284,5,165.79,828.95
5472,2025-05-04,713,199,3,286.28,858.84
5472,2025-05-04,713,33,2,194.9,389.8
5473,2025-02-18,338,328,1,50.89,50.89
5473,2025-02-18,338,333,3,312.24,936.72
5474,2025-10-12,529,229,5,296.73,1483.65
5475,2025-02-12,587,472,4,46.16,184.64
5476,2025-06-14,41,258,4,77.66,310.64
5476,2025-06-14,41,372,1,20.55,20.55
5477,2025-06-06,468,135,2,220.51,441.02
5478,2025-09-06,885,120,3,458.95,1376.85
5478,2025-09-06,885,279,3,204.8,614.4
5479,2025-04-14,811,116,5,496.51,2482.55
5479,2025-04-14,811,363,3,154.83,464.49
5480,2025-06-10,333,445,1,485.73,485.73
5480,2025-06-10,333,257,4,265.71,1062.84
5480,2025-06-10,333,226,1,285.54,285.54
5481,2025-10-17,426,29,1,178.91,178.91
5481,2025-10-17,426,191,3,246.88,740.64
5482,2025-05-24,296,126,3,41.18,123.54
5482,2025-05-24,296,309,4,50.9,203.6
5482,2025-05-24,296,305,3,70.29,210.87
5483,2025-06-24,467,225,3,460.72,1382.16
5483,2025-06-24,467,60,2,334.6,669.2
5483,2025-06-24,467,167,2,224.17,448.34
5484,2025-03-04,35,195,5,494.68,2473.40
5485,2025-10-27,524,463,2,144.91,289.82
5485,2025-10-27,524,80,5,293.7,1468.5
5486,2025-09-20,130,271,4,185.88,743.52
5486,2025-09-20,130,464,3,267.75,803.25
5487,2025-07-30,195,164,2,310.9,621.8
5487,2025-07-30,195,488,4,209.37,837.48
5487,2025-07-30,195,28,3,412.52,1237.56
5488,2025-08-15,101,328,1,50.89,50.89
5488,2025-08-15,101,264,3,245.93,737.79
5488,2025-08-15,101,218,5,137.61,688.05
5489,2025-04-04,879,275,1,25.24,25.24
5489,2025-04-04,879,171,3,350.16,1050.48
5490,2025-03-12,400,441,2,34.49,68.98
5490,2025-03-12,400,285,3,447.68,1343.04
5490,2025-03-12,400,354,1,78.8,78.8
5491,2025-09-15,502,335,4,42.9,171.6
5491,2025-09-15,502,438,5,161.16,805.80
5491,2025-09-15,502,174,3,314.06,942.18
5492,2025-06-10,961,493,5,312.43,1562.15
5492,2025-06-10,961,398,4,71.83,287.32
5493,2025-12-17,878,20,4,478.78,1915.12
5493,2025-12-17,878,412,5,407.79,2038.95
5494,2025-10-01,649,264,3,245.93,737.79
5494,2025-10-01,649,132,4,305.92,1223.68
5495,2025-03-05,475,420,4,72.09,288.36
5496,2025-01-19,481,498,2,374.05,748.10
5496,2025-01-19,481,497,2,482.27,964.54
5496,2025-01-19,481,461,5,224.53,1122.65
5497,2025-08-08,629,152,1,39.12,39.12
5497,2025-08-08,629,319,4,453.23,1812.92
5497,2025-08-08,629,266,1,468.09,468.09
5498,2025-12-26,480,174,3,314.06,942.18
5499,2025-06-10,741,44,2,439.63,879.26
5500,2025-12-16,265,294,5,41.14,205.70
5501,2025-07-20,782,189,5,147.88,739.40
5501,2025-07-20,782,15,5,182.7,913.5
5501,2025-07-20,782,171,2,350.16,700.32
5502,2025-05-13,409,327,3,499.91,1499.73
5503,2025-04-27,456,320,1,322.83,322.83
5503,2025-04-27,456,117,1,142.82,142.82
5503,2025-04-27,456,438,2,161.16,322.32
5504,2025-09-03,88,386,3,214.75,644.25
5504,2025-09-03,88,134,1,284.82,284.82
5505,2025-05-15,257,469,2,103.95,207.90
5506,2025-06-20,384,379,2,183.38,366.76
5506,2025-06-20,384,29,2,178.91,357.82
5507,2025-07-26,832,332,4,258.46,1033.84
5507,2025-07-26,832,445,1,485.73,485.73
5508,2025-03-17,829,162,2,147.2,294.4
5508,2025-03-17,829,464,2,267.75,535.50
5508,2025-03-17,829,184,5,72.35,361.75
5509,2025-07-30,739,185,5,335.4,1677.0
5509,2025-07-30,739,30,2,152.14,304.28
5510,2025-12-25,711,497,2,482.27,964.54
5510,2025-12-25,711,119,5,244.81,1224.05
5511,2025-04-30,705,213,4,312.66,1250.64
5511,2025-04-30,705,246,3,426.74,1280.22
5511,2025-04-30,705,101,5,35.41,177.05
5512,2025-12-01,401,469,3,103.95,311.85
5512,2025-12-01,401,20,4,478.78,1915.12
5512,2025-12-01,401,228,1,404.8,404.8
5513,2025-05-26,196,373,5,282.2,1411.0
5514,2025-02-04,366,182,5,496.05,2480.25
5514,2025-02-04,366,227,5,94.86,474.30
5514,2025-02-04,366,466,2,477.28,954.56
5515,2025-05-13,655,152,4,39.12,156.48
5516,2025-02-07,769,78,1,376.98,376.98
5517,2025-09-02,713,84,5,404.22,2021.10
5517,2025-09-02,713,220,5,26.81,134.05
5517,2025-09-02,713,456,4,452.55,1810.20
5518,2025-02-12,49,462,3,412.76,1238.28
5519,2025-02-22,493,231,2,241.46,482.92
5519,2025-02-22,493,28,5,412.52,2062.60
5520,2025-08-06,183,72,4,409.92,1639.68
5521,2025-10-06,576,18,1,298.7,298.7
5521,2025-10-06,576,63,1,364.98,364.98
5521,2025-10-06,576,269,2,302.11,604.22
5522,2025-06-20,899,152,3,39.12,117.36
5522,2025-06-20,899,138,3,444.05,1332.15
5523,2025-02-25,819,74,5,352.49,1762.45
5524,2025-08-30,863,356,5,8.39,41.95
5525,2025-05-20,666,451,1,117.67,117.67
5525,2025-05-20,666,202,2,141.74,283.48
5525,2025-05-20,666,334,3,134.61,403.83
5526,2025-04-29,535,206,1,270.77,270.77
5526,2025-04-29,535,274,2,56.74,113.48
5526,2025-04-29,535,493,1,312.43,312.43
5527,2025-05-22,858,390,1,40.96,40.96
5527,2025-05-22,858,462,2,412.76,825.52
5528,2025-07-23,19,70,2,24.04,48.08
5528,2025-07-23,19,433,3,389.95,1169.85
5528,2025-07-23,19,361,5,365.74,1828.70
5529,2025-01-02,670,147,2,55.32,110.64
5530,2025-07-15,263,408,1,242.36,242.36
5530,2025-07-15,263,378,5,428.55,2142.75
5530,2025-07-15,263,188,3,443.19,1329.57
5531,2025-09-03,748,500,2,455.95,911.90
5531,2025-09-03,748,50,1,166.56,166.56
5531,2025-09-03,748,454,5,64.77,323.85
5532,2025-12-13,865,450,1,101.99,101.99
5532,2025-12-13,865,58,4,16.96,67.84
5533,2025-12-15,17,458,5,257.33,1286.65
5533,2025-12-15,17,128,4,229.59,918.36
5534,2025-01-15,114,148,5,445.16,2225.80
5534,2025-01-15,114,172,3,250.68,752.04
5534,2025-01-15,114,476,1,131.18,131.18
5535,2025-01-31,994,142,3,240.49,721.47
5535,2025-01-31,994,93,4,101.41,405.64
5536,2025-06-22,296,357,4,147.52,590.08
5536,2025-06-22,296,163,2,186.78,373.56
5537,2025-12-10,476,398,3,71.83,215.49
5537,2025-12-10,476,210,4,318.91,1275.64
5538,2025-02-12,152,128,5,229.59,1147.95
5538,2025-02-12,152,226,5,285.54,1427.70
5539,2025-02-28,727,157,2,33.43,66.86
5539,2025-02-28,727,220,3,26.81,80.43
5540,2025-10-18,793,195,3,494.68,1484.04
5541,2025-02-16,439,361,4,365.74,1462.96
5541,2025-02-16,439,348,3,231.55,694.65
5542,2025-10-25,776,228,3,404.8,1214.4
5543,2025-08-12,813,121,5,492.6,2463.0
5543,2025-08-12,813,101,1,35.41,35.41
5543,2025-08-12,813,68,3,57.36,172.08
5544,2025-10-15,33,156,3,182.35,547.05
5545,2025-03-07,503,324,1,113.76,113.76
5546,2025-02-16,774,127,5,428.76,2143.80
5547,2025-10-29,862,457,4,320.53,1282.12
5547,2025-10-29,862,342,4,478.74,1914.96
5548,2025-08-05,934,321,1,75.56,75.56
5549,2025-07-19,952,413,4,496.98,1987.92
5549,2025-07-19,952,121,2,492.6,985.2
5549,2025-07-19,952,310,4,151.31,605.24
5550,2025-05-15,475,23,2,412.11,824.22
5550,2025-05-15,475,387,5,280.52,1402.60
5550,2025-05-15,475,318,2,12.28,24.56
5551,2025-08-26,882,154,1,434.3,434.3
5552,2025-02-12,280,459,4,223.31,893.24
5552,2025-02-12,280,368,1,83.83,83.83
5553,2025-08-10,206,71,2,268.41,536.82
5554,2025-01-20,300,174,3,314.06,942.18
5554,2025-01-20,300,431,4,141.89,567.56
5555,2025-02-15,683,206,4,270.77,1083.08
5555,2025-02-15,683,37,1,37.4,37.4
5555,2025-02-15,683,51,5,108.84,544.20
5556,2024-12-28,735,329,5,374.27,1871.35
5557,2025-12-25,837,321,3,75.56,226.68
5558,2025-03-19,334,131,4,398.64,1594.56
5558,2025-03-19,334,382,3,240.39,721.17
5559,2025-02-26,945,411,3,147.7,443.1
5559,2025-02-26,945,319,5,453.23,2266.15
5559,2025-02-26,945,23,2,412.11,824.22
5560,2025-06-14,549,473,5,341.31,1706.55
5560,2025-06-14,549,239,3,469.38,1408.14
5560,2025-06-14,549,176,3,288.86,866.58
5561,2025-07-22,654,397,2,160.06,320.12
5561,2025-07-22,654,239,3,469.38,1408.14
5561,2025-07-22,654,152,1,39.12,39.12
5562,2025-06-24,997,417,2,148.93,297.86
5562,2025-06-24,997,470,3,232.51,697.53
5563,2025-11-25,949,398,3,71.83,215.49
5563,2025-11-25,949,380,3,276.01,828.03
5564,2025-02-15,857,345,3,210.38,631.14
5564,2025-02-15,857,401,1,341.45,341.45
5564,2025-02-15,857,308,3,241.52,724.56
5565,2025-01-07,2,446,3,60.56,181.68
5565,2025-01-07,2,160,1,241.99,241.99
5566,2025-01-05,730,207,4,68.3,273.2
5567,2025-01-22,538,484,2,497.12,994.24
5567,2025-01-22,538,419,5,54.3,271.5
5567,2025-01-22,538,170,5,40.78,203.90
5568,2025-02-04,780,40,5,296.1,1480.5
5568,2025-02-04,780,304,1,276.08,276.08
5568,2025-02-04,780,23,4,412.11,1648.44
5569,2025-11-24,899,361,2,365.74,731.48
5570,2025-04-26,349,258,3,77.66,232.98
5571,2025-04-20,48,439,3,18.16,54.48
5571,2025-04-20,48,306,4,390.91,1563.64
5571,2025-04-20,48,84,5,404.22,2021.10
5572,2025-06-23,906,356,2,8.39,16.78
5572,2025-06-23,906,334,1,134.61,134.61
5573,2025-08-13,493,367,2,394.98,789.96
5573,2025-08-13,493,178,1,65.82,65.82
5573,2025-08-13,493,220,3,26.81,80.43
5574,2025-05-01,794,308,3,241.52,724.56
5575,2025-05-23,449,362,4,299.76,1199.04
5575,2025-05-23,449,324,1,113.76,113.76
5576,2025-08-05,180,254,2,463.64,927.28
5576,2025-08-05,180,41,1,114.35,114.35
5577,2025-03-13,912,357,5,147.52,737.60
5578,2025-04-02,507,129,5,119.27,596.35
5579,2025-11-17,416,236,5,469.19,2345.95
5579,2025-11-17,416,27,5,227.57,1137.85
5579,2025-11-17,416,11,3,149.99,449.97
5580,2025-09-20,24,96,4,5.28,21.12
5581,2024-12-26,146,385,1,391.11,391.11
5582,2025-05-09,128,205,1,145.68,145.68
5582,2025-05-09,128,471,5,327.77,1638.85
5582,2025-05-09,128,61,3,351.5,1054.5
5583,2025-04-22,510,119,1,244.81,244.81
5583,2025-04-22,510,280,1,13.76,13.76
5584,2025-05-16,361,357,4,147.52,590.08
5584,2025-05-16,361,10,5,248.75,1243.75
5584,2025-05-16,361,108,4,393.46,1573.84
5585,2025-07-09,48,67,3,301.26,903.78
5585,2025-07-09,48,25,3,250.93,752.79
5585,2025-07-09,48,69,5,340.46,1702.30
5586,2025-12-12,932,74,2,352.49,704.98
5586,2025-12-12,932,186,4,436.63,1746.52
5586,2025-12-12,932,112,2,242.9,485.8
5587,2024-12-28,920,166,3,212.49,637.47
5587,2024-12-28,920,418,2,35.93,71.86
5587,2024-12-28,920,339,3,247.5,742.5
5588,2025-04-17,783,151,4,496.87,1987.48
5589,2025-07-22,156,220,5,26.81,134.05
5589,2025-07-22,156,450,3,101.99,305.97
5589,2025-07-22,156,357,3,147.52,442.56
5590,2025-09-23,65,264,5,245.93,1229.65
5590,2025-09-23,65,162,1,147.2,147.2
5590,2025-09-23,65,448,4,149.05,596.20
5591,2025-03-25,763,354,1,78.8,78.8
5591,2025-03-25,763,123,1,165.07,165.07
5591,2025-03-25,763,311,3,289.44,868.32
5592,2025-03-28,839,233,2,230.37,460.74
5593,2025-12-21,485,451,3,117.67,353.01
5593,2025-12-21,485,443,4,255.06,1020.24
5593,2025-12-21,485,370,4,285.74,1142.96
5594,2025-08-28,955,250,1,202.45,202.45
5594,2025-08-28,955,419,5,54.3,271.5
5595,2025-11-08,310,123,2,165.07,330.14
5595,2025-11-08,310,120,3,458.95,1376.85
5596,2025-01-28,881,422,4,82.75,331.00
5596,2025-01-28,881,354,1,78.8,78.8
5597,2025-03-10,590,484,1,497.12,497.12
5598,2024-12-27,769,283,2,384.65,769.30
5598,2024-12-27,769,393,5,263.08,1315.40
5598,2024-12-27,769,84,1,404.22,404.22
5599,2025-11-06,527,348,2,231.55,463.10
5599,2025-11-06,527,457,5,320.53,1602.65
5600,2025-10-22,364,453,3,236.71,710.13
5600,2025-10-22,364,327,1,499.91,499.91
5601,2025-02-20,485,121,2,492.6,985.2
5601,2025-02-20,485,334,5,134.61,673.05
5602,2025-05-31,473,220,2,26.81,53.62
5602,2025-05-31,473,392,2,141.55,283.10
5602,2025-05-31,473,3,3,498.69,1496.07
5603,2025-04-11,545,190,4,72.61,290.44
5604,2025-04-10,663,190,3,72.61,217.83
5604,2025-04-10,663,57,3,103.12,309.36
5604,2025-04-10,663,238,4,472.08,1888.32
5605,2025-08-13,313,212,5,122.95,614.75
5605,2025-08-13,313,484,5,497.12,2485.60
5605,2025-08-13,313,162,1,147.2,147.2
5606,2025-03-07,366,166,1,212.49,212.49
5606,2025-03-07,366,167,3,224.17,672.51
5607,2025-10-13,498,177,4,184.9,739.6
5607,2025-10-13,498,486,2,176.54,353.08
5607,2025-10-13,498,186,4,436.63,1746.52
5608,2025-06-16,173,500,2,455.95,911.90
5608,2025-06-16,173,75,2,131.43,262.86
5609,2025-11-22,685,62,1,245.04,245.04
5609,2025-11-22,685,11,1,149.99,149.99
5609,2025-11-22,685,484,5,497.12,2485.60
5610,2025-03-14,13,20,4,478.78,1915.12
5610,2025-03-14,13,488,1,209.37,209.37
5610,2025-03-14,13,434,3,21.02,63.06
5611,2025-10-30,150,265,5,86.31,431.55
5611,2025-10-30,150,469,3,103.95,311.85
5612,2025-04-14,207,377,5,401.94,2009.70
5612,2025-04-14,207,389,4,74.31,297.24
5612,2025-04-14,207,250,4,202.45,809.80
5613,2025-09-24,889,229,5,296.73,1483.65
5613,2025-09-24,889,159,4,372.6,1490.4
5614,2025-10-16,277,205,4,145.68,582.72
5615,2025-05-21,995,19,2,144.77,289.54
5616,2025-03-07,655,416,2,70.38,140.76
5617,2025-02-22,693,474,3,33.57,100.71
5617,2025-02-22,693,301,5,274.15,1370.75
5617,2025-02-22,693,352,4,164.03,656.12
5618,2025-04-18,999,40,1,296.1,296.1
5618,2025-04-18,999,461,3,224.53,673.59
5619,2025-10-28,799,346,5,30.32,151.60
5619,2025-10-28,799,485,4,492.14,1968.56
5619,2025-10-28,799,174,4,314.06,1256.24
5620,2025-06-16,717,211,2,180.66,361.32
5620,2025-06-16,717,464,4,267.75,1071.00
5620,2025-06-16,717,419,5,54.3,271.5
5621,2025-04-24,962,139,1,339.12,339.12
5621,2025-04-24,962,187,2,319.82,639.64
5622,2025-02-04,878,269,1,302.11,302.11
5622,2025-02-04,878,8,2,316.53,633.06
5623,2025-05-22,962,236,5,469.19,2345.95
5624,2025-08-20,963,290,2,450.86,901.72
5624,2025-08-20,963,286,4,46.15,184.60
5624,2025-08-20,963,467,2,363.53,727.06
5625,2025-10-26,469,422,1,82.75,82.75
5625,2025-10-26,469,329,2,374.27,748.54
5625,2025-10-26,469,233,5,230.37,1151.85
5626,2025-12-10,318,62,4,245.04,980.16
5626,2025-12-10,318,206,3,270.77,812.31
5627,2025-03-16,504,496,3,159.99,479.97
5627,2025-03-16,504,362,3,299.76,899.28
5628,2025-10-16,50,214,1,298.33,298.33
5629,2025-08-05,53,77,4,270.23,1080.92
5629,2025-08-05,53,81,2,433.63,867.26
5630,2025-10-17,709,132,4,305.92,1223.68
5630,2025-10-17,709,302,5,462.51,2312.55
5631,2025-04-01,635,9,2,217.36,434.72
5631,2025-04-01,635,131,1,398.64,398.64
5631,2025-04-01,635,393,1,263.08,263.08
5632,2025-11-19,681,21,4,141.16,564.64
5633,2025-03-29,608,428,5,358.4,1792.0
5633,2025-03-29,608,234,3,6.55,19.65
5634,2025-01-08,760,241,1,269.46,269.46
5634,2025-01-08,760,295,1,130.26,130.26
5635,2025-10-02,534,228,5,404.8,2024.0
5635,2025-10-02,534,266,3,468.09,1404.27
5635,2025-10-02,534,36,4,12.2,48.8
5636,2025-07-17,787,244,5,478.82,2394.10
5636,2025-07-17,787,101,2,35.41,70.82
5637,2025-05-05,142,100,4,220.87,883.48
5637,2025-05-05,142,368,5,83.83,419.15
5637,2025-05-05,142,315,5,398.86,1994.30
5638,2025-03-09,518,400,5,387.4,1937.0
5638,2025-03-09,518,491,4,474.71,1898.84
5639,2025-06-06,856,138,1,444.05,444.05
5639,2025-06-06,856,19,1,144.77,144.77
5640,2025-04-27,640,357,1,147.52,147.52
5641,2025-05-10,967,315,1,398.86,398.86
5641,2025-05-10,967,97,5,113.42,567.10
5641,2025-05-10,967,14,3,40.36,121.08
5642,2025-04-22,82,178,5,65.82,329.10
5643,2025-06-17,865,2,3,287.98,863.94
5643,2025-06-17,865,126,4,41.18,164.72
5644,2025-02-22,334,255,2,214.59,429.18
5644,2025-02-22,334,132,2,305.92,611.84
5645,2025-03-05,482,384,5,229.07,1145.35
5645,2025-03-05,482,286,2,46.15,92.30
5646,2025-10-15,627,5,3,314.52,943.56
5646,2025-10-15,627,266,4,468.09,1872.36
5646,2025-10-15,627,186,4,436.63,1746.52
5647,2025-09-06,988,89,2,349.52,699.04
5647,2025-09-06,988,494,5,429.76,2148.80
5648,2025-10-14,5,481,5,163.42,817.10
5648,2025-10-14,5,234,3,6.55,19.65
5649,2025-06-20,33,307,1,228.49,228.49
5649,2025-06-20,33,367,5,394.98,1974.90
5649,2025-06-20,33,16,3,241.42,724.26
5650,2025-08-06,101,362,5,299.76,1498.80
5651,2025-12-15,758,162,3,147.2,441.6
5652,2025-11-08,277,191,4,246.88,987.52
5652,2025-11-08,277,110,4,443.77,1775.08
5653,2025-06-03,853,166,3,212.49,637.47
5653,2025-06-03,853,336,1,381.71,381.71
5654,2025-08-11,51,274,5,56.74,283.70
5654,2025-08-11,51,439,3,18.16,54.48
5654,2025-08-11,51,235,5,72.25,361.25
5655,2025-11-18,965,142,2,240.49,480.98
5655,2025-11-18,965,207,5,68.3,341.5
5655,2025-11-18,965,224,2,321.92,643.84
5656,2025-02-03,525,365,4,459.25,1837.00
5656,2025-02-03,525,210,5,318.91,1594.55
5656,2025-02-03,525,64,5,491.55,2457.75
5657,2025-03-23,277,405,5,16.73,83.65
5657,2025-03-23,277,410,4,400.18,1600.72
5658,2025-03-27,905,284,1,165.79,165.79
5658,2025-03-27,905,44,5,439.63,2198.15
5658,2025-03-27,905,108,2,393.46,786.92
5659,2025-12-11,693,282,5,332.62,1663.10
5659,2025-12-11,693,277,5,328.27,1641.35
5660,2025-12-18,295,359,5,275.01,1375.05
5660,2025-12-18,295,154,4,434.3,1737.2
5661,2025-09-20,902,410,2,400.18,800.36
5662,2025-12-16,156,197,1,195.32,195.32
5662,2025-12-16,156,302,4,462.51,1850.04
5662,2025-12-16,156,90,5,414.87,2074.35
5663,2025-10-20,326,209,3,148.45,445.35
5663,2025-10-20,326,462,5,412.76,2063.80
5663,2025-10-20,326,242,3,35.44,106.32
5664,2025-08-14,935,176,5,288.86,1444.30
5664,2025-08-14,935,300,2,119.77,239.54
5664,2025-08-14,935,90,4,414.87,1659.48
5665,2025-12-21,164,429,2,309.42,618.84
5666,2025-12-19,350,263,2,157.37,314.74
5666,2025-12-19,350,122,5,459.94,2299.70
5667,2025-11-04,889,304,5,276.08,1380.40
5667,2025-11-04,889,126,1,41.18,41.18
5668,2025-07-12,825,53,1,485.1,485.1
5669,2025-07-02,129,141,2,448.09,896.18
5669,2025-07-02,129,323,4,299.85,1199.40
5670,2025-03-31,795,385,5,391.11,1955.55
5671,2025-10-11,231,401,4,341.45,1365.80
5671,2025-10-11,231,237,1,242.96,242.96
5672,2025-03-19,479,195,3,494.68,1484.04
5672,2025-03-19,479,434,4,21.02,84.08
5672,2025-03-19,479,420,4,72.09,288.36
5673,2025-01-20,116,8,1,316.53,316.53
5674,2025-02-20,643,480,5,172.26,861.30
5675,2025-04-04,304,152,5,39.12,195.60
5675,2025-04-04,304,363,2,154.83,309.66
5675,2025-04-04,304,301,5,274.15,1370.75
5676,2025-11-12,662,238,5,472.08,2360.40
5677,2025-01-13,28,414,4,307.45,1229.80
5677,2025-01-13,28,112,4,242.9,971.6
5678,2025-05-09,857,353,2,272.7,545.4
5678,2025-05-09,857,168,3,347.07,1041.21
5678,2025-05-09,857,121,3,492.6,1477.8
5679,2025-01-02,499,18,4,298.7,1194.8
5679,2025-01-02,499,43,5,278.89,1394.45
5680,2025-01-23,448,39,3,154.19,462.57
5680,2025-01-23,448,174,5,314.06,1570.30
5681,2025-07-09,31,472,3,46.16,138.48
5681,2025-07-09,31,74,3,352.49,1057.47
5681,2025-07-09,31,114,1,136.66,136.66
5682,2025-10-16,236,219,1,24.98,24.98
5683,2025-03-29,561,125,1,265.17,265.17
5683,2025-03-29,561,416,5,70.38,351.90
5684,2025-09-05,984,268,4,164.18,656.72
5684,2025-09-05,984,487,2,79.74,159.48
5684,2025-09-05,984,385,1,391.11,391.11
5685,2025-11-08,412,69,5,340.46,1702.30
5686,2025-01-21,462,462,4,412.76,1651.04
5686,2025-01-21,462,224,2,321.92,643.84
5686,2025-01-21,462,391,5,325.16,1625.80
5687,2025-11-16,792,124,2,225.92,451.84
5688,2025-05-14,156,348,3,231.55,694.65
5689,2025-12-15,637,407,4,325.42,1301.68
5690,2025-11-21,490,231,2,241.46,482.92
5690,2025-11-21,490,243,1,457.3,457.3
5691,2025-11-06,895,95,1,394.98,394.98
5691,2025-11-06,895,129,5,119.27,596.35
5691,2025-11-06,895,68,4,57.36,229.44
5692,2025-09-20,141,106,4,180.08,720.32
5692,2025-09-20,141,399,1,53.46,53.46
5692,2025-09-20,141,167,5,224.17,1120.85
5693,2025-08-10,670,79,5,139.58,697.90
5693,2025-08-10,670,487,2,79.74,159.48
5693,2025-08-10,670,480,5,172.26,861.30
5694,2025-06-06,849,258,3,77.66,232.98
5695,2025-08-15,581,56,5,278.79,1393.95
5696,2025-01-13,88,44,3,439.63,1318.89
5696,2025-01-13,88,438,5,161.16,805.80
5697,2025-01-03,246,187,5,319.82,1599.10
5697,2025-01-03,246,487,5,79.74,398.70
5698,2025-03-12,859,364,3,84.82,254.46
5698,2025-03-12,859,457,2,320.53,641.06
5699,2025-02-09,953,29,2,178.91,357.82
5700,2025-08-15,694,241,4,269.46,1077.84
5701,2025-06-15,964,335,2,42.9,85.8
5702,2025-06-09,177,42,1,39.02,39.02
5702,2025-06-09,177,189,5,147.88,739.40
5703,2025-10-05,990,32,2,342.29,684.58
5703,2025-10-05,990,299,4,383.39,1533.56
5703,2025-10-05,990,215,3,33.6,100.8
5704,2025-04-01,857,177,1,184.9,184.9
5704,2025-04-01,857,61,2,351.5,703.0
5705,2025-02-06,284,109,1,97.7,97.7
5705,2025-02-06,284,450,4,101.99,407.96
5705,2025-02-06,284,448,4,149.05,596.20
5706,2025-11-13,325,155,5,407.98,2039.90
5707,2025-01-06,422,79,5,139.58,697.90
5707,2025-01-06,422,500,2,455.95,911.90
5708,2025-09-09,693,201,1,437.71,437.71
5709,2025-02-03,54,57,4,103.12,412.48
5710,2025-10-23,512,368,4,83.83,335.32
5710,2025-10-23,512,418,2,35.93,71.86
5710,2025-10-23,512,2,2,287.98,575.96
5711,2025-10-13,52,328,2,50.89,101.78
5711,2025-10-13,52,397,4,160.06,640.24
5711,2025-10-13,52,320,5,322.83,1614.15
5712,2025-06-28,545,190,3,72.61,217.83
5712,2025-06-28,545,146,2,92.21,184.42
5713,2025-11-23,585,373,1,282.2,282.2
5713,2025-11-23,585,18,3,298.7,896.1
5713,2025-11-23,585,479,5,301.68,1508.40
5714,2025-09-05,966,433,5,389.95,1949.75
5715,2025-12-13,943,342,2,478.74,957.48
5715,2025-12-13,943,162,4,147.2,588.8
5715,2025-12-13,943,114,3,136.66,409.98
5716,2025-03-19,40,358,3,329.56,988.68
5716,2025-03-19,40,374,1,335.47,335.47
5716,2025-03-19,40,55,1,471.21,471.21
5717,2024-12-31,5,476,3,131.18,393.54
5717,2024-12-31,5,142,4,240.49,961.96
5717,2024-12-31,5,408,5,242.36,1211.80
5718,2025-03-06,13,285,2,447.68,895.36
5719,2025-05-19,270,17,1,221.62,221.62
5720,2025-02-11,909,316,2,285.22,570.44
5720,2025-02-11,909,469,1,103.95,103.95
5721,2025-03-21,266,100,3,220.87,662.61
5722,2025-10-09,928,347,1,138.42,138.42
5722,2025-10-09,928,367,5,394.98,1974.90
5723,2025-07-04,896,355,4,208.41,833.64
5724,2025-10-04,283,194,5,447.89,2239.45
5724,2025-10-04,283,156,1,182.35,182.35
5724,2025-10-04,283,5,2,314.52,629.04
5725,2025-07-24,394,448,2,149.05,298.10
5725,2025-07-24,394,371,3,51.41,154.23
5726,2025-12-19,838,171,3,350.16,1050.48
5726,2025-12-19,838,27,4,227.57,910.28
5727,2025-11-08,344,51,4,108.84,435.36
5727,2025-11-08,344,145,1,20.33,20.33
5728,2025-01-10,838,109,2,97.7,195.4
5728,2025-01-10,838,19,1,144.77,144.77
5729,2025-01-28,873,206,2,270.77,541.54
5729,2025-01-28,873,369,4,67.55,270.20
5729,2025-01-28,873,444,1,231.57,231.57
5730,2025-04-20,403,53,1,485.1,485.1
5730,2025-04-20,403,431,5,141.89,709.45
5730,2025-04-20,403,494,4,429.76,1719.04
5731,2025-11-24,700,263,5,157.37,786.85
5731,2025-11-24,700,129,4,119.27,477.08
5732,2025-09-27,594,141,4,448.09,1792.36
5732,2025-09-27,594,317,1,37.27,37.27
5733,2025-08-09,481,151,5,496.87,2484.35
5734,2025-04-05,148,76,3,445.17,1335.51
5734,2025-04-05,148,206,1,270.77,270.77
5734,2025-04-05,148,96,5,5.28,26.40
5735,2025-07-26,731,489,4,52.69,210.76
5735,2025-07-26,731,265,1,86.31,86.31
5736,2025-09-22,182,254,3,463.64,1390.92
5736,2025-09-22,182,54,5,221.51,1107.55
5737,2025-06-09,413,46,4,392.38,1569.52
5737,2025-06-09,413,23,4,412.11,1648.44
5738,2025-12-24,240,313,1,151.33,151.33
5738,2025-12-24,240,207,3,68.3,204.9
5738,2025-12-24,240,5,2,314.52,629.04
5739,2025-09-15,24,276,2,258.44,516.88
5739,2025-09-15,24,475,2,118.44,236.88
5739,2025-09-15,24,271,4,185.88,743.52
5740,2025-07-09,982,346,2,30.32,60.64
5740,2025-07-09,982,342,3,478.74,1436.22
5741,2025-02-07,997,410,3,400.18,1200.54
5741,2025-02-07,997,359,1,275.01,275.01
5742,2025-01-25,750,113,1,304.92,304.92
5742,2025-01-25,750,19,3,144.77,434.31
5743,2024-12-26,733,352,5,164.03,820.15
5743,2024-12-26,733,469,3,103.95,311.85
5743,2024-12-26,733,247,3,154.79,464.37
5744,2025-08-02,682,448,3,149.05,447.15
5744,2025-08-02,682,24,5,330.39,1651.95
5744,2025-08-02,682,391,5,325.16,1625.80
5745,2025-05-04,30,291,4,346.84,1387.36
5746,2025-03-26,800,144,4,398.79,1595.16
5746,2025-03-26,800,20,3,478.78,1436.34
5746,2025-03-26,800,132,1,305.92,305.92
5747,2025-08-25,171,61,4,351.5,1406.0
5748,2025-06-17,369,329,2,374.27,748.54
5748,2025-06-17,369,459,4,223.31,893.24
5749,2025-11-06,894,488,3,209.37,628.11
5749,2025-11-06,894,184,4,72.35,289.40
5749,2025-11-06,894,179,4,153.54,614.16
5750,2025-10-23,92,404,3,153.82,461.46
5751,2025-03-16,534,284,5,165.79,828.95
5751,2025-03-16,534,3,5,498.69,2493.45
5751,2025-03-16,534,449,2,119.8,239.6
5752,2025-10-29,123,106,3,180.08,540.24
5752,2025-10-29,123,246,4,426.74,1706.96
5753,2025-11-22,287,159,5,372.6,1863.0
5753,2025-11-22,287,194,4,447.89,1791.56
5753,2025-11-22,287,319,3,453.23,1359.69
5754,2025-03-24,632,286,4,46.15,184.60
5755,2025-12-08,2,156,3,182.35,547.05
5756,2025-11-16,792,205,3,145.68,437.04
5756,2025-11-16,792,351,4,87.53,350.12
5757,2025-05-05,797,280,2,13.76,27.52
5757,2025-05-05,797,185,2,335.4,670.8
5757,2025-05-05,797,452,3,46.98,140.94
5758,2025-03-14,289,280,3,13.76,41.28
5758,2025-03-14,289,62,5,245.04,1225.20
5758,2025-03-14,289,254,4,463.64,1854.56
5759,2025-06-12,240,76,2,445.17,890.34
5759,2025-06-12,240,373,2,282.2,564.4
5760,2025-11-30,534,115,2,365.14,730.28
5761,2025-02-02,250,192,5,319.33,1596.65
5761,2025-02-02,250,494,5,429.76,2148.80
5761,2025-02-02,250,143,4,472.35,1889.40
5762,2025-05-03,671,185,2,335.4,670.8
5762,2025-05-03,671,457,3,320.53,961.59
5762,2025-05-03,671,254,4,463.64,1854.56
5763,2025-03-19,424,450,3,101.99,305.97
5763,2025-03-19,424,161,5,318.86,1594.30
5763,2025-03-19,424,438,4,161.16,644.64
5764,2025-09-30,819,16,3,241.42,724.26
5764,2025-09-30,819,350,5,30.8,154.0
5764,2025-09-30,819,181,5,284.33,1421.65
5765,2025-08-25,409,304,5,276.08,1380.40
5765,2025-08-25,409,319,2,453.23,906.46
5765,2025-08-25,409,330,2,217.0,434.0
5766,2025-01-15,320,98,1,14.53,14.53
5766,2025-01-15,320,189,3,147.88,443.64
5767,2025-05-02,293,64,3,491.55,1474.65
5768,2025-07-20,639,155,1,407.98,407.98
5768,2025-07-20,639,234,3,6.55,19.65
5769,2025-10-20,435,170,1,40.78,40.78
5770,2025-01-12,961,474,2,33.57,67.14
5770,2025-01-12,961,322,5,417.63,2088.15
5770,2025-01-12,961,408,2,242.36,484.72
5771,2025-12-21,882,417,1,148.93,148.93
5771,2025-12-21,882,79,2,139.58,279.16
5772,2025-04-12,36,142,3,240.49,721.47
5772,2025-04-12,36,439,4,18.16,72.64
5773,2025-01-17,647,124,3,225.92,677.76
5773,2025-01-17,647,83,4,322.41,1289.64
5774,2025-04-21,956,142,4,240.49,961.96
5774,2025-04-21,956,36,5,12.2,61.0
5775,2025-04-23,522,311,4,289.44,1157.76
5776,2025-01-16,741,18,4,298.7,1194.8
5776,2025-01-16,741,190,1,72.61,72.61
5776,2025-01-16,741,419,1,54.3,54.3
5777,2025-12-04,853,147,5,55.32,276.60
5777,2025-12-04,853,367,2,394.98,789.96
5777,2025-12-04,853,487,3,79.74,239.22
5778,2025-07-19,304,408,4,242.36,969.44
5779,2025-11-09,465,254,5,463.64,2318.20
5779,2025-11-09,465,178,2,65.82,131.64
5780,2025-08-10,118,225,5,460.72,2303.60
5780,2025-08-10,118,165,2,78.9,157.8
5780,2025-08-10,118,114,3,136.66,409.98
5781,2025-03-11,336,146,4,92.21,368.84
5781,2025-03-11,336,14,4,40.36,161.44
5781,2025-03-11,336,369,3,67.55,202.65
5782,2025-02-09,642,253,1,358.42,358.42
5783,2025-12-11,22,426,1,82.52,82.52
5784,2025-05-16,443,180,3,179.99,539.97
5784,2025-05-16,443,419,3,54.3,162.9
5785,2025-02-16,933,235,5,72.25,361.25
5785,2025-02-16,933,453,3,236.71,710.13
5786,2025-08-11,403,491,1,474.71,474.71
5786,2025-08-11,403,51,3,108.84,326.52
5786,2025-08-11,403,140,1,187.49,187.49
5787,2025-02-02,416,179,3,153.54,460.62
5787,2025-02-02,416,360,1,483.09,483.09
5787,2025-02-02,416,131,2,398.64,797.28
5788,2025-01-15,245,114,5,136.66,683.30
5788,2025-01-15,245,320,2,322.83,645.66
5789,2025-04-19,740,64,4,491.55,1966.20
5789,2025-04-19,740,224,1,321.92,321.92
5789,2025-04-19,740,381,2,313.66,627.32
5790,2025-05-12,943,447,3,376.57,1129.71
5790,2025-05-12,943,430,4,275.12,1100.48
5791,2025-12-02,966,179,1,153.54,153.54
5792,2025-07-31,984,40,1,296.1,296.1
5792,2025-07-31,984,232,4,59.52,238.08
5792,2025-07-31,984,348,1,231.55,231.55
5793,2025-07-29,158,148,2,445.16,890.32
5793,2025-07-29,158,9,2,217.36,434.72
5793,2025-07-29,158,248,4,45.08,180.32
5794,2025-08-17,656,481,2,163.42,326.84
5794,2025-08-17,656,364,3,84.82,254.46
5794,2025-08-17,656,449,4,119.8,479.2
5795,2025-02-20,575,246,2,426.74,853.48
5795,2025-02-20,575,349,4,173.73,694.92
5796,2025-04-25,488,461,4,224.53,898.12
5797,2025-05-04,154,376,1,167.79,167.79
5798,2025-11-07,921,258,5,77.66,388.30
5798,2025-11-07,921,468,1,253.58,253.58
5798,2025-11-07,921,202,3,141.74,425.22
5799,2025-02-02,137,54,1,221.51,221.51
5800,2025-07-21,528,370,2,285.74,571.48
5800,2025-07-21,528,55,3,471.21,1413.63
5801,2025-10-05,87,186,2,436.63,873.26
5801,2025-10-05,87,454,5,64.77,323.85
5802,2025-04-03,367,398,5,71.83,359.15
5802,2025-04-03,367,445,1,485.73,485.73
5802,2025-04-03,367,364,4,84.82,339.28
5803,2025-01-13,689,499,3,230.52,691.56
5803,2025-01-13,689,122,3,459.94,1379.82
5803,2025-01-13,689,283,2,384.65,769.30
5804,2025-05-26,13,121,1,492.6,492.6
5804,2025-05-26,13,268,3,164.18,492.54
5804,2025-05-26,13,107,4,167.97,671.88
5805,2025-07-25,872,382,3,240.39,721.17
5806,2025-07-25,12,329,4,374.27,1497.08
5806,2025-07-25,12,331,4,321.18,1284.72
5807,2025-07-26,936,149,3,57.41,172.23
5807,2025-07-26,936,87,3,480.44,1441.32
5808,2025-05-15,881,434,3,21.02,63.06
5809,2024-12-28,174,179,2,153.54,307.08
5809,2024-12-28,174,410,3,400.18,1200.54
5810,2025-02-07,609,443,1,255.06,255.06
5811,2025-11-16,541,408,2,242.36,484.72
5811,2025-11-16,541,267,3,281.05,843.15
5812,2025-11-15,881,67,3,301.26,903.78
5812,2025-11-15,881,281,2,115.36,230.72
5813,2025-04-26,733,47,3,447.66,1342.98
5813,2025-04-26,733,351,4,87.53,350.12
5813,2025-04-26,733,164,5,310.9,1554.5
5814,2025-12-18,318,61,5,351.5,1757.5
5815,2025-01-26,22,273,4,54.12,216.48
5816,2025-05-25,742,23,3,412.11,1236.33
5817,2025-04-30,695,203,3,98.55,295.65
5817,2025-04-30,695,133,5,261.96,1309.80
5818,2025-11-25,501,456,2,452.55,905.10
5818,2025-11-25,501,451,2,117.67,235.34
5819,2025-10-24,969,46,5,392.38,1961.90
5819,2025-10-24,969,280,3,13.76,41.28
5820,2025-01-07,188,454,1,64.77,64.77
5821,2025-09-18,580,119,5,244.81,1224.05
5821,2025-09-18,580,289,4,150.72,602.88
5822,2025-04-08,886,456,3,452.55,1357.65
5822,2025-04-08,886,478,3,68.54,205.62
5822,2025-04-08,886,288,2,55.84,111.68
5823,2025-11-12,291,87,4,480.44,1921.76
5823,2025-11-12,291,80,2,293.7,587.4
5824,2025-09-06,69,360,3,483.09,1449.27
5825,2025-01-13,35,316,1,285.22,285.22
5826,2025-12-03,776,152,4,39.12,156.48
5827,2025-11-27,811,68,5,57.36,286.80
5828,2025-05-16,511,132,4,305.92,1223.68
5828,2025-05-16,511,427,5,410.44,2052.20
5829,2025-09-22,559,464,2,267.75,535.50
5830,2025-03-18,284,213,4,312.66,1250.64
5830,2025-03-18,284,85,2,321.65,643.30
5830,2025-03-18,284,120,4,458.95,1835.80
5831,2025-05-20,642,69,2,340.46,680.92
5831,2025-05-20,642,157,1,33.43,33.43
5832,2025-05-22,292,239,5,469.38,2346.90
5832,2025-05-22,292,458,1,257.33,257.33
5832,2025-05-22,292,181,4,284.33,1137.32
5833,2025-04-17,866,474,5,33.57,167.85
5833,2025-04-17,866,416,3,70.38,211.14
5834,2025-05-21,574,125,5,265.17,1325.85
5834,2025-05-21,574,369,5,67.55,337.75
5835,2025-11-21,2,265,3,86.31,258.93
5835,2025-11-21,2,154,5,434.3,2171.5
5835,2025-11-21,2,83,3,322.41,967.23
5836,2025-11-10,794,461,4,224.53,898.12
5837,2025-08-20,606,195,4,494.68,1978.72
5837,2025-08-20,606,486,3,176.54,529.62
5837,2025-08-20,606,463,4,144.91,579.64
5838,2025-06-06,286,95,3,394.98,1184.94
5839,2024-12-30,81,178,4,65.82,263.28
5839,2024-12-30,81,342,5,478.74,2393.70
5840,2025-02-06,807,298,4,204.65,818.60
5840,2025-02-06,807,419,5,54.3,271.5
5841,2025-11-24,27,402,5,341.36,1706.80
5841,2025-11-24,27,120,1,458.95,458.95
5841,2025-11-24,27,175,4,471.13,1884.52
5842,2025-04-21,478,229,1,296.73,296.73
5843,2025-06-11,259,408,1,242.36,242.36
5843,2025-06-11,259,206,2,270.77,541.54
5843,2025-06-11,259,167,1,224.17,224.17
5844,2025-11-12,823,164,2,310.9,621.8
5844,2025-11-12,823,355,5,208.41,1042.05
5844,2025-11-12,823,338,3,243.62,730.86
5845,2025-06-12,717,426,1,82.52,82.52
5845,2025-06-12,717,148,4,445.16,1780.64
5845,2025-06-12,717,301,2,274.15,548.30
5846,2025-05-18,400,309,3,50.9,152.7
5846,2025-05-18,400,50,4,166.56,666.24
5847,2025-03-29,738,33,4,194.9,779.6
5847,2025-03-29,738,189,2,147.88,295.76
5847,2025-03-29,738,454,1,64.77,64.77
5848,2025-03-28,203,420,2,72.09,144.18
5849,2025-03-01,346,422,3,82.75,248.25
5849,2025-03-01,346,224,3,321.92,965.76
5850,2025-02-21,691,71,2,268.41,536.82
5850,2025-02-21,691,338,1,243.62,243.62
5850,2025-02-21,691,207,2,68.3,136.6
5851,2025-02-06,757,32,4,342.29,1369.16
5851,2025-02-06,757,209,2,148.45,296.90
5852,2025-03-17,275,259,3,131.5,394.5
5852,2025-03-17,275,328,2,50.89,101.78
5852,2025-03-17,275,90,5,414.87,2074.35
5853,2025-02-01,116,386,4,214.75,859.00
5853,2025-02-01,116,21,3,141.16,423.48
5853,2025-02-01,116,57,2,103.12,206.24
5854,2025-03-01,257,135,2,220.51,441.02
5855,2025-04-15,100,45,1,250.68,250.68
5855,2025-04-15,100,295,4,130.26,521.04
5855,2025-04-15,100,156,5,182.35,911.75
5856,2025-11-05,141,47,5,447.66,2238.30
5856,2025-11-05,141,494,4,429.76,1719.04
5856,2025-11-05,141,36,2,12.2,24.4
5857,2025-08-09,882,296,2,215.06,430.12
5857,2025-08-09,882,499,3,230.52,691.56
5857,2025-08-09,882,155,1,407.98,407.98
5858,2025-01-02,452,296,1,215.06,215.06
5858,2025-01-02,452,32,5,342.29,1711.45
5859,2025-05-31,584,239,3,469.38,1408.14
5860,2025-07-25,914,381,3,313.66,940.98
5860,2025-07-25,914,101,4,35.41,141.64
5860,2025-07-25,914,6,2,388.76,777.52
5861,2025-03-14,649,300,2,119.77,239.54
5862,2025-08-20,382,248,5,45.08,225.40
5863,2025-10-06,262,173,3,461.96,1385.88
5863,2025-10-06,262,298,4,204.65,818.60
5864,2025-06-25,498,145,3,20.33,60.99
5864,2025-06-25,498,500,5,455.95,2279.75
5865,2025-11-09,640,215,4,33.6,134.4
5865,2025-11-09,640,166,2,212.49,424.98
5866,2025-10-02,41,229,5,296.73,1483.65
5867,2025-09-07,420,491,4,474.71,1898.84
5867,2025-09-07,420,24,1,330.39,330.39
5868,2025-12-17,184,218,4,137.61,550.44
5868,2025-12-17,184,467,3,363.53,1090.59
5869,2025-06-04,481,462,1,412.76,412.76
5870,2025-09-20,33,84,2,404.22,808.44
5870,2025-09-20,33,179,4,153.54,614.16
5870,2025-09-20,33,413,3,496.98,1490.94
5871,2025-01-24,470,430,4,275.12,1100.48
5871,2025-01-24,470,370,1,285.74,285.74
5871,2025-01-24,470,150,5,72.4,362.0
5872,2025-09-24,765,180,3,179.99,539.97
5873,2025-10-09,69,103,3,239.95,719.85
5873,2025-10-09,69,41,2,114.35,228.70
5873,2025-10-09,69,430,4,275.12,1100.48
5874,2024-12-30,688,379,1,183.38,183.38
5874,2024-12-30,688,109,1,97.7,97.7
5874,2024-12-30,688,65,4,430.11,1720.44
5875,2025-11-28,24,71,4,268.41,1073.64
5875,2025-11-28,24,403,1,215.58,215.58
5876,2025-10-21,327,444,5,231.57,1157.85
5877,2025-01-08,883,85,5,321.65,1608.25
5878,2025-11-25,153,340,4,46.68,186.72
5879,2025-06-20,282,240,2,102.23,204.46
5879,2025-06-20,282,51,4,108.84,435.36
5880,2025-10-19,319,431,2,141.89,283.78
5880,2025-10-19,319,102,3,468.5,1405.5
5881,2025-08-26,42,250,2,202.45,404.90
5881,2025-08-26,42,413,5,496.98,2484.90
5881,2025-08-26,42,126,1,41.18,41.18
5882,2025-11-03,456,302,5,462.51,2312.55
5882,2025-11-03,456,27,1,227.57,227.57
5883,2025-03-22,486,258,4,77.66,310.64
5883,2025-03-22,486,493,2,312.43,624.86
5884,2025-02-15,514,29,4,178.91,715.64
5884,2025-02-15,514,202,5,141.74,708.70
5884,2025-02-15,514,219,3,24.98,74.94
5885,2025-06-20,777,109,3,97.7,293.1
5885,2025-06-20,777,48,1,228.85,228.85
5886,2025-06-06,657,164,4,310.9,1243.6
5887,2025-02-19,904,225,2,460.72,921.44
5888,2025-01-31,82,146,4,92.21,368.84
5888,2025-01-31,82,222,1,80.58,80.58
5889,2025-06-10,234,224,3,321.92,965.76
5890,2025-08-20,49,413,3,496.98,1490.94
5890,2025-08-20,49,449,1,119.8,119.8
5891,2025-02-24,727,401,2,341.45,682.90
5891,2025-02-24,727,7,5,359.69,1798.45
5892,2025-12-06,631,440,4,475.31,1901.24
5892,2025-12-06,631,167,3,224.17,672.51
5893,2025-11-14,840,406,1,438.28,438.28
5893,2025-11-14,840,383,3,259.72,779.16
5894,2025-11-21,247,390,4,40.96,163.84
5894,2025-11-21,247,287,2,291.36,582.72
5895,2025-07-22,619,140,5,187.49,937.45
5896,2025-01-21,441,72,5,409.92,2049.60
5896,2025-01-21,441,322,5,417.63,2088.15
5897,2025-06-11,819,268,4,164.18,656.72
5897,2025-06-11,819,245,5,258.08,1290.40
5897,2025-06-11,819,469,1,103.95,103.95
5898,2025-11-05,824,171,4,350.16,1400.64
5898,2025-11-05,824,81,1,433.63,433.63
5899,2025-05-04,327,6,5,388.76,1943.80
5899,2025-05-04,327,102,2,468.5,937.0
5900,2025-01-15,609,59,5,418.89,2094.45
5901,2025-01-19,683,467,5,363.53,1817.65
5901,2025-01-19,683,160,5,241.99,1209.95
5902,2025-05-06,901,455,4,276.92,1107.68
5902,2025-05-06,901,488,4,209.37,837.48
5902,2025-05-06,901,38,5,447.83,2239.15
5903,2025-03-11,48,192,1,319.33,319.33
5903,2025-03-11,48,42,5,39.02,195.10
5903,2025-03-11,48,358,3,329.56,988.68
5904,2025-09-07,718,248,5,45.08,225.40
5905,2025-04-12,859,381,5,313.66,1568.30
5906,2025-03-03,684,155,2,407.98,815.96
5907,2025-01-25,165,473,4,341.31,1365.24
5907,2025-01-25,165,263,2,157.37,314.74
5908,2025-06-08,929,143,3,472.35,1417.05
5909,2024-12-27,161,122,2,459.94,919.88
5910,2025-07-08,902,310,5,151.31,756.55
5911,2025-11-18,586,497,1,482.27,482.27
5911,2025-11-18,586,275,4,25.24,100.96
5911,2025-11-18,586,205,1,145.68,145.68
5912,2025-07-30,779,86,2,444.15,888.30
5912,2025-07-30,779,192,4,319.33,1277.32
5912,2025-07-30,779,358,5,329.56,1647.80
5913,2025-07-14,754,418,5,35.93,179.65
5914,2025-03-26,331,26,1,376.51,376.51
5914,2025-03-26,331,478,3,68.54,205.62
5914,2025-03-26,331,452,2,46.98,93.96
5915,2025-03-08,782,398,2,71.83,143.66
5915,2025-03-08,782,152,2,39.12,78.24
5915,2025-03-08,782,155,4,407.98,1631.92
5916,2025-12-20,195,130,2,252.98,505.96
5916,2025-12-20,195,58,1,16.96,16.96
5917,2025-05-27,346,231,2,241.46,482.92
5918,2025-08-15,999,321,4,75.56,302.24
5918,2025-08-15,999,353,5,272.7,1363.5
5919,2025-04-22,963,96,3,5.28,15.84
5920,2025-03-30,907,35,1,246.38,246.38
5920,2025-03-30,907,132,2,305.92,611.84
5920,2025-03-30,907,152,1,39.12,39.12
5921,2025-07-14,484,396,1,56.06,56.06
5922,2025-06-02,638,485,4,492.14,1968.56
5923,2025-05-07,389,203,3,98.55,295.65
5924,2025-12-09,520,88,5,222.45,1112.25
5924,2025-12-09,520,214,2,298.33,596.66
5925,2025-08-19,44,403,4,215.58,862.32
5926,2025-09-02,996,160,2,241.99,483.98
5926,2025-09-02,996,111,3,157.26,471.78
5926,2025-09-02,996,253,2,358.42,716.84
5927,2025-07-31,490,91,5,51.8,259.0
5927,2025-07-31,490,180,2,179.99,359.98
5927,2025-07-31,490,265,4,86.31,345.24
5928,2025-06-22,539,16,2,241.42,482.84
5928,2025-06-22,539,153,5,210.94,1054.70
5928,2025-06-22,539,384,4,229.07,916.28
5929,2025-02-26,631,124,2,225.92,451.84
5929,2025-02-26,631,302,4,462.51,1850.04
5930,2025-12-08,519,301,4,274.15,1096.60
5930,2025-12-08,519,463,2,144.91,289.82
5931,2025-03-19,952,61,2,351.5,703.0
5932,2025-03-18,404,125,1,265.17,265.17
5933,2025-06-22,206,145,1,20.33,20.33
5933,2025-06-22,206,478,2,68.54,137.08
5934,2025-07-05,163,264,5,245.93,1229.65
5934,2025-07-05,163,235,4,72.25,289.00
5935,2025-02-22,852,274,5,56.74,283.70
5935,2025-02-22,852,235,2,72.25,144.50
5936,2025-03-08,221,109,5,97.7,488.5
5936,2025-03-08,221,3,5,498.69,2493.45
5937,2025-05-12,496,408,5,242.36,1211.80
5937,2025-05-12,496,74,1,352.49,352.49
5937,2025-05-12,496,154,2,434.3,868.6
5938,2025-01-23,443,237,1,242.96,242.96
5939,2025-06-22,203,64,4,491.55,1966.20
5939,2025-06-22,203,400,2,387.4,774.8
5939,2025-06-22,203,230,3,476.52,1429.56
5940,2025-04-21,4,242,5,35.44,177.20
5940,2025-04-21,4,214,1,298.33,298.33
5940,2025-04-21,4,366,2,223.44,446.88
5941,2025-07-18,418,373,4,282.2,1128.8
5941,2025-07-18,418,185,5,335.4,1677.0
5942,2025-12-03,321,393,2,263.08,526.16
5943,2025-12-14,596,461,1,224.53,224.53
5943,2025-12-14,596,97,5,113.42,567.10
5943,2025-12-14,596,299,2,383.39,766.78
5944,2025-08-01,180,198,1,373.73,373.73
5945,2025-11-02,488,62,5,245.04,1225.20
5945,2025-11-02,488,16,5,241.42,1207.10
5945,2025-11-02,488,458,4,257.33,1029.32
5946,2025-04-02,267,357,5,147.52,737.60
5947,2025-09-01,604,401,5,341.45,1707.25
5947,2025-09-01,604,411,4,147.7,590.8
5947,2025-09-01,604,352,4,164.03,656.12
5948,2024-12-30,968,410,1,400.18,400.18
5948,2024-12-30,968,95,2,394.98,789.96
5948,2024-12-30,968,138,4,444.05,1776.20
5949,2025-11-18,989,55,4,471.21,1884.84
5949,2025-11-18,989,75,3,131.43,394.29
5949,2025-11-18,989,315,4,398.86,1595.44
5950,2025-12-04,814,449,5,119.8,599.0
5950,2025-12-04,814,272,1,352.7,352.7
5951,2025-10-10,416,61,1,351.5,351.5
5951,2025-10-10,416,416,5,70.38,351.90
5952,2025-03-23,289,418,2,35.93,71.86
5952,2025-03-23,289,493,4,312.43,1249.72
5953,2025-10-30,485,395,3,171.83,515.49
5953,2025-10-30,485,256,3,127.97,383.91
5954,2025-01-14,704,320,4,322.83,1291.32
5954,2025-01-14,704,124,1,225.92,225.92
5955,2025-06-17,691,167,2,224.17,448.34
5955,2025-06-17,691,77,1,270.23,270.23
5955,2025-06-17,691,439,3,18.16,54.48
5956,2025-04-08,249,134,2,284.82,569.64
5956,2025-04-08,249,52,4,420.33,1681.32
5956,2025-04-08,249,307,3,228.49,685.47
5957,2025-09-29,407,159,1,372.6,372.6
5957,2025-09-29,407,190,1,72.61,72.61
5958,2025-11-21,207,52,2,420.33,840.66
5958,2025-11-21,207,386,5,214.75,1073.75
5958,2025-11-21,207,291,1,346.84,346.84
5959,2025-06-12,162,232,5,59.52,297.60
5960,2025-03-30,269,118,5,116.6,583.0
5960,2025-03-30,269,369,2,67.55,135.10
5961,2025-04-01,81,472,3,46.16,138.48
5961,2025-04-01,81,357,5,147.52,737.60
5961,2025-04-01,81,499,3,230.52,691.56
5962,2025-02-24,78,362,2,299.76,599.52
5962,2025-02-24,78,370,4,285.74,1142.96
5963,2025-01-21,887,200,1,275.47,275.47
5963,2025-01-21,887,402,2,341.36,682.72
5964,2025-04-14,671,430,5,275.12,1375.60
5964,2025-04-14,671,141,2,448.09,896.18
5965,2025-06-01,563,446,2,60.56,121.12
5965,2025-06-01,563,103,4,239.95,959.80
5966,2025-04-29,400,14,3,40.36,121.08
5966,2025-04-29,400,229,1,296.73,296.73
5967,2025-10-08,820,187,4,319.82,1279.28
5967,2025-10-08,820,229,3,296.73,890.19
5968,2025-08-13,372,293,3,131.93,395.79
5968,2025-08-13,372,110,5,443.77,2218.85
5969,2025-02-10,653,391,1,325.16,325.16
5969,2025-02-10,653,409,3,31.26,93.78
5970,2025-12-18,274,417,1,148.93,148.93
5970,2025-12-18,274,152,3,39.12,117.36
5970,2025-12-18,274,159,1,372.6,372.6
5971,2025-12-03,851,58,2,16.96,33.92
5972,2025-03-02,278,464,4,267.75,1071.00
5972,2025-03-02,278,63,2,364.98,729.96
5973,2025-07-30,51,193,2,250.13,500.26
5974,2025-10-26,539,277,3,328.27,984.81
5975,2025-08-22,724,409,5,31.26,156.30
5976,2025-12-09,310,108,4,393.46,1573.84
5977,2025-09-13,501,174,3,314.06,942.18
5977,2025-09-13,501,432,2,117.54,235.08
5977,2025-09-13,501,232,3,59.52,178.56
5978,2025-06-25,751,26,1,376.51,376.51
5979,2025-11-26,386,78,2,376.98,753.96
5980,2025-10-18,119,359,5,275.01,1375.05
5980,2025-10-18,119,161,4,318.86,1275.44
5981,2025-03-26,743,322,3,417.63,1252.89
5981,2025-03-26,743,323,2,299.85,599.70
5981,2025-03-26,743,231,2,241.46,482.92
5982,2025-12-20,196,26,1,376.51,376.51
5982,2025-12-20,196,474,1,33.57,33.57
5982,2025-12-20,196,416,4,70.38,281.52
5983,2025-12-03,617,452,5,46.98,234.90
5984,2025-11-04,972,249,2,492.22,984.44
5984,2025-11-04,972,81,3,433.63,1300.89
5984,2025-11-04,972,36,2,12.2,24.4
5985,2025-09-07,558,141,4,448.09,1792.36
5986,2025-06-18,655,190,5,72.61,363.05
5986,2025-06-18,655,129,4,119.27,477.08
5987,2025-11-14,999,481,5,163.42,817.10
5987,2025-11-14,999,364,4,84.82,339.28
5988,2025-06-26,800,150,5,72.4,362.0
5988,2025-06-26,800,332,4,258.46,1033.84
5988,2025-06-26,800,178,1,65.82,65.82
5989,2025-03-14,687,95,5,394.98,1974.90
5989,2025-03-14,687,451,5,117.67,588.35
5989,2025-03-14,687,225,3,460.72,1382.16
5990,2025-11-11,376,453,4,236.71,946.84
5990,2025-11-11,376,263,3,157.37,472.11
5991,2025-10-17,747,272,2,352.7,705.4
5992,2025-03-30,794,285,2,447.68,895.36
5992,2025-03-30,794,430,4,275.12,1100.48
5992,2025-03-30,794,476,3,131.18,393.54
5993,2025-04-02,203,109,5,97.7,488.5
5993,2025-04-02,203,258,5,77.66,388.30
5993,2025-04-02,203,338,1,243.62,243.62
5994,2025-07-27,382,64,4,491.55,1966.20
5994,2025-07-27,382,50,5,166.56,832.80
5995,2025-05-17,213,446,5,60.56,302.80
5995,2025-05-17,213,381,5,313.66,1568.30
5996,2025-02-16,947,374,5,335.47,1677.35
5996,2025-02-16,947,447,3,376.57,1129.71
5996,2025-02-16,947,490,1,476.01,476.01
5997,2025-04-17,122,335,3,42.9,128.7
5997,2025-04-17,122,271,3,185.88,557.64
5998,2025-12-15,998,132,3,305.92,917.76
5998,2025-12-15,998,196,2,305.3,610.6
5998,2025-12-15,998,377,5,401.94,2009.70
5999,2025-08-09,123,117,3,142.82,428.46
5999,2025-08-09,123,234,1,6.55,6.55
5999,2025-08-09,123,229,5,296.73,1483.65
6000,2025-03-05,947,459,3,223.31,669.93
6000,2025-03-05,947,250,5,202.45,1012.25
6000,2025-03-05,947,200,2,275.47,550.94
6001,2025-07-01,657,53,3,485.1,1455.3
6001,2025-07-01,657,196,4,305.3,1221.2
6002,2025-12-09,372,256,4,127.97,511.88
6002,2025-12-09,372,303,2,489.27,978.54
6002,2025-12-09,372,300,3,119.77,359.31
6003,2025-04-04,286,427,1,410.44,410.44
6003,2025-04-04,286,446,4,60.56,242.24
6004,2025-03-07,892,135,1,220.51,220.51
6004,2025-03-07,892,179,5,153.54,767.70
6005,2025-07-28,861,180,2,179.99,359.98
6005,2025-07-28,861,71,4,268.41,1073.64
6005,2025-07-28,861,383,3,259.72,779.16
6006,2025-02-02,201,96,3,5.28,15.84
6006,2025-02-02,201,177,1,184.9,184.9
6006,2025-02-02,201,411,1,147.7,147.7
6007,2025-04-08,896,329,1,374.27,374.27
6007,2025-04-08,896,402,2,341.36,682.72
6007,2025-04-08,896,100,1,220.87,220.87
6008,2025-06-29,741,442,4,155.41,621.64
6008,2025-06-29,741,428,5,358.4,1792.0
6008,2025-06-29,741,309,2,50.9,101.8
6009,2025-07-01,804,191,1,246.88,246.88
6009,2025-07-01,804,145,4,20.33,81.32
6010,2025-04-09,419,290,3,450.86,1352.58
6011,2025-11-23,322,386,3,214.75,644.25
6011,2025-11-23,322,290,5,450.86,2254.30
6012,2025-04-20,593,410,1,400.18,400.18
6013,2025-12-15,379,307,3,228.49,685.47
6013,2025-12-15,379,214,3,298.33,894.99
6013,2025-12-15,379,422,3,82.75,248.25
6014,2025-04-26,525,495,5,295.22,1476.10
6014,2025-04-26,525,39,4,154.19,616.76
6015,2025-11-17,859,314,1,239.74,239.74
6015,2025-11-17,859,204,5,296.2,1481.0
6016,2025-03-31,810,474,5,33.57,167.85
6016,2025-03-31,810,72,4,409.92,1639.68
6016,2025-03-31,810,321,3,75.56,226.68
6017,2025-02-26,586,10,4,248.75,995.00
6018,2025-08-27,5,73,5,25.92,129.60
6018,2025-08-27,5,169,3,460.43,1381.29
6018,2025-08-27,5,32,5,342.29,1711.45
6019,2025-02-21,446,71,1,268.41,268.41
6019,2025-02-21,446,115,3,365.14,1095.42
6020,2025-05-06,627,261,2,184.06,368.12
6020,2025-05-06,627,435,5,122.68,613.40
6021,2025-06-06,575,409,1,31.26,31.26
6022,2025-12-13,775,204,3,296.2,888.6
6022,2025-12-13,775,8,2,316.53,633.06
6022,2025-12-13,775,281,3,115.36,346.08
6023,2025-02-24,972,493,2,312.43,624.86
6023,2025-02-24,972,13,5,412.47,2062.35
6023,2025-02-24,972,309,5,50.9,254.5
6024,2025-06-29,682,143,4,472.35,1889.40
6025,2025-03-16,123,283,1,384.65,384.65
6025,2025-03-16,123,178,5,65.82,329.10
6025,2025-03-16,123,170,4,40.78,163.12
6026,2025-09-05,159,309,1,50.9,50.9
6026,2025-09-05,159,367,2,394.98,789.96
6026,2025-09-05,159,36,4,12.2,48.8
6027,2025-08-08,717,26,3,376.51,1129.53
6027,2025-08-08,717,477,5,442.21,2211.05
6027,2025-08-08,717,182,3,496.05,1488.15
6028,2025-08-20,38,401,5,341.45,1707.25
6029,2025-02-04,874,131,4,398.64,1594.56
6030,2025-08-23,720,335,3,42.9,128.7
6030,2025-08-23,720,184,1,72.35,72.35
6030,2025-08-23,720,438,4,161.16,644.64
6031,2025-11-14,924,275,1,25.24,25.24
6031,2025-11-14,924,485,1,492.14,492.14
6031,2025-11-14,924,464,2,267.75,535.50
6032,2025-08-24,432,316,5,285.22,1426.10
6032,2025-08-24,432,142,2,240.49,480.98
6033,2025-09-08,910,395,4,171.83,687.32
6033,2025-09-08,910,111,3,157.26,471.78
6033,2025-09-08,910,245,3,258.08,774.24
6034,2025-08-18,432,253,2,358.42,716.84
6034,2025-08-18,432,63,2,364.98,729.96
6035,2025-10-09,470,466,4,477.28,1909.12
6036,2025-01-01,181,415,1,477.17,477.17
6037,2025-10-21,901,329,3,374.27,1122.81
6038,2025-09-05,153,214,1,298.33,298.33
6038,2025-09-05,153,246,5,426.74,2133.70
6038,2025-09-05,153,123,1,165.07,165.07
6039,2025-02-02,205,125,1,265.17,265.17
6040,2025-06-14,881,350,2,30.8,61.6
6040,2025-06-14,881,384,1,229.07,229.07
6040,2025-06-14,881,256,3,127.97,383.91
6041,2025-12-08,518,414,3,307.45,922.35
6041,2025-12-08,518,407,5,325.42,1627.10
6041,2025-12-08,518,231,4,241.46,965.84
6042,2025-08-01,140,99,3,342.87,1028.61
6042,2025-08-01,140,406,1,438.28,438.28
6043,2025-07-26,457,308,4,241.52,966.08
6043,2025-07-26,457,10,5,248.75,1243.75
6044,2025-03-07,991,163,5,186.78,933.90
6044,2025-03-07,991,489,2,52.69,105.38
6045,2025-07-27,409,493,3,312.43,937.29
6045,2025-07-27,409,489,5,52.69,263.45
6046,2025-03-19,508,96,5,5.28,26.40
6047,2025-12-01,936,474,2,33.57,67.14
6047,2025-12-01,936,250,3,202.45,607.35
6047,2025-12-01,936,494,4,429.76,1719.04
6048,2025-10-16,336,246,3,426.74,1280.22
6048,2025-10-16,336,444,3,231.57,694.71
6048,2025-10-16,336,247,1,154.79,154.79
6049,2025-02-24,158,207,2,68.3,136.6
6050,2025-10-20,863,100,5,220.87,1104.35
6050,2025-10-20,863,396,1,56.06,56.06
6050,2025-10-20,863,219,1,24.98,24.98
6051,2025-04-14,101,205,1,145.68,145.68
6052,2025-11-13,930,151,5,496.87,2484.35
6052,2025-11-13,930,491,5,474.71,2373.55
6053,2025-10-17,303,209,2,148.45,296.90
6054,2025-10-11,567,259,2,131.5,263.0
6054,2025-10-11,567,267,2,281.05,562.10
6054,2025-10-11,567,408,3,242.36,727.08
6055,2024-12-27,368,139,3,339.12,1017.36
6055,2024-12-27,368,84,3,404.22,1212.66
6055,2024-12-27,368,207,1,68.3,68.3
6056,2025-06-08,748,397,4,160.06,640.24
6056,2025-06-08,748,278,2,205.91,411.82
6056,2025-06-08,748,296,1,215.06,215.06
6057,2025-08-25,727,84,2,404.22,808.44
6057,2025-08-25,727,268,2,164.18,328.36
6057,2025-08-25,727,73,4,25.92,103.68
6058,2025-10-21,148,397,4,160.06,640.24
6058,2025-10-21,148,19,3,144.77,434.31
6058,2025-10-21,148,172,5,250.68,1253.40
6059,2025-07-05,347,56,1,278.79,278.79
6059,2025-07-05,347,468,5,253.58,1267.90
6059,2025-07-05,347,146,2,92.21,184.42
6060,2025-10-04,824,349,3,173.73,521.19
6060,2025-10-04,824,269,5,302.11,1510.55
6061,2025-06-15,451,450,1,101.99,101.99
6062,2025-12-20,724,184,3,72.35,217.05
6062,2025-12-20,724,286,5,46.15,230.75
6062,2025-12-20,724,354,5,78.8,394.0
6063,2025-05-03,278,125,4,265.17,1060.68
6063,2025-05-03,278,422,3,82.75,248.25
6063,2025-05-03,278,435,5,122.68,613.40
6064,2025-01-08,343,207,2,68.3,136.6
6064,2025-01-08,343,350,3,30.8,92.4
6065,2025-07-31,168,139,1,339.12,339.12
6066,2025-10-13,777,242,2,35.44,70.88
6066,2025-10-13,777,441,4,34.49,137.96
6066,2025-10-13,777,470,3,232.51,697.53
6067,2025-01-29,656,343,3,240.99,722.97
6067,2025-01-29,656,361,1,365.74,365.74
6068,2025-06-07,616,143,1,472.35,472.35
6068,2025-06-07,616,110,2,443.77,887.54
6069,2025-12-05,840,223,2,77.6,155.2
6070,2025-01-21,147,115,5,365.14,1825.70
6071,2025-05-26,332,222,1,80.58,80.58
6071,2025-05-26,332,455,1,276.92,276.92
6071,2025-05-26,332,129,1,119.27,119.27
6072,2025-10-15,922,107,3,167.97,503.91
6073,2025-07-09,986,452,4,46.98,187.92
6073,2025-07-09,986,180,1,179.99,179.99
6073,2025-07-09,986,345,1,210.38,210.38
6074,2025-05-09,750,178,1,65.82,65.82
6074,2025-05-09,750,164,2,310.9,621.8
6074,2025-05-09,750,114,5,136.66,683.30
6075,2025-03-29,160,409,3,31.26,93.78
6076,2025-08-19,444,206,4,270.77,1083.08
6077,2025-02-23,679,487,1,79.74,79.74
6077,2025-02-23,679,439,5,18.16,90.80
6078,2025-11-13,405,58,3,16.96,50.88
6078,2025-11-13,405,485,4,492.14,1968.56
6079,2025-06-25,957,334,5,134.61,673.05
6080,2025-09-18,724,27,3,227.57,682.71
6080,2025-09-18,724,60,3,334.6,1003.8
6080,2025-09-18,724,450,4,101.99,407.96
6081,2025-11-25,133,329,2,374.27,748.54
6082,2025-08-04,921,122,2,459.94,919.88
6082,2025-08-04,921,443,4,255.06,1020.24
6083,2025-12-12,691,264,2,245.93,491.86
6083,2025-12-12,691,308,3,241.52,724.56
6083,2025-12-12,691,337,2,206.67,413.34
6084,2025-08-16,613,204,3,296.2,888.6
6084,2025-08-16,613,213,4,312.66,1250.64
6084,2025-08-16,613,357,1,147.52,147.52
6085,2025-04-13,919,79,5,139.58,697.90
6085,2025-04-13,919,489,1,52.69,52.69
6085,2025-04-13,919,65,1,430.11,430.11
6086,2025-02-02,638,273,5,54.12,270.60
6087,2025-08-02,128,118,5,116.6,583.0
6087,2025-08-02,128,103,3,239.95,719.85
6088,2025-03-02,735,451,3,117.67,353.01
6089,2025-03-27,749,219,2,24.98,49.96
6090,2025-07-12,995,242,4,35.44,141.76
6091,2025-01-21,944,444,1,231.57,231.57
6091,2025-01-21,944,103,2,239.95,479.90
6091,2025-01-21,944,116,4,496.51,1986.04
6092,2025-04-07,993,461,2,224.53,449.06
6092,2025-04-07,993,50,2,166.56,333.12
6092,2025-04-07,993,201,3,437.71,1313.13
6093,2025-03-23,614,298,3,204.65,613.95
6094,2025-09-15,172,477,4,442.21,1768.84
6095,2025-06-29,368,159,2,372.6,745.2
6095,2025-06-29,368,376,2,167.79,335.58
6095,2025-06-29,368,244,1,478.82,478.82
6096,2025-03-25,430,162,3,147.2,441.6
6097,2025-05-26,177,141,5,448.09,2240.45
6097,2025-05-26,177,29,2,178.91,357.82
6098,2024-12-27,703,338,2,243.62,487.24
6098,2024-12-27,703,78,3,376.98,1130.94
6098,2024-12-27,703,458,3,257.33,771.99
6099,2025-02-25,565,161,3,318.86,956.58
6099,2025-02-25,565,151,1,496.87,496.87
6099,2025-02-25,565,223,5,77.6,388.0
6100,2025-09-21,283,350,3,30.8,92.4
6100,2025-09-21,283,372,3,20.55,61.65
6100,2025-09-21,283,10,1,248.75,248.75
6101,2025-08-22,908,272,4,352.7,1410.8
6101,2025-08-22,908,8,3,316.53,949.59
6101,2025-08-22,908,29,4,178.91,715.64
6102,2025-06-22,464,288,2,55.84,111.68
6102,2025-06-22,464,42,3,39.02,117.06
6102,2025-06-22,464,319,4,453.23,1812.92
6103,2025-12-02,924,287,5,291.36,1456.80
6103,2025-12-02,924,297,2,398.94,797.88
6104,2025-06-01,91,90,1,414.87,414.87
6105,2025-07-27,910,195,2,494.68,989.36
6106,2025-01-16,127,229,5,296.73,1483.65
6106,2025-01-16,127,86,1,444.15,444.15
6106,2025-01-16,127,212,3,122.95,368.85
6107,2025-10-16,262,117,2,142.82,285.64
6107,2025-10-16,262,7,1,359.69,359.69
6107,2025-10-16,262,22,5,420.77,2103.85
6108,2025-10-18,176,45,5,250.68,1253.40
6108,2025-10-18,176,481,3,163.42,490.26
6109,2025-01-19,168,292,3,242.18,726.54
6110,2025-02-05,626,115,4,365.14,1460.56
6110,2025-02-05,626,298,1,204.65,204.65
6110,2025-02-05,626,58,3,16.96,50.88
6111,2025-10-01,227,489,3,52.69,158.07
6112,2025-05-31,374,483,1,192.76,192.76
6112,2025-05-31,374,379,1,183.38,183.38
6113,2025-08-18,244,136,1,341.46,341.46
6114,2025-02-07,703,120,5,458.95,2294.75
6114,2025-02-07,703,26,2,376.51,753.02
6114,2025-02-07,703,15,3,182.7,548.1
6115,2025-06-15,9,18,4,298.7,1194.8
6115,2025-06-15,9,325,1,281.87,281.87
6116,2025-11-29,599,61,4,351.5,1406.0
6117,2025-12-10,726,190,5,72.61,363.05
6117,2025-12-10,726,14,5,40.36,201.80
6118,2025-07-12,291,387,5,280.52,1402.60
6118,2025-07-12,291,356,3,8.39,25.17
6119,2025-01-20,444,392,1,141.55,141.55
6120,2025-09-28,507,401,1,341.45,341.45
6120,2025-09-28,507,482,1,296.53,296.53
6121,2025-04-10,164,436,2,472.16,944.32
6121,2025-04-10,164,310,1,151.31,151.31
6121,2025-04-10,164,73,4,25.92,103.68
6122,2025-02-13,875,368,2,83.83,167.66
6122,2025-02-13,875,238,3,472.08,1416.24
6122,2025-02-13,875,477,2,442.21,884.42
6123,2025-04-17,64,107,4,167.97,671.88
6123,2025-04-17,64,414,1,307.45,307.45
6123,2025-04-17,64,348,1,231.55,231.55
6124,2025-11-10,696,432,3,117.54,352.62
6124,2025-11-10,696,363,2,154.83,309.66
6125,2025-08-27,428,33,3,194.9,584.7
6125,2025-08-27,428,460,3,313.84,941.52
6125,2025-08-27,428,60,2,334.6,669.2
6126,2025-08-31,864,400,2,387.4,774.8
6127,2025-11-09,276,468,1,253.58,253.58
6127,2025-11-09,276,46,5,392.38,1961.90
6128,2025-08-11,277,170,2,40.78,81.56
6128,2025-08-11,277,160,2,241.99,483.98
6129,2025-02-14,353,149,2,57.41,114.82
6129,2025-02-14,353,355,1,208.41,208.41
6130,2025-05-16,204,183,4,448.54,1794.16
6130,2025-05-16,204,100,1,220.87,220.87
6130,2025-05-16,204,126,2,41.18,82.36
6131,2025-10-27,481,55,1,471.21,471.21
6131,2025-10-27,481,104,4,157.58,630.32
6131,2025-10-27,481,406,1,438.28,438.28
6132,2025-08-12,109,241,1,269.46,269.46
6132,2025-08-12,109,253,4,358.42,1433.68
6133,2025-04-26,512,277,2,328.27,656.54
6134,2025-10-24,42,323,2,299.85,599.70
6134,2025-10-24,42,474,2,33.57,67.14
6135,2025-07-12,663,480,4,172.26,689.04
6135,2025-07-12,663,494,2,429.76,859.52
6135,2025-07-12,663,200,1,275.47,275.47
6136,2025-05-30,282,314,3,239.74,719.22
6136,2025-05-30,282,60,4,334.6,1338.4
6136,2025-05-30,282,214,5,298.33,1491.65
6137,2025-07-09,674,88,2,222.45,444.90
6138,2025-08-21,448,437,3,297.45,892.35
6138,2025-08-21,448,326,4,211.81,847.24
6138,2025-08-21,448,90,3,414.87,1244.61
6139,2025-10-19,537,223,3,77.6,232.8
6139,2025-10-19,537,98,5,14.53,72.65
6139,2025-10-19,537,407,2,325.42,650.84
6140,2025-03-31,499,170,4,40.78,163.12
6141,2025-03-21,621,223,1,77.6,77.6
6141,2025-03-21,621,185,4,335.4,1341.6
6142,2025-07-16,959,364,3,84.82,254.46
6142,2025-07-16,959,161,4,318.86,1275.44
6142,2025-07-16,959,446,5,60.56,302.80
6143,2025-01-31,118,318,1,12.28,12.28
6144,2025-08-31,182,370,1,285.74,285.74
6144,2025-08-31,182,294,5,41.14,205.70
6145,2025-10-27,359,137,5,272.96,1364.80
6146,2025-10-01,657,421,3,320.48,961.44
6146,2025-10-01,657,441,1,34.49,34.49
6147,2025-01-01,756,140,4,187.49,749.96
6148,2025-03-20,538,322,4,417.63,1670.52
6148,2025-03-20,538,170,3,40.78,122.34
6149,2025-10-26,570,97,4,113.42,453.68
6149,2025-10-26,570,192,1,319.33,319.33
6150,2025-11-16,195,49,4,243.73,974.92
6151,2025-07-20,752,472,1,46.16,46.16
6151,2025-07-20,752,57,5,103.12,515.60
6152,2025-04-17,129,179,5,153.54,767.70
6153,2025-07-28,578,295,4,130.26,521.04
6153,2025-07-28,578,279,4,204.8,819.2
6153,2025-07-28,578,90,1,414.87,414.87
6154,2025-02-28,955,438,1,161.16,161.16
6155,2025-01-16,505,364,5,84.82,424.10
6155,2025-01-16,505,70,1,24.04,24.04
6156,2025-12-08,32,50,1,166.56,166.56
6156,2025-12-08,32,203,3,98.55,295.65
6156,2025-12-08,32,131,5,398.64,1993.20
6157,2025-03-23,822,164,5,310.9,1554.5
6158,2025-05-14,60,301,1,274.15,274.15
6158,2025-05-14,60,214,1,298.33,298.33
6158,2025-05-14,60,327,1,499.91,499.91
6159,2025-06-05,307,58,5,16.96,84.80
6159,2025-06-05,307,182,5,496.05,2480.25
6159,2025-06-05,307,205,3,145.68,437.04
6160,2025-12-20,514,467,2,363.53,727.06
6161,2025-10-31,460,180,1,179.99,179.99
6161,2025-10-31,460,195,4,494.68,1978.72
6161,2025-10-31,460,208,4,438.21,1752.84
6162,2025-02-21,741,256,2,127.97,255.94
6162,2025-02-21,741,357,3,147.52,442.56
6162,2025-02-21,741,109,5,97.7,488.5
6163,2025-06-18,564,311,2,289.44,578.88
6163,2025-06-18,564,46,2,392.38,784.76
6163,2025-06-18,564,400,3,387.4,1162.2
6164,2025-07-15,16,184,3,72.35,217.05
6165,2025-08-07,652,11,4,149.99,599.96
6166,2025-02-13,567,82,1,349.97,349.97
6166,2025-02-13,567,56,1,278.79,278.79
6167,2025-10-29,848,60,1,334.6,334.6
6168,2025-04-20,397,391,4,325.16,1300.64
6168,2025-04-20,397,199,3,286.28,858.84
6169,2025-10-23,638,318,5,12.28,61.40
6170,2025-06-24,528,340,5,46.68,233.40
6170,2025-06-24,528,342,3,478.74,1436.22
6171,2025-11-28,713,107,4,167.97,671.88
6171,2025-11-28,713,58,2,16.96,33.92
6172,2025-03-28,597,67,3,301.26,903.78
6172,2025-03-28,597,340,2,46.68,93.36
6173,2024-12-27,634,68,1,57.36,57.36
6173,2024-12-27,634,369,1,67.55,67.55
6173,2024-12-27,634,83,1,322.41,322.41
6174,2025-12-09,692,436,2,472.16,944.32
6174,2025-12-09,692,384,1,229.07,229.07
6175,2025-04-10,729,438,1,161.16,161.16
6175,2025-04-10,729,2,1,287.98,287.98
6176,2025-03-03,52,181,2,284.33,568.66
6176,2025-03-03,52,459,2,223.31,446.62
6177,2025-03-23,929,197,1,195.32,195.32
6177,2025-03-23,929,22,4,420.77,1683.08
6178,2025-05-13,668,343,5,240.99,1204.95
6178,2025-05-13,668,54,1,221.51,221.51
6178,2025-05-13,668,279,4,204.8,819.2
6179,2025-02-21,10,121,1,492.6,492.6
6179,2025-02-21,10,22,3,420.77,1262.31
6179,2025-02-21,10,312,1,333.94,333.94
6180,2025-03-24,61,37,5,37.4,187.0
6180,2025-03-24,61,398,2,71.83,143.66
6181,2025-08-03,434,64,5,491.55,2457.75
6181,2025-08-03,434,315,3,398.86,1196.58
6182,2025-10-28,516,417,2,148.93,297.86
6183,2025-07-25,621,129,2,119.27,238.54
6183,2025-07-25,621,61,2,351.5,703.0
6184,2025-07-17,488,230,5,476.52,2382.60
6185,2025-06-02,538,61,2,351.5,703.0
6185,2025-06-02,538,76,5,445.17,2225.85
6186,2025-12-04,302,107,3,167.97,503.91
6187,2025-05-20,59,196,5,305.3,1526.5
6187,2025-05-20,59,245,4,258.08,1032.32
6187,2025-05-20,59,46,4,392.38,1569.52
6188,2025-05-14,921,349,2,173.73,347.46
6188,2025-05-14,921,338,5,243.62,1218.10
6188,2025-05-14,921,45,5,250.68,1253.40
6189,2025-08-19,980,433,5,389.95,1949.75
6190,2025-05-30,284,273,4,54.12,216.48
6191,2025-12-06,103,244,3,478.82,1436.46
6192,2025-02-10,270,358,3,329.56,988.68
6192,2025-02-10,270,377,2,401.94,803.88
6193,2025-10-29,833,130,3,252.98,758.94
6193,2025-10-29,833,167,2,224.17,448.34
6194,2025-11-14,600,206,3,270.77,812.31
6195,2025-08-09,655,264,5,245.93,1229.65
6195,2025-08-09,655,375,4,445.17,1780.68
6196,2025-11-06,66,10,2,248.75,497.50
6197,2025-11-20,565,349,2,173.73,347.46
6198,2025-10-21,677,467,1,363.53,363.53
6198,2025-10-21,677,444,2,231.57,463.14
6198,2025-10-21,677,157,2,33.43,66.86
6199,2025-03-05,824,132,4,305.92,1223.68
6200,2025-04-18,411,410,2,400.18,800.36
6201,2025-10-12,991,70,4,24.04,96.16
6201,2025-10-12,991,334,4,134.61,538.44
6201,2025-10-12,991,223,5,77.6,388.0
6202,2025-03-04,46,117,2,142.82,285.64
6202,2025-03-04,46,483,4,192.76,771.04
6202,2025-03-04,46,170,1,40.78,40.78
6203,2025-11-25,830,169,5,460.43,2302.15
6204,2025-07-09,549,138,4,444.05,1776.20
6204,2025-07-09,549,159,1,372.6,372.6
6204,2025-07-09,549,172,1,250.68,250.68
6205,2025-01-05,386,175,1,471.13,471.13
6205,2025-01-05,386,139,5,339.12,1695.60
6205,2025-01-05,386,472,5,46.16,230.80
6206,2025-09-22,343,108,4,393.46,1573.84
6206,2025-09-22,343,348,5,231.55,1157.75
6206,2025-09-22,343,97,2,113.42,226.84
6207,2025-12-26,638,297,5,398.94,1994.70
6207,2025-12-26,638,91,2,51.8,103.6
6208,2025-02-21,583,172,1,250.68,250.68
6209,2025-04-13,956,31,1,485.56,485.56
6209,2025-04-13,956,250,2,202.45,404.90
6209,2025-04-13,956,300,5,119.77,598.85
6210,2025-11-21,93,409,4,31.26,125.04
6211,2025-03-07,605,493,1,312.43,312.43
6212,2025-09-17,427,480,2,172.26,344.52
6212,2025-09-17,427,264,3,245.93,737.79
6213,2025-05-08,670,408,1,242.36,242.36
6213,2025-05-08,670,454,5,64.77,323.85
6214,2025-07-07,633,125,3,265.17,795.51
6214,2025-07-07,633,183,1,448.54,448.54
6215,2025-08-30,582,366,5,223.44,1117.20
6215,2025-08-30,582,214,2,298.33,596.66
6215,2025-08-30,582,58,3,16.96,50.88
6216,2025-02-12,617,283,5,384.65,1923.25
6217,2025-11-09,372,500,5,455.95,2279.75
6218,2025-05-07,213,151,2,496.87,993.74
6218,2025-05-07,213,368,5,83.83,419.15
6218,2025-05-07,213,369,5,67.55,337.75
6219,2025-11-23,817,171,3,350.16,1050.48
6220,2025-05-15,699,177,5,184.9,924.5
6220,2025-05-15,699,266,3,468.09,1404.27
6220,2025-05-15,699,188,3,443.19,1329.57
6221,2025-11-26,842,385,3,391.11,1173.33
6221,2025-11-26,842,156,5,182.35,911.75
6222,2025-09-02,109,307,2,228.49,456.98
6223,2025-11-13,148,386,3,214.75,644.25
6223,2025-11-13,148,476,2,131.18,262.36
6224,2025-09-28,728,249,1,492.22,492.22
6224,2025-09-28,728,430,1,275.12,275.12
6224,2025-09-28,728,470,2,232.51,465.02
6225,2025-12-17,424,215,4,33.6,134.4
6225,2025-12-17,424,401,3,341.45,1024.35
6226,2025-10-31,20,149,1,57.41,57.41
6226,2025-10-31,20,415,5,477.17,2385.85
6226,2025-10-31,20,300,4,119.77,479.08
6227,2025-03-05,334,181,2,284.33,568.66
6228,2025-08-04,380,268,1,164.18,164.18
6229,2025-01-18,525,229,1,296.73,296.73
6230,2025-09-30,913,220,3,26.81,80.43
6230,2025-09-30,913,209,5,148.45,742.25
6230,2025-09-30,913,224,5,321.92,1609.60
6231,2025-01-03,945,500,4,455.95,1823.80
6232,2025-01-09,616,392,2,141.55,283.10
6232,2025-01-09,616,79,4,139.58,558.32
6232,2025-01-09,616,269,4,302.11,1208.44
6233,2024-12-28,642,288,3,55.84,167.52
6233,2024-12-28,642,125,2,265.17,530.34
6233,2024-12-28,642,194,4,447.89,1791.56
6234,2025-03-21,242,105,2,58.1,116.2
6234,2025-03-21,242,48,2,228.85,457.70
6234,2025-03-21,242,337,5,206.67,1033.35
6235,2025-12-23,373,170,3,40.78,122.34
6235,2025-12-23,373,472,2,46.16,92.32
6235,2025-12-23,373,316,2,285.22,570.44
6236,2025-07-30,182,170,2,40.78,81.56
6236,2025-07-30,182,493,3,312.43,937.29
6237,2025-10-10,216,199,5,286.28,1431.40
6237,2025-10-10,216,209,4,148.45,593.80
6237,2025-10-10,216,148,5,445.16,2225.80
6238,2025-11-13,91,329,5,374.27,1871.35
6238,2025-11-13,91,30,2,152.14,304.28
6238,2025-11-13,91,144,5,398.79,1993.95
6239,2025-05-17,57,333,2,312.24,624.48
6240,2025-03-11,915,323,1,299.85,299.85
6240,2025-03-11,915,233,3,230.37,691.11
6241,2025-12-15,228,279,5,204.8,1024.0
6241,2025-12-15,228,418,1,35.93,35.93
6242,2025-02-05,392,448,2,149.05,298.10
6242,2025-02-05,392,316,2,285.22,570.44
6243,2025-08-22,812,9,5,217.36,1086.80
6244,2025-11-04,815,62,4,245.04,980.16
6244,2025-11-04,815,150,4,72.4,289.6
6245,2025-10-04,787,388,2,317.72,635.44
6245,2025-10-04,787,21,5,141.16,705.80
6246,2025-02-11,144,29,4,178.91,715.64
6246,2025-02-11,144,362,5,299.76,1498.80
6246,2025-02-11,144,138,4,444.05,1776.20
6247,2024-12-27,762,486,2,176.54,353.08
6247,2024-12-27,762,260,2,39.69,79.38
6248,2025-04-29,294,408,1,242.36,242.36
6248,2025-04-29,294,317,4,37.27,149.08
6249,2025-05-10,153,419,3,54.3,162.9
6249,2025-05-10,153,258,4,77.66,310.64
6249,2025-05-10,153,92,5,468.03,2340.15
6250,2025-07-22,621,494,1,429.76,429.76
6250,2025-07-22,621,441,4,34.49,137.96
6251,2025-06-12,251,356,2,8.39,16.78
6251,2025-06-12,251,227,3,94.86,284.58
6251,2025-06-12,251,180,5,179.99,899.95
6252,2025-08-07,135,178,2,65.82,131.64
6252,2025-08-07,135,425,3,165.2,495.6
6252,2025-08-07,135,287,1,291.36,291.36
6253,2025-10-16,475,124,1,225.92,225.92
6253,2025-10-16,475,309,2,50.9,101.8
6254,2025-11-18,159,104,2,157.58,315.16
6254,2025-11-18,159,20,4,478.78,1915.12
6255,2025-08-25,391,89,2,349.52,699.04
6255,2025-08-25,391,379,1,183.38,183.38
6256,2025-07-08,308,414,3,307.45,922.35
6256,2025-07-08,308,201,2,437.71,875.42
6256,2025-07-08,308,205,3,145.68,437.04
6257,2025-04-20,643,310,1,151.31,151.31
6257,2025-04-20,643,445,5,485.73,2428.65
6258,2025-08-27,961,485,1,492.14,492.14
6259,2025-08-23,449,133,4,261.96,1047.84
6260,2025-01-12,293,349,3,173.73,521.19
6261,2025-09-19,613,210,2,318.91,637.82
6261,2025-09-19,613,72,4,409.92,1639.68
6262,2025-10-30,505,46,4,392.38,1569.52
6262,2025-10-30,505,406,5,438.28,2191.40
6263,2025-11-02,3,436,3,472.16,1416.48
6263,2025-11-02,3,439,4,18.16,72.64
6263,2025-11-02,3,241,4,269.46,1077.84
6264,2025-03-31,883,51,2,108.84,217.68
6264,2025-03-31,883,49,3,243.73,731.19
6264,2025-03-31,883,173,3,461.96,1385.88
6265,2025-03-07,852,472,4,46.16,184.64
6266,2025-02-03,88,459,5,223.31,1116.55
6267,2025-12-13,40,483,5,192.76,963.80
6267,2025-12-13,40,298,3,204.65,613.95
6267,2025-12-13,40,65,3,430.11,1290.33
6268,2025-09-30,646,176,5,288.86,1444.30
6268,2025-09-30,646,35,3,246.38,739.14
6269,2025-05-09,207,146,4,92.21,368.84
6269,2025-05-09,207,326,2,211.81,423.62
6269,2025-05-09,207,343,2,240.99,481.98
6270,2025-08-27,58,264,2,245.93,491.86
6270,2025-08-27,58,205,2,145.68,291.36
6271,2025-03-30,743,397,1,160.06,160.06
6272,2025-04-28,430,343,2,240.99,481.98
6272,2025-04-28,430,324,2,113.76,227.52
6273,2025-09-27,879,176,3,288.86,866.58
6273,2025-09-27,879,1,1,80.6,80.6
6274,2025-02-16,540,411,4,147.7,590.8
6274,2025-02-16,540,469,2,103.95,207.90
6275,2025-12-06,458,488,1,209.37,209.37
6275,2025-12-06,458,141,5,448.09,2240.45
6276,2025-06-28,107,460,3,313.84,941.52
6276,2025-06-28,107,147,2,55.32,110.64
6277,2025-03-28,182,385,3,391.11,1173.33
6278,2025-01-07,774,389,5,74.31,371.55
6279,2025-03-17,212,386,1,214.75,214.75
6279,2025-03-17,212,157,4,33.43,133.72
6279,2025-03-17,212,208,2,438.21,876.42
6280,2025-06-04,270,430,5,275.12,1375.60
6280,2025-06-04,270,124,4,225.92,903.68
6280,2025-06-04,270,239,4,469.38,1877.52
6281,2025-03-21,131,15,1,182.7,182.7
6281,2025-03-21,131,438,5,161.16,805.80
6281,2025-03-21,131,237,4,242.96,971.84
6282,2025-09-24,887,43,3,278.89,836.67
6282,2025-09-24,887,160,4,241.99,967.96
6283,2025-04-05,312,330,1,217.0,217.0
6283,2025-04-05,312,422,4,82.75,331.00
6283,2025-04-05,312,348,1,231.55,231.55
6284,2025-06-11,934,118,5,116.6,583.0
6285,2025-04-14,854,245,5,258.08,1290.40
6285,2025-04-14,854,16,4,241.42,965.68
6286,2025-07-16,863,310,5,151.31,756.55
6286,2025-07-16,863,9,5,217.36,1086.80
6287,2025-06-01,588,324,1,113.76,113.76
6287,2025-06-01,588,447,3,376.57,1129.71
6287,2025-06-01,588,460,1,313.84,313.84
6288,2025-10-12,896,244,5,478.82,2394.10
6289,2025-05-04,317,420,3,72.09,216.27
6290,2025-08-21,434,423,2,410.7,821.4
6290,2025-08-21,434,35,4,246.38,985.52
6290,2025-08-21,434,480,1,172.26,172.26
6291,2025-02-28,188,348,3,231.55,694.65
6291,2025-02-28,188,310,2,151.31,302.62
6291,2025-02-28,188,375,2,445.17,890.34
6292,2025-12-13,786,484,5,497.12,2485.60
6293,2025-07-18,57,498,4,374.05,1496.20
6293,2025-07-18,57,481,4,163.42,653.68
6293,2025-07-18,57,189,3,147.88,443.64
6294,2025-06-30,517,42,4,39.02,156.08
6294,2025-06-30,517,485,2,492.14,984.28
6294,2025-06-30,517,369,4,67.55,270.20
6295,2025-05-02,160,499,5,230.52,1152.60
6296,2025-12-01,896,232,3,59.52,178.56
6296,2025-12-01,896,70,2,24.04,48.08
6296,2025-12-01,896,312,1,333.94,333.94
6297,2025-10-28,846,284,2,165.79,331.58
6298,2025-10-08,97,460,5,313.84,1569.20
6299,2025-12-08,815,398,3,71.83,215.49
6300,2024-12-30,599,321,3,75.56,226.68
6301,2025-12-05,47,16,3,241.42,724.26
6302,2025-03-25,283,441,3,34.49,103.47
6302,2025-03-25,283,297,3,398.94,1196.82
6302,2025-03-25,283,453,4,236.71,946.84
6303,2025-05-21,628,427,4,410.44,1641.76
6303,2025-05-21,628,370,1,285.74,285.74
6303,2025-05-21,628,182,3,496.05,1488.15
6304,2025-10-20,580,487,4,79.74,318.96
6304,2025-10-20,580,91,1,51.8,51.8
6305,2025-06-23,268,381,4,313.66,1254.64
6305,2025-06-23,268,41,1,114.35,114.35
6305,2025-06-23,268,423,2,410.7,821.4
6306,2025-06-24,625,115,3,365.14,1095.42
6306,2025-06-24,625,119,3,244.81,734.43
6306,2025-06-24,625,71,4,268.41,1073.64
6307,2025-09-18,533,50,5,166.56,832.80
6307,2025-09-18,533,148,5,445.16,2225.80
6308,2025-09-04,804,222,1,80.58,80.58
6308,2025-09-04,804,144,3,398.79,1196.37
6309,2025-07-22,19,304,2,276.08,552.16
6309,2025-07-22,19,3,1,498.69,498.69
6309,2025-07-22,19,77,2,270.23,540.46
6310,2025-08-04,740,132,2,305.92,611.84
6310,2025-08-04,740,42,2,39.02,78.04
6310,2025-08-04,740,497,1,482.27,482.27
6311,2025-07-24,637,195,4,494.68,1978.72
6311,2025-07-24,637,59,4,418.89,1675.56
6312,2025-10-08,534,199,3,286.28,858.84
6312,2025-10-08,534,337,4,206.67,826.68
6312,2025-10-08,534,87,3,480.44,1441.32
6313,2025-01-18,663,78,2,376.98,753.96
6314,2025-11-11,446,86,3,444.15,1332.45
6315,2025-04-30,300,59,3,418.89,1256.67
6315,2025-04-30,300,448,2,149.05,298.10
6316,2025-06-06,587,83,2,322.41,644.82
6316,2025-06-06,587,414,2,307.45,614.90
6317,2025-04-21,285,24,1,330.39,330.39
6317,2025-04-21,285,202,1,141.74,141.74
6318,2025-10-18,727,365,5,459.25,2296.25
6318,2025-10-18,727,219,4,24.98,99.92
6319,2025-07-02,117,494,4,429.76,1719.04
6320,2025-08-26,725,416,5,70.38,351.90
6320,2025-08-26,725,141,5,448.09,2240.45
6321,2025-08-31,816,461,5,224.53,1122.65
6321,2025-08-31,816,322,5,417.63,2088.15
6322,2025-09-10,214,89,5,349.52,1747.60
6323,2025-11-03,252,327,3,499.91,1499.73
6323,2025-11-03,252,21,5,141.16,705.80
6323,2025-11-03,252,337,4,206.67,826.68
6324,2025-08-24,188,74,3,352.49,1057.47
6324,2025-08-24,188,393,2,263.08,526.16
6325,2025-09-15,39,345,5,210.38,1051.90
6325,2025-09-15,39,479,5,301.68,1508.40
6325,2025-09-15,39,73,5,25.92,129.60
6326,2025-03-16,851,291,4,346.84,1387.36
6326,2025-03-16,851,252,3,257.9,773.7
6326,2025-03-16,851,465,5,313.64,1568.20
6327,2025-07-02,426,283,4,384.65,1538.60
6327,2025-07-02,426,85,5,321.65,1608.25
6328,2025-02-01,619,117,1,142.82,142.82
6329,2025-09-05,956,394,5,348.1,1740.5
6329,2025-09-05,956,114,3,136.66,409.98
6329,2025-09-05,956,369,3,67.55,202.65
6330,2025-11-30,461,35,1,246.38,246.38
6331,2025-06-15,225,487,2,79.74,159.48
6332,2025-12-14,511,163,5,186.78,933.90
6332,2025-12-14,511,15,3,182.7,548.1
6332,2025-12-14,511,352,5,164.03,820.15
6333,2025-02-24,309,395,1,171.83,171.83
6333,2025-02-24,309,448,1,149.05,149.05
6333,2025-02-24,309,205,1,145.68,145.68
6334,2025-05-25,649,460,2,313.84,627.68
6335,2025-07-10,393,53,5,485.1,2425.5
6336,2025-05-12,602,395,1,171.83,171.83
6336,2025-05-12,602,58,4,16.96,67.84
6337,2025-12-06,868,214,4,298.33,1193.32
6337,2025-12-06,868,101,2,35.41,70.82
6338,2025-02-22,389,111,4,157.26,629.04
6339,2024-12-31,519,132,4,305.92,1223.68
6339,2024-12-31,519,304,3,276.08,828.24
6340,2025-11-13,568,36,3,12.2,36.6
6341,2025-02-20,885,419,4,54.3,217.2
6341,2025-02-20,885,476,1,131.18,131.18
6342,2025-10-13,451,387,3,280.52,841.56
6342,2025-10-13,451,3,4,498.69,1994.76
6342,2025-10-13,451,176,4,288.86,1155.44
6343,2025-03-14,926,256,4,127.97,511.88
6344,2025-07-23,240,109,3,97.7,293.1
6344,2025-07-23,240,214,1,298.33,298.33
6345,2025-06-14,99,162,5,147.2,736.0
6345,2025-06-14,99,495,1,295.22,295.22
6345,2025-06-14,99,322,4,417.63,1670.52
6346,2025-08-22,566,483,3,192.76,578.28
6346,2025-08-22,566,488,1,209.37,209.37
6347,2025-04-16,350,270,5,396.51,1982.55
6348,2025-06-03,975,453,2,236.71,473.42
6348,2025-06-03,975,331,3,321.18,963.54
6349,2025-04-19,763,236,2,469.19,938.38
6350,2025-09-08,635,468,1,253.58,253.58
6350,2025-09-08,635,169,5,460.43,2302.15
6350,2025-09-08,635,275,2,25.24,50.48
6351,2025-03-15,431,191,5,246.88,1234.40
6351,2025-03-15,431,389,5,74.31,371.55
6351,2025-03-15,431,387,3,280.52,841.56
6352,2025-08-31,806,442,3,155.41,466.23
6352,2025-08-31,806,461,5,224.53,1122.65
6353,2025-01-13,411,88,4,222.45,889.80
6354,2025-01-04,85,225,5,460.72,2303.60
6354,2025-01-04,85,55,5,471.21,2356.05
6355,2025-05-13,890,350,4,30.8,123.2
6356,2024-12-27,198,263,2,157.37,314.74
6357,2025-05-10,743,432,2,117.54,235.08
6357,2025-05-10,743,475,4,118.44,473.76
6358,2025-03-20,282,13,2,412.47,824.94
6358,2025-03-20,282,363,5,154.83,774.15
6358,2025-03-20,282,93,5,101.41,507.05
6359,2025-03-08,310,89,1,349.52,349.52
6360,2025-08-21,550,338,1,243.62,243.62
6361,2025-09-16,911,420,1,72.09,72.09
6362,2025-03-24,824,420,5,72.09,360.45
6362,2025-03-24,824,353,1,272.7,272.7
6363,2025-09-08,48,48,4,228.85,915.40
6363,2025-09-08,48,68,3,57.36,172.08
6364,2025-10-23,264,167,5,224.17,1120.85
6364,2025-10-23,264,480,3,172.26,516.78
6364,2025-10-23,264,27,3,227.57,682.71
6365,2025-10-30,921,382,3,240.39,721.17
6365,2025-10-30,921,188,5,443.19,2215.95
6365,2025-10-30,921,353,5,272.7,1363.5
6366,2025-07-22,865,233,1,230.37,230.37
6366,2025-07-22,865,378,3,428.55,1285.65
6366,2025-07-22,865,267,3,281.05,843.15
6367,2025-03-06,119,3,3,498.69,1496.07
6367,2025-03-06,119,313,3,151.33,453.99
6368,2025-07-14,185,256,5,127.97,639.85
6368,2025-07-14,185,394,2,348.1,696.2
6368,2025-07-14,185,433,3,389.95,1169.85
6369,2025-09-16,298,132,5,305.92,1529.60
6369,2025-09-16,298,47,4,447.66,1790.64
6370,2025-12-10,210,7,5,359.69,1798.45
6371,2025-10-13,594,215,5,33.6,168.0
6372,2025-06-02,524,162,5,147.2,736.0
6372,2025-06-02,524,238,2,472.08,944.16
6372,2025-06-02,524,458,5,257.33,1286.65
6373,2025-10-09,319,23,5,412.11,2060.55
6373,2025-10-09,319,444,3,231.57,694.71
6373,2025-10-09,319,76,5,445.17,2225.85
6374,2025-03-14,98,405,1,16.73,16.73
6375,2025-08-23,302,84,4,404.22,1616.88
6375,2025-08-23,302,375,1,445.17,445.17
6376,2025-03-11,683,293,3,131.93,395.79
6376,2025-03-11,683,137,1,272.96,272.96
6376,2025-03-11,683,309,3,50.9,152.7
6377,2025-12-26,900,158,1,373.08,373.08
6377,2025-12-26,900,176,2,288.86,577.72
6378,2025-05-30,853,222,5,80.58,402.90
6379,2025-08-13,611,252,5,257.9,1289.5
6380,2025-02-08,306,97,4,113.42,453.68
6381,2025-06-05,918,20,2,478.78,957.56
6381,2025-06-05,918,182,2,496.05,992.10
6381,2025-06-05,918,497,3,482.27,1446.81
6382,2025-11-02,124,349,3,173.73,521.19
6382,2025-11-02,124,290,4,450.86,1803.44
6383,2025-06-05,239,215,3,33.6,100.8
6383,2025-06-05,239,52,3,420.33,1260.99
6384,2025-02-19,487,136,3,341.46,1024.38
6384,2025-02-19,487,194,5,447.89,2239.45
6385,2025-10-19,455,258,1,77.66,77.66
6386,2025-05-12,867,99,1,342.87,342.87
6386,2025-05-12,867,435,5,122.68,613.40
6387,2025-03-29,866,316,4,285.22,1140.88
6388,2025-07-30,861,235,1,72.25,72.25
6388,2025-07-30,861,36,4,12.2,48.8
6389,2025-01-17,736,120,1,458.95,458.95
6389,2025-01-17,736,285,4,447.68,1790.72
6389,2025-01-17,736,492,5,449.67,2248.35
6390,2025-07-27,145,490,3,476.01,1428.03
6390,2025-07-27,145,447,3,376.57,1129.71
6390,2025-07-27,145,257,3,265.71,797.13
6391,2025-04-27,510,136,2,341.46,682.92
6391,2025-04-27,510,286,3,46.15,138.45
6391,2025-04-27,510,424,3,321.07,963.21
6392,2025-09-11,684,474,3,33.57,100.71
6392,2025-09-11,684,252,1,257.9,257.9
6392,2025-09-11,684,199,5,286.28,1431.40
6393,2024-12-29,551,475,1,118.44,118.44
6393,2024-12-29,551,500,3,455.95,1367.85
6393,2024-12-29,551,428,5,358.4,1792.0
6394,2025-05-26,292,391,3,325.16,975.48
6394,2025-05-26,292,325,4,281.87,1127.48
6394,2025-05-26,292,343,5,240.99,1204.95
6395,2025-12-03,940,278,2,205.91,411.82
6395,2025-12-03,940,373,1,282.2,282.2
6396,2025-10-13,37,227,3,94.86,284.58
6396,2025-10-13,37,44,1,439.63,439.63
6397,2025-03-11,15,377,4,401.94,1607.76
6398,2025-10-28,211,488,4,209.37,837.48
6399,2025-02-22,287,132,1,305.92,305.92
6399,2025-02-22,287,158,3,373.08,1119.24
6399,2025-02-22,287,442,3,155.41,466.23
6400,2025-06-18,758,149,3,57.41,172.23
6400,2025-06-18,758,318,3,12.28,36.84
6401,2025-03-03,484,408,5,242.36,1211.80
6402,2025-10-24,587,24,2,330.39,660.78
6402,2025-10-24,587,141,3,448.09,1344.27
6402,2025-10-24,587,477,4,442.21,1768.84
6403,2025-02-18,484,161,4,318.86,1275.44
6404,2025-01-13,567,184,3,72.35,217.05
6404,2025-01-13,567,475,1,118.44,118.44
6405,2025-09-01,411,154,3,434.3,1302.9
6405,2025-09-01,411,324,2,113.76,227.52
6406,2025-07-07,683,400,1,387.4,387.4
6406,2025-07-07,683,95,3,394.98,1184.94
6406,2025-07-07,683,264,4,245.93,983.72
6407,2025-07-23,981,155,1,407.98,407.98
6407,2025-07-23,981,407,2,325.42,650.84
6407,2025-07-23,981,296,1,215.06,215.06
6408,2025-03-14,549,175,2,471.13,942.26
6408,2025-03-14,549,383,1,259.72,259.72
6409,2025-02-08,822,51,5,108.84,544.20
6410,2025-03-14,933,228,1,404.8,404.8
6410,2025-03-14,933,39,4,154.19,616.76
6410,2025-03-14,933,29,5,178.91,894.55
6411,2025-07-24,686,11,3,149.99,449.97
6412,2025-10-18,217,467,2,363.53,727.06
6413,2025-10-04,555,391,5,325.16,1625.80
6414,2025-02-11,174,431,3,141.89,425.67
6415,2025-06-29,923,488,3,209.37,628.11
6415,2025-06-29,923,363,5,154.83,774.15
6415,2025-06-29,923,92,3,468.03,1404.09
6416,2025-06-23,313,482,3,296.53,889.59
6416,2025-06-23,313,262,5,92.87,464.35
6417,2025-07-20,298,461,5,224.53,1122.65
6417,2025-07-20,298,177,4,184.9,739.6
6418,2025-01-02,91,127,1,428.76,428.76
6419,2025-08-31,87,332,1,258.46,258.46
6419,2025-08-31,87,422,2,82.75,165.50
6420,2025-03-01,173,428,3,358.4,1075.2
6420,2025-03-01,173,286,1,46.15,46.15
6420,2025-03-01,173,180,3,179.99,539.97
6421,2025-08-07,877,309,4,50.9,203.6
6421,2025-08-07,877,25,2,250.93,501.86
6422,2025-12-01,224,261,5,184.06,920.30
6422,2025-12-01,224,9,4,217.36,869.44
6423,2025-12-26,539,24,5,330.39,1651.95
6424,2025-01-06,454,461,5,224.53,1122.65
6424,2025-01-06,454,135,3,220.51,661.53
6424,2025-01-06,454,85,5,321.65,1608.25
6425,2025-02-22,533,286,4,46.15,184.60
6426,2025-04-19,641,167,1,224.17,224.17
6426,2025-04-19,641,104,1,157.58,157.58
6426,2025-04-19,641,458,4,257.33,1029.32
6427,2025-02-11,493,72,2,409.92,819.84
6427,2025-02-11,493,282,1,332.62,332.62
6427,2025-02-11,493,59,2,418.89,837.78
6428,2025-06-19,99,227,5,94.86,474.30
6429,2025-03-18,235,138,1,444.05,444.05
6429,2025-03-18,235,352,1,164.03,164.03
6429,2025-03-18,235,459,3,223.31,669.93
6430,2025-03-22,343,122,4,459.94,1839.76
6430,2025-03-22,343,6,3,388.76,1166.28
6431,2025-05-21,875,397,1,160.06,160.06
6432,2025-11-02,965,2,5,287.98,1439.90
6433,2025-12-17,568,159,4,372.6,1490.4
6433,2025-12-17,568,443,1,255.06,255.06
6434,2025-08-23,923,152,4,39.12,156.48
6434,2025-08-23,923,337,3,206.67,620.01
6434,2025-08-23,923,99,4,342.87,1371.48
6435,2025-10-15,220,32,4,342.29,1369.16
6435,2025-10-15,220,331,4,321.18,1284.72
6435,2025-10-15,220,487,3,79.74,239.22
6436,2025-01-26,160,289,3,150.72,452.16
6436,2025-01-26,160,107,5,167.97,839.85
6437,2025-02-20,962,94,3,295.93,887.79
6437,2025-02-20,962,300,5,119.77,598.85
6438,2025-09-20,474,184,5,72.35,361.75
6439,2025-10-18,565,244,3,478.82,1436.46
6440,2025-04-03,57,63,2,364.98,729.96
6440,2025-04-03,57,342,3,478.74,1436.22
6440,2025-04-03,57,423,1,410.7,410.7
6441,2025-09-13,240,213,4,312.66,1250.64
6442,2025-02-28,539,14,4,40.36,161.44
6442,2025-02-28,539,8,3,316.53,949.59
6443,2025-01-23,492,435,5,122.68,613.40
6443,2025-01-23,492,475,3,118.44,355.32
6443,2025-01-23,492,148,1,445.16,445.16
6444,2025-10-20,335,368,3,83.83,251.49
6444,2025-10-20,335,76,4,445.17,1780.68
6444,2025-10-20,335,174,3,314.06,942.18
6445,2025-02-21,813,420,3,72.09,216.27
6446,2025-10-24,960,128,1,229.59,229.59
6447,2025-01-04,411,179,3,153.54,460.62
6447,2025-01-04,411,300,1,119.77,119.77
6448,2025-11-03,946,451,1,117.67,117.67
6449,2025-01-16,112,186,2,436.63,873.26
6449,2025-01-16,112,221,5,109.17,545.85
6450,2025-10-23,844,144,3,398.79,1196.37
6450,2025-10-23,844,364,2,84.82,169.64
6450,2025-10-23,844,489,2,52.69,105.38
6451,2025-02-01,680,16,1,241.42,241.42
6451,2025-02-01,680,398,2,71.83,143.66
6451,2025-02-01,680,423,4,410.7,1642.8
6452,2025-12-24,756,173,1,461.96,461.96
6453,2025-12-19,106,453,2,236.71,473.42
6454,2025-04-02,718,243,5,457.3,2286.5
6454,2025-04-02,718,435,2,122.68,245.36
6455,2025-12-05,956,367,3,394.98,1184.94
6455,2025-12-05,956,457,3,320.53,961.59
6455,2025-12-05,956,414,3,307.45,922.35
6456,2025-01-19,993,42,5,39.02,195.10
6457,2025-07-26,8,337,2,206.67,413.34
6457,2025-07-26,8,215,2,33.6,67.2
6457,2025-07-26,8,174,1,314.06,314.06
6458,2025-09-08,558,96,4,5.28,21.12
6458,2025-09-08,558,254,2,463.64,927.28
6459,2025-06-05,448,299,3,383.39,1150.17
6459,2025-06-05,448,416,4,70.38,281.52
6459,2025-06-05,448,324,4,113.76,455.04
6460,2025-01-24,430,377,2,401.94,803.88
6461,2025-12-07,579,176,3,288.86,866.58
6462,2025-03-22,44,378,4,428.55,1714.20
6462,2025-03-22,44,348,5,231.55,1157.75
6462,2025-03-22,44,178,5,65.82,329.10
6463,2025-02-04,816,128,5,229.59,1147.95
6464,2025-06-22,309,352,5,164.03,820.15
6464,2025-06-22,309,485,3,492.14,1476.42
6464,2025-06-22,309,15,2,182.7,365.4
6465,2025-01-07,607,419,2,54.3,108.6
6466,2025-04-01,25,340,4,46.68,186.72
6466,2025-04-01,25,347,5,138.42,692.10
6466,2025-04-01,25,142,1,240.49,240.49
6467,2025-04-05,717,30,4,152.14,608.56
6468,2025-08-30,647,105,4,58.1,232.4
6469,2025-11-06,120,294,5,41.14,205.70
6469,2025-11-06,120,328,2,50.89,101.78
6469,2025-11-06,120,83,4,322.41,1289.64
6470,2025-12-23,726,113,5,304.92,1524.60
6471,2025-10-30,664,460,2,313.84,627.68
6471,2025-10-30,664,387,5,280.52,1402.60
6471,2025-10-30,664,103,1,239.95,239.95
6472,2025-07-02,537,89,2,349.52,699.04
6472,2025-07-02,537,246,5,426.74,2133.70
6472,2025-07-02,537,368,4,83.83,335.32
6473,2025-02-23,724,163,1,186.78,186.78
6474,2025-10-22,347,393,2,263.08,526.16
6474,2025-10-22,347,432,1,117.54,117.54
6475,2025-02-09,301,33,4,194.9,779.6
6475,2025-02-09,301,62,4,245.04,980.16
6475,2025-02-09,301,259,3,131.5,394.5
6476,2025-05-21,574,315,2,398.86,797.72
6476,2025-05-21,574,263,5,157.37,786.85
6477,2025-07-11,249,267,2,281.05,562.10
6477,2025-07-11,249,177,2,184.9,369.8
6478,2025-04-12,557,5,1,314.52,314.52
6479,2025-08-15,250,101,2,35.41,70.82
6479,2025-08-15,250,414,5,307.45,1537.25
6479,2025-08-15,250,198,5,373.73,1868.65
6480,2025-09-28,869,270,5,396.51,1982.55
6481,2025-08-05,692,445,1,485.73,485.73
6482,2025-02-05,400,376,1,167.79,167.79
6482,2025-02-05,400,102,1,468.5,468.5
6482,2025-02-05,400,23,5,412.11,2060.55
6483,2025-08-08,107,202,3,141.74,425.22
6483,2025-08-08,107,57,4,103.12,412.48
6483,2025-08-08,107,7,5,359.69,1798.45
6484,2025-10-15,423,125,1,265.17,265.17
6484,2025-10-15,423,464,2,267.75,535.50
6485,2025-12-20,118,482,1,296.53,296.53
6486,2025-02-17,285,355,5,208.41,1042.05
6487,2025-11-25,659,19,1,144.77,144.77
6488,2025-05-19,66,326,1,211.81,211.81
6488,2025-05-19,66,64,5,491.55,2457.75
6489,2025-07-29,114,36,4,12.2,48.8
6490,2025-06-20,131,167,3,224.17,672.51
6490,2025-06-20,131,109,3,97.7,293.1
6490,2025-06-20,131,158,1,373.08,373.08
6491,2024-12-29,806,496,3,159.99,479.97
6491,2024-12-29,806,396,1,56.06,56.06
6492,2025-08-20,492,123,1,165.07,165.07
6493,2025-08-12,553,167,2,224.17,448.34
6494,2025-11-24,713,146,3,92.21,276.63
6494,2025-11-24,713,227,3,94.86,284.58
6495,2025-09-26,919,116,5,496.51,2482.55
6495,2025-09-26,919,206,4,270.77,1083.08
6495,2025-09-26,919,287,3,291.36,874.08
6496,2025-12-04,280,43,5,278.89,1394.45
6496,2025-12-04,280,196,3,305.3,915.9
6497,2025-12-26,495,262,5,92.87,464.35
6497,2025-12-26,495,371,1,51.41,51.41
6498,2025-04-25,395,275,5,25.24,126.20
6498,2025-04-25,395,93,4,101.41,405.64
6498,2025-04-25,395,354,4,78.8,315.2
6499,2025-02-10,71,430,4,275.12,1100.48
6499,2025-02-10,71,359,1,275.01,275.01
6500,2025-05-04,2,325,5,281.87,1409.35
6501,2025-01-29,115,289,2,150.72,301.44
6501,2025-01-29,115,175,1,471.13,471.13
6501,2025-01-29,115,499,4,230.52,922.08
6502,2025-06-22,412,340,2,46.68,93.36
6502,2025-06-22,412,290,3,450.86,1352.58
6502,2025-06-22,412,71,4,268.41,1073.64
6503,2025-01-06,455,154,2,434.3,868.6
6503,2025-01-06,455,78,1,376.98,376.98
6504,2025-04-26,868,177,2,184.9,369.8
6504,2025-04-26,868,405,4,16.73,66.92
6504,2025-04-26,868,404,4,153.82,615.28
6505,2025-11-28,420,425,4,165.2,660.8
6505,2025-11-28,420,465,4,313.64,1254.56
6506,2025-08-29,333,48,4,228.85,915.40
6507,2025-11-14,751,142,1,240.49,240.49
6507,2025-11-14,751,316,1,285.22,285.22
6508,2025-04-22,529,31,3,485.56,1456.68
6509,2025-10-09,721,399,5,53.46,267.30
6509,2025-10-09,721,348,4,231.55,926.20
6509,2025-10-09,721,328,2,50.89,101.78
6510,2025-04-25,517,194,1,447.89,447.89
6510,2025-04-25,517,266,5,468.09,2340.45
6510,2025-04-25,517,232,3,59.52,178.56
6511,2025-11-21,170,278,4,205.91,823.64
6511,2025-11-21,170,253,5,358.42,1792.10
6511,2025-11-21,170,269,4,302.11,1208.44
6512,2025-07-21,23,262,2,92.87,185.74
6513,2025-03-29,503,164,2,310.9,621.8
6514,2025-08-21,915,320,1,322.83,322.83
6514,2025-08-21,915,383,5,259.72,1298.60
6514,2025-08-21,915,254,2,463.64,927.28
6515,2025-03-02,743,322,5,417.63,2088.15
6515,2025-03-02,743,224,1,321.92,321.92
6516,2025-04-21,65,364,5,84.82,424.10
6517,2025-11-28,42,307,1,228.49,228.49
6517,2025-11-28,42,3,3,498.69,1496.07
6517,2025-11-28,42,25,1,250.93,250.93
6518,2025-11-18,710,166,2,212.49,424.98
6519,2025-10-10,5,404,2,153.82,307.64
6519,2025-10-10,5,157,1,33.43,33.43
6519,2025-10-10,5,125,4,265.17,1060.68
6520,2025-09-05,906,43,3,278.89,836.67
6520,2025-09-05,906,384,3,229.07,687.21
6521,2025-01-03,935,77,5,270.23,1351.15
6521,2025-01-03,935,447,4,376.57,1506.28
6522,2025-03-30,674,441,1,34.49,34.49
6523,2025-04-11,145,472,4,46.16,184.64
6524,2025-08-03,796,297,3,398.94,1196.82
6525,2025-05-22,158,220,1,26.81,26.81
6525,2025-05-22,158,241,1,269.46,269.46
6526,2025-01-03,878,424,3,321.07,963.21
6527,2025-06-03,751,248,1,45.08,45.08
6528,2025-06-13,335,383,5,259.72,1298.60
6529,2025-12-21,727,281,2,115.36,230.72
6530,2025-10-30,580,196,1,305.3,305.3
6531,2025-12-25,756,167,1,224.17,224.17
6532,2025-11-27,403,236,1,469.19,469.19
6532,2025-11-27,403,238,2,472.08,944.16
6532,2025-11-27,403,494,5,429.76,2148.80
6533,2025-06-03,257,377,4,401.94,1607.76
6533,2025-06-03,257,72,5,409.92,2049.60
6533,2025-06-03,257,383,4,259.72,1038.88
6534,2025-06-25,654,340,3,46.68,140.04
6535,2025-02-27,802,221,3,109.17,327.51
6535,2025-02-27,802,345,5,210.38,1051.90
6535,2025-02-27,802,387,2,280.52,561.04
6536,2025-05-19,140,402,4,341.36,1365.44
6536,2025-05-19,140,257,2,265.71,531.42
6536,2025-05-19,140,403,2,215.58,431.16
6537,2025-03-30,865,161,2,318.86,637.72
6537,2025-03-30,865,367,5,394.98,1974.90
6538,2025-08-08,855,474,5,33.57,167.85
6538,2025-08-08,855,158,5,373.08,1865.40
6538,2025-08-08,855,421,1,320.48,320.48
6539,2025-08-17,20,23,5,412.11,2060.55
6539,2025-08-17,20,69,3,340.46,1021.38
6539,2025-08-17,20,114,2,136.66,273.32
6540,2024-12-27,648,24,4,330.39,1321.56
6541,2025-03-13,555,206,1,270.77,270.77
6541,2025-03-13,555,230,4,476.52,1906.08
6542,2025-06-02,50,113,4,304.92,1219.68
6542,2025-06-02,50,428,5,358.4,1792.0
6542,2025-06-02,50,364,5,84.82,424.10
6543,2025-06-01,535,157,2,33.43,66.86
6543,2025-06-01,535,330,5,217.0,1085.0
6544,2025-11-14,774,439,3,18.16,54.48
6544,2025-11-14,774,37,4,37.4,149.6
6544,2025-11-14,774,449,4,119.8,479.2
6545,2025-11-28,701,123,2,165.07,330.14
6545,2025-11-28,701,374,5,335.47,1677.35
6546,2025-03-24,783,273,3,54.12,162.36
6547,2025-02-01,338,269,3,302.11,906.33
6547,2025-02-01,338,402,2,341.36,682.72
6548,2025-06-27,911,364,3,84.82,254.46
6548,2025-06-27,911,401,1,341.45,341.45
6548,2025-06-27,911,48,4,228.85,915.40
6549,2025-07-03,508,360,2,483.09,966.18
6549,2025-07-03,508,317,3,37.27,111.81
6550,2025-06-28,217,277,5,328.27,1641.35
6550,2025-06-28,217,295,3,130.26,390.78
6550,2025-06-28,217,68,2,57.36,114.72
6551,2025-04-09,24,69,4,340.46,1361.84
6552,2025-12-25,786,157,1,33.43,33.43
6553,2025-01-20,330,279,4,204.8,819.2
6554,2024-12-28,712,205,3,145.68,437.04
6554,2024-12-28,712,400,1,387.4,387.4
6554,2024-12-28,712,7,1,359.69,359.69
6555,2025-02-18,760,19,4,144.77,579.08
6555,2025-02-18,760,33,3,194.9,584.7
6556,2025-10-19,795,468,2,253.58,507.16
6557,2025-02-02,237,117,4,142.82,571.28
6557,2025-02-02,237,40,1,296.1,296.1
6558,2025-10-18,529,417,5,148.93,744.65
6558,2025-10-18,529,21,2,141.16,282.32
6559,2025-11-15,304,389,5,74.31,371.55
6559,2025-11-15,304,166,5,212.49,1062.45
6559,2025-11-15,304,169,4,460.43,1841.72
6560,2025-09-29,534,474,4,33.57,134.28
6560,2025-09-29,534,161,3,318.86,956.58
6561,2025-12-20,873,358,2,329.56,659.12
6561,2025-12-20,873,176,4,288.86,1155.44
6561,2025-12-20,873,69,4,340.46,1361.84
6562,2025-06-28,132,185,4,335.4,1341.6
6563,2025-11-19,157,403,5,215.58,1077.90
6563,2025-11-19,157,56,5,278.79,1393.95
6563,2025-11-19,157,117,5,142.82,714.10
6564,2025-07-05,467,147,1,55.32,55.32
6564,2025-07-05,467,158,4,373.08,1492.32
6564,2025-07-05,467,170,5,40.78,203.90
6565,2025-08-12,492,347,1,138.42,138.42
6565,2025-08-12,492,66,4,211.47,845.88
6565,2025-08-12,492,292,2,242.18,484.36
6566,2025-04-28,601,334,5,134.61,673.05
6567,2025-04-02,110,180,3,179.99,539.97
6567,2025-04-02,110,159,5,372.6,1863.0
6568,2025-05-05,496,11,4,149.99,599.96
6568,2025-05-05,496,346,3,30.32,90.96
6569,2025-08-20,679,73,4,25.92,103.68
6570,2025-08-11,698,168,5,347.07,1735.35
6571,2025-11-29,419,442,1,155.41,155.41
6571,2025-11-29,419,483,5,192.76,963.80
6571,2025-11-29,419,384,3,229.07,687.21
6572,2025-09-06,682,51,1,108.84,108.84
6573,2025-06-15,131,170,3,40.78,122.34
6573,2025-06-15,131,404,1,153.82,153.82
6574,2025-08-01,636,217,4,110.51,442.04
6575,2025-11-01,810,209,2,148.45,296.90
6575,2025-11-01,810,67,3,301.26,903.78
6575,2025-11-01,810,402,2,341.36,682.72
6576,2025-06-09,633,276,1,258.44,258.44
6576,2025-06-09,633,203,3,98.55,295.65
6576,2025-06-09,633,388,3,317.72,953.16
6577,2025-04-23,67,312,4,333.94,1335.76
6577,2025-04-23,67,306,5,390.91,1954.55
6577,2025-04-23,67,393,5,263.08,1315.40
6578,2025-03-22,833,428,3,358.4,1075.2
6579,2025-11-24,590,86,4,444.15,1776.60
6579,2025-11-24,590,215,5,33.6,168.0
6579,2025-11-24,590,498,1,374.05,374.05
6580,2025-04-02,359,246,4,426.74,1706.96
6580,2025-04-02,359,246,1,426.74,426.74
6581,2025-07-08,374,449,1,119.8,119.8
6582,2025-12-21,683,211,3,180.66,541.98
6582,2025-12-21,683,17,1,221.62,221.62
6582,2025-12-21,683,343,3,240.99,722.97
6583,2025-11-28,339,472,2,46.16,92.32
6584,2025-01-11,442,409,1,31.26,31.26
6585,2025-07-15,563,489,1,52.69,52.69
6585,2025-07-15,563,459,2,223.31,446.62
6585,2025-07-15,563,475,4,118.44,473.76
6586,2025-06-29,363,485,5,492.14,2460.70
6587,2025-05-18,121,437,4,297.45,1189.80
6587,2025-05-18,121,493,4,312.43,1249.72
6587,2025-05-18,121,361,1,365.74,365.74
6588,2025-03-10,997,12,4,100.62,402.48
6588,2025-03-10,997,149,5,57.41,287.05
6588,2025-03-10,997,78,1,376.98,376.98
6589,2025-12-21,2,209,5,148.45,742.25
6589,2025-12-21,2,197,2,195.32,390.64
6589,2025-12-21,2,413,3,496.98,1490.94
6590,2025-05-24,263,145,1,20.33,20.33
6590,2025-05-24,263,187,1,319.82,319.82
6591,2025-01-02,93,117,5,142.82,714.10
6591,2025-01-02,93,449,5,119.8,599.0
6591,2025-01-02,93,343,2,240.99,481.98
6592,2025-11-10,750,171,1,350.16,350.16
6592,2025-11-10,750,153,4,210.94,843.76
6593,2025-02-19,845,226,4,285.54,1142.16
6594,2025-03-05,180,480,3,172.26,516.78
6594,2025-03-05,180,176,1,288.86,288.86
6594,2025-03-05,180,359,2,275.01,550.02
6595,2025-03-22,533,293,2,131.93,263.86
6595,2025-03-22,533,276,1,258.44,258.44
6595,2025-03-22,533,153,5,210.94,1054.70
6596,2025-11-28,44,91,2,51.8,103.6
6596,2025-11-28,44,416,4,70.38,281.52
6596,2025-11-28,44,406,5,438.28,2191.40
6597,2025-11-25,164,31,5,485.56,2427.80
6597,2025-11-25,164,81,2,433.63,867.26
6597,2025-11-25,164,361,5,365.74,1828.70
6598,2025-09-18,796,281,1,115.36,115.36
6598,2025-09-18,796,233,5,230.37,1151.85
6598,2025-09-18,796,364,2,84.82,169.64
6599,2025-10-04,976,87,5,480.44,2402.20
6599,2025-10-04,976,260,4,39.69,158.76
6599,2025-10-04,976,202,5,141.74,708.70
6600,2025-03-21,340,458,3,257.33,771.99
6600,2025-03-21,340,275,4,25.24,100.96
6601,2025-03-05,871,309,2,50.9,101.8
6602,2025-08-26,630,339,2,247.5,495.0
6602,2025-08-26,630,381,4,313.66,1254.64
6602,2025-08-26,630,258,1,77.66,77.66
6603,2025-03-19,881,328,3,50.89,152.67
6603,2025-03-19,881,363,2,154.83,309.66
6603,2025-03-19,881,72,1,409.92,409.92
6604,2025-06-18,838,185,4,335.4,1341.6
6604,2025-06-18,838,356,4,8.39,33.56
6605,2025-12-20,781,431,4,141.89,567.56
6606,2025-07-11,146,261,3,184.06,552.18
6606,2025-07-11,146,291,4,346.84,1387.36
6606,2025-07-11,146,150,4,72.4,289.6
6607,2025-10-20,667,197,1,195.32,195.32
6608,2025-09-12,596,305,3,70.29,210.87
6608,2025-09-12,596,62,3,245.04,735.12
6608,2025-09-12,596,18,1,298.7,298.7
6609,2025-01-06,915,331,4,321.18,1284.72
6609,2025-01-06,915,488,5,209.37,1046.85
6610,2025-09-28,243,445,5,485.73,2428.65
6611,2024-12-26,192,494,5,429.76,2148.80
6611,2024-12-26,192,69,1,340.46,340.46
6612,2025-01-22,8,131,4,398.64,1594.56
6613,2025-01-28,359,90,4,414.87,1659.48
6613,2025-01-28,359,55,5,471.21,2356.05
6614,2025-03-02,483,498,4,374.05,1496.20
6615,2025-01-12,981,441,4,34.49,137.96
6616,2025-11-09,716,6,5,388.76,1943.80
6616,2025-11-09,716,383,4,259.72,1038.88
6616,2025-11-09,716,273,3,54.12,162.36
6617,2025-08-26,628,428,3,358.4,1075.2
6618,2025-03-30,48,465,5,313.64,1568.20
6618,2025-03-30,48,104,3,157.58,472.74
6618,2025-03-30,48,189,5,147.88,739.40
6619,2025-10-07,677,237,3,242.96,728.88
6619,2025-10-07,677,268,2,164.18,328.36
6620,2025-07-11,841,472,2,46.16,92.32
6621,2025-07-30,818,464,5,267.75,1338.75
6621,2025-07-30,818,45,4,250.68,1002.72
6621,2025-07-30,818,391,1,325.16,325.16
6622,2025-03-09,473,191,4,246.88,987.52
6622,2025-03-09,473,154,5,434.3,2171.5
6623,2025-08-24,984,268,2,164.18,328.36
6623,2025-08-24,984,57,1,103.12,103.12
6624,2025-02-08,894,464,4,267.75,1071.00
6624,2025-02-08,894,70,2,24.04,48.08
6625,2025-05-08,200,120,2,458.95,917.90
6625,2025-05-08,200,30,1,152.14,152.14
6626,2025-10-02,343,207,5,68.3,341.5
6627,2025-12-22,14,425,3,165.2,495.6
6627,2025-12-22,14,338,5,243.62,1218.10
6627,2025-12-22,14,353,2,272.7,545.4
6628,2025-09-07,595,338,2,243.62,487.24
6628,2025-09-07,595,342,2,478.74,957.48
6629,2025-11-25,934,2,1,287.98,287.98
6629,2025-11-25,934,60,2,334.6,669.2
6630,2025-02-26,394,463,2,144.91,289.82
6630,2025-02-26,394,214,4,298.33,1193.32
6630,2025-02-26,394,462,3,412.76,1238.28
6631,2025-10-04,61,192,3,319.33,957.99
6631,2025-10-04,61,164,4,310.9,1243.6
6631,2025-10-04,61,65,3,430.11,1290.33
6632,2025-06-16,50,300,3,119.77,359.31
6632,2025-06-16,50,304,3,276.08,828.24
6632,2025-06-16,50,205,4,145.68,582.72
6633,2025-08-13,577,256,4,127.97,511.88
6633,2025-08-13,577,181,3,284.33,852.99
6634,2025-07-27,24,394,2,348.1,696.2
6634,2025-07-27,24,145,3,20.33,60.99
6634,2025-07-27,24,168,1,347.07,347.07
6635,2025-02-10,673,24,3,330.39,991.17
6636,2025-01-19,953,406,5,438.28,2191.40
6636,2025-01-19,953,411,1,147.7,147.7
6636,2025-01-19,953,230,1,476.52,476.52
6637,2025-10-11,5,110,5,443.77,2218.85
6637,2025-10-11,5,166,5,212.49,1062.45
6638,2025-12-17,461,11,2,149.99,299.98
6639,2025-06-10,664,387,3,280.52,841.56
6639,2025-06-10,664,436,2,472.16,944.32
6640,2025-07-24,263,206,2,270.77,541.54
6640,2025-07-24,263,215,3,33.6,100.8
6641,2025-10-19,141,361,3,365.74,1097.22
6642,2025-10-21,406,81,3,433.63,1300.89
6642,2025-10-21,406,480,3,172.26,516.78
6643,2025-08-19,489,176,1,288.86,288.86
6643,2025-08-19,489,374,3,335.47,1006.41
6644,2024-12-27,731,353,4,272.7,1090.8
6645,2025-12-20,494,319,3,453.23,1359.69
6646,2025-07-05,608,459,5,223.31,1116.55
6646,2025-07-05,608,462,4,412.76,1651.04
6646,2025-07-05,608,129,1,119.27,119.27
6647,2025-10-16,87,280,1,13.76,13.76
6648,2025-07-18,448,214,1,298.33,298.33
6648,2025-07-18,448,280,3,13.76,41.28
6648,2025-07-18,448,280,1,13.76,13.76
6649,2025-07-17,409,58,1,16.96,16.96
6649,2025-07-17,409,128,4,229.59,918.36
6649,2025-07-17,409,460,5,313.84,1569.20
6650,2025-02-24,652,357,2,147.52,295.04
6650,2025-02-24,652,108,4,393.46,1573.84
6651,2025-05-07,343,207,2,68.3,136.6
6651,2025-05-07,343,71,5,268.41,1342.05
6652,2025-10-01,437,185,5,335.4,1677.0
6652,2025-10-01,437,366,4,223.44,893.76
6653,2025-02-24,893,450,5,101.99,509.95
6653,2025-02-24,893,466,4,477.28,1909.12
6653,2025-02-24,893,450,3,101.99,305.97
6654,2025-06-22,579,32,3,342.29,1026.87
6655,2025-05-27,371,329,3,374.27,1122.81
6655,2025-05-27,371,112,3,242.9,728.7
6656,2025-07-10,160,169,5,460.43,2302.15
6657,2025-04-16,732,323,1,299.85,299.85
6658,2025-03-31,858,18,4,298.7,1194.8
6658,2025-03-31,858,379,5,183.38,916.90
6658,2025-03-31,858,236,1,469.19,469.19
6659,2025-04-02,696,446,3,60.56,181.68
6660,2025-01-04,630,400,2,387.4,774.8
6660,2025-01-04,630,82,3,349.97,1049.91
6661,2025-07-25,428,36,3,12.2,36.6
6662,2025-01-30,854,101,4,35.41,141.64
6662,2025-01-30,854,434,4,21.02,84.08
6662,2025-01-30,854,260,4,39.69,158.76
6663,2025-09-13,71,44,2,439.63,879.26
6663,2025-09-13,71,228,1,404.8,404.8
6664,2025-04-27,477,10,1,248.75,248.75
6664,2025-04-27,477,233,4,230.37,921.48
6664,2025-04-27,477,126,2,41.18,82.36
6665,2025-11-15,560,125,3,265.17,795.51
6665,2025-11-15,560,498,4,374.05,1496.20
6666,2025-07-19,251,169,5,460.43,2302.15
6667,2025-08-23,204,490,1,476.01,476.01
6668,2025-05-18,706,458,3,257.33,771.99
6668,2025-05-18,706,65,3,430.11,1290.33
6668,2025-05-18,706,162,5,147.2,736.0
6669,2025-01-06,753,434,4,21.02,84.08
6669,2025-01-06,753,351,2,87.53,175.06
6669,2025-01-06,753,48,1,228.85,228.85
6670,2025-06-12,28,472,1,46.16,46.16
6671,2025-04-08,846,179,2,153.54,307.08
6672,2025-06-19,619,309,5,50.9,254.5
6673,2025-05-31,95,228,2,404.8,809.6
6674,2025-02-13,897,104,3,157.58,472.74
6674,2025-02-13,897,253,3,358.42,1075.26
6674,2025-02-13,897,353,2,272.7,545.4
6675,2025-09-19,832,500,1,455.95,455.95
6675,2025-09-19,832,264,2,245.93,491.86
6676,2025-08-31,285,242,1,35.44,35.44
6677,2025-12-24,753,445,2,485.73,971.46
6677,2025-12-24,753,71,1,268.41,268.41
6677,2025-12-24,753,266,3,468.09,1404.27
6678,2025-10-09,278,184,3,72.35,217.05
6678,2025-10-09,278,37,5,37.4,187.0
6679,2025-07-10,167,13,4,412.47,1649.88
6680,2025-02-24,606,394,4,348.1,1392.4
6680,2025-02-24,606,431,5,141.89,709.45
6681,2025-09-25,274,318,5,12.28,61.40
6681,2025-09-25,274,245,1,258.08,258.08
6682,2025-03-01,965,494,4,429.76,1719.04
6682,2025-03-01,965,441,2,34.49,68.98
6683,2025-01-05,242,74,1,352.49,352.49
6683,2025-01-05,242,6,5,388.76,1943.80
6683,2025-01-05,242,103,2,239.95,479.90
6684,2025-01-16,79,491,4,474.71,1898.84
6684,2025-01-16,79,265,1,86.31,86.31
6684,2025-01-16,79,154,3,434.3,1302.9
6685,2025-02-14,804,99,2,342.87,685.74
6685,2025-02-14,804,496,5,159.99,799.95
6685,2025-02-14,804,428,1,358.4,358.4
6686,2025-03-31,792,313,1,151.33,151.33
6686,2025-03-31,792,412,1,407.79,407.79
6686,2025-03-31,792,12,4,100.62,402.48
6687,2025-09-16,525,160,2,241.99,483.98
6687,2025-09-16,525,57,2,103.12,206.24
6688,2025-06-28,480,188,5,443.19,2215.95
6688,2025-06-28,480,355,2,208.41,416.82
6689,2025-02-25,375,473,4,341.31,1365.24
6689,2025-02-25,375,89,1,349.52,349.52
6690,2025-04-30,922,395,5,171.83,859.15
6690,2025-04-30,922,8,3,316.53,949.59
6690,2025-04-30,922,369,2,67.55,135.10
6691,2025-01-05,920,6,5,388.76,1943.80
6691,2025-01-05,920,31,4,485.56,1942.24
6691,2025-01-05,920,40,5,296.1,1480.5
6692,2025-04-24,45,341,1,51.61,51.61
6692,2025-04-24,45,494,2,429.76,859.52
6693,2025-04-28,992,111,1,157.26,157.26
6694,2025-08-14,581,138,5,444.05,2220.25
6694,2025-08-14,581,415,4,477.17,1908.68
6695,2025-07-22,940,177,4,184.9,739.6
6696,2025-01-06,728,108,2,393.46,786.92
6696,2025-01-06,728,103,2,239.95,479.90
6697,2025-03-31,813,101,4,35.41,141.64
6697,2025-03-31,813,369,4,67.55,270.20
6698,2025-05-16,816,344,5,177.16,885.80
6698,2025-05-16,816,339,1,247.5,247.5
6699,2025-04-24,4,163,3,186.78,560.34
6700,2025-12-23,39,379,2,183.38,366.76
6701,2025-01-05,931,360,2,483.09,966.18
6701,2025-01-05,931,230,1,476.52,476.52
6701,2025-01-05,931,446,2,60.56,121.12
6702,2025-01-23,256,466,5,477.28,2386.40
6702,2025-01-23,256,148,5,445.16,2225.80
6703,2025-06-12,857,290,3,450.86,1352.58
6703,2025-06-12,857,101,5,35.41,177.05
6703,2025-06-12,857,311,5,289.44,1447.20
6704,2025-06-30,412,353,3,272.7,818.1
6705,2025-11-27,431,310,5,151.31,756.55
6705,2025-11-27,431,439,3,18.16,54.48
6705,2025-11-27,431,465,1,313.64,313.64
6706,2025-04-27,648,123,2,165.07,330.14
6707,2025-07-13,341,106,2,180.08,360.16
6707,2025-07-13,341,273,1,54.12,54.12
6707,2025-07-13,341,258,5,77.66,388.30
6708,2025-07-03,991,150,5,72.4,362.0
6708,2025-07-03,991,480,4,172.26,689.04
6709,2025-10-23,549,424,1,321.07,321.07
6709,2025-10-23,549,140,1,187.49,187.49
6710,2025-01-17,370,415,1,477.17,477.17
6711,2025-01-31,939,250,3,202.45,607.35
6712,2025-05-20,705,237,5,242.96,1214.80
6713,2025-02-19,659,349,3,173.73,521.19
6713,2025-02-19,659,9,2,217.36,434.72
6714,2025-10-01,961,75,1,131.43,131.43
6714,2025-10-01,961,223,4,77.6,310.4
6714,2025-10-01,961,147,5,55.32,276.60
6715,2025-11-26,451,239,4,469.38,1877.52
6715,2025-11-26,451,204,4,296.2,1184.8
6715,2025-11-26,451,12,4,100.62,402.48
6716,2025-11-03,776,289,3,150.72,452.16
6716,2025-11-03,776,396,5,56.06,280.30
6717,2025-05-23,587,343,2,240.99,481.98
6718,2025-01-12,130,209,4,148.45,593.80
6718,2025-01-12,130,455,2,276.92,553.84
6719,2024-12-28,886,187,2,319.82,639.64
6719,2024-12-28,886,332,1,258.46,258.46
6719,2024-12-28,886,334,3,134.61,403.83
6720,2025-10-08,574,25,4,250.93,1003.72
6720,2025-10-08,574,162,1,147.2,147.2
6720,2025-10-08,574,271,2,185.88,371.76
6721,2025-07-31,648,336,2,381.71,763.42
6721,2025-07-31,648,152,3,39.12,117.36
6721,2025-07-31,648,21,1,141.16,141.16
6722,2025-05-15,866,285,3,447.68,1343.04
6723,2025-02-01,27,224,1,321.92,321.92
6723,2025-02-01,27,348,1,231.55,231.55
6723,2025-02-01,27,326,2,211.81,423.62
6724,2025-11-05,503,432,1,117.54,117.54
6725,2025-01-21,139,137,5,272.96,1364.80
6725,2025-01-21,139,453,5,236.71,1183.55
6725,2025-01-21,139,482,4,296.53,1186.12
6726,2025-08-21,679,443,2,255.06,510.12
6726,2025-08-21,679,169,5,460.43,2302.15
6726,2025-08-21,679,221,5,109.17,545.85
6727,2025-10-09,92,483,3,192.76,578.28
6727,2025-10-09,92,389,4,74.31,297.24
6727,2025-10-09,92,321,4,75.56,302.24
6728,2025-04-12,809,51,3,108.84,326.52
6729,2025-04-07,407,291,5,346.84,1734.20
6729,2025-04-07,407,182,1,496.05,496.05
6729,2025-04-07,407,260,3,39.69,119.07
6730,2025-05-01,835,458,2,257.33,514.66
6730,2025-05-01,835,213,2,312.66,625.32
6731,2025-12-11,372,283,1,384.65,384.65
6731,2025-12-11,372,397,5,160.06,800.30
6731,2025-12-11,372,429,2,309.42,618.84
6732,2025-03-03,98,11,3,149.99,449.97
6732,2025-03-03,98,88,3,222.45,667.35
6733,2025-07-09,408,370,5,285.74,1428.70
6734,2025-03-12,433,92,4,468.03,1872.12
6734,2025-03-12,433,67,4,301.26,1205.04
6734,2025-03-12,433,34,2,401.45,802.90
6735,2025-04-25,433,30,1,152.14,152.14
6735,2025-04-25,433,267,4,281.05,1124.20
6735,2025-04-25,433,378,1,428.55,428.55
6736,2025-05-08,563,295,1,130.26,130.26
6736,2025-05-08,563,383,2,259.72,519.44
6737,2025-02-17,212,119,4,244.81,979.24
6737,2025-02-17,212,161,5,318.86,1594.30
6738,2025-03-12,77,286,1,46.15,46.15
6739,2025-09-01,27,274,3,56.74,170.22
6739,2025-09-01,27,301,4,274.15,1096.60
6740,2025-02-08,119,182,2,496.05,992.10
6740,2025-02-08,119,298,1,204.65,204.65
6741,2025-05-28,117,365,2,459.25,918.50
6741,2025-05-28,117,235,2,72.25,144.50
6741,2025-05-28,117,21,2,141.16,282.32
6742,2025-09-27,57,13,5,412.47,2062.35
6742,2025-09-27,57,293,1,131.93,131.93
6743,2025-11-05,123,61,1,351.5,351.5
6744,2025-11-14,514,398,1,71.83,71.83
6744,2025-11-14,514,34,4,401.45,1605.80
6744,2025-11-14,514,402,4,341.36,1365.44
6745,2025-07-04,849,99,5,342.87,1714.35
6745,2025-07-04,849,494,4,429.76,1719.04
6745,2025-07-04,849,54,3,221.51,664.53
6746,2025-09-29,215,120,2,458.95,917.90
6747,2025-07-17,448,399,4,53.46,213.84
6747,2025-07-17,448,392,2,141.55,283.10
6748,2025-03-21,605,485,1,492.14,492.14
6748,2025-03-21,605,1,4,80.6,322.4
6749,2025-09-07,350,450,4,101.99,407.96
6750,2025-10-08,889,469,3,103.95,311.85
6750,2025-10-08,889,444,4,231.57,926.28
6751,2025-08-17,631,286,3,46.15,138.45
6751,2025-08-17,631,156,2,182.35,364.70
6751,2025-08-17,631,37,3,37.4,112.2
6752,2025-04-15,989,35,1,246.38,246.38
6752,2025-04-15,989,356,2,8.39,16.78
6753,2025-05-15,78,147,5,55.32,276.60
6753,2025-05-15,78,160,1,241.99,241.99
6754,2025-03-23,917,162,1,147.2,147.2
6754,2025-03-23,917,203,5,98.55,492.75
6755,2025-09-07,96,388,5,317.72,1588.60
6756,2025-12-01,569,396,4,56.06,224.24
6756,2025-12-01,569,476,5,131.18,655.90
6756,2025-12-01,569,415,2,477.17,954.34
6757,2025-12-16,987,190,2,72.61,145.22
6757,2025-12-16,987,210,5,318.91,1594.55
6757,2025-12-16,987,425,5,165.2,826.0
6758,2025-02-28,529,385,3,391.11,1173.33
6758,2025-02-28,529,127,1,428.76,428.76
6758,2025-02-28,529,438,2,161.16,322.32
6759,2025-11-02,99,129,5,119.27,596.35
6760,2025-08-13,989,281,4,115.36,461.44
6760,2025-08-13,989,305,5,70.29,351.45
6761,2025-03-25,375,484,1,497.12,497.12
6762,2025-08-07,503,395,1,171.83,171.83
6762,2025-08-07,503,26,5,376.51,1882.55
6763,2025-08-04,38,296,1,215.06,215.06
6763,2025-08-04,38,205,4,145.68,582.72
6764,2025-01-02,46,15,3,182.7,548.1
6764,2025-01-02,46,118,2,116.6,233.2
6764,2025-01-02,46,373,5,282.2,1411.0
6765,2025-06-17,375,458,5,257.33,1286.65
6765,2025-06-17,375,37,3,37.4,112.2
6765,2025-06-17,375,60,2,334.6,669.2
6766,2025-02-02,953,79,3,139.58,418.74
6766,2025-02-02,953,137,4,272.96,1091.84
6767,2025-11-29,265,227,5,94.86,474.30
6767,2025-11-29,265,328,3,50.89,152.67
6767,2025-11-29,265,304,3,276.08,828.24
6768,2025-05-04,664,272,4,352.7,1410.8
6768,2025-05-04,664,40,1,296.1,296.1
6768,2025-05-04,664,311,5,289.44,1447.20
6769,2025-06-13,433,308,1,241.52,241.52
6769,2025-06-13,433,91,3,51.8,155.4
6769,2025-06-13,433,131,2,398.64,797.28
6770,2025-02-17,494,164,4,310.9,1243.6
6771,2025-11-06,288,329,4,374.27,1497.08
6771,2025-11-06,288,103,1,239.95,239.95
6771,2025-11-06,288,146,3,92.21,276.63
6772,2025-07-02,582,116,4,496.51,1986.04
6773,2025-05-09,329,44,3,439.63,1318.89
6773,2025-05-09,329,252,1,257.9,257.9
6774,2025-01-07,254,44,5,439.63,2198.15
6774,2025-01-07,254,294,3,41.14,123.42
6775,2025-09-29,916,40,4,296.1,1184.4
6776,2025-09-01,374,193,4,250.13,1000.52
6777,2025-04-01,754,71,2,268.41,536.82
6777,2025-04-01,754,458,3,257.33,771.99
6777,2025-04-01,754,254,2,463.64,927.28
6778,2025-07-25,42,424,2,321.07,642.14
6778,2025-07-25,42,314,5,239.74,1198.70
6778,2025-07-25,42,496,2,159.99,319.98
6779,2025-04-01,137,400,3,387.4,1162.2
6780,2025-12-17,985,371,5,51.41,257.05
6780,2025-12-17,985,270,2,396.51,793.02
6780,2025-12-17,985,78,3,376.98,1130.94
6781,2025-08-25,311,183,5,448.54,2242.70
6781,2025-08-25,311,128,2,229.59,459.18
6782,2025-04-22,555,165,2,78.9,157.8
6783,2025-01-27,801,372,4,20.55,82.20
6784,2025-01-21,728,299,3,383.39,1150.17
6785,2025-08-16,610,376,2,167.79,335.58
6785,2025-08-16,610,106,5,180.08,900.40
6785,2025-08-16,610,430,5,275.12,1375.60
6786,2025-03-26,174,181,4,284.33,1137.32
6786,2025-03-26,174,443,2,255.06,510.12
6787,2025-03-16,923,25,5,250.93,1254.65
6787,2025-03-16,923,455,2,276.92,553.84
6787,2025-03-16,923,400,1,387.4,387.4
6788,2025-03-12,402,79,1,139.58,139.58
6788,2025-03-12,402,221,5,109.17,545.85
6788,2025-03-12,402,182,5,496.05,2480.25
6789,2025-04-13,343,99,3,342.87,1028.61
6789,2025-04-13,343,387,4,280.52,1122.08
6789,2025-04-13,343,117,3,142.82,428.46
6790,2025-01-25,865,444,1,231.57,231.57
6790,2025-01-25,865,64,1,491.55,491.55
6790,2025-01-25,865,208,4,438.21,1752.84
6791,2025-09-26,535,495,5,295.22,1476.10
6791,2025-09-26,535,122,3,459.94,1379.82
6791,2025-09-26,535,105,1,58.1,58.1
6792,2025-11-30,999,464,5,267.75,1338.75
6793,2025-04-19,117,301,1,274.15,274.15
6794,2025-07-14,154,399,4,53.46,213.84
6794,2025-07-14,154,463,4,144.91,579.64
6795,2025-11-22,36,448,3,149.05,447.15
6796,2025-07-14,105,182,1,496.05,496.05
6797,2025-05-27,282,160,4,241.99,967.96
6797,2025-05-27,282,113,2,304.92,609.84
6798,2025-01-13,829,38,4,447.83,1791.32
6799,2025-07-07,599,261,3,184.06,552.18
6799,2025-07-07,599,374,3,335.47,1006.41
6799,2025-07-07,599,214,5,298.33,1491.65
6800,2025-04-05,510,456,1,452.55,452.55
6800,2025-04-05,510,265,2,86.31,172.62
6801,2025-08-19,855,336,1,381.71,381.71
6801,2025-08-19,855,294,4,41.14,164.56
6802,2025-04-12,673,223,2,77.6,155.2
6803,2025-06-30,384,243,1,457.3,457.3
6803,2025-06-30,384,444,1,231.57,231.57
6804,2025-10-19,419,263,5,157.37,786.85
6805,2025-07-10,982,230,3,476.52,1429.56
6806,2025-01-16,996,158,3,373.08,1119.24
6807,2025-03-04,885,488,5,209.37,1046.85
6807,2025-03-04,885,281,4,115.36,461.44
6808,2025-11-02,583,365,2,459.25,918.50
6809,2025-07-29,603,307,3,228.49,685.47
6810,2025-08-05,663,300,4,119.77,479.08
6810,2025-08-05,663,382,1,240.39,240.39
6811,2025-10-04,753,385,1,391.11,391.11
6811,2025-10-04,753,399,1,53.46,53.46
6812,2025-06-26,985,234,4,6.55,26.20
6812,2025-06-26,985,405,1,16.73,16.73
6813,2025-02-13,9,268,1,164.18,164.18
6814,2025-03-09,746,286,4,46.15,184.60
6814,2025-03-09,746,336,1,381.71,381.71
6815,2025-05-18,997,473,2,341.31,682.62
6815,2025-05-18,997,204,2,296.2,592.4
6815,2025-05-18,997,192,2,319.33,638.66
6816,2025-04-23,264,43,5,278.89,1394.45
6816,2025-04-23,264,264,2,245.93,491.86
6817,2025-11-08,431,280,5,13.76,68.80
6818,2025-05-31,960,496,5,159.99,799.95
6818,2025-05-31,960,132,4,305.92,1223.68
6819,2025-03-26,463,386,3,214.75,644.25
6819,2025-03-26,463,377,1,401.94,401.94
6820,2025-03-28,563,310,5,151.31,756.55
6820,2025-03-28,563,94,5,295.93,1479.65
6821,2025-07-23,968,240,4,102.23,408.92
6822,2025-10-18,598,301,3,274.15,822.45
6822,2025-10-18,598,245,5,258.08,1290.40
6823,2025-03-05,993,472,4,46.16,184.64
6823,2025-03-05,993,469,4,103.95,415.80
6823,2025-03-05,993,134,4,284.82,1139.28
6824,2025-10-20,954,284,4,165.79,663.16
6824,2025-10-20,954,356,1,8.39,8.39
6824,2025-10-20,954,12,1,100.62,100.62
6825,2025-08-20,163,217,3,110.51,331.53
6825,2025-08-20,163,262,5,92.87,464.35
6825,2025-08-20,163,158,1,373.08,373.08
6826,2025-11-30,362,112,3,242.9,728.7
6827,2025-02-10,214,91,1,51.8,51.8
6828,2025-06-05,593,466,3,477.28,1431.84
6829,2025-01-13,725,343,4,240.99,963.96
6829,2025-01-13,725,106,4,180.08,720.32
6829,2025-01-13,725,382,2,240.39,480.78
6830,2025-10-05,625,334,1,134.61,134.61
6831,2025-12-17,479,457,4,320.53,1282.12
6831,2025-12-17,479,471,4,327.77,1311.08
6832,2025-10-26,372,500,3,455.95,1367.85
6833,2025-01-22,668,97,4,113.42,453.68
6833,2025-01-22,668,411,4,147.7,590.8
6834,2025-06-11,869,14,2,40.36,80.72
6834,2025-06-11,869,45,5,250.68,1253.40
6834,2025-06-11,869,51,3,108.84,326.52
6835,2025-04-13,117,16,5,241.42,1207.10
6836,2025-10-03,197,412,4,407.79,1631.16
6836,2025-10-03,197,48,3,228.85,686.55
6837,2025-04-27,624,146,2,92.21,184.42
6838,2025-11-19,608,255,2,214.59,429.18
6838,2025-11-19,608,328,4,50.89,203.56
6838,2025-11-19,608,4,2,472.3,944.6
6839,2025-03-29,591,87,4,480.44,1921.76
6839,2025-03-29,591,13,3,412.47,1237.41
6839,2025-03-29,591,105,4,58.1,232.4
6840,2025-04-05,682,192,2,319.33,638.66
6840,2025-04-05,682,276,1,258.44,258.44
6840,2025-04-05,682,57,5,103.12,515.60
6841,2025-01-03,93,326,4,211.81,847.24
6841,2025-01-03,93,23,1,412.11,412.11
6842,2025-10-25,26,249,1,492.22,492.22
6842,2025-10-25,26,199,2,286.28,572.56
6843,2025-09-25,321,420,2,72.09,144.18
6843,2025-09-25,321,230,3,476.52,1429.56
6844,2025-07-16,198,146,2,92.21,184.42
6844,2025-07-16,198,449,2,119.8,239.6
6844,2025-07-16,198,319,1,453.23,453.23
6845,2025-07-26,53,500,1,455.95,455.95
6846,2025-01-17,523,20,3,478.78,1436.34
6846,2025-01-17,523,112,3,242.9,728.7
6847,2025-09-11,539,496,3,159.99,479.97
6847,2025-09-11,539,180,1,179.99,179.99
6847,2025-09-11,539,415,4,477.17,1908.68
6848,2025-02-15,188,136,3,341.46,1024.38
6848,2025-02-15,188,199,2,286.28,572.56
6848,2025-02-15,188,21,4,141.16,564.64
6849,2025-02-06,878,371,2,51.41,102.82
6849,2025-02-06,878,466,5,477.28,2386.40
6849,2025-02-06,878,424,2,321.07,642.14
6850,2025-04-24,184,401,2,341.45,682.90
6850,2025-04-24,184,41,1,114.35,114.35
6851,2025-12-02,690,4,5,472.3,2361.5
6851,2025-12-02,690,166,2,212.49,424.98
6852,2025-02-03,508,105,2,58.1,116.2
6853,2025-09-24,7,301,2,274.15,548.30
6853,2025-09-24,7,338,3,243.62,730.86
6853,2025-09-24,7,162,2,147.2,294.4
6854,2025-07-11,768,96,4,5.28,21.12
6855,2025-05-21,39,267,5,281.05,1405.25
6855,2025-05-21,39,298,2,204.65,409.30
6856,2025-11-15,393,491,4,474.71,1898.84
6856,2025-11-15,393,385,4,391.11,1564.44
6857,2025-03-10,462,37,5,37.4,187.0
6858,2025-12-03,884,144,2,398.79,797.58
6859,2025-10-04,517,169,5,460.43,2302.15
6859,2025-10-04,517,184,1,72.35,72.35
6860,2025-09-30,760,309,5,50.9,254.5
6860,2025-09-30,760,56,5,278.79,1393.95
6861,2025-04-26,689,135,1,220.51,220.51
6861,2025-04-26,689,370,3,285.74,857.22
6862,2025-01-05,809,496,2,159.99,319.98
6862,2025-01-05,809,287,1,291.36,291.36
6862,2025-01-05,809,486,1,176.54,176.54
6863,2025-01-26,726,167,5,224.17,1120.85
6863,2025-01-26,726,374,2,335.47,670.94
6864,2025-03-20,637,58,5,16.96,84.80
6864,2025-03-20,637,315,1,398.86,398.86
6864,2025-03-20,637,425,3,165.2,495.6
6865,2025-07-26,161,60,1,334.6,334.6
6866,2025-08-21,12,287,3,291.36,874.08
6866,2025-08-21,12,95,3,394.98,1184.94
6866,2025-08-21,12,17,5,221.62,1108.10
6867,2025-11-18,819,443,1,255.06,255.06
6867,2025-11-18,819,419,3,54.3,162.9
6867,2025-11-18,819,289,1,150.72,150.72
6868,2025-02-21,928,468,2,253.58,507.16
6868,2025-02-21,928,436,4,472.16,1888.64
6868,2025-02-21,928,29,1,178.91,178.91
6869,2025-08-08,400,40,4,296.1,1184.4
6869,2025-08-08,400,1,3,80.6,241.8
6870,2025-07-18,797,311,5,289.44,1447.20
6870,2025-07-18,797,413,1,496.98,496.98
6871,2025-02-18,211,479,4,301.68,1206.72
6871,2025-02-18,211,411,3,147.7,443.1
6871,2025-02-18,211,365,5,459.25,2296.25
6872,2025-11-10,250,421,3,320.48,961.44
6873,2025-08-31,725,278,4,205.91,823.64
6874,2025-02-23,218,224,4,321.92,1287.68
6874,2025-02-23,218,258,5,77.66,388.30
6874,2025-02-23,218,461,4,224.53,898.12
6875,2025-11-22,264,53,1,485.1,485.1
6876,2025-04-30,382,274,3,56.74,170.22
6876,2025-04-30,382,54,3,221.51,664.53
6876,2025-04-30,382,40,1,296.1,296.1
6877,2025-01-10,691,163,5,186.78,933.90
6878,2025-02-02,320,9,4,217.36,869.44
6878,2025-02-02,320,381,5,313.66,1568.30
6879,2025-12-07,182,84,5,404.22,2021.10
6879,2025-12-07,182,306,5,390.91,1954.55
6879,2025-12-07,182,281,2,115.36,230.72
6880,2025-09-29,925,136,2,341.46,682.92
6881,2025-12-08,305,206,4,270.77,1083.08
6881,2025-12-08,305,51,2,108.84,217.68
6882,2025-12-06,348,408,1,242.36,242.36
6883,2025-09-18,333,465,2,313.64,627.28
6883,2025-09-18,333,351,4,87.53,350.12
6884,2025-03-05,65,267,2,281.05,562.10
6884,2025-03-05,65,65,4,430.11,1720.44
6885,2025-04-30,340,215,4,33.6,134.4
6885,2025-04-30,340,405,2,16.73,33.46
6886,2025-07-03,629,1,2,80.6,161.2
6886,2025-07-03,629,2,1,287.98,287.98
6886,2025-07-03,629,458,5,257.33,1286.65
6887,2025-09-12,75,192,5,319.33,1596.65
6888,2025-04-27,312,439,4,18.16,72.64
6888,2025-04-27,312,183,2,448.54,897.08
6889,2025-02-01,990,267,5,281.05,1405.25
6889,2025-02-01,990,191,5,246.88,1234.40
6889,2025-02-01,990,44,1,439.63,439.63
6890,2025-10-12,60,46,4,392.38,1569.52
6891,2025-05-21,769,375,2,445.17,890.34
6892,2025-07-02,445,447,1,376.57,376.57
6893,2025-07-05,570,40,4,296.1,1184.4
6893,2025-07-05,570,34,2,401.45,802.90
6894,2025-11-13,962,97,4,113.42,453.68
6894,2025-11-13,962,456,4,452.55,1810.20
6895,2025-06-07,950,160,3,241.99,725.97
6895,2025-06-07,950,250,4,202.45,809.80
6895,2025-06-07,950,335,4,42.9,171.6
6896,2025-06-01,736,272,2,352.7,705.4
6896,2025-06-01,736,155,4,407.98,1631.92
6897,2025-02-23,540,441,2,34.49,68.98
6898,2025-12-24,659,460,5,313.84,1569.20
6898,2025-12-24,659,455,3,276.92,830.76
6899,2025-11-18,392,423,5,410.7,2053.5
6899,2025-11-18,392,422,3,82.75,248.25
6899,2025-11-18,392,98,4,14.53,58.12
6900,2025-05-07,318,41,4,114.35,457.40
6900,2025-05-07,318,355,3,208.41,625.23
6900,2025-05-07,318,358,3,329.56,988.68
6901,2025-06-15,589,477,3,442.21,1326.63
6901,2025-06-15,589,239,3,469.38,1408.14
6902,2025-09-29,395,242,1,35.44,35.44
6902,2025-09-29,395,38,4,447.83,1791.32
6903,2025-12-08,999,264,3,245.93,737.79
6903,2025-12-08,999,74,4,352.49,1409.96
6903,2025-12-08,999,380,2,276.01,552.02
6904,2025-06-11,863,207,2,68.3,136.6
6904,2025-06-11,863,383,4,259.72,1038.88
6904,2025-06-11,863,223,3,77.6,232.8
6905,2025-08-27,513,487,5,79.74,398.70
6906,2025-04-18,755,152,3,39.12,117.36
6906,2025-04-18,755,226,3,285.54,856.62
6906,2025-04-18,755,356,1,8.39,8.39
6907,2025-01-18,407,266,1,468.09,468.09
6907,2025-01-18,407,411,5,147.7,738.5
6908,2025-01-16,219,71,4,268.41,1073.64
6908,2025-01-16,219,258,4,77.66,310.64
6909,2025-01-03,132,244,4,478.82,1915.28
6909,2025-01-03,132,479,1,301.68,301.68
6910,2025-04-26,320,140,4,187.49,749.96
6910,2025-04-26,320,242,4,35.44,141.76
6910,2025-04-26,320,370,1,285.74,285.74
6911,2025-11-26,133,451,4,117.67,470.68
6912,2025-07-06,258,196,4,305.3,1221.2
6912,2025-07-06,258,94,3,295.93,887.79
6912,2025-07-06,258,313,1,151.33,151.33
6913,2025-11-02,28,200,3,275.47,826.41
6914,2025-06-02,574,425,2,165.2,330.4
6915,2025-01-11,482,280,3,13.76,41.28
6915,2025-01-11,482,207,4,68.3,273.2
6915,2025-01-11,482,397,4,160.06,640.24
6916,2025-08-30,755,427,3,410.44,1231.32
6916,2025-08-30,755,1,3,80.6,241.8
6917,2025-05-15,956,305,2,70.29,140.58
6918,2025-02-10,576,242,3,35.44,106.32
6919,2025-05-18,300,225,3,460.72,1382.16
6920,2025-11-08,864,31,2,485.56,971.12
6921,2025-09-01,250,354,5,78.8,394.0
6921,2025-09-01,250,261,2,184.06,368.12
6922,2025-06-01,871,241,2,269.46,538.92
6923,2025-07-10,880,50,5,166.56,832.80
6923,2025-07-10,880,321,4,75.56,302.24
6924,2025-09-26,915,175,5,471.13,2355.65
6924,2025-09-26,915,461,4,224.53,898.12
6924,2025-09-26,915,154,1,434.3,434.3
6925,2025-07-11,704,319,4,453.23,1812.92
6925,2025-07-11,704,198,3,373.73,1121.19
6926,2025-12-08,244,431,2,141.89,283.78
6927,2025-10-12,205,470,1,232.51,232.51
6927,2025-10-12,205,184,3,72.35,217.05
6927,2025-10-12,205,120,2,458.95,917.90
6928,2025-03-28,235,243,1,457.3,457.3
6929,2025-04-22,1,307,1,228.49,228.49
6930,2025-02-14,529,402,3,341.36,1024.08
6930,2025-02-14,529,312,2,333.94,667.88
6930,2025-02-14,529,118,1,116.6,116.6
6931,2025-06-05,464,225,2,460.72,921.44
6931,2025-06-05,464,205,1,145.68,145.68
6931,2025-06-05,464,211,3,180.66,541.98
6932,2025-10-14,975,157,4,33.43,133.72
6933,2025-11-07,339,329,3,374.27,1122.81
6933,2025-11-07,339,106,1,180.08,180.08
6933,2025-11-07,339,181,3,284.33,852.99
6934,2025-03-13,223,463,2,144.91,289.82
6935,2025-08-11,14,442,1,155.41,155.41
6935,2025-08-11,14,423,4,410.7,1642.8
6935,2025-08-11,14,24,4,330.39,1321.56
6936,2025-07-09,122,442,5,155.41,777.05
6936,2025-07-09,122,160,3,241.99,725.97
6937,2025-01-03,835,319,3,453.23,1359.69
6937,2025-01-03,835,283,2,384.65,769.30
6938,2025-10-14,454,236,5,469.19,2345.95
6938,2025-10-14,454,288,3,55.84,167.52
6938,2025-10-14,454,480,4,172.26,689.04
6939,2025-02-17,796,134,1,284.82,284.82
6939,2025-02-17,796,255,5,214.59,1072.95
6939,2025-02-17,796,182,1,496.05,496.05
6940,2025-03-06,961,103,3,239.95,719.85
6940,2025-03-06,961,105,4,58.1,232.4
6941,2025-05-28,896,307,1,228.49,228.49
6941,2025-05-28,896,81,1,433.63,433.63
6942,2025-07-09,233,235,3,72.25,216.75
6942,2025-07-09,233,383,5,259.72,1298.60
6942,2025-07-09,233,35,3,246.38,739.14
6943,2025-07-09,69,68,4,57.36,229.44
6943,2025-07-09,69,207,2,68.3,136.6
6944,2025-09-05,156,449,4,119.8,479.2
6944,2025-09-05,156,48,2,228.85,457.70
6944,2025-09-05,156,9,1,217.36,217.36
6945,2025-12-03,453,45,1,250.68,250.68
6945,2025-12-03,453,448,5,149.05,745.25
6945,2025-12-03,453,299,2,383.39,766.78
6946,2025-09-13,286,186,5,436.63,2183.15
6946,2025-09-13,286,170,1,40.78,40.78
6947,2025-06-12,581,341,1,51.61,51.61
6947,2025-06-12,581,229,5,296.73,1483.65
6947,2025-06-12,581,160,2,241.99,483.98
6948,2025-05-02,974,18,4,298.7,1194.8
6948,2025-05-02,974,19,5,144.77,723.85
6948,2025-05-02,974,376,3,167.79,503.37
6949,2025-12-12,799,77,5,270.23,1351.15
6949,2025-12-12,799,483,4,192.76,771.04
6949,2025-12-12,799,435,4,122.68,490.72
6950,2025-05-16,262,497,4,482.27,1929.08
6951,2025-08-02,777,206,2,270.77,541.54
6951,2025-08-02,777,459,5,223.31,1116.55
6952,2025-09-14,688,293,4,131.93,527.72
6953,2025-06-20,735,147,5,55.32,276.60
6953,2025-06-20,735,16,4,241.42,965.68
6953,2025-06-20,735,453,4,236.71,946.84
6954,2025-03-25,531,397,5,160.06,800.30
6955,2025-11-24,806,286,2,46.15,92.30
6955,2025-11-24,806,461,2,224.53,449.06
6956,2025-10-27,881,418,2,35.93,71.86
6956,2025-10-27,881,332,2,258.46,516.92
6956,2025-10-27,881,64,5,491.55,2457.75
6957,2025-06-29,784,362,5,299.76,1498.80
6957,2025-06-29,784,397,2,160.06,320.12
6957,2025-06-29,784,402,1,341.36,341.36
6958,2025-08-19,670,207,1,68.3,68.3
6959,2025-02-20,492,275,4,25.24,100.96
6959,2025-02-20,492,407,1,325.42,325.42
6960,2025-11-24,19,225,5,460.72,2303.60
6961,2025-03-08,322,340,1,46.68,46.68
6962,2025-09-16,613,394,5,348.1,1740.5
6963,2025-01-21,513,397,1,160.06,160.06
6963,2025-01-21,513,212,1,122.95,122.95
6963,2025-01-21,513,425,5,165.2,826.0
6964,2025-08-11,882,417,4,148.93,595.72
6964,2025-08-11,882,383,5,259.72,1298.60
6964,2025-08-11,882,367,5,394.98,1974.90
6965,2025-04-10,546,154,1,434.3,434.3
6965,2025-04-10,546,18,4,298.7,1194.8
6965,2025-04-10,546,382,2,240.39,480.78
6966,2025-06-20,992,299,1,383.39,383.39
6967,2025-06-29,838,166,4,212.49,849.96
6967,2025-06-29,838,113,3,304.92,914.76
6968,2024-12-31,658,440,3,475.31,1425.93
6968,2024-12-31,658,280,3,13.76,41.28
6968,2024-12-31,658,42,1,39.02,39.02
6969,2025-12-15,732,277,4,328.27,1313.08
6969,2025-12-15,732,500,4,455.95,1823.80
6970,2025-02-22,234,296,4,215.06,860.24
6970,2025-02-22,234,180,1,179.99,179.99
6970,2025-02-22,234,175,3,471.13,1413.39
6971,2025-06-26,107,43,3,278.89,836.67
6972,2025-02-09,380,382,4,240.39,961.56
6972,2025-02-09,380,189,1,147.88,147.88
6973,2025-03-07,740,497,5,482.27,2411.35
6973,2025-03-07,740,334,5,134.61,673.05
6973,2025-03-07,740,262,5,92.87,464.35
6974,2025-11-19,892,285,1,447.68,447.68
6974,2025-11-19,892,40,3,296.1,888.3
6975,2025-07-08,662,177,3,184.9,554.7
6976,2025-10-31,546,122,4,459.94,1839.76
6977,2025-05-17,442,303,3,489.27,1467.81
6977,2025-05-17,442,277,1,328.27,328.27
6978,2025-03-24,293,332,2,258.46,516.92
6978,2025-03-24,293,6,5,388.76,1943.80
6979,2025-09-01,467,326,5,211.81,1059.05
6979,2025-09-01,467,171,2,350.16,700.32
6980,2025-07-08,530,179,4,153.54,614.16
6980,2025-07-08,530,77,4,270.23,1080.92
6981,2025-12-23,150,340,5,46.68,233.40
6981,2025-12-23,150,389,3,74.31,222.93
6981,2025-12-23,150,336,4,381.71,1526.84
6982,2025-10-04,243,60,5,334.6,1673.0
6982,2025-10-04,243,17,5,221.62,1108.10
6983,2025-10-27,12,397,1,160.06,160.06
6983,2025-10-27,12,163,2,186.78,373.56
6983,2025-10-27,12,318,3,12.28,36.84
6984,2025-04-06,970,118,5,116.6,583.0
6984,2025-04-06,970,1,5,80.6,403.0
6985,2025-07-10,282,419,2,54.3,108.6
6985,2025-07-10,282,237,5,242.96,1214.80
6986,2025-01-22,856,308,5,241.52,1207.60
6986,2025-01-22,856,196,2,305.3,610.6
6986,2025-01-22,856,321,2,75.56,151.12
6987,2025-10-22,542,182,3,496.05,1488.15
6987,2025-10-22,542,483,4,192.76,771.04
6987,2025-10-22,542,447,4,376.57,1506.28
6988,2025-10-31,227,353,3,272.7,818.1
6988,2025-10-31,227,94,1,295.93,295.93
6988,2025-10-31,227,121,2,492.6,985.2
6989,2025-07-21,341,375,5,445.17,2225.85
6989,2025-07-21,341,241,3,269.46,808.38
6990,2025-04-17,663,248,1,45.08,45.08
6990,2025-04-17,663,436,4,472.16,1888.64
6991,2025-07-31,360,136,3,341.46,1024.38
6992,2025-11-08,339,200,3,275.47,826.41
6992,2025-11-08,339,38,5,447.83,2239.15
6992,2025-11-08,339,277,3,328.27,984.81
6993,2025-01-19,515,31,1,485.56,485.56
6994,2025-05-10,703,204,3,296.2,888.6
6994,2025-05-10,703,190,1,72.61,72.61
6994,2025-05-10,703,95,2,394.98,789.96
6995,2025-12-18,562,490,3,476.01,1428.03
6995,2025-12-18,562,132,3,305.92,917.76
6995,2025-12-18,562,170,1,40.78,40.78
6996,2025-11-02,78,169,2,460.43,920.86
6997,2025-03-16,517,266,5,468.09,2340.45
6997,2025-03-16,517,164,2,310.9,621.8
6998,2025-08-03,792,24,1,330.39,330.39
6998,2025-08-03,792,382,3,240.39,721.17
6998,2025-08-03,792,265,3,86.31,258.93
6999,2025-05-10,64,109,4,97.7,390.8
6999,2025-05-10,64,286,5,46.15,230.75
6999,2025-05-10,64,265,5,86.31,431.55
7000,2025-07-14,383,11,3,149.99,449.97
7001,2025-02-12,852,306,1,390.91,390.91
7002,2025-01-29,524,331,1,321.18,321.18
7003,2025-05-22,593,214,5,298.33,1491.65
7003,2025-05-22,593,446,2,60.56,121.12
7003,2025-05-22,593,30,2,152.14,304.28
7004,2025-10-30,371,375,3,445.17,1335.51
7004,2025-10-30,371,20,5,478.78,2393.90
7005,2025-07-20,813,304,3,276.08,828.24
7005,2025-07-20,813,13,1,412.47,412.47
7005,2025-07-20,813,24,3,330.39,991.17
7006,2025-03-21,126,25,3,250.93,752.79
7006,2025-03-21,126,446,1,60.56,60.56
7007,2025-03-11,343,355,4,208.41,833.64
7007,2025-03-11,343,234,4,6.55,26.20
7008,2025-05-29,716,220,1,26.81,26.81
7008,2025-05-29,716,44,2,439.63,879.26
7009,2025-05-24,442,259,1,131.5,131.5
7010,2025-06-08,852,203,2,98.55,197.10
7011,2025-01-17,936,249,2,492.22,984.44
7011,2025-01-17,936,88,1,222.45,222.45
7011,2025-01-17,936,28,1,412.52,412.52
7012,2025-01-28,956,101,3,35.41,106.23
7012,2025-01-28,956,347,4,138.42,553.68
7013,2025-10-19,654,34,3,401.45,1204.35
7013,2025-10-19,654,297,3,398.94,1196.82
7013,2025-10-19,654,205,5,145.68,728.40
7014,2025-05-04,45,319,3,453.23,1359.69
7014,2025-05-04,45,480,2,172.26,344.52
7014,2025-05-04,45,456,1,452.55,452.55
7015,2025-01-20,48,224,5,321.92,1609.60
7015,2025-01-20,48,401,4,341.45,1365.80
7015,2025-01-20,48,194,1,447.89,447.89
7016,2025-07-11,558,337,3,206.67,620.01
7016,2025-07-11,558,409,3,31.26,93.78
7017,2025-08-06,815,456,1,452.55,452.55
7017,2025-08-06,815,340,3,46.68,140.04
7018,2025-08-23,297,234,4,6.55,26.20
7019,2025-11-14,336,492,3,449.67,1349.01
7019,2025-11-14,336,479,3,301.68,905.04
7019,2025-11-14,336,147,2,55.32,110.64
7020,2025-02-01,665,29,2,178.91,357.82
7021,2025-04-02,330,152,2,39.12,78.24
7022,2025-10-27,14,5,5,314.52,1572.60
7022,2025-10-27,14,453,1,236.71,236.71
7022,2025-10-27,14,196,2,305.3,610.6
7023,2025-01-28,633,384,3,229.07,687.21
7023,2025-01-28,633,321,1,75.56,75.56
7024,2025-07-25,594,85,5,321.65,1608.25
7024,2025-07-25,594,263,3,157.37,472.11
7025,2025-01-15,728,255,1,214.59,214.59
7026,2025-03-04,729,165,2,78.9,157.8
7026,2025-03-04,729,186,4,436.63,1746.52
7026,2025-03-04,729,213,1,312.66,312.66
7027,2025-01-30,334,351,3,87.53,262.59
7028,2025-12-05,297,108,4,393.46,1573.84
7028,2025-12-05,297,66,4,211.47,845.88
7029,2025-11-08,268,379,1,183.38,183.38
7029,2025-11-08,268,411,2,147.7,295.4
7029,2025-11-08,268,159,2,372.6,745.2
7030,2025-03-22,49,269,3,302.11,906.33
7031,2025-07-12,874,491,2,474.71,949.42
7032,2025-08-25,602,169,5,460.43,2302.15
7032,2025-08-25,602,275,3,25.24,75.72
7032,2025-08-25,602,405,1,16.73,16.73
7033,2025-12-16,34,9,1,217.36,217.36
7033,2025-12-16,34,230,1,476.52,476.52
7034,2025-12-24,108,91,1,51.8,51.8
7035,2025-05-12,691,80,5,293.7,1468.5
7036,2025-02-27,503,6,5,388.76,1943.80
7036,2025-02-27,503,365,1,459.25,459.25
7037,2025-10-19,573,244,5,478.82,2394.10
7038,2025-11-14,429,401,2,341.45,682.90
7038,2025-11-14,429,297,3,398.94,1196.82
7039,2025-04-04,332,152,1,39.12,39.12
7040,2025-09-02,326,414,2,307.45,614.90
7041,2024-12-30,539,306,5,390.91,1954.55
7042,2025-07-23,142,131,2,398.64,797.28
7043,2025-01-17,30,42,1,39.02,39.02
7043,2025-01-17,30,500,1,455.95,455.95
7043,2025-01-17,30,304,4,276.08,1104.32
7044,2025-10-12,458,8,1,316.53,316.53
7044,2025-10-12,458,292,2,242.18,484.36
7044,2025-10-12,458,266,3,468.09,1404.27
7045,2025-09-08,82,477,3,442.21,1326.63
7045,2025-09-08,82,394,4,348.1,1392.4
7045,2025-09-08,82,483,3,192.76,578.28
7046,2025-08-02,901,335,3,42.9,128.7
7046,2025-08-02,901,78,1,376.98,376.98
7047,2025-10-13,257,420,4,72.09,288.36
7047,2025-10-13,257,423,4,410.7,1642.8
7048,2025-02-11,423,415,1,477.17,477.17
7049,2025-12-05,694,188,3,443.19,1329.57
7049,2025-12-05,694,208,3,438.21,1314.63
7049,2025-12-05,694,491,3,474.71,1424.13
7050,2025-08-10,594,47,4,447.66,1790.64
7050,2025-08-10,594,6,5,388.76,1943.80
7050,2025-08-10,594,360,5,483.09,2415.45
7051,2025-01-14,7,306,4,390.91,1563.64
7052,2025-11-24,515,344,2,177.16,354.32
7053,2025-02-11,56,247,4,154.79,619.16
7054,2025-11-16,416,47,3,447.66,1342.98
7055,2025-05-11,999,185,2,335.4,670.8
7055,2025-05-11,999,198,3,373.73,1121.19
7056,2025-06-02,461,383,2,259.72,519.44
7056,2025-06-02,461,433,2,389.95,779.90
7057,2025-09-04,589,296,1,215.06,215.06
7058,2025-10-02,714,69,1,340.46,340.46
7059,2025-05-03,368,155,5,407.98,2039.90
7059,2025-05-03,368,68,3,57.36,172.08
7060,2025-12-17,175,143,5,472.35,2361.75
7061,2025-05-16,5,187,3,319.82,959.46
7061,2025-05-16,5,66,5,211.47,1057.35
7061,2025-05-16,5,223,2,77.6,155.2
7062,2025-01-27,341,19,5,144.77,723.85
7062,2025-01-27,341,62,1,245.04,245.04
7062,2025-01-27,341,69,1,340.46,340.46
7063,2025-10-18,118,163,1,186.78,186.78
7064,2025-11-15,430,57,1,103.12,103.12
7064,2025-11-15,430,117,3,142.82,428.46
7064,2025-11-15,430,219,2,24.98,49.96
7065,2025-05-31,158,454,3,64.77,194.31
7065,2025-05-31,158,312,3,333.94,1001.82
7065,2025-05-31,158,282,1,332.62,332.62
7066,2025-02-21,855,220,2,26.81,53.62
7066,2025-02-21,855,318,3,12.28,36.84
7067,2025-11-30,314,178,2,65.82,131.64
7067,2025-11-30,314,402,1,341.36,341.36
7067,2025-11-30,314,372,4,20.55,82.20
7068,2025-07-01,729,53,5,485.1,2425.5
7069,2025-01-31,45,478,1,68.54,68.54
7070,2025-07-20,322,82,4,349.97,1399.88
7070,2025-07-20,322,79,1,139.58,139.58
7071,2025-02-23,899,293,1,131.93,131.93
7071,2025-02-23,899,390,3,40.96,122.88
7072,2025-10-17,47,157,1,33.43,33.43
7072,2025-10-17,47,288,2,55.84,111.68
7072,2025-10-17,47,328,1,50.89,50.89
7073,2025-08-10,965,85,1,321.65,321.65
7074,2025-12-07,856,167,2,224.17,448.34
7074,2025-12-07,856,368,1,83.83,83.83
7075,2025-08-01,782,351,1,87.53,87.53
7075,2025-08-01,782,26,2,376.51,753.02
7076,2025-05-29,814,109,3,97.7,293.1
7076,2025-05-29,814,498,1,374.05,374.05
7077,2025-10-18,113,347,1,138.42,138.42
7077,2025-10-18,113,56,2,278.79,557.58
7078,2025-06-07,715,53,3,485.1,1455.3
7078,2025-06-07,715,81,2,433.63,867.26
7079,2025-06-12,598,459,3,223.31,669.93
7079,2025-06-12,598,103,3,239.95,719.85
7079,2025-06-12,598,301,4,274.15,1096.60
7080,2025-06-09,297,84,2,404.22,808.44
7081,2025-04-03,740,288,4,55.84,223.36
7081,2025-04-03,740,161,4,318.86,1275.44
7082,2025-02-19,630,209,1,148.45,148.45
7083,2025-12-17,472,500,3,455.95,1367.85
7083,2025-12-17,472,382,5,240.39,1201.95
7083,2025-12-17,472,4,2,472.3,944.6
7084,2025-01-07,5,211,4,180.66,722.64
7084,2025-01-07,5,240,3,102.23,306.69
7085,2025-06-01,396,364,1,84.82,84.82
7085,2025-06-01,396,214,1,298.33,298.33
7086,2025-01-16,233,454,2,64.77,129.54
7086,2025-01-16,233,27,4,227.57,910.28
7087,2025-09-18,619,182,3,496.05,1488.15
7087,2025-09-18,619,160,1,241.99,241.99
7088,2025-12-08,241,244,4,478.82,1915.28
7089,2025-11-14,518,404,3,153.82,461.46
7089,2025-11-14,518,301,4,274.15,1096.60
7089,2025-11-14,518,480,5,172.26,861.30
7090,2025-06-12,177,133,2,261.96,523.92
7090,2025-06-12,177,227,4,94.86,379.44
7090,2025-06-12,177,493,3,312.43,937.29
7091,2025-11-22,140,243,3,457.3,1371.9
7092,2025-07-06,873,1,1,80.6,80.6
7092,2025-07-06,873,372,5,20.55,102.75
7093,2025-10-04,901,131,3,398.64,1195.92
7093,2025-10-04,901,124,4,225.92,903.68
7093,2025-10-04,901,364,1,84.82,84.82
7094,2025-09-13,868,111,1,157.26,157.26
7094,2025-09-13,868,63,3,364.98,1094.94
7095,2025-04-01,738,270,3,396.51,1189.53
7095,2025-04-01,738,164,1,310.9,310.9
7095,2025-04-01,738,379,2,183.38,366.76
7096,2025-03-16,20,440,2,475.31,950.62
7096,2025-03-16,20,338,1,243.62,243.62
7096,2025-03-16,20,156,2,182.35,364.70
7097,2025-11-08,128,52,5,420.33,2101.65
7097,2025-11-08,128,258,3,77.66,232.98
7098,2025-07-20,214,96,2,5.28,10.56
7099,2025-09-27,161,411,4,147.7,590.8
7099,2025-09-27,161,363,5,154.83,774.15
7099,2025-09-27,161,276,3,258.44,775.32
7100,2025-12-05,547,180,5,179.99,899.95
7101,2025-12-03,288,462,4,412.76,1651.04
7101,2025-12-03,288,306,1,390.91,390.91
7101,2025-12-03,288,161,5,318.86,1594.30
7102,2025-02-14,369,129,4,119.27,477.08
7102,2025-02-14,369,472,5,46.16,230.80
7103,2025-11-12,166,350,5,30.8,154.0
7103,2025-11-12,166,476,3,131.18,393.54
7103,2025-11-12,166,135,1,220.51,220.51
7104,2025-04-13,618,372,5,20.55,102.75
7104,2025-04-13,618,39,3,154.19,462.57
7104,2025-04-13,618,471,2,327.77,655.54
7105,2025-02-26,76,196,1,305.3,305.3
7105,2025-02-26,76,103,2,239.95,479.90
7105,2025-02-26,76,431,2,141.89,283.78
7106,2025-11-04,433,452,2,46.98,93.96
7106,2025-11-04,433,290,5,450.86,2254.30
7107,2025-08-04,589,332,2,258.46,516.92
7108,2025-03-27,110,400,4,387.4,1549.6
7108,2025-03-27,110,352,1,164.03,164.03
7109,2025-08-30,25,416,3,70.38,211.14
7109,2025-08-30,25,195,3,494.68,1484.04
7110,2025-04-05,923,330,1,217.0,217.0
7111,2025-12-18,639,79,1,139.58,139.58
7111,2025-12-18,639,292,3,242.18,726.54
7111,2025-12-18,639,209,4,148.45,593.80
7112,2025-01-31,824,254,3,463.64,1390.92
7113,2025-10-05,312,147,1,55.32,55.32
7113,2025-10-05,312,180,1,179.99,179.99
7113,2025-10-05,312,377,4,401.94,1607.76
7114,2025-12-01,530,478,5,68.54,342.70
7115,2025-07-10,814,444,2,231.57,463.14
7115,2025-07-10,814,88,5,222.45,1112.25
7116,2025-09-20,706,214,1,298.33,298.33
7116,2025-09-20,706,407,5,325.42,1627.10
7116,2025-09-20,706,381,4,313.66,1254.64
7117,2025-08-30,635,403,1,215.58,215.58
7117,2025-08-30,635,394,4,348.1,1392.4
7117,2025-08-30,635,155,3,407.98,1223.94
7118,2025-06-13,816,444,3,231.57,694.71
7118,2025-06-13,816,72,4,409.92,1639.68
7119,2025-05-27,643,269,4,302.11,1208.44
7119,2025-05-27,643,1,5,80.6,403.0
7119,2025-05-27,643,129,4,119.27,477.08
7120,2025-05-05,601,310,2,151.31,302.62
7120,2025-05-05,601,348,5,231.55,1157.75
7121,2025-08-05,346,437,1,297.45,297.45
7122,2025-09-17,938,389,3,74.31,222.93
7122,2025-09-17,938,331,2,321.18,642.36
7123,2025-07-27,401,480,4,172.26,689.04
7124,2025-10-09,255,140,1,187.49,187.49
7124,2025-10-09,255,430,3,275.12,825.36
7124,2025-10-09,255,457,5,320.53,1602.65
7125,2025-02-08,943,442,1,155.41,155.41
7125,2025-02-08,943,211,5,180.66,903.30
7125,2025-02-08,943,36,1,12.2,12.2
7126,2025-08-11,884,138,1,444.05,444.05
7126,2025-08-11,884,168,1,347.07,347.07
7126,2025-08-11,884,15,5,182.7,913.5
7127,2024-12-26,747,38,5,447.83,2239.15
7128,2025-06-07,989,420,2,72.09,144.18
7128,2025-06-07,989,168,5,347.07,1735.35
7128,2025-06-07,989,175,1,471.13,471.13
7129,2025-10-28,186,320,3,322.83,968.49
7129,2025-10-28,186,401,1,341.45,341.45
7130,2025-10-19,759,79,3,139.58,418.74
7130,2025-10-19,759,138,1,444.05,444.05
7131,2025-04-08,36,488,4,209.37,837.48
7132,2025-05-27,316,367,3,394.98,1184.94
7133,2025-08-28,884,28,4,412.52,1650.08
7133,2025-08-28,884,136,1,341.46,341.46
7133,2025-08-28,884,73,3,25.92,77.76
7134,2025-02-17,961,159,1,372.6,372.6
7134,2025-02-17,961,165,2,78.9,157.8
7134,2025-02-17,961,153,5,210.94,1054.70
7135,2025-04-20,105,383,5,259.72,1298.60
7135,2025-04-20,105,143,5,472.35,2361.75
7136,2025-05-09,98,263,5,157.37,786.85
7137,2025-12-25,812,264,2,245.93,491.86
7138,2025-09-24,442,495,5,295.22,1476.10
7138,2025-09-24,442,500,1,455.95,455.95
7138,2025-09-24,442,216,1,277.28,277.28
7139,2025-11-07,143,490,1,476.01,476.01
7139,2025-11-07,143,453,3,236.71,710.13
7140,2025-05-01,724,373,4,282.2,1128.8
7141,2025-03-11,41,191,3,246.88,740.64
7141,2025-03-11,41,372,1,20.55,20.55
7141,2025-03-11,41,206,1,270.77,270.77
7142,2025-09-29,24,468,2,253.58,507.16
7142,2025-09-29,24,65,3,430.11,1290.33
7143,2025-04-04,752,3,5,498.69,2493.45
7143,2025-04-04,752,55,4,471.21,1884.84
7143,2025-04-04,752,186,5,436.63,2183.15
7144,2025-04-19,888,43,2,278.89,557.78
7144,2025-04-19,888,115,1,365.14,365.14
7145,2025-01-02,401,490,1,476.01,476.01
7146,2025-03-14,132,414,1,307.45,307.45
7147,2025-04-03,715,271,2,185.88,371.76
7147,2025-04-03,715,415,4,477.17,1908.68
7147,2025-04-03,715,146,4,92.21,368.84
7148,2025-03-24,310,350,4,30.8,123.2
7148,2025-03-24,310,221,5,109.17,545.85
7149,2025-11-11,625,64,4,491.55,1966.20
7149,2025-11-11,625,238,5,472.08,2360.40
7149,2025-11-11,625,5,3,314.52,943.56
7150,2025-08-28,102,36,3,12.2,36.6
7150,2025-08-28,102,82,1,349.97,349.97
7150,2025-08-28,102,34,5,401.45,2007.25
7151,2025-07-19,603,397,1,160.06,160.06
7152,2025-11-29,191,178,3,65.82,197.46
7153,2025-03-22,463,446,1,60.56,60.56
7154,2025-11-19,461,416,4,70.38,281.52
7155,2025-08-02,244,498,1,374.05,374.05
7155,2025-08-02,244,369,1,67.55,67.55
7155,2025-08-02,244,28,4,412.52,1650.08
7156,2025-09-11,472,282,2,332.62,665.24
7157,2025-02-08,239,80,1,293.7,293.7
7157,2025-02-08,239,370,4,285.74,1142.96
7157,2025-02-08,239,76,2,445.17,890.34
7158,2025-06-16,416,449,1,119.8,119.8
7159,2025-05-19,951,45,3,250.68,752.04
7159,2025-05-19,951,470,2,232.51,465.02
7160,2025-04-19,219,39,1,154.19,154.19
7160,2025-04-19,219,98,3,14.53,43.59
7161,2025-12-23,678,23,2,412.11,824.22
7161,2025-12-23,678,404,3,153.82,461.46
7162,2025-11-06,944,404,1,153.82,153.82
7163,2025-06-04,112,129,1,119.27,119.27
7163,2025-06-04,112,127,1,428.76,428.76
7163,2025-06-04,112,32,5,342.29,1711.45
7164,2025-12-21,757,73,2,25.92,51.84
7164,2025-12-21,757,290,4,450.86,1803.44
7164,2025-12-21,757,29,3,178.91,536.73
7165,2025-02-06,504,85,3,321.65,964.95
7166,2025-06-08,486,110,4,443.77,1775.08
7166,2025-06-08,486,378,3,428.55,1285.65
7167,2025-06-03,439,370,5,285.74,1428.70
7168,2025-01-06,657,365,4,459.25,1837.00
7168,2025-01-06,657,3,4,498.69,1994.76
7168,2025-01-06,657,86,1,444.15,444.15
7169,2025-12-21,45,489,3,52.69,158.07
7169,2025-12-21,45,46,5,392.38,1961.90
7170,2025-05-28,209,205,5,145.68,728.40
7171,2025-05-06,787,251,2,152.34,304.68
7171,2025-05-06,787,226,4,285.54,1142.16
7171,2025-05-06,787,153,2,210.94,421.88
7172,2025-01-09,917,17,2,221.62,443.24
7172,2025-01-09,917,370,5,285.74,1428.70
7172,2025-01-09,917,149,2,57.41,114.82
7173,2025-06-02,250,243,1,457.3,457.3
7174,2025-03-25,977,258,2,77.66,155.32
7174,2025-03-25,977,56,4,278.79,1115.16
7175,2025-09-28,698,27,1,227.57,227.57
7175,2025-09-28,698,422,1,82.75,82.75
7176,2025-03-08,205,288,3,55.84,167.52
7176,2025-03-08,205,474,5,33.57,167.85
7177,2025-07-28,455,419,4,54.3,217.2
7177,2025-07-28,455,239,1,469.38,469.38
7177,2025-07-28,455,165,1,78.9,78.9
7178,2025-05-25,461,256,3,127.97,383.91
7178,2025-05-25,461,157,1,33.43,33.43
7179,2025-10-31,231,245,2,258.08,516.16
7179,2025-10-31,231,24,5,330.39,1651.95
7179,2025-10-31,231,325,2,281.87,563.74
7180,2025-08-14,302,261,1,184.06,184.06
7181,2025-12-11,338,289,3,150.72,452.16
7181,2025-12-11,338,155,1,407.98,407.98
7182,2025-08-22,542,414,3,307.45,922.35
7182,2025-08-22,542,410,2,400.18,800.36
7182,2025-08-22,542,105,4,58.1,232.4
7183,2025-04-09,821,384,4,229.07,916.28
7184,2024-12-26,480,313,4,151.33,605.32
7184,2024-12-26,480,101,3,35.41,106.23
7184,2024-12-26,480,342,5,478.74,2393.70
7185,2025-09-29,58,229,3,296.73,890.19
7186,2025-08-05,781,495,2,295.22,590.44
7186,2025-08-05,781,449,3,119.8,359.4
7186,2025-08-05,781,132,5,305.92,1529.60
7187,2025-01-10,541,213,3,312.66,937.98
7188,2025-07-09,487,99,4,342.87,1371.48
7189,2025-01-14,804,457,3,320.53,961.59
7189,2025-01-14,804,21,1,141.16,141.16
7189,2025-01-14,804,275,4,25.24,100.96
7190,2025-03-26,888,227,5,94.86,474.30
7190,2025-03-26,888,299,4,383.39,1533.56
7191,2025-05-29,70,199,4,286.28,1145.12
7191,2025-05-29,70,302,3,462.51,1387.53
7191,2025-05-29,70,279,2,204.8,409.6
7192,2025-12-13,770,354,4,78.8,315.2
7192,2025-12-13,770,342,1,478.74,478.74
7192,2025-12-13,770,364,5,84.82,424.10
7193,2025-10-23,883,379,1,183.38,183.38
7193,2025-10-23,883,305,4,70.29,281.16
7193,2025-10-23,883,1,5,80.6,403.0
7194,2025-03-19,295,20,1,478.78,478.78
7195,2025-08-30,484,63,5,364.98,1824.90
7195,2025-08-30,484,115,2,365.14,730.28
7196,2025-11-23,525,340,4,46.68,186.72
7196,2025-11-23,525,72,2,409.92,819.84
7196,2025-11-23,525,477,2,442.21,884.42
7197,2024-12-28,7,242,5,35.44,177.20
7197,2024-12-28,7,478,2,68.54,137.08
7198,2025-06-22,761,404,2,153.82,307.64
7199,2025-10-10,237,430,2,275.12,550.24
7199,2025-10-10,237,306,3,390.91,1172.73
7199,2025-10-10,237,33,5,194.9,974.5
7200,2025-06-14,977,365,2,459.25,918.50
7200,2025-06-14,977,210,2,318.91,637.82
7200,2025-06-14,977,213,1,312.66,312.66
7201,2025-10-06,278,407,4,325.42,1301.68
7201,2025-10-06,278,292,5,242.18,1210.90
7201,2025-10-06,278,355,3,208.41,625.23
7202,2025-06-25,224,238,2,472.08,944.16
7202,2025-06-25,224,305,4,70.29,281.16
7203,2025-08-02,25,183,2,448.54,897.08
7203,2025-08-02,25,451,4,117.67,470.68
7203,2025-08-02,25,330,4,217.0,868.0
7204,2025-03-13,411,67,1,301.26,301.26
7204,2025-03-13,411,194,3,447.89,1343.67
7205,2025-05-19,11,89,2,349.52,699.04
7205,2025-05-19,11,88,4,222.45,889.80
7205,2025-05-19,11,404,1,153.82,153.82
7206,2025-04-22,473,207,3,68.3,204.9
7206,2025-04-22,473,344,5,177.16,885.80
7206,2025-04-22,473,197,2,195.32,390.64
7207,2025-03-22,484,132,5,305.92,1529.60
7207,2025-03-22,484,205,4,145.68,582.72
7208,2025-12-24,933,47,1,447.66,447.66
7208,2025-12-24,933,210,5,318.91,1594.55
7209,2025-08-18,992,418,3,35.93,107.79
7209,2025-08-18,992,52,1,420.33,420.33
7210,2025-08-23,264,482,2,296.53,593.06
7211,2025-08-29,347,497,1,482.27,482.27
7211,2025-08-29,347,196,3,305.3,915.9
7211,2025-08-29,347,84,1,404.22,404.22
7212,2025-01-18,441,184,3,72.35,217.05
7212,2025-01-18,441,227,4,94.86,379.44
7212,2025-01-18,441,372,5,20.55,102.75
7213,2025-05-07,143,296,5,215.06,1075.30
7214,2025-07-25,281,222,1,80.58,80.58
7215,2025-12-11,61,82,1,349.97,349.97
7215,2025-12-11,61,390,2,40.96,81.92
7216,2025-10-08,130,281,1,115.36,115.36
7216,2025-10-08,130,43,2,278.89,557.78
7217,2025-12-21,220,318,5,12.28,61.40
7217,2025-12-21,220,319,3,453.23,1359.69
7217,2025-12-21,220,122,5,459.94,2299.70
7218,2025-05-03,293,27,1,227.57,227.57
7219,2025-04-08,292,270,4,396.51,1586.04
7219,2025-04-08,292,7,4,359.69,1438.76
7220,2025-09-20,181,475,5,118.44,592.20
7220,2025-09-20,181,499,1,230.52,230.52
7221,2025-12-13,899,457,1,320.53,320.53
7222,2025-01-17,209,279,1,204.8,204.8
7222,2025-01-17,209,262,3,92.87,278.61
7223,2025-05-20,779,5,1,314.52,314.52
7224,2025-07-21,255,99,2,342.87,685.74
7225,2025-07-27,626,118,3,116.6,349.8
7225,2025-07-27,626,422,3,82.75,248.25
7226,2025-04-27,628,229,1,296.73,296.73
7227,2025-02-26,244,148,5,445.16,2225.80
7227,2025-02-26,244,346,2,30.32,60.64
7227,2025-02-26,244,2,3,287.98,863.94
7228,2025-10-14,368,328,2,50.89,101.78
7228,2025-10-14,368,338,3,243.62,730.86
7229,2025-05-02,833,278,3,205.91,617.73
7230,2025-03-23,92,488,1,209.37,209.37
7231,2025-12-16,510,405,1,16.73,16.73
7232,2025-01-11,609,349,4,173.73,694.92
7232,2025-01-11,609,470,2,232.51,465.02
7233,2025-04-24,923,391,4,325.16,1300.64
7233,2025-04-24,923,268,2,164.18,328.36
7234,2025-02-03,605,81,5,433.63,2168.15
7234,2025-02-03,605,99,1,342.87,342.87
7234,2025-02-03,605,454,4,64.77,259.08
7235,2025-02-17,236,90,3,414.87,1244.61
7235,2025-02-17,236,332,3,258.46,775.38
7235,2025-02-17,236,496,2,159.99,319.98
7236,2025-12-16,93,241,4,269.46,1077.84
7236,2025-12-16,93,64,2,491.55,983.10
7236,2025-12-16,93,451,5,117.67,588.35
7237,2025-03-03,148,218,1,137.61,137.61
7238,2025-10-24,775,28,1,412.52,412.52
7238,2025-10-24,775,367,4,394.98,1579.92
7238,2025-10-24,775,304,5,276.08,1380.40
7239,2025-07-12,474,479,2,301.68,603.36
7240,2025-12-07,393,365,2,459.25,918.50
7241,2025-11-28,860,193,4,250.13,1000.52
7242,2025-02-09,484,493,1,312.43,312.43
7242,2025-02-09,484,160,3,241.99,725.97
7243,2024-12-28,957,7,2,359.69,719.38
7243,2024-12-28,957,55,1,471.21,471.21
7244,2025-08-22,284,51,5,108.84,544.20
7244,2025-08-22,284,94,3,295.93,887.79
7244,2025-08-22,284,94,2,295.93,591.86
7245,2025-02-15,526,89,2,349.52,699.04
7245,2025-02-15,526,285,5,447.68,2238.40
7246,2025-04-14,39,31,5,485.56,2427.80
7247,2025-07-24,874,66,5,211.47,1057.35
7247,2025-07-24,874,402,3,341.36,1024.08
7247,2025-07-24,874,328,5,50.89,254.45
7248,2025-09-10,321,217,4,110.51,442.04
7248,2025-09-10,321,261,2,184.06,368.12
7249,2025-11-29,83,488,3,209.37,628.11
7249,2025-11-29,83,108,2,393.46,786.92
7249,2025-11-29,83,52,1,420.33,420.33
7250,2025-09-08,923,131,2,398.64,797.28
7250,2025-09-08,923,48,3,228.85,686.55
7251,2025-11-18,676,146,5,92.21,461.05
7251,2025-11-18,676,219,3,24.98,74.94
7251,2025-11-18,676,124,3,225.92,677.76
7252,2025-09-02,302,215,1,33.6,33.6
7252,2025-09-02,302,65,5,430.11,2150.55
7253,2025-12-14,952,431,4,141.89,567.56
7253,2025-12-14,952,291,1,346.84,346.84
7254,2025-06-14,499,170,2,40.78,81.56
7254,2025-06-14,499,291,3,346.84,1040.52
7255,2025-04-08,421,264,5,245.93,1229.65
7256,2025-07-08,243,142,4,240.49,961.96
7257,2025-04-24,531,384,1,229.07,229.07
7257,2025-04-24,531,481,5,163.42,817.10
7257,2025-04-24,531,237,4,242.96,971.84
7258,2025-07-26,653,475,4,118.44,473.76
7258,2025-07-26,653,232,5,59.52,297.60
7258,2025-07-26,653,59,3,418.89,1256.67
7259,2025-12-01,365,438,1,161.16,161.16
7259,2025-12-01,365,483,1,192.76,192.76
7259,2025-12-01,365,369,1,67.55,67.55
7260,2025-12-24,852,362,5,299.76,1498.80
7260,2025-12-24,852,361,3,365.74,1097.22
7260,2025-12-24,852,252,4,257.9,1031.6
7261,2025-08-19,85,395,3,171.83,515.49
7261,2025-08-19,85,278,2,205.91,411.82
7262,2025-01-31,673,122,2,459.94,919.88
7263,2025-10-24,753,365,1,459.25,459.25
7263,2025-10-24,753,145,1,20.33,20.33
7263,2025-10-24,753,206,2,270.77,541.54
7264,2025-03-17,306,219,1,24.98,24.98
7265,2025-04-10,54,487,3,79.74,239.22
7265,2025-04-10,54,13,2,412.47,824.94
7265,2025-04-10,54,274,1,56.74,56.74
7266,2025-08-22,482,318,5,12.28,61.40
7266,2025-08-22,482,481,4,163.42,653.68
7266,2025-08-22,482,270,3,396.51,1189.53
7267,2025-01-19,246,4,5,472.3,2361.5
7267,2025-01-19,246,211,4,180.66,722.64
7267,2025-01-19,246,423,2,410.7,821.4
7268,2025-07-27,181,215,3,33.6,100.8
7268,2025-07-27,181,212,1,122.95,122.95
7269,2025-11-06,874,36,2,12.2,24.4
7270,2025-07-20,50,310,2,151.31,302.62
7270,2025-07-20,50,412,2,407.79,815.58
7270,2025-07-20,50,27,5,227.57,1137.85
7271,2025-08-18,648,26,4,376.51,1506.04
7272,2025-07-29,657,354,2,78.8,157.6
7272,2025-07-29,657,44,2,439.63,879.26
7273,2025-06-18,13,170,2,40.78,81.56
7273,2025-06-18,13,243,2,457.3,914.6
7274,2025-09-04,918,25,5,250.93,1254.65
7274,2025-09-04,918,1,1,80.6,80.6
7275,2025-02-16,775,235,5,72.25,361.25
7275,2025-02-16,775,115,1,365.14,365.14
7276,2025-09-12,968,160,2,241.99,483.98
7277,2025-04-17,932,229,2,296.73,593.46
7277,2025-04-17,932,125,4,265.17,1060.68
7278,2025-09-06,724,480,3,172.26,516.78
7279,2025-11-20,763,490,3,476.01,1428.03
7279,2025-11-20,763,323,2,299.85,599.70
7279,2025-11-20,763,167,2,224.17,448.34
7280,2025-01-25,56,365,2,459.25,918.50
7280,2025-01-25,56,59,4,418.89,1675.56
7280,2025-01-25,56,478,5,68.54,342.70
7281,2025-11-14,689,97,2,113.42,226.84
7281,2025-11-14,689,229,1,296.73,296.73
7281,2025-11-14,689,426,1,82.52,82.52
7282,2025-04-03,58,32,2,342.29,684.58
7282,2025-04-03,58,102,1,468.5,468.5
7282,2025-04-03,58,12,3,100.62,301.86
7283,2025-09-21,987,259,4,131.5,526.0
7283,2025-09-21,987,180,4,179.99,719.96
7283,2025-09-21,987,232,4,59.52,238.08
7284,2025-10-15,205,434,4,21.02,84.08
7284,2025-10-15,205,226,1,285.54,285.54
7285,2025-01-11,948,453,1,236.71,236.71
7285,2025-01-11,948,37,4,37.4,149.6
7285,2025-01-11,948,292,4,242.18,968.72
7286,2025-05-12,168,467,5,363.53,1817.65
7287,2025-08-26,848,18,1,298.7,298.7
7287,2025-08-26,848,199,3,286.28,858.84
7287,2025-08-26,848,107,4,167.97,671.88
7288,2025-01-04,953,263,2,157.37,314.74
7288,2025-01-04,953,4,2,472.3,944.6
7288,2025-01-04,953,325,4,281.87,1127.48
7289,2025-05-14,99,492,4,449.67,1798.68
7290,2025-04-05,115,16,3,241.42,724.26
7290,2025-04-05,115,110,5,443.77,2218.85
7291,2025-11-01,312,39,4,154.19,616.76
7291,2025-11-01,312,308,5,241.52,1207.60
7292,2025-10-23,592,448,3,149.05,447.15
7292,2025-10-23,592,199,1,286.28,286.28
7292,2025-10-23,592,440,3,475.31,1425.93
7293,2025-01-30,802,270,1,396.51,396.51
7293,2025-01-30,802,323,5,299.85,1499.25
7294,2025-09-02,277,84,4,404.22,1616.88
7294,2025-09-02,277,199,2,286.28,572.56
7295,2025-11-04,115,463,5,144.91,724.55
7295,2025-11-04,115,67,1,301.26,301.26
7295,2025-11-04,115,400,2,387.4,774.8
7296,2025-02-19,12,32,1,342.29,342.29
7297,2025-03-17,206,247,2,154.79,309.58
7297,2025-03-17,206,37,1,37.4,37.4
7297,2025-03-17,206,307,4,228.49,913.96
7298,2025-01-09,80,217,5,110.51,552.55
7299,2025-01-22,216,129,5,119.27,596.35
7300,2025-01-21,140,197,2,195.32,390.64
7300,2025-01-21,140,340,3,46.68,140.04
7301,2025-12-17,602,402,4,341.36,1365.44
7302,2025-04-05,667,473,3,341.31,1023.93
7302,2025-04-05,667,84,1,404.22,404.22
7302,2025-04-05,667,285,5,447.68,2238.40
7303,2025-05-20,605,428,1,358.4,358.4
7303,2025-05-20,605,6,3,388.76,1166.28
7304,2024-12-26,201,18,5,298.7,1493.5
7305,2025-04-14,75,253,4,358.42,1433.68
7305,2025-04-14,75,186,2,436.63,873.26
7306,2025-09-10,686,97,4,113.42,453.68
7306,2025-09-10,686,244,5,478.82,2394.10
7307,2025-09-22,156,14,5,40.36,201.80
7307,2025-09-22,156,254,4,463.64,1854.56
7308,2025-01-09,272,166,2,212.49,424.98
7308,2025-01-09,272,326,2,211.81,423.62
7308,2025-01-09,272,47,2,447.66,895.32
7309,2025-03-04,956,54,2,221.51,443.02
7309,2025-03-04,956,176,1,288.86,288.86
7310,2025-02-05,731,178,5,65.82,329.10
7310,2025-02-05,731,200,3,275.47,826.41
7311,2025-06-03,895,102,5,468.5,2342.5
7312,2025-03-09,939,166,1,212.49,212.49
7312,2025-03-09,939,135,4,220.51,882.04
7313,2025-07-27,513,91,2,51.8,103.6
7314,2025-10-27,974,274,1,56.74,56.74
7315,2025-01-09,686,15,4,182.7,730.8
7316,2025-10-22,488,332,1,258.46,258.46
7317,2025-08-26,8,329,5,374.27,1871.35
7318,2025-10-28,66,290,1,450.86,450.86
7318,2025-10-28,66,329,3,374.27,1122.81
7319,2025-04-19,5,88,3,222.45,667.35
7320,2025-05-12,281,150,2,72.4,144.8
7321,2025-08-11,764,39,3,154.19,462.57
7321,2025-08-11,764,187,4,319.82,1279.28
7322,2025-09-01,48,283,3,384.65,1153.95
7322,2025-09-01,48,422,4,82.75,331.00
7323,2025-10-20,423,188,1,443.19,443.19
7324,2025-11-19,262,27,3,227.57,682.71
7324,2025-11-19,262,293,5,131.93,659.65
7325,2025-12-25,485,287,1,291.36,291.36
7325,2025-12-25,485,98,3,14.53,43.59
7325,2025-12-25,485,491,5,474.71,2373.55
7326,2025-08-24,886,131,4,398.64,1594.56
7327,2025-01-15,595,184,2,72.35,144.70
7327,2025-01-15,595,166,3,212.49,637.47
7328,2025-02-17,226,8,2,316.53,633.06
7328,2025-02-17,226,306,2,390.91,781.82
7329,2025-05-05,704,148,5,445.16,2225.80
7329,2025-05-05,704,116,2,496.51,993.02
7329,2025-05-05,704,346,4,30.32,121.28
7330,2025-02-06,736,190,2,72.61,145.22
7330,2025-02-06,736,18,3,298.7,896.1
7330,2025-02-06,736,417,2,148.93,297.86
7331,2025-09-06,592,37,3,37.4,112.2
7331,2025-09-06,592,283,5,384.65,1923.25
7332,2025-11-25,282,106,5,180.08,900.40
7332,2025-11-25,282,369,2,67.55,135.10
7333,2025-05-29,582,394,1,348.1,348.1
7333,2025-05-29,582,164,2,310.9,621.8
7334,2025-01-31,766,500,1,455.95,455.95
7335,2025-08-10,145,459,1,223.31,223.31
7336,2025-08-24,477,320,4,322.83,1291.32
7336,2025-08-24,477,157,4,33.43,133.72
7337,2025-03-15,672,140,3,187.49,562.47
7338,2025-06-12,24,298,3,204.65,613.95
7338,2025-06-12,24,197,4,195.32,781.28
7338,2025-06-12,24,94,1,295.93,295.93
7339,2025-12-05,118,220,1,26.81,26.81
7339,2025-12-05,118,17,4,221.62,886.48
7340,2025-11-24,559,68,2,57.36,114.72
7341,2025-04-05,458,401,1,341.45,341.45
7341,2025-04-05,458,377,4,401.94,1607.76
7342,2025-07-30,851,360,5,483.09,2415.45
7342,2025-07-30,851,206,4,270.77,1083.08
7342,2025-07-30,851,44,1,439.63,439.63
7343,2025-05-26,689,255,5,214.59,1072.95
7343,2025-05-26,689,357,2,147.52,295.04
7344,2025-12-06,468,382,1,240.39,240.39
7344,2025-12-06,468,371,2,51.41,102.82
7344,2025-12-06,468,15,5,182.7,913.5
7345,2025-07-28,734,375,5,445.17,2225.85
7346,2025-09-03,599,178,4,65.82,263.28
7346,2025-09-03,599,240,4,102.23,408.92
7347,2025-09-04,641,26,5,376.51,1882.55
7348,2025-04-05,223,24,1,330.39,330.39
7349,2025-09-01,921,400,2,387.4,774.8
7349,2025-09-01,921,43,3,278.89,836.67
7350,2025-03-11,366,139,5,339.12,1695.60
7351,2025-04-01,287,215,1,33.6,33.6
7351,2025-04-01,287,311,2,289.44,578.88
7352,2025-01-27,807,500,1,455.95,455.95
7353,2025-11-20,975,438,3,161.16,483.48
7353,2025-11-20,975,231,5,241.46,1207.30
7353,2025-11-20,975,18,5,298.7,1493.5
7354,2025-10-11,611,405,5,16.73,83.65
7355,2025-01-29,891,315,1,398.86,398.86
7355,2025-01-29,891,315,2,398.86,797.72
7356,2025-11-07,542,103,3,239.95,719.85
7357,2025-10-16,252,241,3,269.46,808.38
7357,2025-10-16,252,184,3,72.35,217.05
7358,2025-04-21,574,372,3,20.55,61.65
7358,2025-04-21,574,428,4,358.4,1433.6
7358,2025-04-21,574,382,1,240.39,240.39
7359,2025-01-08,541,223,1,77.6,77.6
7359,2025-01-08,541,230,4,476.52,1906.08
7359,2025-01-08,541,246,1,426.74,426.74
7360,2025-04-25,731,270,5,396.51,1982.55
7361,2025-05-22,228,481,5,163.42,817.10
7361,2025-05-22,228,203,3,98.55,295.65
7361,2025-05-22,228,313,3,151.33,453.99
7362,2025-12-22,3,482,4,296.53,1186.12
7362,2025-12-22,3,315,1,398.86,398.86
7363,2025-06-04,209,185,5,335.4,1677.0
7363,2025-06-04,209,259,1,131.5,131.5
7364,2025-05-08,251,449,2,119.8,239.6
7364,2025-05-08,251,181,2,284.33,568.66
7364,2025-05-08,251,409,4,31.26,125.04
7365,2025-07-26,150,357,2,147.52,295.04
7365,2025-07-26,150,294,3,41.14,123.42
7365,2025-07-26,150,374,3,335.47,1006.41
7366,2025-02-21,689,193,2,250.13,500.26
7367,2025-05-31,559,160,2,241.99,483.98
7367,2025-05-31,559,215,3,33.6,100.8
7368,2024-12-31,575,107,1,167.97,167.97
7368,2024-12-31,575,90,4,414.87,1659.48
7368,2024-12-31,575,376,2,167.79,335.58
7369,2025-10-01,711,129,4,119.27,477.08
7369,2025-10-01,711,256,1,127.97,127.97
7369,2025-10-01,711,424,1,321.07,321.07
7370,2025-12-07,159,480,5,172.26,861.30
7370,2025-12-07,159,267,3,281.05,843.15
7370,2025-12-07,159,453,4,236.71,946.84
7371,2025-04-08,637,244,2,478.82,957.64
7372,2025-03-23,360,8,4,316.53,1266.12
7372,2025-03-23,360,489,3,52.69,158.07
7373,2025-11-09,648,13,5,412.47,2062.35
7373,2025-11-09,648,207,3,68.3,204.9
7374,2025-11-14,691,373,1,282.2,282.2
7374,2025-11-14,691,477,5,442.21,2211.05
7375,2025-09-20,859,397,4,160.06,640.24
7376,2025-06-28,224,469,4,103.95,415.80
7376,2025-06-28,224,419,1,54.3,54.3
7376,2025-06-28,224,66,3,211.47,634.41
7377,2025-12-26,134,66,3,211.47,634.41
7378,2025-10-24,532,52,1,420.33,420.33
7379,2025-03-05,937,5,5,314.52,1572.60
7380,2025-12-02,114,85,2,321.65,643.30
7381,2025-12-10,620,166,5,212.49,1062.45
7382,2025-10-30,678,104,2,157.58,315.16
7382,2025-10-30,678,126,3,41.18,123.54
7382,2025-10-30,678,87,5,480.44,2402.20
7383,2025-02-20,885,356,5,8.39,41.95
7383,2025-02-20,885,391,1,325.16,325.16
7384,2025-06-01,817,4,5,472.3,2361.5
7384,2025-06-01,817,452,3,46.98,140.94
7384,2025-06-01,817,484,2,497.12,994.24
7385,2025-09-06,233,62,3,245.04,735.12
7385,2025-09-06,233,135,5,220.51,1102.55
7385,2025-09-06,233,30,5,152.14,760.70
7386,2025-12-15,748,117,4,142.82,571.28
7387,2024-12-29,986,291,3,346.84,1040.52
7387,2024-12-29,986,109,5,97.7,488.5
7387,2024-12-29,986,332,5,258.46,1292.30
7388,2025-01-05,459,203,5,98.55,492.75
7388,2025-01-05,459,33,5,194.9,974.5
7389,2025-03-17,897,308,2,241.52,483.04
7389,2025-03-17,897,422,4,82.75,331.00
7390,2025-12-11,694,380,5,276.01,1380.05
7390,2025-12-11,694,62,4,245.04,980.16
7390,2025-12-11,694,246,4,426.74,1706.96
7391,2025-01-29,369,465,3,313.64,940.92
7391,2025-01-29,369,31,5,485.56,2427.80
7392,2025-10-16,586,451,3,117.67,353.01
7393,2025-03-07,95,385,3,391.11,1173.33
7393,2025-03-07,95,108,2,393.46,786.92
7394,2025-03-26,360,447,5,376.57,1882.85
7395,2025-07-14,843,127,2,428.76,857.52
7396,2025-11-06,301,489,3,52.69,158.07
7397,2025-09-11,635,367,5,394.98,1974.90
7397,2025-09-11,635,352,3,164.03,492.09
7398,2025-01-02,360,349,1,173.73,173.73
7398,2025-01-02,360,251,5,152.34,761.70
7399,2025-07-16,210,14,3,40.36,121.08
7399,2025-07-16,210,131,5,398.64,1993.20
7400,2025-06-06,897,373,5,282.2,1411.0
7400,2025-06-06,897,359,5,275.01,1375.05
7401,2025-08-06,300,192,3,319.33,957.99
7401,2025-08-06,300,298,5,204.65,1023.25
7401,2025-08-06,300,421,5,320.48,1602.40
7402,2025-02-18,46,339,1,247.5,247.5
7403,2025-05-27,343,304,5,276.08,1380.40
7403,2025-05-27,343,418,2,35.93,71.86
7403,2025-05-27,343,105,4,58.1,232.4
7404,2025-12-22,597,414,5,307.45,1537.25
7404,2025-12-22,597,156,5,182.35,911.75
7404,2025-12-22,597,317,5,37.27,186.35
7405,2025-06-30,529,235,5,72.25,361.25
7406,2025-12-24,752,154,5,434.3,2171.5
7406,2025-12-24,752,445,2,485.73,971.46
7407,2025-08-08,159,8,4,316.53,1266.12
7408,2025-05-08,733,38,5,447.83,2239.15
7409,2025-11-15,214,145,2,20.33,40.66
7409,2025-11-15,214,119,2,244.81,489.62
7409,2025-11-15,214,228,2,404.8,809.6
7410,2025-01-11,102,315,5,398.86,1994.30
7410,2025-01-11,102,302,5,462.51,2312.55
7410,2025-01-11,102,4,1,472.3,472.3
7411,2025-07-11,682,314,5,239.74,1198.70
7412,2025-07-19,897,53,1,485.1,485.1
7412,2025-07-19,897,298,2,204.65,409.30
7413,2025-08-22,86,240,5,102.23,511.15
7413,2025-08-22,86,323,5,299.85,1499.25
7414,2025-01-16,828,390,5,40.96,204.80
7415,2025-03-06,7,421,4,320.48,1281.92
7415,2025-03-06,7,37,3,37.4,112.2
7415,2025-03-06,7,413,5,496.98,2484.90
7416,2025-06-18,442,228,5,404.8,2024.0
7416,2025-06-18,442,497,2,482.27,964.54
7417,2025-04-19,597,69,5,340.46,1702.30
7418,2025-05-30,321,232,1,59.52,59.52
7418,2025-05-30,321,424,1,321.07,321.07
7418,2025-05-30,321,355,1,208.41,208.41
7419,2025-04-06,844,92,5,468.03,2340.15
7419,2025-04-06,844,152,4,39.12,156.48
7419,2025-04-06,844,97,5,113.42,567.10
7420,2025-06-21,125,67,5,301.26,1506.30
7420,2025-06-21,125,338,2,243.62,487.24
7421,2025-04-13,67,19,2,144.77,289.54
7422,2025-10-09,833,26,5,376.51,1882.55
7423,2025-02-08,159,112,5,242.9,1214.5
7423,2025-02-08,159,307,2,228.49,456.98
7424,2025-11-14,914,482,3,296.53,889.59
7424,2025-11-14,914,389,2,74.31,148.62
7424,2025-11-14,914,66,5,211.47,1057.35
7425,2025-12-04,277,210,1,318.91,318.91
7425,2025-12-04,277,365,1,459.25,459.25
7425,2025-12-04,277,190,4,72.61,290.44
7426,2025-07-24,367,448,3,149.05,447.15
7426,2025-07-24,367,446,4,60.56,242.24
7427,2025-08-17,843,175,4,471.13,1884.52
7428,2025-09-06,227,281,3,115.36,346.08
7428,2025-09-06,227,476,4,131.18,524.72
7428,2025-09-06,227,474,2,33.57,67.14
7429,2025-07-26,365,42,3,39.02,117.06
7430,2025-08-05,801,103,4,239.95,959.80
7430,2025-08-05,801,227,3,94.86,284.58
7430,2025-08-05,801,156,5,182.35,911.75
7431,2025-12-11,227,235,3,72.25,216.75
7431,2025-12-11,227,145,5,20.33,101.65
7431,2025-12-11,227,150,3,72.4,217.2
7432,2025-09-05,592,450,5,101.99,509.95
7432,2025-09-05,592,480,5,172.26,861.30
7433,2025-10-09,790,124,4,225.92,903.68
7433,2025-10-09,790,311,3,289.44,868.32
7433,2025-10-09,790,173,1,461.96,461.96
7434,2025-07-27,175,316,1,285.22,285.22
7434,2025-07-27,175,300,1,119.77,119.77
7435,2025-03-29,247,178,4,65.82,263.28
7435,2025-03-29,247,315,5,398.86,1994.30
7436,2025-11-21,312,111,1,157.26,157.26
7437,2025-01-16,27,86,1,444.15,444.15
7438,2025-11-29,131,198,5,373.73,1868.65
7438,2025-11-29,131,166,2,212.49,424.98
7439,2025-12-25,626,336,4,381.71,1526.84
7439,2025-12-25,626,436,3,472.16,1416.48
7439,2025-12-25,626,385,4,391.11,1564.44
7440,2025-10-02,263,120,4,458.95,1835.80
7440,2025-10-02,263,332,5,258.46,1292.30
7440,2025-10-02,263,288,2,55.84,111.68
7441,2025-10-08,570,239,1,469.38,469.38
7442,2025-05-24,893,171,5,350.16,1750.80
7442,2025-05-24,893,342,3,478.74,1436.22
7442,2025-05-24,893,246,3,426.74,1280.22
7443,2025-09-02,108,357,1,147.52,147.52
7443,2025-09-02,108,100,1,220.87,220.87
7444,2025-11-15,130,466,3,477.28,1431.84
7445,2025-06-30,438,439,3,18.16,54.48
7445,2025-06-30,438,438,1,161.16,161.16
7445,2025-06-30,438,120,1,458.95,458.95
7446,2025-09-03,655,466,1,477.28,477.28
7446,2025-09-03,655,32,1,342.29,342.29
7446,2025-09-03,655,312,4,333.94,1335.76
7447,2025-01-16,125,361,4,365.74,1462.96
7447,2025-01-16,125,425,4,165.2,660.8
7447,2025-01-16,125,138,1,444.05,444.05
7448,2025-10-30,10,224,5,321.92,1609.60
7448,2025-10-30,10,46,1,392.38,392.38
7448,2025-10-30,10,12,1,100.62,100.62
7449,2025-10-04,508,262,4,92.87,371.48
7449,2025-10-04,508,127,2,428.76,857.52
7449,2025-10-04,508,32,4,342.29,1369.16
7450,2025-11-30,575,201,2,437.71,875.42
7451,2025-07-05,29,413,3,496.98,1490.94
7451,2025-07-05,29,76,1,445.17,445.17
7451,2025-07-05,29,268,2,164.18,328.36
7452,2025-01-16,283,138,2,444.05,888.10
7452,2025-01-16,283,476,1,131.18,131.18
7452,2025-01-16,283,268,5,164.18,820.90
7453,2025-06-03,234,378,5,428.55,2142.75
7453,2025-06-03,234,68,3,57.36,172.08
7454,2025-11-14,663,18,2,298.7,597.4
7455,2025-04-19,429,327,3,499.91,1499.73
7455,2025-04-19,429,356,2,8.39,16.78
7456,2025-07-31,481,486,4,176.54,706.16
7456,2025-07-31,481,150,3,72.4,217.2
7457,2025-10-05,960,36,2,12.2,24.4
7457,2025-10-05,960,446,1,60.56,60.56
7458,2025-12-19,815,47,1,447.66,447.66
7458,2025-12-19,815,156,2,182.35,364.70
7458,2025-12-19,815,50,4,166.56,666.24
7459,2025-02-06,214,332,5,258.46,1292.30
7460,2025-03-24,711,165,4,78.9,315.6
7460,2025-03-24,711,457,2,320.53,641.06
7461,2025-06-25,809,71,1,268.41,268.41
7461,2025-06-25,809,196,4,305.3,1221.2
7461,2025-06-25,809,479,2,301.68,603.36
7462,2025-05-16,267,254,5,463.64,2318.20
7462,2025-05-16,267,353,4,272.7,1090.8
7463,2025-07-15,411,93,1,101.41,101.41
7464,2025-07-10,4,476,3,131.18,393.54
7464,2025-07-10,4,406,2,438.28,876.56
7464,2025-07-10,4,50,1,166.56,166.56
7465,2025-03-14,992,485,3,492.14,1476.42
7466,2025-02-12,243,284,1,165.79,165.79
7466,2025-02-12,243,285,1,447.68,447.68
7466,2025-02-12,243,398,1,71.83,71.83
7467,2025-02-12,12,3,2,498.69,997.38
7468,2025-08-14,423,132,3,305.92,917.76
7468,2025-08-14,423,303,1,489.27,489.27
7469,2025-10-09,787,366,1,223.44,223.44
7470,2025-01-06,686,81,4,433.63,1734.52
7470,2025-01-06,686,383,4,259.72,1038.88
7471,2025-11-22,71,394,5,348.1,1740.5
7471,2025-11-22,71,157,3,33.43,100.29
7472,2025-03-13,135,136,5,341.46,1707.30
7472,2025-03-13,135,442,2,155.41,310.82
7472,2025-03-13,135,194,3,447.89,1343.67
7473,2025-03-17,523,89,2,349.52,699.04
7473,2025-03-17,523,463,5,144.91,724.55
7473,2025-03-17,523,190,4,72.61,290.44
7474,2025-02-11,352,113,4,304.92,1219.68
7474,2025-02-11,352,190,5,72.61,363.05
7474,2025-02-11,352,419,1,54.3,54.3
7475,2025-10-08,284,473,5,341.31,1706.55
7475,2025-10-08,284,199,1,286.28,286.28
7475,2025-10-08,284,29,4,178.91,715.64
7476,2025-05-15,112,77,2,270.23,540.46
7477,2025-05-29,520,342,3,478.74,1436.22
7477,2025-05-29,520,288,5,55.84,279.20
7478,2025-07-09,548,282,3,332.62,997.86
7479,2025-02-19,612,104,5,157.58,787.90
7480,2025-09-14,359,352,5,164.03,820.15
7481,2025-08-26,38,202,1,141.74,141.74
7482,2025-11-03,161,423,3,410.7,1232.1
7482,2025-11-03,161,256,2,127.97,255.94
7482,2025-11-03,161,24,3,330.39,991.17
7483,2025-10-22,59,414,1,307.45,307.45
7484,2025-03-07,608,345,3,210.38,631.14
7485,2025-07-29,147,37,3,37.4,112.2
7486,2025-10-31,991,478,4,68.54,274.16
7487,2025-04-25,739,436,5,472.16,2360.80
7488,2025-09-07,625,385,5,391.11,1955.55
7489,2025-05-03,680,112,2,242.9,485.8
7490,2025-07-28,367,226,5,285.54,1427.70
7491,2025-01-27,720,345,5,210.38,1051.90
7491,2025-01-27,720,440,2,475.31,950.62
7492,2025-01-09,230,31,2,485.56,971.12
7492,2025-01-09,230,72,5,409.92,2049.60
7492,2025-01-09,230,433,1,389.95,389.95
7493,2025-05-23,811,362,3,299.76,899.28
7494,2025-07-26,332,63,5,364.98,1824.90
7494,2025-07-26,332,114,5,136.66,683.30
7495,2025-06-04,843,273,4,54.12,216.48
7496,2025-12-15,250,264,5,245.93,1229.65
7497,2025-07-15,418,138,2,444.05,888.10
7497,2025-07-15,418,376,3,167.79,503.37
7497,2025-07-15,418,459,4,223.31,893.24
7498,2025-02-20,546,499,4,230.52,922.08
7498,2025-02-20,546,484,4,497.12,1988.48
7499,2025-11-07,644,265,3,86.31,258.93
7499,2025-11-07,644,36,2,12.2,24.4
7499,2025-11-07,644,423,1,410.7,410.7
7500,2025-05-08,537,86,2,444.15,888.30
7500,2025-05-08,537,434,1,21.02,21.02
7500,2025-05-08,537,423,3,410.7,1232.1
7501,2025-05-26,184,51,3,108.84,326.52
7502,2025-11-12,6,441,4,34.49,137.96
7502,2025-11-12,6,134,3,284.82,854.46
7502,2025-11-12,6,305,4,70.29,281.16
7503,2025-07-24,467,264,3,245.93,737.79
7503,2025-07-24,467,106,5,180.08,900.40
7503,2025-07-24,467,300,2,119.77,239.54
7504,2024-12-27,54,218,4,137.61,550.44
7504,2024-12-27,54,429,4,309.42,1237.68
7504,2024-12-27,54,219,3,24.98,74.94
7505,2025-03-11,692,106,2,180.08,360.16
7505,2025-03-11,692,176,5,288.86,1444.30
7506,2025-07-30,695,224,4,321.92,1287.68
7507,2025-09-30,757,117,2,142.82,285.64
7507,2025-09-30,757,28,3,412.52,1237.56
7507,2025-09-30,757,251,5,152.34,761.70
7508,2025-06-18,206,36,3,12.2,36.6
7508,2025-06-18,206,72,5,409.92,2049.60
7508,2025-06-18,206,321,2,75.56,151.12
7509,2025-08-03,895,302,4,462.51,1850.04
7510,2025-10-31,804,397,5,160.06,800.30
7510,2025-10-31,804,127,5,428.76,2143.80
7510,2025-10-31,804,96,3,5.28,15.84
7511,2025-11-04,645,126,3,41.18,123.54
7511,2025-11-04,645,367,5,394.98,1974.90
7512,2024-12-30,256,498,3,374.05,1122.15
7513,2025-06-29,839,118,1,116.6,116.6
7513,2025-06-29,839,248,3,45.08,135.24
7513,2025-06-29,839,336,5,381.71,1908.55
7514,2025-01-10,870,350,3,30.8,92.4
7514,2025-01-10,870,478,5,68.54,342.70
7515,2025-12-07,817,156,1,182.35,182.35
7516,2025-07-24,870,478,1,68.54,68.54
7516,2025-07-24,870,23,5,412.11,2060.55
7516,2025-07-24,870,409,5,31.26,156.30
7517,2025-12-14,35,278,4,205.91,823.64
7518,2025-01-26,282,340,3,46.68,140.04
7518,2025-01-26,282,421,1,320.48,320.48
7519,2025-12-03,999,480,1,172.26,172.26
7520,2025-09-25,474,457,5,320.53,1602.65
7520,2025-09-25,474,92,5,468.03,2340.15
7521,2025-12-16,51,130,3,252.98,758.94
7522,2025-10-09,549,261,2,184.06,368.12
7523,2025-07-15,564,149,2,57.41,114.82
7523,2025-07-15,564,394,1,348.1,348.1
7523,2025-07-15,564,170,1,40.78,40.78
7524,2025-01-25,582,29,1,178.91,178.91
7524,2025-01-25,582,463,4,144.91,579.64
7525,2025-10-25,991,200,4,275.47,1101.88
7526,2025-10-10,762,475,5,118.44,592.20
7526,2025-10-10,762,148,3,445.16,1335.48
7527,2025-06-13,153,183,4,448.54,1794.16
7527,2025-06-13,153,25,4,250.93,1003.72
7528,2025-08-19,660,472,5,46.16,230.80
7528,2025-08-19,660,176,1,288.86,288.86
7528,2025-08-19,660,222,1,80.58,80.58
7529,2025-08-11,739,179,2,153.54,307.08
7529,2025-08-11,739,100,1,220.87,220.87
7530,2025-09-26,8,310,2,151.31,302.62
7530,2025-09-26,8,354,3,78.8,236.4
7530,2025-09-26,8,202,3,141.74,425.22
7531,2025-06-07,618,478,3,68.54,205.62
7531,2025-06-07,618,151,4,496.87,1987.48
7531,2025-06-07,618,175,5,471.13,2355.65
7532,2025-09-16,122,93,3,101.41,304.23
7533,2025-07-27,519,50,1,166.56,166.56
7533,2025-07-27,519,13,2,412.47,824.94
7534,2025-05-15,339,247,2,154.79,309.58
7534,2025-05-15,339,92,4,468.03,1872.12
7535,2025-08-30,694,469,5,103.95,519.75
7536,2025-10-22,903,11,1,149.99,149.99
7536,2025-10-22,903,116,5,496.51,2482.55
7536,2025-10-22,903,149,4,57.41,229.64
7537,2025-03-01,26,431,1,141.89,141.89
7537,2025-03-01,26,50,1,166.56,166.56
7538,2025-01-25,50,228,4,404.8,1619.2
7538,2025-01-25,50,230,2,476.52,953.04
7538,2025-01-25,50,83,3,322.41,967.23
7539,2025-04-09,756,396,2,56.06,112.12
7539,2025-04-09,756,406,5,438.28,2191.40
7539,2025-04-09,756,464,4,267.75,1071.00
7540,2025-08-24,241,468,5,253.58,1267.90
7540,2025-08-24,241,414,4,307.45,1229.80
7540,2025-08-24,241,329,4,374.27,1497.08
7541,2025-10-10,357,54,3,221.51,664.53
7541,2025-10-10,357,216,3,277.28,831.84
7542,2025-03-23,975,410,1,400.18,400.18
7542,2025-03-23,975,301,1,274.15,274.15
7542,2025-03-23,975,134,5,284.82,1424.10
7543,2025-10-25,108,420,2,72.09,144.18
7543,2025-10-25,108,445,2,485.73,971.46
7544,2025-08-31,426,280,3,13.76,41.28
7545,2025-01-21,201,422,3,82.75,248.25
7545,2025-01-21,201,215,2,33.6,67.2
7545,2025-01-21,201,409,5,31.26,156.30
7546,2025-03-27,175,290,5,450.86,2254.30
7547,2025-06-27,934,438,5,161.16,805.80
7547,2025-06-27,934,62,4,245.04,980.16
7548,2025-04-16,157,253,1,358.42,358.42
7548,2025-04-16,157,171,2,350.16,700.32
7549,2025-03-29,372,264,1,245.93,245.93
7550,2025-01-24,211,33,2,194.9,389.8
7551,2025-11-26,147,446,5,60.56,302.80
7552,2025-06-26,795,184,3,72.35,217.05
7552,2025-06-26,795,460,4,313.84,1255.36
7552,2025-06-26,795,397,2,160.06,320.12
7553,2025-06-02,899,133,5,261.96,1309.80
7553,2025-06-02,899,334,5,134.61,673.05
7553,2025-06-02,899,339,4,247.5,990.0
7554,2025-10-11,659,209,4,148.45,593.80
7555,2025-04-08,88,205,2,145.68,291.36
7555,2025-04-08,88,119,5,244.81,1224.05
7555,2025-04-08,88,184,3,72.35,217.05
7556,2025-11-29,864,96,1,5.28,5.28
7557,2025-07-18,923,223,4,77.6,310.4
7557,2025-07-18,923,154,1,434.3,434.3
7558,2025-10-16,256,121,4,492.6,1970.4
7558,2025-10-16,256,387,3,280.52,841.56
7559,2025-01-01,627,251,5,152.34,761.70
7559,2025-01-01,627,373,2,282.2,564.4
7560,2025-10-01,88,263,5,157.37,786.85
7560,2025-10-01,88,383,5,259.72,1298.60
7561,2025-07-03,860,197,4,195.32,781.28
7562,2025-02-22,688,316,3,285.22,855.66
7562,2025-02-22,688,409,1,31.26,31.26
7563,2025-11-17,4,172,4,250.68,1002.72
7563,2025-11-17,4,299,2,383.39,766.78
7563,2025-11-17,4,455,4,276.92,1107.68
7564,2025-11-10,644,254,2,463.64,927.28
7564,2025-11-10,644,271,2,185.88,371.76
7564,2025-11-10,644,285,5,447.68,2238.40
7565,2025-02-13,735,440,3,475.31,1425.93
7565,2025-02-13,735,189,2,147.88,295.76
7565,2025-02-13,735,222,5,80.58,402.90
7566,2025-11-23,552,64,3,491.55,1474.65
7566,2025-11-23,552,257,3,265.71,797.13
7567,2025-03-08,129,191,4,246.88,987.52
7568,2025-01-12,479,184,2,72.35,144.70
7569,2025-07-13,994,326,5,211.81,1059.05
7569,2025-07-13,994,264,3,245.93,737.79
7570,2025-05-05,902,239,1,469.38,469.38
7571,2025-10-11,556,467,2,363.53,727.06
7571,2025-10-11,556,38,1,447.83,447.83
7572,2025-11-16,168,76,5,445.17,2225.85
7572,2025-11-16,168,496,3,159.99,479.97
7573,2025-03-01,647,25,2,250.93,501.86
7573,2025-03-01,647,159,4,372.6,1490.4
7573,2025-03-01,647,415,3,477.17,1431.51
7574,2025-05-19,51,442,1,155.41,155.41
7574,2025-05-19,51,43,5,278.89,1394.45
7574,2025-05-19,51,160,5,241.99,1209.95
7575,2025-12-03,616,416,1,70.38,70.38
7575,2025-12-03,616,123,3,165.07,495.21
7576,2025-02-01,452,81,2,433.63,867.26
7576,2025-02-01,452,417,2,148.93,297.86
7577,2025-01-11,859,460,5,313.84,1569.20
7578,2025-11-13,129,286,1,46.15,46.15
7579,2025-09-13,737,244,5,478.82,2394.10
7580,2025-04-04,260,225,3,460.72,1382.16
7580,2025-04-04,260,262,2,92.87,185.74
7580,2025-04-04,260,433,5,389.95,1949.75
7581,2025-10-20,475,230,1,476.52,476.52
7582,2025-01-02,908,332,4,258.46,1033.84
7582,2025-01-02,908,486,1,176.54,176.54
7582,2025-01-02,908,428,1,358.4,358.4
7583,2025-06-06,134,480,1,172.26,172.26
7583,2025-06-06,134,98,2,14.53,29.06
7584,2025-08-16,55,10,3,248.75,746.25
7584,2025-08-16,55,378,3,428.55,1285.65
7584,2025-08-16,55,52,2,420.33,840.66
7585,2025-06-28,599,299,4,383.39,1533.56
7585,2025-06-28,599,179,5,153.54,767.70
7585,2025-06-28,599,128,2,229.59,459.18
7586,2025-11-08,11,156,4,182.35,729.40
7586,2025-11-08,11,330,5,217.0,1085.0
7587,2025-02-03,582,279,3,204.8,614.4
7587,2025-02-03,582,40,2,296.1,592.2
7588,2025-09-26,680,92,3,468.03,1404.09
7589,2025-10-21,215,490,3,476.01,1428.03
7589,2025-10-21,215,225,2,460.72,921.44
7589,2025-10-21,215,20,1,478.78,478.78
7590,2025-03-29,582,279,2,204.8,409.6
7590,2025-03-29,582,383,1,259.72,259.72
7591,2025-01-30,349,22,1,420.77,420.77
7591,2025-01-30,349,419,4,54.3,217.2
7591,2025-01-30,349,379,1,183.38,183.38
7592,2025-09-06,376,119,1,244.81,244.81
7593,2025-07-14,912,208,5,438.21,2191.05
7593,2025-07-14,912,357,4,147.52,590.08
7594,2025-07-15,891,157,1,33.43,33.43
7595,2025-06-12,983,174,5,314.06,1570.30
7595,2025-06-12,983,254,1,463.64,463.64
7596,2025-10-16,942,142,2,240.49,480.98
7597,2025-09-09,600,22,1,420.77,420.77
7597,2025-09-09,600,73,4,25.92,103.68
7598,2025-02-04,587,178,4,65.82,263.28
7598,2025-02-04,587,335,1,42.9,42.9
7599,2025-07-22,560,171,2,350.16,700.32
7599,2025-07-22,560,485,1,492.14,492.14
7599,2025-07-22,560,72,4,409.92,1639.68
7600,2025-02-26,180,51,5,108.84,544.20
7601,2025-04-02,284,498,4,374.05,1496.20
7601,2025-04-02,284,257,3,265.71,797.13
7601,2025-04-02,284,85,3,321.65,964.95
7602,2025-07-17,654,490,1,476.01,476.01
7602,2025-07-17,654,214,2,298.33,596.66
7602,2025-07-17,654,277,5,328.27,1641.35
7603,2025-05-07,335,498,1,374.05,374.05
7603,2025-05-07,335,373,3,282.2,846.6
7604,2025-07-19,249,112,2,242.9,485.8
7604,2025-07-19,249,441,3,34.49,103.47
7605,2025-10-09,883,118,2,116.6,233.2
7605,2025-10-09,883,468,1,253.58,253.58
7606,2025-12-04,485,260,3,39.69,119.07
7607,2025-02-13,203,64,1,491.55,491.55
7608,2025-12-16,33,49,1,243.73,243.73
7608,2025-12-16,33,363,4,154.83,619.32
7608,2025-12-16,33,50,2,166.56,333.12
7609,2025-12-02,181,171,2,350.16,700.32
7609,2025-12-02,181,343,5,240.99,1204.95
7610,2025-08-08,874,105,5,58.1,290.5
7611,2025-02-19,629,494,5,429.76,2148.80
7611,2025-02-19,629,247,4,154.79,619.16
7612,2025-03-25,226,47,5,447.66,2238.30
7613,2025-03-30,589,104,4,157.58,630.32
7614,2025-04-06,60,469,2,103.95,207.90
7614,2025-04-06,60,475,5,118.44,592.20
7615,2025-02-19,698,431,3,141.89,425.67
7615,2025-02-19,698,25,5,250.93,1254.65
7615,2025-02-19,698,231,4,241.46,965.84
7616,2025-09-12,652,116,5,496.51,2482.55
7616,2025-09-12,652,440,3,475.31,1425.93
7616,2025-09-12,652,165,3,78.9,236.7
7617,2025-09-30,659,411,3,147.7,443.1
7617,2025-09-30,659,235,3,72.25,216.75
7617,2025-09-30,659,112,5,242.9,1214.5
7618,2025-07-24,368,145,5,20.33,101.65
7618,2025-07-24,368,38,4,447.83,1791.32
7618,2025-07-24,368,469,1,103.95,103.95
7619,2025-01-17,382,348,3,231.55,694.65
7620,2025-07-27,883,396,2,56.06,112.12
7620,2025-07-27,883,53,4,485.1,1940.4
7620,2025-07-27,883,70,5,24.04,120.20
7621,2025-09-29,266,168,2,347.07,694.14
7622,2025-06-04,203,373,3,282.2,846.6
7623,2025-04-27,51,96,3,5.28,15.84
7624,2025-03-11,40,29,2,178.91,357.82
7625,2025-09-01,623,226,3,285.54,856.62
7626,2025-05-29,329,33,5,194.9,974.5
7627,2025-10-29,988,276,4,258.44,1033.76
7628,2025-09-07,772,117,1,142.82,142.82
7628,2025-09-07,772,361,1,365.74,365.74
7629,2025-10-08,88,456,3,452.55,1357.65
7629,2025-10-08,88,157,4,33.43,133.72
7630,2025-09-01,416,481,1,163.42,163.42
7630,2025-09-01,416,148,4,445.16,1780.64
7630,2025-09-01,416,100,2,220.87,441.74
7631,2025-11-02,904,15,3,182.7,548.1
7632,2025-11-12,405,181,4,284.33,1137.32
7633,2025-01-03,66,456,5,452.55,2262.75
7634,2025-09-17,106,166,4,212.49,849.96
7635,2025-02-10,968,479,5,301.68,1508.40
7635,2025-02-10,968,240,5,102.23,511.15
7635,2025-02-10,968,331,4,321.18,1284.72
7636,2025-12-16,87,421,5,320.48,1602.40
7636,2025-12-16,87,299,3,383.39,1150.17
7637,2025-04-23,658,44,3,439.63,1318.89
7637,2025-04-23,658,261,2,184.06,368.12
7637,2025-04-23,658,418,4,35.93,143.72
7638,2025-05-31,769,496,1,159.99,159.99
7638,2025-05-31,769,56,5,278.79,1393.95
7639,2025-09-05,658,100,1,220.87,220.87
7639,2025-09-05,658,195,5,494.68,2473.40
7639,2025-09-05,658,257,1,265.71,265.71
7640,2025-02-01,642,97,2,113.42,226.84
7640,2025-02-01,642,96,1,5.28,5.28
7640,2025-02-01,642,408,5,242.36,1211.80
7641,2025-03-02,799,192,3,319.33,957.99
7642,2025-04-20,683,19,2,144.77,289.54
7642,2025-04-20,683,54,2,221.51,443.02
7643,2025-05-22,360,216,4,277.28,1109.12
7643,2025-05-22,360,372,5,20.55,102.75
7644,2025-03-11,324,342,2,478.74,957.48
7644,2025-03-11,324,105,1,58.1,58.1
7645,2025-10-14,736,268,5,164.18,820.90
7645,2025-10-14,736,302,4,462.51,1850.04
7645,2025-10-14,736,90,2,414.87,829.74
7646,2025-11-15,624,341,3,51.61,154.83
7646,2025-11-15,624,248,1,45.08,45.08
7646,2025-11-15,624,355,3,208.41,625.23
7647,2025-05-19,46,200,5,275.47,1377.35
7647,2025-05-19,46,276,3,258.44,775.32
7648,2025-10-01,216,171,1,350.16,350.16
7648,2025-10-01,216,85,2,321.65,643.30
7649,2025-06-25,264,216,4,277.28,1109.12
7649,2025-06-25,264,209,2,148.45,296.90
7649,2025-06-25,264,473,1,341.31,341.31
7650,2025-04-04,818,257,1,265.71,265.71
7650,2025-04-04,818,196,4,305.3,1221.2
7651,2025-01-24,640,123,4,165.07,660.28
7651,2025-01-24,640,424,3,321.07,963.21
7652,2025-03-11,119,226,1,285.54,285.54
7652,2025-03-11,119,52,2,420.33,840.66
7653,2025-03-19,645,488,4,209.37,837.48
7653,2025-03-19,645,440,3,475.31,1425.93
7653,2025-03-19,645,348,5,231.55,1157.75
7654,2025-07-31,123,135,3,220.51,661.53
7655,2025-06-20,517,449,1,119.8,119.8
7655,2025-06-20,517,164,4,310.9,1243.6
7656,2025-03-15,657,209,5,148.45,742.25
7656,2025-03-15,657,479,2,301.68,603.36
7657,2025-07-14,779,352,3,164.03,492.09
7658,2025-06-27,905,232,2,59.52,119.04
7658,2025-06-27,905,21,1,141.16,141.16
7658,2025-06-27,905,404,5,153.82,769.10
7659,2025-02-14,377,443,5,255.06,1275.30
7660,2025-01-12,682,78,2,376.98,753.96
7660,2025-01-12,682,380,4,276.01,1104.04
7660,2025-01-12,682,469,1,103.95,103.95
7661,2025-12-23,641,270,3,396.51,1189.53
7662,2025-06-14,686,344,3,177.16,531.48
7663,2025-08-29,177,424,1,321.07,321.07
7663,2025-08-29,177,103,3,239.95,719.85
7664,2025-08-02,422,92,3,468.03,1404.09
7665,2025-01-27,69,113,2,304.92,609.84
7666,2025-08-14,251,385,3,391.11,1173.33
7666,2025-08-14,251,267,5,281.05,1405.25
7667,2025-10-14,286,477,4,442.21,1768.84
7668,2025-11-05,141,52,1,420.33,420.33
7669,2025-05-03,810,408,4,242.36,969.44
7669,2025-05-03,810,307,2,228.49,456.98
7669,2025-05-03,810,209,1,148.45,148.45
7670,2025-05-11,547,268,2,164.18,328.36
7670,2025-05-11,547,486,4,176.54,706.16
7670,2025-05-11,547,138,5,444.05,2220.25
7671,2025-07-31,626,71,3,268.41,805.23
7671,2025-07-31,626,461,4,224.53,898.12
7671,2025-07-31,626,127,1,428.76,428.76
7672,2025-08-20,987,215,4,33.6,134.4
7673,2025-09-08,789,486,5,176.54,882.70
7674,2025-09-27,843,321,5,75.56,377.80
7674,2025-09-27,843,101,3,35.41,106.23
7674,2025-09-27,843,113,1,304.92,304.92
7675,2025-06-24,964,255,3,214.59,643.77
7675,2025-06-24,964,380,1,276.01,276.01
7675,2025-06-24,964,38,5,447.83,2239.15
7676,2025-01-29,35,477,3,442.21,1326.63
7676,2025-01-29,35,454,2,64.77,129.54
7676,2025-01-29,35,113,1,304.92,304.92
7677,2025-09-20,188,96,3,5.28,15.84
7678,2025-04-29,745,494,4,429.76,1719.04
7678,2025-04-29,745,226,5,285.54,1427.70
7678,2025-04-29,745,56,2,278.79,557.58
7679,2025-06-19,562,468,5,253.58,1267.90
7680,2025-10-10,229,288,5,55.84,279.20
7680,2025-10-10,229,368,4,83.83,335.32
7680,2025-10-10,229,497,5,482.27,2411.35
7681,2025-07-01,678,403,3,215.58,646.74
7681,2025-07-01,678,415,2,477.17,954.34
7682,2025-01-15,427,91,2,51.8,103.6
7682,2025-01-15,427,158,1,373.08,373.08
7683,2025-06-21,725,447,1,376.57,376.57
7683,2025-06-21,725,387,4,280.52,1122.08
7683,2025-06-21,725,402,5,341.36,1706.80
7684,2025-10-16,707,492,2,449.67,899.34
7684,2025-10-16,707,78,5,376.98,1884.90
7685,2025-03-15,143,258,2,77.66,155.32
7685,2025-03-15,143,302,1,462.51,462.51
7686,2025-08-16,263,74,3,352.49,1057.47
7686,2025-08-16,263,367,5,394.98,1974.90
7686,2025-08-16,263,118,5,116.6,583.0
7687,2025-08-05,137,368,5,83.83,419.15
7687,2025-08-05,137,444,3,231.57,694.71
7687,2025-08-05,137,136,1,341.46,341.46
7688,2025-05-16,126,248,2,45.08,90.16
7688,2025-05-16,126,322,4,417.63,1670.52
7689,2025-10-13,991,42,1,39.02,39.02
7690,2025-08-10,678,407,3,325.42,976.26
7691,2025-07-06,630,153,3,210.94,632.82
7691,2025-07-06,630,205,3,145.68,437.04
7692,2025-08-24,579,216,3,277.28,831.84
7693,2025-05-08,770,403,1,215.58,215.58
7693,2025-05-08,770,500,5,455.95,2279.75
7693,2025-05-08,770,451,1,117.67,117.67
7694,2025-12-16,310,220,2,26.81,53.62
7695,2025-07-16,323,67,1,301.26,301.26
7695,2025-07-16,323,202,1,141.74,141.74
7695,2025-07-16,323,201,4,437.71,1750.84
7696,2025-08-27,854,314,1,239.74,239.74
7697,2025-12-15,19,377,5,401.94,2009.70
7698,2025-06-10,362,369,3,67.55,202.65
7698,2025-06-10,362,226,4,285.54,1142.16
7698,2025-06-10,362,395,3,171.83,515.49
7699,2024-12-29,751,413,3,496.98,1490.94
7700,2025-08-12,278,456,3,452.55,1357.65
7700,2025-08-12,278,379,5,183.38,916.90
7701,2025-04-30,887,358,1,329.56,329.56
7702,2025-04-28,382,467,3,363.53,1090.59
7702,2025-04-28,382,275,3,25.24,75.72
7702,2025-04-28,382,138,5,444.05,2220.25
7703,2025-03-15,957,120,2,458.95,917.90
7704,2025-05-24,393,477,2,442.21,884.42
7704,2025-05-24,393,355,3,208.41,625.23
7704,2025-05-24,393,325,4,281.87,1127.48
7705,2025-06-27,129,364,2,84.82,169.64
7705,2025-06-27,129,16,2,241.42,482.84
7706,2025-06-09,822,340,3,46.68,140.04
7706,2025-06-09,822,498,1,374.05,374.05
7707,2025-10-19,857,376,1,167.79,167.79
7707,2025-10-19,857,474,5,33.57,167.85
7708,2025-09-11,467,153,4,210.94,843.76
7708,2025-09-11,467,290,4,450.86,1803.44
7708,2025-09-11,467,6,3,388.76,1166.28
7709,2025-04-13,306,349,2,173.73,347.46
7710,2025-07-17,671,455,1,276.92,276.92
7710,2025-07-17,671,350,3,30.8,92.4
7710,2025-07-17,671,250,5,202.45,1012.25
7711,2025-04-14,643,410,5,400.18,2000.90
7711,2025-04-14,643,366,5,223.44,1117.20
7712,2025-07-14,991,496,3,159.99,479.97
7713,2024-12-31,270,199,1,286.28,286.28
7713,2024-12-31,270,417,5,148.93,744.65
7713,2024-12-31,270,489,3,52.69,158.07
7714,2025-02-11,917,101,2,35.41,70.82
7714,2025-02-11,917,276,3,258.44,775.32
7714,2025-02-11,917,473,5,341.31,1706.55
7715,2025-11-19,896,155,3,407.98,1223.94
7715,2025-11-19,896,351,3,87.53,262.59
7716,2025-12-13,192,381,2,313.66,627.32
7717,2025-08-03,84,279,3,204.8,614.4
7718,2025-04-17,612,249,4,492.22,1968.88
7719,2025-01-28,9,252,3,257.9,773.7
7719,2025-01-28,9,250,1,202.45,202.45
7720,2025-05-09,955,195,4,494.68,1978.72
7720,2025-05-09,955,64,4,491.55,1966.20
7720,2025-05-09,955,286,5,46.15,230.75
7721,2025-03-29,601,70,4,24.04,96.16
7721,2025-03-29,601,377,3,401.94,1205.82
7721,2025-03-29,601,264,4,245.93,983.72
7722,2025-01-23,911,271,4,185.88,743.52
7722,2025-01-23,911,271,3,185.88,557.64
7723,2025-07-31,722,242,3,35.44,106.32
7723,2025-07-31,722,370,4,285.74,1142.96
7723,2025-07-31,722,17,5,221.62,1108.10
7724,2025-01-12,237,299,2,383.39,766.78
7725,2025-05-11,577,177,3,184.9,554.7
7725,2025-05-11,577,36,3,12.2,36.6
7726,2025-01-31,584,427,1,410.44,410.44
7727,2025-08-01,540,277,3,328.27,984.81
7727,2025-08-01,540,466,5,477.28,2386.40
7727,2025-08-01,540,41,5,114.35,571.75
7728,2025-12-06,862,321,3,75.56,226.68
7728,2025-12-06,862,351,1,87.53,87.53
7728,2025-12-06,862,479,5,301.68,1508.40
7729,2025-02-28,731,197,4,195.32,781.28
7729,2025-02-28,731,188,3,443.19,1329.57
7730,2025-05-20,246,462,1,412.76,412.76
7731,2025-12-14,641,50,4,166.56,666.24
7732,2024-12-29,519,4,3,472.3,1416.9
7733,2025-07-08,207,385,2,391.11,782.22
7734,2025-02-07,336,342,1,478.74,478.74
7734,2025-02-07,336,384,4,229.07,916.28
7735,2025-03-10,651,170,4,40.78,163.12
7735,2025-03-10,651,146,2,92.21,184.42
7736,2025-11-19,307,339,4,247.5,990.0
7736,2025-11-19,307,81,5,433.63,2168.15
7737,2025-09-22,638,271,1,185.88,185.88
7737,2025-09-22,638,265,3,86.31,258.93
7737,2025-09-22,638,236,1,469.19,469.19
7738,2025-01-01,931,240,2,102.23,204.46
7739,2025-12-24,153,349,3,173.73,521.19
7739,2025-12-24,153,6,2,388.76,777.52
7739,2025-12-24,153,480,2,172.26,344.52
7740,2025-07-13,902,430,5,275.12,1375.60
7741,2025-09-19,523,22,5,420.77,2103.85
7742,2025-03-03,341,452,5,46.98,234.90
7742,2025-03-03,341,340,1,46.68,46.68
7742,2025-03-03,341,10,2,248.75,497.50
7743,2024-12-29,879,235,2,72.25,144.50
7743,2024-12-29,879,278,2,205.91,411.82
7744,2025-12-13,903,104,4,157.58,630.32
7744,2025-12-13,903,258,3,77.66,232.98
7745,2025-08-30,604,378,4,428.55,1714.20
7746,2025-01-07,43,121,2,492.6,985.2
7746,2025-01-07,43,307,4,228.49,913.96
7747,2025-09-01,739,430,3,275.12,825.36
7747,2025-09-01,739,447,4,376.57,1506.28
7748,2025-06-29,514,213,1,312.66,312.66
7748,2025-06-29,514,300,1,119.77,119.77
7749,2025-03-30,621,454,5,64.77,323.85
7749,2025-03-30,621,51,1,108.84,108.84
7749,2025-03-30,621,292,1,242.18,242.18
7750,2025-11-04,718,450,4,101.99,407.96
7750,2025-11-04,718,241,1,269.46,269.46
7750,2025-11-04,718,170,4,40.78,163.12
7751,2025-06-21,292,106,1,180.08,180.08
7751,2025-06-21,292,372,3,20.55,61.65
7751,2025-06-21,292,167,3,224.17,672.51
7752,2025-06-09,776,100,4,220.87,883.48
7752,2025-06-09,776,388,2,317.72,635.44
7753,2025-04-08,526,348,1,231.55,231.55
7754,2025-08-26,323,369,1,67.55,67.55
7754,2025-08-26,323,404,5,153.82,769.10
7755,2025-08-05,72,198,5,373.73,1868.65
7755,2025-08-05,72,136,5,341.46,1707.30
7756,2025-09-18,229,73,2,25.92,51.84
7757,2025-04-09,277,200,1,275.47,275.47
7757,2025-04-09,277,247,4,154.79,619.16
7758,2025-09-14,737,46,3,392.38,1177.14
7758,2025-09-14,737,184,3,72.35,217.05
7758,2025-09-14,737,385,4,391.11,1564.44
7759,2025-01-09,976,306,3,390.91,1172.73
7760,2025-02-22,452,178,1,65.82,65.82
7760,2025-02-22,452,456,3,452.55,1357.65
7761,2025-04-02,99,270,5,396.51,1982.55
7762,2025-11-22,464,248,1,45.08,45.08
7763,2025-09-14,34,407,1,325.42,325.42
7763,2025-09-14,34,392,5,141.55,707.75
7763,2025-09-14,34,397,4,160.06,640.24
7764,2025-05-02,428,442,5,155.41,777.05
7764,2025-05-02,428,413,4,496.98,1987.92
7764,2025-05-02,428,332,5,258.46,1292.30
7765,2025-07-15,617,165,2,78.9,157.8
7766,2025-12-21,192,35,2,246.38,492.76
7766,2025-12-21,192,54,4,221.51,886.04
7766,2025-12-21,192,249,1,492.22,492.22
7767,2025-10-30,241,29,3,178.91,536.73
7768,2025-07-03,187,348,5,231.55,1157.75
7768,2025-07-03,187,157,1,33.43,33.43
7768,2025-07-03,187,335,2,42.9,85.8
7769,2025-10-14,273,73,1,25.92,25.92
7770,2025-01-14,25,15,3,182.7,548.1
7770,2025-01-14,25,116,5,496.51,2482.55
7770,2025-01-14,25,65,4,430.11,1720.44
7771,2025-09-17,519,243,5,457.3,2286.5
7771,2025-09-17,519,217,4,110.51,442.04
7772,2025-06-15,737,412,2,407.79,815.58
7772,2025-06-15,737,249,5,492.22,2461.10
7773,2025-08-22,402,288,5,55.84,279.20
7774,2025-02-20,932,121,1,492.6,492.6
7774,2025-02-20,932,230,2,476.52,953.04
7774,2025-02-20,932,343,4,240.99,963.96
7775,2025-02-03,184,454,3,64.77,194.31
7775,2025-02-03,184,355,5,208.41,1042.05
7776,2025-09-28,821,177,4,184.9,739.6
7776,2025-09-28,821,485,3,492.14,1476.42
7777,2025-12-13,615,9,4,217.36,869.44
7777,2025-12-13,615,466,5,477.28,2386.40
7778,2025-01-19,295,86,1,444.15,444.15
7779,2025-09-04,348,19,2,144.77,289.54
7779,2025-09-04,348,281,3,115.36,346.08
7780,2024-12-28,502,466,5,477.28,2386.40
7780,2024-12-28,502,377,2,401.94,803.88
7781,2025-02-13,606,228,2,404.8,809.6
7781,2025-02-13,606,97,4,113.42,453.68
7782,2025-06-19,131,288,3,55.84,167.52
7783,2025-04-09,666,51,2,108.84,217.68
7783,2025-04-09,666,351,1,87.53,87.53
7784,2025-01-20,790,307,3,228.49,685.47
7784,2025-01-20,790,98,5,14.53,72.65
7785,2025-07-28,183,368,2,83.83,167.66
7785,2025-07-28,183,403,3,215.58,646.74
7785,2025-07-28,183,209,3,148.45,445.35
7786,2025-06-07,360,239,3,469.38,1408.14
7786,2025-06-07,360,41,3,114.35,343.05
7786,2025-06-07,360,395,3,171.83,515.49
7787,2025-11-05,545,409,2,31.26,62.52
7788,2025-09-01,983,331,4,321.18,1284.72
7788,2025-09-01,983,191,4,246.88,987.52
7788,2025-09-01,983,36,4,12.2,48.8
7789,2025-10-28,628,145,2,20.33,40.66
7790,2025-06-06,274,419,4,54.3,217.2
7790,2025-06-06,274,175,3,471.13,1413.39
7790,2025-06-06,274,96,5,5.28,26.40
7791,2025-09-20,843,462,3,412.76,1238.28
7791,2025-09-20,843,211,3,180.66,541.98
7792,2025-06-26,574,365,5,459.25,2296.25
7792,2025-06-26,574,32,3,342.29,1026.87
7792,2025-06-26,574,333,5,312.24,1561.20
7793,2025-04-16,161,123,5,165.07,825.35
7794,2025-01-25,872,478,1,68.54,68.54
7794,2025-01-25,872,422,3,82.75,248.25
7795,2025-03-02,52,406,1,438.28,438.28
7795,2025-03-02,52,212,4,122.95,491.80
7796,2025-10-15,997,87,2,480.44,960.88
7797,2025-10-05,932,29,2,178.91,357.82
7797,2025-10-05,932,208,4,438.21,1752.84
7797,2025-10-05,932,479,2,301.68,603.36
7798,2025-09-04,255,352,4,164.03,656.12
7798,2025-09-04,255,80,5,293.7,1468.5
7798,2025-09-04,255,370,1,285.74,285.74
7799,2025-10-11,847,156,5,182.35,911.75
7800,2025-05-15,115,160,4,241.99,967.96
7800,2025-05-15,115,150,4,72.4,289.6
7801,2025-04-16,565,435,1,122.68,122.68
7802,2025-02-04,1000,94,3,295.93,887.79
7802,2025-02-04,1000,96,4,5.28,21.12
7802,2025-02-04,1000,222,5,80.58,402.90
7803,2025-01-03,80,21,5,141.16,705.80
7803,2025-01-03,80,393,4,263.08,1052.32
7803,2025-01-03,80,441,5,34.49,172.45
7804,2025-03-17,605,423,3,410.7,1232.1
7805,2025-02-26,447,209,1,148.45,148.45
7805,2025-02-26,447,381,4,313.66,1254.64
7806,2025-03-19,326,422,2,82.75,165.50
7806,2025-03-19,326,249,3,492.22,1476.66
7806,2025-03-19,326,190,5,72.61,363.05
7807,2025-07-13,430,445,2,485.73,971.46
7807,2025-07-13,430,433,1,389.95,389.95
7807,2025-07-13,430,499,4,230.52,922.08
7808,2025-04-16,644,158,5,373.08,1865.40
7808,2025-04-16,644,426,5,82.52,412.60
7809,2025-09-02,456,168,5,347.07,1735.35
7810,2025-01-20,841,5,4,314.52,1258.08
7810,2025-01-20,841,104,3,157.58,472.74
7811,2025-08-07,357,86,2,444.15,888.30
7811,2025-08-07,357,468,5,253.58,1267.90
7812,2025-10-20,984,494,2,429.76,859.52
7812,2025-10-20,984,228,5,404.8,2024.0
7812,2025-10-20,984,230,1,476.52,476.52
7813,2025-11-22,85,450,5,101.99,509.95
7813,2025-11-22,85,50,5,166.56,832.80
7813,2025-11-22,85,169,2,460.43,920.86
7814,2025-02-25,77,115,4,365.14,1460.56
7814,2025-02-25,77,486,4,176.54,706.16
7814,2025-02-25,77,268,2,164.18,328.36
7815,2025-09-14,697,101,4,35.41,141.64
7815,2025-09-14,697,113,5,304.92,1524.60
7815,2025-09-14,697,221,1,109.17,109.17
7816,2025-05-13,575,328,4,50.89,203.56
7816,2025-05-13,575,366,3,223.44,670.32
7816,2025-05-13,575,165,1,78.9,78.9
7817,2025-08-21,984,180,4,179.99,719.96
7817,2025-08-21,984,443,4,255.06,1020.24
7817,2025-08-21,984,105,2,58.1,116.2
7818,2025-11-29,471,290,4,450.86,1803.44
7818,2025-11-29,471,329,5,374.27,1871.35
7819,2025-04-28,166,282,1,332.62,332.62
7819,2025-04-28,166,472,3,46.16,138.48
7819,2025-04-28,166,98,2,14.53,29.06
7820,2025-06-25,311,182,5,496.05,2480.25
7820,2025-06-25,311,402,3,341.36,1024.08
7821,2025-10-18,832,462,2,412.76,825.52
7822,2025-05-25,317,441,3,34.49,103.47
7822,2025-05-25,317,13,1,412.47,412.47
7823,2025-01-16,452,95,4,394.98,1579.92
7824,2025-02-27,608,61,1,351.5,351.5
7824,2025-02-27,608,297,5,398.94,1994.70
7824,2025-02-27,608,324,2,113.76,227.52
7825,2025-04-18,921,423,1,410.7,410.7
7826,2025-09-24,125,328,3,50.89,152.67
7826,2025-09-24,125,162,1,147.2,147.2
7827,2025-09-05,637,322,1,417.63,417.63
7827,2025-09-05,637,425,1,165.2,165.2
7827,2025-09-05,637,81,1,433.63,433.63
7828,2025-03-05,457,3,5,498.69,2493.45
7828,2025-03-05,457,451,4,117.67,470.68
7829,2025-04-28,394,499,2,230.52,461.04
7829,2025-04-28,394,135,1,220.51,220.51
7830,2025-02-04,156,468,2,253.58,507.16
7831,2025-09-09,112,276,2,258.44,516.88
7831,2025-09-09,112,9,4,217.36,869.44
7831,2025-09-09,112,257,4,265.71,1062.84
7832,2025-10-14,919,497,5,482.27,2411.35
7832,2025-10-14,919,21,4,141.16,564.64
7833,2025-12-16,516,169,5,460.43,2302.15
7834,2025-10-09,684,434,5,21.02,105.10
7834,2025-10-09,684,290,2,450.86,901.72
7834,2025-10-09,684,181,3,284.33,852.99
7835,2025-06-29,821,438,1,161.16,161.16
7835,2025-06-29,821,183,1,448.54,448.54
7836,2025-01-13,778,18,2,298.7,597.4
7836,2025-01-13,778,37,2,37.4,74.8
7837,2025-08-09,489,1,2,80.6,161.2
7837,2025-08-09,489,87,4,480.44,1921.76
7838,2025-01-17,343,58,2,16.96,33.92
7838,2025-01-17,343,358,5,329.56,1647.80
7839,2025-07-03,379,375,5,445.17,2225.85
7839,2025-07-03,379,127,1,428.76,428.76
7840,2025-01-13,203,119,1,244.81,244.81
7841,2025-04-22,366,273,4,54.12,216.48
7842,2025-02-03,430,425,2,165.2,330.4
7842,2025-02-03,430,246,1,426.74,426.74
7843,2024-12-31,155,239,3,469.38,1408.14
7843,2024-12-31,155,293,4,131.93,527.72
7843,2024-12-31,155,269,1,302.11,302.11
7844,2025-03-22,10,248,4,45.08,180.32
7844,2025-03-22,10,197,5,195.32,976.60
7845,2025-10-10,168,163,4,186.78,747.12
7845,2025-10-10,168,346,4,30.32,121.28
7845,2025-10-10,168,299,2,383.39,766.78
7846,2025-12-26,876,147,2,55.32,110.64
7846,2025-12-26,876,161,1,318.86,318.86
7846,2025-12-26,876,8,3,316.53,949.59
7847,2025-06-01,546,183,2,448.54,897.08
7848,2025-05-03,923,105,4,58.1,232.4
7848,2025-05-03,923,376,4,167.79,671.16
7849,2025-12-14,68,179,2,153.54,307.08
7850,2025-01-30,143,61,5,351.5,1757.5
7851,2025-03-20,32,253,5,358.42,1792.10
7852,2025-11-05,872,153,1,210.94,210.94
7852,2025-11-05,872,227,4,94.86,379.44
7853,2025-12-15,272,287,3,291.36,874.08
7853,2025-12-15,272,422,4,82.75,331.00
7853,2025-12-15,272,44,4,439.63,1758.52
7854,2025-12-21,207,132,1,305.92,305.92
7855,2025-04-26,215,358,1,329.56,329.56
7855,2025-04-26,215,403,3,215.58,646.74
7855,2025-04-26,215,499,1,230.52,230.52
7856,2025-12-24,961,212,2,122.95,245.90
7856,2025-12-24,961,19,5,144.77,723.85
7857,2025-10-17,341,85,1,321.65,321.65
7857,2025-10-17,341,490,1,476.01,476.01
7857,2025-10-17,341,467,4,363.53,1454.12
7858,2025-07-22,937,376,5,167.79,838.95
7858,2025-07-22,937,73,4,25.92,103.68
7859,2025-05-10,681,200,2,275.47,550.94
7859,2025-05-10,681,489,3,52.69,158.07
7859,2025-05-10,681,205,5,145.68,728.40
7860,2025-03-04,791,242,2,35.44,70.88
7861,2025-02-17,359,229,3,296.73,890.19
7861,2025-02-17,359,280,1,13.76,13.76
7861,2025-02-17,359,369,4,67.55,270.20
7862,2025-09-21,459,398,4,71.83,287.32
7862,2025-09-21,459,131,3,398.64,1195.92
7863,2025-12-06,799,180,3,179.99,539.97
7863,2025-12-06,799,144,5,398.79,1993.95
7863,2025-12-06,799,463,3,144.91,434.73
7864,2025-12-24,152,448,1,149.05,149.05
7864,2025-12-24,152,349,1,173.73,173.73
7865,2025-12-24,382,463,3,144.91,434.73
7866,2025-05-04,789,250,2,202.45,404.90
7867,2025-07-13,315,281,1,115.36,115.36
7867,2025-07-13,315,334,1,134.61,134.61
7867,2025-07-13,315,9,2,217.36,434.72
7868,2025-03-20,53,224,3,321.92,965.76
7869,2025-04-15,3,444,4,231.57,926.28
7870,2025-11-26,829,207,3,68.3,204.9
7870,2025-11-26,829,259,4,131.5,526.0
7870,2025-11-26,829,299,1,383.39,383.39
7871,2025-08-04,588,399,2,53.46,106.92
7872,2025-12-24,227,156,3,182.35,547.05
7872,2025-12-24,227,348,4,231.55,926.20
7873,2025-03-16,1000,2,4,287.98,1151.92
7873,2025-03-16,1000,140,1,187.49,187.49
7873,2025-03-16,1000,121,1,492.6,492.6
7874,2025-03-14,612,153,5,210.94,1054.70
7875,2025-09-27,378,320,5,322.83,1614.15
7876,2025-10-08,773,112,4,242.9,971.6
7876,2025-10-08,773,253,2,358.42,716.84
7877,2025-12-05,58,492,3,449.67,1349.01
7877,2025-12-05,58,419,5,54.3,271.5
7878,2025-08-01,530,251,2,152.34,304.68
7879,2025-06-08,325,2,2,287.98,575.96
7880,2025-05-27,726,419,2,54.3,108.6
7880,2025-05-27,726,266,4,468.09,1872.36
7880,2025-05-27,726,309,1,50.9,50.9
7881,2025-10-15,891,325,2,281.87,563.74
7882,2025-01-21,820,371,3,51.41,154.23
7882,2025-01-21,820,414,5,307.45,1537.25
7883,2025-05-27,954,188,1,443.19,443.19
7883,2025-05-27,954,354,3,78.8,236.4
7883,2025-05-27,954,255,5,214.59,1072.95
7884,2025-01-09,417,276,4,258.44,1033.76
7885,2025-05-14,575,279,5,204.8,1024.0
7885,2025-05-14,575,119,3,244.81,734.43
7886,2025-03-02,623,408,4,242.36,969.44
7886,2025-03-02,623,400,2,387.4,774.8
7886,2025-03-02,623,296,4,215.06,860.24
7887,2025-06-02,518,27,5,227.57,1137.85
7888,2025-04-11,798,43,3,278.89,836.67
7888,2025-04-11,798,312,1,333.94,333.94
7888,2025-04-11,798,325,3,281.87,845.61
7889,2025-01-08,702,238,3,472.08,1416.24
7889,2025-01-08,702,344,1,177.16,177.16
7889,2025-01-08,702,304,1,276.08,276.08
7890,2025-11-16,752,485,5,492.14,2460.70
7890,2025-11-16,752,338,3,243.62,730.86
7891,2025-01-29,546,41,4,114.35,457.40
7892,2025-11-14,284,401,4,341.45,1365.80
7892,2025-11-14,284,292,4,242.18,968.72
7893,2025-02-03,45,95,5,394.98,1974.90
7894,2025-06-24,474,88,5,222.45,1112.25
7894,2025-06-24,474,205,1,145.68,145.68
7895,2025-12-26,26,397,3,160.06,480.18
7895,2025-12-26,26,249,2,492.22,984.44
7896,2025-06-09,923,215,3,33.6,100.8
7896,2025-06-09,923,44,4,439.63,1758.52
7897,2025-11-21,466,439,2,18.16,36.32
7897,2025-11-21,466,206,3,270.77,812.31
7898,2025-08-28,675,62,5,245.04,1225.20
7899,2025-01-11,708,202,4,141.74,566.96
7900,2025-11-17,207,87,2,480.44,960.88
7900,2025-11-17,207,82,2,349.97,699.94
7901,2025-01-01,542,145,4,20.33,81.32
7901,2025-01-01,542,61,4,351.5,1406.0
7902,2025-02-13,629,287,5,291.36,1456.80
7902,2025-02-13,629,27,1,227.57,227.57
7902,2025-02-13,629,420,4,72.09,288.36
7903,2025-07-04,195,483,5,192.76,963.80
7903,2025-07-04,195,236,5,469.19,2345.95
7904,2025-09-28,51,99,1,342.87,342.87
7905,2025-11-07,42,82,1,349.97,349.97
7905,2025-11-07,42,151,5,496.87,2484.35
7906,2025-11-08,184,343,4,240.99,963.96
7907,2025-09-30,206,81,2,433.63,867.26
7907,2025-09-30,206,113,4,304.92,1219.68
7908,2025-04-22,777,338,4,243.62,974.48
7909,2025-10-28,17,426,5,82.52,412.60
7909,2025-10-28,17,282,4,332.62,1330.48
7910,2025-07-11,58,453,4,236.71,946.84
7911,2025-07-12,269,203,3,98.55,295.65
7911,2025-07-12,269,316,5,285.22,1426.10
7912,2025-03-30,370,188,1,443.19,443.19
7912,2025-03-30,370,300,1,119.77,119.77
7912,2025-03-30,370,330,3,217.0,651.0
7913,2025-04-18,748,248,5,45.08,225.40
7913,2025-04-18,748,390,2,40.96,81.92
7913,2025-04-18,748,129,1,119.27,119.27
7914,2025-06-30,739,74,3,352.49,1057.47
7915,2025-09-08,698,75,4,131.43,525.72
7915,2025-09-08,698,430,2,275.12,550.24
7915,2025-09-08,698,37,5,37.4,187.0
7916,2025-05-19,914,282,3,332.62,997.86
7917,2025-12-05,987,183,5,448.54,2242.70
7917,2025-12-05,987,365,4,459.25,1837.00
7918,2025-09-05,213,115,4,365.14,1460.56
7919,2025-11-05,439,114,3,136.66,409.98
7920,2025-05-29,167,472,3,46.16,138.48
7921,2025-08-05,818,465,4,313.64,1254.56
7921,2025-08-05,818,134,1,284.82,284.82
7921,2025-08-05,818,491,3,474.71,1424.13
7922,2025-03-26,543,253,4,358.42,1433.68
7922,2025-03-26,543,309,1,50.9,50.9
7923,2025-03-20,85,463,5,144.91,724.55
7923,2025-03-20,85,50,3,166.56,499.68
7923,2025-03-20,85,419,1,54.3,54.3
7924,2025-05-15,127,408,1,242.36,242.36
7924,2025-05-15,127,439,2,18.16,36.32
7924,2025-05-15,127,127,4,428.76,1715.04
7925,2025-05-08,511,27,5,227.57,1137.85
7925,2025-05-08,511,261,4,184.06,736.24
7926,2025-08-31,696,467,4,363.53,1454.12
7926,2025-08-31,696,304,2,276.08,552.16
7927,2025-01-31,333,490,1,476.01,476.01
7927,2025-01-31,333,411,4,147.7,590.8
7927,2025-01-31,333,160,5,241.99,1209.95
7928,2024-12-29,170,473,4,341.31,1365.24
7928,2024-12-29,170,372,4,20.55,82.20
7929,2025-02-01,882,216,5,277.28,1386.40
7929,2025-02-01,882,61,5,351.5,1757.5
7930,2025-05-03,11,172,4,250.68,1002.72
7931,2025-08-18,82,215,5,33.6,168.0
7931,2025-08-18,82,333,3,312.24,936.72
7932,2025-03-14,735,97,4,113.42,453.68
7932,2025-03-14,735,384,4,229.07,916.28
7932,2025-03-14,735,382,3,240.39,721.17
7933,2025-04-11,471,315,1,398.86,398.86
7933,2025-04-11,471,344,4,177.16,708.64
7933,2025-04-11,471,178,3,65.82,197.46
7934,2025-03-03,839,327,5,499.91,2499.55
7934,2025-03-03,839,259,1,131.5,131.5
7935,2025-08-03,113,329,1,374.27,374.27
7935,2025-08-03,113,194,3,447.89,1343.67
7935,2025-08-03,113,462,2,412.76,825.52
7936,2025-03-05,36,484,2,497.12,994.24
7936,2025-03-05,36,84,1,404.22,404.22
7937,2025-10-11,440,468,2,253.58,507.16
7937,2025-10-11,440,175,4,471.13,1884.52
7938,2025-09-08,722,396,3,56.06,168.18
7938,2025-09-08,722,278,5,205.91,1029.55
7939,2025-01-29,987,257,4,265.71,1062.84
7939,2025-01-29,987,20,5,478.78,2393.90
7940,2025-06-16,95,234,5,6.55,32.75
7940,2025-06-16,95,40,1,296.1,296.1
7940,2025-06-16,95,252,3,257.9,773.7
7941,2024-12-30,172,155,1,407.98,407.98
7941,2024-12-30,172,46,1,392.38,392.38
7942,2025-08-31,140,91,4,51.8,207.2
7942,2025-08-31,140,253,1,358.42,358.42
7942,2025-08-31,140,95,4,394.98,1579.92
7943,2025-10-11,567,181,3,284.33,852.99
7944,2025-02-07,830,212,4,122.95,491.80
7944,2025-02-07,830,276,3,258.44,775.32
7945,2025-06-16,601,314,3,239.74,719.22
7945,2025-06-16,601,273,5,54.12,270.60
7945,2025-06-16,601,186,3,436.63,1309.89
7946,2025-05-24,767,283,5,384.65,1923.25
7946,2025-05-24,767,262,5,92.87,464.35
7946,2025-05-24,767,301,2,274.15,548.30
7947,2025-04-26,458,442,2,155.41,310.82
7948,2025-02-04,224,333,3,312.24,936.72
7948,2025-02-04,224,492,2,449.67,899.34
7949,2025-06-29,543,422,2,82.75,165.50
7949,2025-06-29,543,289,2,150.72,301.44
7949,2025-06-29,543,446,1,60.56,60.56
7950,2025-06-22,327,91,4,51.8,207.2
7951,2025-06-11,355,494,1,429.76,429.76
7951,2025-06-11,355,254,2,463.64,927.28
7951,2025-06-11,355,72,1,409.92,409.92
7952,2025-03-29,826,255,1,214.59,214.59
7952,2025-03-29,826,94,2,295.93,591.86
7953,2025-04-22,679,277,2,328.27,656.54
7953,2025-04-22,679,367,4,394.98,1579.92
7954,2025-08-06,65,108,1,393.46,393.46
7954,2025-08-06,65,260,3,39.69,119.07
7954,2025-08-06,65,411,4,147.7,590.8
7955,2025-03-28,973,496,5,159.99,799.95
7955,2025-03-28,973,311,2,289.44,578.88
7956,2025-06-01,739,251,5,152.34,761.70
7956,2025-06-01,739,307,3,228.49,685.47
7956,2025-06-01,739,466,1,477.28,477.28
7957,2025-05-06,171,383,3,259.72,779.16
7957,2025-05-06,171,134,5,284.82,1424.10
7957,2025-05-06,171,78,5,376.98,1884.90
7958,2025-09-02,378,105,4,58.1,232.4
7958,2025-09-02,378,334,3,134.61,403.83
7958,2025-09-02,378,155,4,407.98,1631.92
7959,2025-11-11,747,278,3,205.91,617.73
7959,2025-11-11,747,424,3,321.07,963.21
7960,2024-12-31,448,93,2,101.41,202.82
7960,2024-12-31,448,51,4,108.84,435.36
7960,2024-12-31,448,395,5,171.83,859.15
7961,2025-01-20,40,180,5,179.99,899.95
7962,2025-01-27,434,179,4,153.54,614.16
7963,2025-07-31,89,87,1,480.44,480.44
7963,2025-07-31,89,499,5,230.52,1152.60
7964,2025-05-30,624,366,1,223.44,223.44
7964,2025-05-30,624,44,5,439.63,2198.15
7965,2025-09-07,338,41,2,114.35,228.70
7966,2025-07-03,800,155,1,407.98,407.98
7967,2025-09-16,943,454,2,64.77,129.54
7967,2025-09-16,943,314,1,239.74,239.74
7967,2025-09-16,943,223,3,77.6,232.8
7968,2025-05-30,4,91,4,51.8,207.2
7968,2025-05-30,4,127,1,428.76,428.76
7968,2025-05-30,4,113,2,304.92,609.84
7969,2025-04-08,668,354,3,78.8,236.4
7969,2025-04-08,668,288,3,55.84,167.52
7970,2025-08-31,741,152,5,39.12,195.60
7970,2025-08-31,741,241,1,269.46,269.46
7971,2025-01-12,727,464,2,267.75,535.50
7972,2025-10-14,904,470,2,232.51,465.02
7972,2025-10-14,904,214,1,298.33,298.33
7973,2025-01-17,482,485,5,492.14,2460.70
7973,2025-01-17,482,186,4,436.63,1746.52
7973,2025-01-17,482,114,5,136.66,683.30
7974,2025-10-13,120,480,2,172.26,344.52
7974,2025-10-13,120,62,5,245.04,1225.20
7975,2025-03-21,947,260,5,39.69,198.45
7976,2025-11-08,768,286,3,46.15,138.45
7977,2025-01-06,880,266,1,468.09,468.09
7977,2025-01-06,880,457,5,320.53,1602.65
7978,2025-02-04,570,333,2,312.24,624.48
7978,2025-02-04,570,131,5,398.64,1993.20
7978,2025-02-04,570,149,2,57.41,114.82
7979,2025-04-02,473,374,4,335.47,1341.88
7979,2025-04-02,473,315,4,398.86,1595.44
7980,2025-11-02,145,341,3,51.61,154.83
7981,2025-11-30,612,187,2,319.82,639.64
7982,2025-07-06,545,79,2,139.58,279.16
7982,2025-07-06,545,392,4,141.55,566.20
7983,2025-04-01,394,414,2,307.45,614.90
7983,2025-04-01,394,372,4,20.55,82.20
7984,2025-01-03,48,104,5,157.58,787.90
7985,2025-09-27,212,338,5,243.62,1218.10
7985,2025-09-27,212,296,2,215.06,430.12
7986,2025-01-04,419,210,3,318.91,956.73
7986,2025-01-04,419,260,1,39.69,39.69
7986,2025-01-04,419,307,4,228.49,913.96
7987,2025-05-14,32,350,1,30.8,30.8
7987,2025-05-14,32,182,5,496.05,2480.25
7987,2025-05-14,32,361,5,365.74,1828.70
7988,2025-09-25,537,468,4,253.58,1014.32
7988,2025-09-25,537,25,4,250.93,1003.72
7988,2025-09-25,537,162,2,147.2,294.4
7989,2025-01-05,507,226,3,285.54,856.62
7990,2025-02-16,896,71,4,268.41,1073.64
7990,2025-02-16,896,364,2,84.82,169.64
7990,2025-02-16,896,305,5,70.29,351.45
7991,2025-02-22,688,294,2,41.14,82.28
7991,2025-02-22,688,234,5,6.55,32.75
7991,2025-02-22,688,414,1,307.45,307.45
7992,2025-02-23,368,359,1,275.01,275.01
7992,2025-02-23,368,325,4,281.87,1127.48
7993,2025-01-30,665,213,2,312.66,625.32
7993,2025-01-30,665,312,3,333.94,1001.82
7993,2025-01-30,665,374,2,335.47,670.94
7994,2025-06-09,758,117,3,142.82,428.46
7995,2025-10-18,504,153,3,210.94,632.82
7995,2025-10-18,504,81,3,433.63,1300.89
7996,2025-04-26,446,14,5,40.36,201.80
7996,2025-04-26,446,18,1,298.7,298.7
7996,2025-04-26,446,79,2,139.58,279.16
7997,2025-12-15,438,176,1,288.86,288.86
7997,2025-12-15,438,139,1,339.12,339.12
7998,2025-06-16,864,306,2,390.91,781.82
7998,2025-06-16,864,424,2,321.07,642.14
7999,2025-03-27,49,314,4,239.74,958.96
7999,2025-03-27,49,92,1,468.03,468.03
8000,2025-05-29,931,328,2,50.89,101.78
8000,2025-05-29,931,406,4,438.28,1753.12
8000,2025-05-29,931,133,3,261.96,785.88
8001,2025-11-11,390,263,5,157.37,786.85
8002,2025-03-09,73,27,1,227.57,227.57
8003,2025-11-30,134,492,3,449.67,1349.01
8004,2025-10-01,182,27,5,227.57,1137.85
8005,2025-02-20,175,48,2,228.85,457.70
8005,2025-02-20,175,270,3,396.51,1189.53
8006,2025-09-20,198,479,3,301.68,905.04
8006,2025-09-20,198,309,3,50.9,152.7
8007,2025-10-31,699,252,5,257.9,1289.5
8007,2025-10-31,699,148,5,445.16,2225.80
8007,2025-10-31,699,222,3,80.58,241.74
8008,2025-09-26,691,124,2,225.92,451.84
8009,2025-08-16,678,238,4,472.08,1888.32
8010,2025-09-29,418,198,2,373.73,747.46
8010,2025-09-29,418,4,3,472.3,1416.9
8010,2025-09-29,418,71,4,268.41,1073.64
8011,2025-05-17,594,148,4,445.16,1780.64
8011,2025-05-17,594,498,3,374.05,1122.15
8012,2025-12-18,180,185,2,335.4,670.8
8012,2025-12-18,180,299,3,383.39,1150.17
8013,2025-06-27,227,36,3,12.2,36.6
8014,2025-12-22,197,403,4,215.58,862.32
8015,2025-03-02,601,29,5,178.91,894.55
8015,2025-03-02,601,191,4,246.88,987.52
8015,2025-03-02,601,184,3,72.35,217.05
8016,2025-02-02,898,70,5,24.04,120.20
8016,2025-02-02,898,187,4,319.82,1279.28
8016,2025-02-02,898,301,2,274.15,548.30
8017,2025-05-27,572,354,2,78.8,157.6
8017,2025-05-27,572,492,1,449.67,449.67
8018,2025-01-15,156,56,5,278.79,1393.95
8019,2025-06-11,990,277,4,328.27,1313.08
8020,2025-07-13,698,309,3,50.9,152.7
8020,2025-07-13,698,288,4,55.84,223.36
8021,2025-08-30,664,470,2,232.51,465.02
8021,2025-08-30,664,500,2,455.95,911.90
8022,2024-12-27,884,358,3,329.56,988.68
8022,2024-12-27,884,144,1,398.79,398.79
8022,2024-12-27,884,155,4,407.98,1631.92
8023,2025-04-12,251,457,1,320.53,320.53
8023,2025-04-12,251,212,3,122.95,368.85
8023,2025-04-12,251,37,2,37.4,74.8
8024,2025-08-30,221,445,1,485.73,485.73
8024,2025-08-30,221,361,3,365.74,1097.22
8024,2025-08-30,221,459,1,223.31,223.31
8025,2025-02-06,411,451,5,117.67,588.35
8025,2025-02-06,411,88,2,222.45,444.90
8025,2025-02-06,411,11,4,149.99,599.96
8026,2025-07-16,387,195,3,494.68,1484.04
8026,2025-07-16,387,337,4,206.67,826.68
8027,2025-12-14,332,117,3,142.82,428.46
8028,2025-03-30,382,181,3,284.33,852.99
8028,2025-03-30,382,423,2,410.7,821.4
8028,2025-03-30,382,415,5,477.17,2385.85
8029,2025-11-19,104,252,5,257.9,1289.5
8029,2025-11-19,104,395,3,171.83,515.49
8029,2025-11-19,104,413,2,496.98,993.96
8030,2025-02-02,508,482,4,296.53,1186.12
8030,2025-02-02,508,22,2,420.77,841.54
8031,2025-11-27,453,32,4,342.29,1369.16
8032,2025-04-14,880,448,5,149.05,745.25
8032,2025-04-14,880,447,1,376.57,376.57
8033,2025-07-27,270,118,4,116.6,466.4
8033,2025-07-27,270,118,5,116.6,583.0
8034,2025-05-16,988,261,5,184.06,920.30
8035,2025-12-21,682,32,1,342.29,342.29
8036,2024-12-28,23,355,3,208.41,625.23
8036,2024-12-28,23,118,4,116.6,466.4
8036,2024-12-28,23,18,2,298.7,597.4
8037,2025-08-03,419,20,5,478.78,2393.90
8038,2025-11-24,63,79,3,139.58,418.74
8038,2025-11-24,63,487,1,79.74,79.74
8039,2025-08-15,277,315,2,398.86,797.72
8039,2025-08-15,277,471,1,327.77,327.77
8040,2025-05-30,94,186,2,436.63,873.26
8041,2025-07-23,910,412,4,407.79,1631.16
8041,2025-07-23,910,359,1,275.01,275.01
8041,2025-07-23,910,113,1,304.92,304.92
8042,2025-02-19,565,269,2,302.11,604.22
8042,2025-02-19,565,54,4,221.51,886.04
8042,2025-02-19,565,85,4,321.65,1286.60
8043,2025-04-15,845,274,1,56.74,56.74
8044,2025-07-03,590,166,1,212.49,212.49
8045,2025-06-12,378,181,3,284.33,852.99
8045,2025-06-12,378,144,5,398.79,1993.95
8045,2025-06-12,378,349,3,173.73,521.19
8046,2025-06-01,190,190,1,72.61,72.61
8046,2025-06-01,190,459,3,223.31,669.93
8046,2025-06-01,190,386,1,214.75,214.75
8047,2025-07-07,491,341,4,51.61,206.44
8047,2025-07-07,491,335,5,42.9,214.5
8047,2025-07-07,491,300,3,119.77,359.31
8048,2025-04-18,658,113,5,304.92,1524.60
8048,2025-04-18,658,406,3,438.28,1314.84
8048,2025-04-18,658,116,5,496.51,2482.55
8049,2025-11-04,780,351,3,87.53,262.59
8049,2025-11-04,780,149,4,57.41,229.64
8050,2025-06-11,491,132,5,305.92,1529.60
8050,2025-06-11,491,426,2,82.52,165.04
8050,2025-06-11,491,327,4,499.91,1999.64
8051,2025-02-20,400,227,3,94.86,284.58
8051,2025-02-20,400,119,5,244.81,1224.05
8051,2025-02-20,400,222,5,80.58,402.90
8052,2025-05-30,370,375,2,445.17,890.34
8052,2025-05-30,370,173,1,461.96,461.96
8052,2025-05-30,370,393,4,263.08,1052.32
8053,2025-10-16,934,341,3,51.61,154.83
8053,2025-10-16,934,33,2,194.9,389.8
8054,2025-12-21,662,159,2,372.6,745.2
8055,2025-07-01,246,413,1,496.98,496.98
8056,2025-02-23,492,63,2,364.98,729.96
8056,2025-02-23,492,268,4,164.18,656.72
8057,2025-10-21,967,131,2,398.64,797.28
8057,2025-10-21,967,16,1,241.42,241.42
8057,2025-10-21,967,447,3,376.57,1129.71
8058,2025-07-25,88,212,4,122.95,491.80
8058,2025-07-25,88,126,1,41.18,41.18
8059,2025-11-25,954,475,4,118.44,473.76
8059,2025-11-25,954,42,1,39.02,39.02
8060,2025-07-08,198,421,5,320.48,1602.40
8061,2025-11-22,862,43,2,278.89,557.78
8061,2025-11-22,862,131,5,398.64,1993.20
8061,2025-11-22,862,477,4,442.21,1768.84
8062,2025-09-11,977,483,3,192.76,578.28
8063,2025-08-12,929,167,2,224.17,448.34
8064,2025-12-07,254,132,3,305.92,917.76
8065,2025-10-02,65,66,3,211.47,634.41
8066,2025-07-26,8,172,1,250.68,250.68
8067,2025-12-11,793,30,2,152.14,304.28
8067,2025-12-11,793,59,3,418.89,1256.67
8067,2025-12-11,793,183,5,448.54,2242.70
8068,2025-12-25,890,67,1,301.26,301.26
8068,2025-12-25,890,359,5,275.01,1375.05
8068,2025-12-25,890,490,1,476.01,476.01
8069,2025-11-01,515,359,3,275.01,825.03
8069,2025-11-01,515,60,5,334.6,1673.0
8070,2025-12-20,835,323,5,299.85,1499.25
8070,2025-12-20,835,319,4,453.23,1812.92
8071,2025-09-15,550,203,1,98.55,98.55
8071,2025-09-15,550,430,3,275.12,825.36
8071,2025-09-15,550,229,1,296.73,296.73
8072,2025-08-06,184,3,2,498.69,997.38
8073,2025-10-28,439,477,4,442.21,1768.84
8074,2025-06-14,624,200,2,275.47,550.94
8074,2025-06-14,624,312,5,333.94,1669.70
8075,2025-07-26,516,225,3,460.72,1382.16
8075,2025-07-26,516,32,5,342.29,1711.45
8075,2025-07-26,516,140,4,187.49,749.96
8076,2025-12-17,269,246,3,426.74,1280.22
8076,2025-12-17,269,484,4,497.12,1988.48
8076,2025-12-17,269,469,5,103.95,519.75
8077,2025-03-10,5,168,5,347.07,1735.35
8077,2025-03-10,5,395,3,171.83,515.49
8077,2025-03-10,5,329,1,374.27,374.27
8078,2025-09-01,859,195,5,494.68,2473.40
8078,2025-09-01,859,430,4,275.12,1100.48
8078,2025-09-01,859,288,1,55.84,55.84
8079,2025-07-21,166,476,4,131.18,524.72
8079,2025-07-21,166,327,1,499.91,499.91
8079,2025-07-21,166,113,2,304.92,609.84
8080,2025-12-11,184,325,4,281.87,1127.48
8081,2025-06-04,958,300,3,119.77,359.31
8081,2025-06-04,958,419,1,54.3,54.3
8081,2025-06-04,958,87,3,480.44,1441.32
8082,2025-03-29,765,480,1,172.26,172.26
8082,2025-03-29,765,16,4,241.42,965.68
8082,2025-03-29,765,346,5,30.32,151.60
8083,2025-02-21,565,194,2,447.89,895.78
8084,2025-03-31,155,5,2,314.52,629.04
8085,2025-10-04,34,468,1,253.58,253.58
8086,2025-03-01,93,210,4,318.91,1275.64
8087,2025-01-04,924,17,2,221.62,443.24
8087,2025-01-04,924,97,4,113.42,453.68
8088,2025-09-01,105,250,2,202.45,404.90
8088,2025-09-01,105,64,2,491.55,983.10
8089,2025-10-11,857,100,4,220.87,883.48
8090,2025-08-07,195,228,2,404.8,809.6
8091,2025-05-16,97,104,5,157.58,787.90
8091,2025-05-16,97,101,2,35.41,70.82
8092,2025-03-01,770,10,3,248.75,746.25
8092,2025-03-01,770,217,1,110.51,110.51
8093,2025-06-01,306,164,2,310.9,621.8
8093,2025-06-01,306,85,4,321.65,1286.60
8094,2025-02-19,195,48,5,228.85,1144.25
8094,2025-02-19,195,201,4,437.71,1750.84
8095,2025-10-29,173,77,3,270.23,810.69
8096,2025-10-16,309,22,3,420.77,1262.31
8097,2025-11-30,227,220,5,26.81,134.05
8098,2025-11-13,63,405,3,16.73,50.19
8098,2025-11-13,63,88,5,222.45,1112.25
8099,2025-07-06,264,396,2,56.06,112.12
8099,2025-07-06,264,141,1,448.09,448.09
8100,2025-11-02,457,313,5,151.33,756.65
8100,2025-11-02,457,438,1,161.16,161.16
8100,2025-11-02,457,402,5,341.36,1706.80
8101,2025-08-01,985,124,3,225.92,677.76
8101,2025-08-01,985,96,3,5.28,15.84
8102,2024-12-30,936,296,1,215.06,215.06
8102,2024-12-30,936,200,4,275.47,1101.88
8102,2024-12-30,936,46,5,392.38,1961.90
8103,2025-09-08,706,7,1,359.69,359.69
8103,2025-09-08,706,454,5,64.77,323.85
8104,2025-12-20,487,415,2,477.17,954.34
8105,2025-05-31,901,268,4,164.18,656.72
8105,2025-05-31,901,241,3,269.46,808.38
8106,2025-04-23,682,261,5,184.06,920.30
8106,2025-04-23,682,478,3,68.54,205.62
8106,2025-04-23,682,460,3,313.84,941.52
8107,2025-02-28,308,256,1,127.97,127.97
8107,2025-02-28,308,432,3,117.54,352.62
8108,2025-10-06,599,178,5,65.82,329.10
8109,2024-12-29,976,232,5,59.52,297.60
8110,2025-08-31,726,8,2,316.53,633.06
8110,2025-08-31,726,333,1,312.24,312.24
8111,2025-01-07,692,324,5,113.76,568.80
8111,2025-01-07,692,426,4,82.52,330.08
8111,2025-01-07,692,22,2,420.77,841.54
8112,2025-10-18,428,487,5,79.74,398.70
8112,2025-10-18,428,256,4,127.97,511.88
8112,2025-10-18,428,56,3,278.79,836.37
8113,2025-10-06,338,228,5,404.8,2024.0
8113,2025-10-06,338,470,3,232.51,697.53
8113,2025-10-06,338,484,5,497.12,2485.60
8114,2025-11-23,845,55,3,471.21,1413.63
8114,2025-11-23,845,242,1,35.44,35.44
8115,2025-07-08,530,169,5,460.43,2302.15
8115,2025-07-08,530,224,3,321.92,965.76
8115,2025-07-08,530,341,4,51.61,206.44
8116,2025-03-27,309,33,1,194.9,194.9
8116,2025-03-27,309,166,5,212.49,1062.45
8116,2025-03-27,309,204,2,296.2,592.4
8117,2025-05-29,607,431,4,141.89,567.56
8117,2025-05-29,607,329,5,374.27,1871.35
8118,2025-04-27,693,4,2,472.3,944.6
8118,2025-04-27,693,232,5,59.52,297.60
8119,2025-10-08,280,461,5,224.53,1122.65
8119,2025-10-08,280,139,5,339.12,1695.60
8119,2025-10-08,280,47,2,447.66,895.32
8120,2025-05-08,939,42,5,39.02,195.10
8120,2025-05-08,939,229,4,296.73,1186.92
8121,2025-05-03,212,485,3,492.14,1476.42
8122,2025-09-01,472,106,5,180.08,900.40
8122,2025-09-01,472,406,1,438.28,438.28
8122,2025-09-01,472,303,4,489.27,1957.08
8123,2025-07-14,442,391,1,325.16,325.16
8123,2025-07-14,442,41,3,114.35,343.05
8124,2024-12-26,690,433,5,389.95,1949.75
8125,2025-05-28,158,412,1,407.79,407.79
8125,2025-05-28,158,224,5,321.92,1609.60
8125,2025-05-28,158,450,3,101.99,305.97
8126,2025-09-05,578,441,1,34.49,34.49
8126,2025-09-05,578,360,4,483.09,1932.36
8126,2025-09-05,578,123,3,165.07,495.21
8127,2025-03-01,503,498,4,374.05,1496.20
8127,2025-03-01,503,178,2,65.82,131.64
8128,2025-08-31,68,102,1,468.5,468.5
8129,2025-04-02,435,454,1,64.77,64.77
8130,2025-04-08,133,202,3,141.74,425.22
8130,2025-04-08,133,429,3,309.42,928.26
8130,2025-04-08,133,117,3,142.82,428.46
8131,2025-06-20,79,284,4,165.79,663.16
8132,2025-06-18,492,47,1,447.66,447.66
8132,2025-06-18,492,3,4,498.69,1994.76
8133,2025-02-05,697,57,2,103.12,206.24
8133,2025-02-05,697,263,2,157.37,314.74
8134,2025-05-08,425,21,1,141.16,141.16
8135,2025-09-09,505,230,2,476.52,953.04
8136,2025-06-07,985,34,5,401.45,2007.25
8136,2025-06-07,985,311,5,289.44,1447.20
8137,2025-06-25,589,160,2,241.99,483.98
8138,2025-12-15,910,124,3,225.92,677.76
8139,2025-07-02,301,487,5,79.74,398.70
8139,2025-07-02,301,288,1,55.84,55.84
8140,2025-09-04,82,225,1,460.72,460.72
8140,2025-09-04,82,392,4,141.55,566.20
8140,2025-09-04,82,16,1,241.42,241.42
8141,2025-05-08,577,30,2,152.14,304.28
8141,2025-05-08,577,301,4,274.15,1096.60
8142,2025-10-18,276,406,4,438.28,1753.12
8142,2025-10-18,276,97,4,113.42,453.68
8142,2025-10-18,276,248,5,45.08,225.40
8143,2025-10-03,722,8,4,316.53,1266.12
8143,2025-10-03,722,309,2,50.9,101.8
8143,2025-10-03,722,93,4,101.41,405.64
8144,2025-07-09,307,130,1,252.98,252.98
8145,2025-02-11,772,194,4,447.89,1791.56
8145,2025-02-11,772,478,3,68.54,205.62
8145,2025-02-11,772,44,1,439.63,439.63
8146,2025-12-21,514,79,4,139.58,558.32
8146,2025-12-21,514,14,2,40.36,80.72
8146,2025-12-21,514,304,5,276.08,1380.40
8147,2025-02-04,961,387,1,280.52,280.52
8147,2025-02-04,961,353,4,272.7,1090.8
8148,2025-01-17,689,111,2,157.26,314.52
8148,2025-01-17,689,427,3,410.44,1231.32
8148,2025-01-17,689,415,5,477.17,2385.85
8149,2025-03-09,133,339,3,247.5,742.5
8149,2025-03-09,133,29,4,178.91,715.64
8149,2025-03-09,133,209,5,148.45,742.25
8150,2025-05-19,582,255,1,214.59,214.59
8150,2025-05-19,582,367,1,394.98,394.98
8150,2025-05-19,582,113,5,304.92,1524.60
8151,2025-09-25,102,499,1,230.52,230.52
8151,2025-09-25,102,115,1,365.14,365.14
8152,2025-07-19,963,433,1,389.95,389.95
8153,2025-08-31,227,451,2,117.67,235.34
8154,2025-05-04,801,253,4,358.42,1433.68
8155,2025-07-26,916,222,3,80.58,241.74
8155,2025-07-26,916,55,1,471.21,471.21
8156,2025-02-10,412,103,5,239.95,1199.75
8157,2025-07-03,252,92,3,468.03,1404.09
8157,2025-07-03,252,453,4,236.71,946.84
8157,2025-07-03,252,277,4,328.27,1313.08
8158,2025-01-05,776,345,4,210.38,841.52
8159,2025-12-01,261,419,1,54.3,54.3
8160,2025-12-18,817,221,5,109.17,545.85
8160,2025-12-18,817,442,2,155.41,310.82
8161,2025-09-29,116,133,3,261.96,785.88
8161,2025-09-29,116,80,2,293.7,587.4
8162,2025-06-10,938,63,3,364.98,1094.94
8162,2025-06-10,938,163,3,186.78,560.34
8163,2025-06-15,382,337,5,206.67,1033.35
8163,2025-06-15,382,151,3,496.87,1490.61
8164,2025-09-29,780,337,3,206.67,620.01
8165,2025-11-15,166,24,4,330.39,1321.56
8165,2025-11-15,166,415,2,477.17,954.34
8165,2025-11-15,166,432,2,117.54,235.08
8166,2025-01-06,986,357,3,147.52,442.56
8167,2025-10-19,294,320,5,322.83,1614.15
8168,2025-05-03,117,344,2,177.16,354.32
8168,2025-05-03,117,352,4,164.03,656.12
8168,2025-05-03,117,480,1,172.26,172.26
8169,2025-09-23,165,256,2,127.97,255.94
8169,2025-09-23,165,48,4,228.85,915.40
8170,2025-06-01,151,434,5,21.02,105.10
8171,2025-04-16,79,445,1,485.73,485.73
8171,2025-04-16,79,201,5,437.71,2188.55
8172,2025-11-26,561,355,2,208.41,416.82
8173,2025-05-25,924,290,1,450.86,450.86
8173,2025-05-25,924,313,5,151.33,756.65
8173,2025-05-25,924,454,2,64.77,129.54
8174,2025-02-08,977,424,5,321.07,1605.35
8174,2025-02-08,977,145,4,20.33,81.32
8175,2025-04-09,340,381,1,313.66,313.66
8175,2025-04-09,340,126,4,41.18,164.72
8176,2025-06-30,682,466,1,477.28,477.28
8176,2025-06-30,682,478,1,68.54,68.54
8177,2025-03-30,10,308,1,241.52,241.52
8177,2025-03-30,10,357,2,147.52,295.04
8178,2025-07-28,198,295,1,130.26,130.26
8178,2025-07-28,198,81,2,433.63,867.26
8179,2025-04-30,386,262,3,92.87,278.61
8179,2025-04-30,386,453,3,236.71,710.13
8179,2025-04-30,386,152,2,39.12,78.24
8180,2025-04-07,504,270,4,396.51,1586.04
8180,2025-04-07,504,358,4,329.56,1318.24
8180,2025-04-07,504,84,4,404.22,1616.88
8181,2025-12-04,90,498,4,374.05,1496.20
8181,2025-12-04,90,386,1,214.75,214.75
8182,2025-03-22,491,37,2,37.4,74.8
8182,2025-03-22,491,186,4,436.63,1746.52
8182,2025-03-22,491,160,4,241.99,967.96
8183,2025-07-25,876,491,3,474.71,1424.13
8183,2025-07-25,876,181,3,284.33,852.99
8184,2025-05-19,565,343,1,240.99,240.99
8184,2025-05-19,565,476,3,131.18,393.54
8184,2025-05-19,565,139,2,339.12,678.24
8185,2025-10-27,570,224,3,321.92,965.76
8185,2025-10-27,570,184,5,72.35,361.75
8186,2025-02-16,115,62,3,245.04,735.12
8187,2025-08-16,523,142,4,240.49,961.96
8188,2025-03-25,524,430,4,275.12,1100.48
8188,2025-03-25,524,406,3,438.28,1314.84
8189,2024-12-28,381,395,3,171.83,515.49
8190,2025-03-26,874,255,2,214.59,429.18
8190,2025-03-26,874,78,3,376.98,1130.94
8191,2025-10-04,63,88,4,222.45,889.80
8191,2025-10-04,63,154,1,434.3,434.3
8191,2025-10-04,63,214,5,298.33,1491.65
8192,2025-04-22,399,90,4,414.87,1659.48
8193,2025-12-07,720,61,3,351.5,1054.5
8194,2025-07-06,496,298,3,204.65,613.95
8195,2025-08-02,461,29,5,178.91,894.55
8195,2025-08-02,461,63,1,364.98,364.98
8195,2025-08-02,461,359,5,275.01,1375.05
8196,2025-01-29,514,146,3,92.21,276.63
8196,2025-01-29,514,488,3,209.37,628.11
8197,2025-12-26,489,62,1,245.04,245.04
8198,2025-08-21,230,123,5,165.07,825.35
8198,2025-08-21,230,303,3,489.27,1467.81
8199,2025-05-17,201,30,3,152.14,456.42
8199,2025-05-17,201,47,2,447.66,895.32
8200,2025-06-01,188,365,4,459.25,1837.00
8200,2025-06-01,188,93,2,101.41,202.82
8200,2025-06-01,188,212,5,122.95,614.75
8201,2025-07-08,792,98,2,14.53,29.06
8201,2025-07-08,792,207,4,68.3,273.2
8202,2025-11-25,487,164,4,310.9,1243.6
8203,2025-11-12,56,268,1,164.18,164.18
8204,2025-11-20,194,459,3,223.31,669.93
8204,2025-11-20,194,120,3,458.95,1376.85
8205,2025-12-01,49,114,5,136.66,683.30
8205,2025-12-01,49,229,3,296.73,890.19
8205,2025-12-01,49,93,1,101.41,101.41
8206,2025-05-16,205,234,2,6.55,13.10
8206,2025-05-16,205,370,4,285.74,1142.96
8207,2025-03-06,389,7,4,359.69,1438.76
8207,2025-03-06,389,49,2,243.73,487.46
8207,2025-03-06,389,299,4,383.39,1533.56
8208,2025-01-13,873,489,3,52.69,158.07
8208,2025-01-13,873,390,4,40.96,163.84
8208,2025-01-13,873,360,2,483.09,966.18
8209,2025-08-17,766,296,5,215.06,1075.30
8209,2025-08-17,766,72,2,409.92,819.84
8209,2025-08-17,766,197,5,195.32,976.60
8210,2025-10-28,711,100,4,220.87,883.48
8210,2025-10-28,711,126,1,41.18,41.18
8211,2025-01-21,870,200,3,275.47,826.41
8211,2025-01-21,870,7,1,359.69,359.69
8211,2025-01-21,870,249,3,492.22,1476.66
8212,2025-07-20,996,55,5,471.21,2356.05
8213,2025-11-19,430,7,3,359.69,1079.07
8214,2025-07-04,429,413,5,496.98,2484.90
8215,2024-12-30,175,446,5,60.56,302.80
8216,2025-04-08,539,209,2,148.45,296.90
8216,2025-04-08,539,219,2,24.98,49.96
8216,2025-04-08,539,14,1,40.36,40.36
8217,2025-02-10,841,412,5,407.79,2038.95
8218,2025-12-17,63,103,3,239.95,719.85
8219,2025-01-22,14,148,3,445.16,1335.48
8220,2025-06-22,60,149,4,57.41,229.64
8221,2025-07-18,120,365,1,459.25,459.25
8221,2025-07-18,120,446,3,60.56,181.68
8222,2025-07-12,36,428,3,358.4,1075.2
8222,2025-07-12,36,115,5,365.14,1825.70
8223,2025-08-18,450,291,5,346.84,1734.20
8223,2025-08-18,450,112,5,242.9,1214.5
8223,2025-08-18,450,127,5,428.76,2143.80
8224,2025-04-28,830,195,3,494.68,1484.04
8224,2025-04-28,830,27,2,227.57,455.14
8225,2025-10-17,849,27,1,227.57,227.57
8226,2025-05-08,745,492,3,449.67,1349.01
8226,2025-05-08,745,240,3,102.23,306.69
8226,2025-05-08,745,208,2,438.21,876.42
8227,2025-09-09,776,354,5,78.8,394.0
8227,2025-09-09,776,111,1,157.26,157.26
8228,2025-11-30,109,485,4,492.14,1968.56
8228,2025-11-30,109,32,5,342.29,1711.45
8228,2025-11-30,109,122,3,459.94,1379.82
8229,2025-11-22,704,222,2,80.58,161.16
8229,2025-11-22,704,442,2,155.41,310.82
8229,2025-11-22,704,77,4,270.23,1080.92
8230,2025-06-02,277,364,4,84.82,339.28
8230,2025-06-02,277,195,5,494.68,2473.40
8231,2025-01-21,670,396,1,56.06,56.06
8231,2025-01-21,670,65,3,430.11,1290.33
8231,2025-01-21,670,249,3,492.22,1476.66
8232,2025-08-24,970,43,4,278.89,1115.56
8233,2025-05-11,662,381,2,313.66,627.32
8234,2025-05-20,543,297,3,398.94,1196.82
8235,2025-12-23,64,72,3,409.92,1229.76
8236,2025-03-10,634,422,4,82.75,331.00
8236,2025-03-10,634,310,1,151.31,151.31
8236,2025-03-10,634,152,1,39.12,39.12
8237,2025-06-10,958,172,5,250.68,1253.40
8238,2025-09-21,464,244,4,478.82,1915.28
8238,2025-09-21,464,259,5,131.5,657.5
8239,2025-03-19,725,358,1,329.56,329.56
8239,2025-03-19,725,310,1,151.31,151.31
8240,2025-03-28,189,73,1,25.92,25.92
8241,2025-10-17,468,424,5,321.07,1605.35
8241,2025-10-17,468,214,5,298.33,1491.65
8241,2025-10-17,468,246,4,426.74,1706.96
8242,2025-11-18,899,357,2,147.52,295.04
8242,2025-11-18,899,440,4,475.31,1901.24
8242,2025-11-18,899,107,2,167.97,335.94
8243,2025-05-20,133,376,4,167.79,671.16
8243,2025-05-20,133,395,1,171.83,171.83
8243,2025-05-20,133,46,5,392.38,1961.90
8244,2025-11-04,379,41,3,114.35,343.05
8245,2025-06-26,890,227,3,94.86,284.58
8246,2025-12-15,949,94,1,295.93,295.93
8247,2025-10-07,948,257,3,265.71,797.13
8248,2025-03-18,101,31,3,485.56,1456.68
8249,2025-10-05,146,410,1,400.18,400.18
8249,2025-10-05,146,51,1,108.84,108.84
8250,2025-04-08,109,197,5,195.32,976.60
8250,2025-04-08,109,389,5,74.31,371.55
8250,2025-04-08,109,392,5,141.55,707.75
8251,2025-08-24,412,282,4,332.62,1330.48
8251,2025-08-24,412,240,4,102.23,408.92
8252,2025-05-27,596,373,3,282.2,846.6
8253,2025-10-03,683,12,4,100.62,402.48
8253,2025-10-03,683,7,3,359.69,1079.07
8254,2025-08-08,481,395,2,171.83,343.66
8254,2025-08-08,481,352,3,164.03,492.09
8255,2025-12-01,588,95,1,394.98,394.98
8255,2025-12-01,588,98,5,14.53,72.65
8256,2025-05-09,868,362,3,299.76,899.28
8257,2025-07-06,595,214,5,298.33,1491.65
8257,2025-07-06,595,5,2,314.52,629.04
8257,2025-07-06,595,4,4,472.3,1889.2
8258,2025-02-14,891,418,1,35.93,35.93
8259,2025-11-01,185,494,3,429.76,1289.28
8259,2025-11-01,185,146,2,92.21,184.42
8259,2025-11-01,185,96,2,5.28,10.56
8260,2025-01-09,873,183,5,448.54,2242.70
8260,2025-01-09,873,418,4,35.93,143.72
8261,2025-04-11,901,190,1,72.61,72.61
8262,2025-10-27,436,207,4,68.3,273.2
8262,2025-10-27,436,333,4,312.24,1248.96
8262,2025-10-27,436,479,1,301.68,301.68
8263,2025-03-26,603,265,1,86.31,86.31
8264,2025-03-14,906,55,1,471.21,471.21
8265,2025-08-29,769,157,1,33.43,33.43
8265,2025-08-29,769,69,2,340.46,680.92
8266,2025-02-01,519,289,5,150.72,753.60
8266,2025-02-01,519,487,2,79.74,159.48
8267,2025-12-26,348,65,4,430.11,1720.44
8267,2025-12-26,348,244,1,478.82,478.82
8267,2025-12-26,348,2,2,287.98,575.96
8268,2025-02-28,141,432,2,117.54,235.08
8268,2025-02-28,141,37,2,37.4,74.8
8268,2025-02-28,141,457,2,320.53,641.06
8269,2025-09-05,776,285,5,447.68,2238.40
8269,2025-09-05,776,64,1,491.55,491.55
8270,2025-07-22,257,378,4,428.55,1714.20
8270,2025-07-22,257,195,1,494.68,494.68
8270,2025-07-22,257,467,3,363.53,1090.59
8271,2025-06-26,773,231,5,241.46,1207.30
8272,2025-10-25,302,435,5,122.68,613.40
8272,2025-10-25,302,388,2,317.72,635.44
8272,2025-10-25,302,341,2,51.61,103.22
8273,2025-10-24,533,243,2,457.3,914.6
8274,2025-10-06,482,10,3,248.75,746.25
8274,2025-10-06,482,255,2,214.59,429.18
8274,2025-10-06,482,119,1,244.81,244.81
8275,2025-09-06,894,389,4,74.31,297.24
8276,2025-10-13,589,102,4,468.5,1874.0
8277,2025-03-27,739,367,5,394.98,1974.90
8278,2025-09-08,601,68,3,57.36,172.08
8278,2025-09-08,601,256,2,127.97,255.94
8279,2025-02-11,547,264,1,245.93,245.93
8279,2025-02-11,547,154,4,434.3,1737.2
8280,2025-10-31,259,351,1,87.53,87.53
8281,2025-10-24,151,492,4,449.67,1798.68
8281,2025-10-24,151,363,4,154.83,619.32
8282,2025-07-27,459,32,5,342.29,1711.45
8282,2025-07-27,459,214,1,298.33,298.33
8282,2025-07-27,459,494,5,429.76,2148.80
8283,2025-08-21,17,83,1,322.41,322.41
8284,2025-09-26,178,462,5,412.76,2063.80
8284,2025-09-26,178,189,4,147.88,591.52
8285,2025-03-23,229,289,5,150.72,753.60
8285,2025-03-23,229,243,1,457.3,457.3
8285,2025-03-23,229,314,3,239.74,719.22
8286,2025-04-11,588,143,3,472.35,1417.05
8287,2025-02-22,97,408,4,242.36,969.44
8287,2025-02-22,97,120,4,458.95,1835.80
8287,2025-02-22,97,409,2,31.26,62.52
8288,2025-12-06,525,380,4,276.01,1104.04
8288,2025-12-06,525,66,3,211.47,634.41
8289,2025-06-20,584,407,3,325.42,976.26
8290,2025-08-28,768,4,2,472.3,944.6
8290,2025-08-28,768,479,4,301.68,1206.72
8291,2025-12-20,114,479,5,301.68,1508.40
8291,2025-12-20,114,91,2,51.8,103.6
8291,2025-12-20,114,343,2,240.99,481.98
8292,2025-06-22,15,225,3,460.72,1382.16
8293,2025-12-12,499,118,2,116.6,233.2
8294,2025-05-30,423,104,2,157.58,315.16
8294,2025-05-30,423,431,1,141.89,141.89
8294,2025-05-30,423,307,4,228.49,913.96
8295,2025-06-14,780,348,5,231.55,1157.75
8296,2025-03-07,342,268,5,164.18,820.90
8296,2025-03-07,342,111,4,157.26,629.04
8297,2025-06-29,420,260,5,39.69,198.45
8298,2025-11-25,293,495,2,295.22,590.44
8299,2025-05-11,410,311,4,289.44,1157.76
8299,2025-05-11,410,321,5,75.56,377.80
8300,2025-11-27,149,149,5,57.41,287.05
8300,2025-11-27,149,391,3,325.16,975.48
8300,2025-11-27,149,477,4,442.21,1768.84
8301,2025-04-05,689,432,2,117.54,235.08
8302,2025-07-16,67,311,2,289.44,578.88
8302,2025-07-16,67,5,4,314.52,1258.08
8303,2025-01-06,194,291,4,346.84,1387.36
8303,2025-01-06,194,456,1,452.55,452.55
8303,2025-01-06,194,472,1,46.16,46.16
8304,2025-12-23,353,103,4,239.95,959.80
8304,2025-12-23,353,215,5,33.6,168.0
8305,2025-05-14,619,69,5,340.46,1702.30
8306,2025-07-05,863,455,1,276.92,276.92
8306,2025-07-05,863,464,2,267.75,535.50
8307,2025-12-21,833,457,5,320.53,1602.65
8307,2025-12-21,833,321,2,75.56,151.12
8307,2025-12-21,833,104,4,157.58,630.32
8308,2025-10-06,106,490,4,476.01,1904.04
8308,2025-10-06,106,102,3,468.5,1405.5
8308,2025-10-06,106,243,2,457.3,914.6
8309,2025-12-20,175,331,2,321.18,642.36
8309,2025-12-20,175,190,5,72.61,363.05
8309,2025-12-20,175,205,1,145.68,145.68
8310,2025-05-20,801,484,2,497.12,994.24
8310,2025-05-20,801,478,4,68.54,274.16
8311,2024-12-27,196,412,4,407.79,1631.16
8311,2024-12-27,196,113,4,304.92,1219.68
8312,2025-05-19,570,164,5,310.9,1554.5
8312,2025-05-19,570,428,2,358.4,716.8
8312,2025-05-19,570,373,2,282.2,564.4
8313,2025-03-05,752,405,4,16.73,66.92
8313,2025-03-05,752,328,3,50.89,152.67
8314,2025-11-03,1000,231,2,241.46,482.92
8314,2025-11-03,1000,251,2,152.34,304.68
8314,2025-11-03,1000,329,4,374.27,1497.08
8315,2025-09-01,69,320,5,322.83,1614.15
8315,2025-09-01,69,48,1,228.85,228.85
8316,2025-08-04,867,116,5,496.51,2482.55
8317,2025-06-26,282,199,5,286.28,1431.40
8318,2025-11-26,27,410,4,400.18,1600.72
8318,2025-11-26,27,22,4,420.77,1683.08
8318,2025-11-26,27,324,2,113.76,227.52
8319,2025-05-28,891,68,4,57.36,229.44
8319,2025-05-28,891,500,5,455.95,2279.75
8320,2025-08-27,829,491,3,474.71,1424.13
8321,2025-09-16,648,2,3,287.98,863.94
8322,2025-01-11,464,64,5,491.55,2457.75
8322,2025-01-11,464,147,1,55.32,55.32
8323,2025-12-04,335,278,5,205.91,1029.55
8323,2025-12-04,335,446,5,60.56,302.80
8323,2025-12-04,335,370,1,285.74,285.74
8324,2025-02-15,585,465,5,313.64,1568.20
8324,2025-02-15,585,297,4,398.94,1595.76
8324,2025-02-15,585,214,4,298.33,1193.32
8325,2025-06-24,654,53,5,485.1,2425.5
8325,2025-06-24,654,92,2,468.03,936.06
8325,2025-06-24,654,24,5,330.39,1651.95
8326,2025-12-26,256,442,3,155.41,466.23
8327,2025-02-14,994,157,4,33.43,133.72
8327,2025-02-14,994,346,2,30.32,60.64
8327,2025-02-14,994,37,2,37.4,74.8
8328,2025-11-20,498,472,5,46.16,230.80
8328,2025-11-20,498,1,4,80.6,322.4
8328,2025-11-20,498,21,3,141.16,423.48
8329,2025-05-28,747,282,3,332.62,997.86
8329,2025-05-28,747,290,3,450.86,1352.58
8330,2025-05-09,310,130,5,252.98,1264.90
8330,2025-05-09,310,285,5,447.68,2238.40
8330,2025-05-09,310,364,1,84.82,84.82
8331,2025-08-28,224,129,4,119.27,477.08
8332,2025-03-29,905,193,4,250.13,1000.52
8333,2025-10-18,389,38,1,447.83,447.83
8333,2025-10-18,389,381,5,313.66,1568.30
8333,2025-10-18,389,451,3,117.67,353.01
8334,2025-01-07,432,435,2,122.68,245.36
8334,2025-01-07,432,85,3,321.65,964.95
8334,2025-01-07,432,29,2,178.91,357.82
8335,2025-10-07,380,388,3,317.72,953.16
8335,2025-10-07,380,75,2,131.43,262.86
8336,2025-01-26,696,361,1,365.74,365.74
8337,2025-06-16,334,479,3,301.68,905.04
8338,2025-04-18,425,234,1,6.55,6.55
8338,2025-04-18,425,181,5,284.33,1421.65
8339,2025-04-16,459,137,4,272.96,1091.84
8339,2025-04-16,459,248,3,45.08,135.24
8340,2025-04-18,714,241,1,269.46,269.46
8340,2025-04-18,714,294,5,41.14,205.70
8341,2025-04-24,467,389,3,74.31,222.93
8341,2025-04-24,467,220,5,26.81,134.05
8341,2025-04-24,467,441,4,34.49,137.96
8342,2025-03-07,459,257,3,265.71,797.13
8343,2025-07-06,632,213,5,312.66,1563.30
8344,2025-04-02,461,200,5,275.47,1377.35
8345,2025-09-10,420,369,4,67.55,270.20
8345,2025-09-10,420,489,1,52.69,52.69
8345,2025-09-10,420,388,3,317.72,953.16
8346,2025-04-02,480,393,1,263.08,263.08
8346,2025-04-02,480,140,4,187.49,749.96
8347,2024-12-31,9,75,4,131.43,525.72
8348,2025-01-15,834,339,1,247.5,247.5
8349,2025-08-23,869,15,3,182.7,548.1
8350,2024-12-31,337,47,4,447.66,1790.64
8350,2024-12-31,337,276,2,258.44,516.88
8351,2025-02-08,173,367,2,394.98,789.96
8351,2025-02-08,173,35,1,246.38,246.38
8352,2025-06-09,172,196,5,305.3,1526.5
8352,2025-06-09,172,483,2,192.76,385.52
8353,2025-09-20,495,393,1,263.08,263.08
8354,2025-03-09,194,250,3,202.45,607.35
8355,2025-11-14,896,443,2,255.06,510.12
8355,2025-11-14,896,458,3,257.33,771.99
8355,2025-11-14,896,365,5,459.25,2296.25
8356,2025-12-19,579,360,5,483.09,2415.45
8356,2025-12-19,579,382,1,240.39,240.39
8357,2025-10-30,841,188,5,443.19,2215.95
8357,2025-10-30,841,35,2,246.38,492.76
8358,2025-01-04,270,49,2,243.73,487.46
8358,2025-01-04,270,325,1,281.87,281.87
8359,2025-04-23,207,273,1,54.12,54.12
8359,2025-04-23,207,20,3,478.78,1436.34
8359,2025-04-23,207,35,2,246.38,492.76
8360,2025-03-30,621,337,4,206.67,826.68
8361,2025-05-30,14,420,1,72.09,72.09
8361,2025-05-30,14,139,3,339.12,1017.36
8362,2025-12-12,312,91,2,51.8,103.6
8363,2025-03-12,972,152,3,39.12,117.36
8363,2025-03-12,972,472,3,46.16,138.48
8363,2025-03-12,972,237,5,242.96,1214.80
8364,2025-12-04,332,351,5,87.53,437.65
8364,2025-12-04,332,275,2,25.24,50.48
8364,2025-12-04,332,361,3,365.74,1097.22
8365,2025-07-15,851,191,5,246.88,1234.40
8365,2025-07-15,851,209,4,148.45,593.80
8365,2025-07-15,851,432,1,117.54,117.54
8366,2025-09-24,399,269,1,302.11,302.11
8366,2025-09-24,399,179,2,153.54,307.08
8366,2025-09-24,399,254,5,463.64,2318.20
8367,2024-12-27,735,459,5,223.31,1116.55
8367,2024-12-27,735,185,4,335.4,1341.6
8367,2024-12-27,735,159,5,372.6,1863.0
8368,2025-08-20,550,155,2,407.98,815.96
8369,2025-08-04,780,344,3,177.16,531.48
8370,2025-06-04,57,258,2,77.66,155.32
8370,2025-06-04,57,392,1,141.55,141.55
8370,2025-06-04,57,105,2,58.1,116.2
8371,2025-07-02,901,164,2,310.9,621.8
8371,2025-07-02,901,189,4,147.88,591.52
8371,2025-07-02,901,121,2,492.6,985.2
8372,2025-04-08,339,483,5,192.76,963.80
8373,2025-12-02,787,440,1,475.31,475.31
8373,2025-12-02,787,288,3,55.84,167.52
8373,2025-12-02,787,218,4,137.61,550.44
8374,2025-01-16,882,132,3,305.92,917.76
8375,2025-03-28,860,230,1,476.52,476.52
8375,2025-03-28,860,63,5,364.98,1824.90
8376,2025-03-28,320,39,1,154.19,154.19
8376,2025-03-28,320,479,2,301.68,603.36
8376,2025-03-28,320,331,5,321.18,1605.90
8377,2025-01-22,721,347,5,138.42,692.10
8378,2025-08-28,147,222,3,80.58,241.74
8378,2025-08-28,147,405,3,16.73,50.19
8378,2025-08-28,147,339,5,247.5,1237.5
8379,2025-03-10,140,371,4,51.41,205.64
8379,2025-03-10,140,16,1,241.42,241.42
8379,2025-03-10,140,377,3,401.94,1205.82
8380,2025-12-06,981,398,2,71.83,143.66
8380,2025-12-06,981,123,2,165.07,330.14
8381,2025-06-30,62,458,2,257.33,514.66
8381,2025-06-30,62,197,5,195.32,976.60
8381,2025-06-30,62,443,5,255.06,1275.30
8382,2025-10-06,834,133,4,261.96,1047.84
8383,2025-01-28,428,311,3,289.44,868.32
8383,2025-01-28,428,158,3,373.08,1119.24
8383,2025-01-28,428,74,4,352.49,1409.96
8384,2025-04-21,820,138,5,444.05,2220.25
8384,2025-04-21,820,386,4,214.75,859.00
8385,2025-06-23,163,240,1,102.23,102.23
8385,2025-06-23,163,47,5,447.66,2238.30
8386,2025-11-17,581,202,2,141.74,283.48
8386,2025-11-17,581,108,3,393.46,1180.38
8387,2025-02-06,864,312,5,333.94,1669.70
8387,2025-02-06,864,365,5,459.25,2296.25
8387,2025-02-06,864,443,4,255.06,1020.24
8388,2025-01-23,274,479,4,301.68,1206.72
8389,2025-02-18,505,294,5,41.14,205.70
8390,2025-12-01,691,362,3,299.76,899.28
8391,2025-10-21,810,300,5,119.77,598.85
8391,2025-10-21,810,425,2,165.2,330.4
8392,2025-03-02,407,53,4,485.1,1940.4
8392,2025-03-02,407,442,4,155.41,621.64
8392,2025-03-02,407,165,4,78.9,315.6
8393,2025-05-19,835,448,3,149.05,447.15
8393,2025-05-19,835,71,3,268.41,805.23
8394,2025-11-06,928,48,5,228.85,1144.25
8395,2025-10-19,218,398,3,71.83,215.49
8395,2025-10-19,218,439,2,18.16,36.32
8395,2025-10-19,218,399,5,53.46,267.30
8396,2025-12-12,982,225,1,460.72,460.72
8397,2025-06-02,270,154,5,434.3,2171.5
8397,2025-06-02,270,490,4,476.01,1904.04
8398,2025-06-16,166,402,4,341.36,1365.44
8399,2025-12-06,680,333,1,312.24,312.24
8400,2025-01-17,681,54,5,221.51,1107.55
8400,2025-01-17,681,265,4,86.31,345.24
8401,2025-04-01,226,184,2,72.35,144.70
8401,2025-04-01,226,214,3,298.33,894.99
8401,2025-04-01,226,286,4,46.15,184.60
8402,2025-08-13,436,318,2,12.28,24.56
8403,2025-04-06,491,486,3,176.54,529.62
8404,2025-10-15,581,98,5,14.53,72.65
8404,2025-10-15,581,158,1,373.08,373.08
8405,2025-11-25,886,397,4,160.06,640.24
8405,2025-11-25,886,457,2,320.53,641.06
8406,2025-02-24,188,99,5,342.87,1714.35
8407,2025-03-03,785,491,5,474.71,2373.55
8407,2025-03-03,785,297,2,398.94,797.88
8407,2025-03-03,785,455,2,276.92,553.84
8408,2025-05-10,787,229,1,296.73,296.73
8408,2025-05-10,787,377,5,401.94,2009.70
8409,2025-05-19,935,244,4,478.82,1915.28
8409,2025-05-19,935,28,1,412.52,412.52
8409,2025-05-19,935,262,1,92.87,92.87
8410,2025-06-19,577,89,5,349.52,1747.60
8410,2025-06-19,577,288,2,55.84,111.68
8411,2025-12-07,678,421,4,320.48,1281.92
8412,2025-10-06,144,71,2,268.41,536.82
8412,2025-10-06,144,105,2,58.1,116.2
8412,2025-10-06,144,194,5,447.89,2239.45
8413,2025-03-21,213,392,5,141.55,707.75
8414,2025-09-12,689,350,4,30.8,123.2
8415,2025-06-12,978,12,1,100.62,100.62
8415,2025-06-12,978,322,1,417.63,417.63
8415,2025-06-12,978,258,4,77.66,310.64
8416,2025-07-04,114,201,4,437.71,1750.84
8416,2025-07-04,114,373,1,282.2,282.2
8416,2025-07-04,114,480,5,172.26,861.30
8417,2025-02-09,9,371,5,51.41,257.05
8417,2025-02-09,9,445,5,485.73,2428.65
8418,2025-08-19,93,408,5,242.36,1211.80
8418,2025-08-19,93,432,2,117.54,235.08
8418,2025-08-19,93,110,3,443.77,1331.31
8419,2025-08-22,378,361,4,365.74,1462.96
8419,2025-08-22,378,331,3,321.18,963.54
8419,2025-08-22,378,485,3,492.14,1476.42
8420,2025-06-19,521,351,5,87.53,437.65
8421,2025-07-28,882,350,1,30.8,30.8
8421,2025-07-28,882,164,2,310.9,621.8
8422,2025-12-02,833,57,4,103.12,412.48
8423,2025-08-26,98,159,2,372.6,745.2
8424,2025-01-12,718,378,4,428.55,1714.20
8424,2025-01-12,718,458,1,257.33,257.33
8425,2025-05-26,529,314,2,239.74,479.48
8425,2025-05-26,529,366,3,223.44,670.32
8425,2025-05-26,529,233,2,230.37,460.74
8426,2025-03-08,65,46,4,392.38,1569.52
8427,2025-10-27,837,38,2,447.83,895.66
8427,2025-10-27,837,445,4,485.73,1942.92
8428,2025-06-21,960,311,4,289.44,1157.76
8428,2025-06-21,960,315,1,398.86,398.86
8428,2025-06-21,960,440,3,475.31,1425.93
8429,2025-08-23,359,87,3,480.44,1441.32
8429,2025-08-23,359,97,2,113.42,226.84
8430,2025-06-04,655,407,3,325.42,976.26
8430,2025-06-04,655,41,1,114.35,114.35
8430,2025-06-04,655,403,2,215.58,431.16
8431,2025-08-24,706,441,2,34.49,68.98
8431,2025-08-24,706,356,1,8.39,8.39
8431,2025-08-24,706,439,1,18.16,18.16
8432,2025-02-09,811,382,2,240.39,480.78
8432,2025-02-09,811,279,4,204.8,819.2
8433,2025-03-19,942,122,3,459.94,1379.82
8433,2025-03-19,942,432,5,117.54,587.70
8434,2025-12-26,539,167,2,224.17,448.34
8435,2025-09-07,688,89,3,349.52,1048.56
8435,2025-09-07,688,311,4,289.44,1157.76
8436,2025-12-04,142,370,2,285.74,571.48
8437,2025-06-08,203,87,1,480.44,480.44
8438,2025-06-01,663,89,4,349.52,1398.08
8438,2025-06-01,663,176,4,288.86,1155.44
8439,2025-12-03,758,465,1,313.64,313.64
8439,2025-12-03,758,2,1,287.98,287.98
8440,2024-12-31,342,456,1,452.55,452.55
8440,2024-12-31,342,374,5,335.47,1677.35
8441,2025-05-30,32,12,3,100.62,301.86
8441,2025-05-30,32,261,4,184.06,736.24
8441,2025-05-30,32,217,2,110.51,221.02
8442,2025-08-24,517,348,4,231.55,926.20
8443,2025-07-05,947,402,2,341.36,682.72
8443,2025-07-05,947,26,5,376.51,1882.55
8443,2025-07-05,947,360,1,483.09,483.09
8444,2025-07-14,671,244,4,478.82,1915.28
8444,2025-07-14,671,467,5,363.53,1817.65
8445,2025-04-07,70,114,1,136.66,136.66
8445,2025-04-07,70,170,5,40.78,203.90
8445,2025-04-07,70,230,1,476.52,476.52
8446,2025-01-30,328,54,1,221.51,221.51
8447,2025-01-15,137,331,5,321.18,1605.90
8447,2025-01-15,137,64,5,491.55,2457.75
8447,2025-01-15,137,263,3,157.37,472.11
8448,2025-01-07,379,315,5,398.86,1994.30
8448,2025-01-07,379,475,1,118.44,118.44
8449,2025-02-14,636,158,3,373.08,1119.24
8449,2025-02-14,636,205,3,145.68,437.04
8450,2025-02-28,443,252,3,257.9,773.7
8450,2025-02-28,443,57,3,103.12,309.36
8451,2025-04-08,956,19,4,144.77,579.08
8451,2025-04-08,956,157,1,33.43,33.43
8451,2025-04-08,956,110,2,443.77,887.54
8452,2025-09-05,396,137,5,272.96,1364.80
8453,2025-06-23,584,427,3,410.44,1231.32
8453,2025-06-23,584,350,1,30.8,30.8
8453,2025-06-23,584,76,5,445.17,2225.85
8454,2025-01-03,58,18,1,298.7,298.7
8454,2025-01-03,58,246,1,426.74,426.74
8455,2025-10-06,820,69,1,340.46,340.46
8456,2025-02-17,956,172,5,250.68,1253.40
8456,2025-02-17,956,446,1,60.56,60.56
8456,2025-02-17,956,176,5,288.86,1444.30
8457,2025-09-27,445,149,3,57.41,172.23
8457,2025-09-27,445,61,3,351.5,1054.5
8458,2025-01-10,725,274,1,56.74,56.74
8458,2025-01-10,725,371,2,51.41,102.82
8459,2025-05-29,12,377,1,401.94,401.94
8459,2025-05-29,12,317,4,37.27,149.08
8460,2025-04-15,39,315,4,398.86,1595.44
8460,2025-04-15,39,36,3,12.2,36.6
8460,2025-04-15,39,239,5,469.38,2346.90
8461,2025-11-28,908,194,4,447.89,1791.56
8461,2025-11-28,908,359,4,275.01,1100.04
8462,2025-08-02,81,254,4,463.64,1854.56
8462,2025-08-02,81,388,3,317.72,953.16
8462,2025-08-02,81,102,3,468.5,1405.5
8463,2025-07-30,203,439,2,18.16,36.32
8463,2025-07-30,203,300,5,119.77,598.85
8463,2025-07-30,203,221,2,109.17,218.34
8464,2025-03-13,653,475,1,118.44,118.44
8465,2025-03-12,880,142,4,240.49,961.96
8466,2025-09-30,313,268,4,164.18,656.72
8467,2025-05-20,129,185,3,335.4,1006.2
8468,2025-01-21,823,274,5,56.74,283.70
8468,2025-01-21,823,157,3,33.43,100.29
8469,2025-03-14,187,62,5,245.04,1225.20
8469,2025-03-14,187,73,3,25.92,77.76
8469,2025-03-14,187,223,4,77.6,310.4
8470,2025-06-09,187,145,1,20.33,20.33
8470,2025-06-09,187,381,1,313.66,313.66
8470,2025-06-09,187,470,5,232.51,1162.55
8471,2025-05-19,157,322,1,417.63,417.63
8471,2025-05-19,157,176,3,288.86,866.58
8471,2025-05-19,157,357,1,147.52,147.52
8472,2025-12-21,766,341,2,51.61,103.22
8472,2025-12-21,766,153,1,210.94,210.94
8473,2025-04-30,438,220,5,26.81,134.05
8473,2025-04-30,438,363,3,154.83,464.49
8473,2025-04-30,438,200,2,275.47,550.94
8474,2025-03-07,592,462,5,412.76,2063.80
8475,2025-03-30,636,264,1,245.93,245.93
8475,2025-03-30,636,368,5,83.83,419.15
8475,2025-03-30,636,250,2,202.45,404.90
8476,2025-05-19,109,306,3,390.91,1172.73
8476,2025-05-19,109,234,5,6.55,32.75
8477,2025-05-01,462,69,1,340.46,340.46
8477,2025-05-01,462,85,2,321.65,643.30
8478,2025-06-01,701,221,5,109.17,545.85
8478,2025-06-01,701,185,1,335.4,335.4
8478,2025-06-01,701,265,4,86.31,345.24
8479,2025-08-21,541,9,5,217.36,1086.80
8480,2025-09-09,681,116,2,496.51,993.02
8480,2025-09-09,681,45,4,250.68,1002.72
8480,2025-09-09,681,401,5,341.45,1707.25
8481,2025-12-19,509,292,1,242.18,242.18
8481,2025-12-19,509,109,4,97.7,390.8
8482,2025-10-27,958,414,2,307.45,614.90
8483,2025-01-07,449,244,5,478.82,2394.10
8483,2025-01-07,449,96,2,5.28,10.56
8484,2025-03-23,511,111,2,157.26,314.52
8484,2025-03-23,511,463,3,144.91,434.73
8484,2025-03-23,511,135,3,220.51,661.53
8485,2025-05-13,602,59,5,418.89,2094.45
8486,2025-09-11,645,153,3,210.94,632.82
8486,2025-09-11,645,149,1,57.41,57.41
8487,2025-09-22,121,235,5,72.25,361.25
8488,2025-01-30,227,168,4,347.07,1388.28
8489,2025-02-24,301,390,3,40.96,122.88
8490,2025-05-16,698,428,5,358.4,1792.0
8490,2025-05-16,698,315,2,398.86,797.72
8490,2025-05-16,698,186,5,436.63,2183.15
8491,2025-04-13,96,33,2,194.9,389.8
8491,2025-04-13,96,180,4,179.99,719.96
8491,2025-04-13,96,66,1,211.47,211.47
8492,2025-10-19,267,216,4,277.28,1109.12
8492,2025-10-19,267,36,2,12.2,24.4
8493,2025-05-04,796,175,1,471.13,471.13
8494,2025-09-28,163,398,4,71.83,287.32
8494,2025-09-28,163,4,3,472.3,1416.9
8494,2025-09-28,163,461,5,224.53,1122.65
8495,2025-03-09,196,288,5,55.84,279.20
8495,2025-03-09,196,283,1,384.65,384.65
8495,2025-03-09,196,455,2,276.92,553.84
8496,2025-02-01,770,475,2,118.44,236.88
8496,2025-02-01,770,462,4,412.76,1651.04
8497,2025-10-11,183,244,1,478.82,478.82
8497,2025-10-11,183,34,4,401.45,1605.80
8497,2025-10-11,183,49,2,243.73,487.46
8498,2025-05-07,830,216,3,277.28,831.84
8498,2025-05-07,830,453,5,236.71,1183.55
8498,2025-05-07,830,94,3,295.93,887.79
8499,2025-03-29,961,467,4,363.53,1454.12
8500,2025-10-08,741,175,2,471.13,942.26
8500,2025-10-08,741,99,4,342.87,1371.48
8501,2025-09-25,181,170,4,40.78,163.12
8501,2025-09-25,181,336,5,381.71,1908.55
8502,2024-12-29,563,406,4,438.28,1753.12
8503,2025-03-31,624,64,4,491.55,1966.20
8503,2025-03-31,624,397,3,160.06,480.18
8503,2025-03-31,624,472,4,46.16,184.64
8504,2025-04-25,4,384,3,229.07,687.21
8504,2025-04-25,4,458,5,257.33,1286.65
8505,2025-01-18,163,392,5,141.55,707.75
8505,2025-01-18,163,458,4,257.33,1029.32
8506,2025-11-13,917,178,2,65.82,131.64
8506,2025-11-13,917,219,3,24.98,74.94
8506,2025-11-13,917,279,2,204.8,409.6
8507,2025-06-09,618,366,5,223.44,1117.20
8508,2025-08-17,827,280,5,13.76,68.80
8509,2025-10-22,405,186,1,436.63,436.63
8510,2025-02-21,75,303,2,489.27,978.54
8510,2025-02-21,75,59,1,418.89,418.89
8510,2025-02-21,75,435,5,122.68,613.40
8511,2025-07-02,557,338,2,243.62,487.24
8512,2025-08-03,961,329,4,374.27,1497.08
8512,2025-08-03,961,261,2,184.06,368.12
8512,2025-08-03,961,483,3,192.76,578.28
8513,2025-11-05,212,281,2,115.36,230.72
8513,2025-11-05,212,132,2,305.92,611.84
8514,2025-08-17,542,172,4,250.68,1002.72
8515,2025-02-19,713,149,1,57.41,57.41
8515,2025-02-19,713,124,1,225.92,225.92
8516,2025-04-08,249,70,5,24.04,120.20
8516,2025-04-08,249,92,4,468.03,1872.12
8517,2025-06-12,795,160,3,241.99,725.97
8517,2025-06-12,795,170,1,40.78,40.78
8517,2025-06-12,795,491,5,474.71,2373.55
8518,2025-06-23,675,453,3,236.71,710.13
8519,2025-06-06,751,189,5,147.88,739.40
8519,2025-06-06,751,380,1,276.01,276.01
8519,2025-06-06,751,20,3,478.78,1436.34
8520,2025-12-13,61,498,5,374.05,1870.25
8520,2025-12-13,61,472,3,46.16,138.48
8521,2025-09-20,454,417,4,148.93,595.72
8522,2025-03-13,284,36,4,12.2,48.8
8523,2025-04-30,37,110,1,443.77,443.77
8524,2025-12-12,694,59,3,418.89,1256.67
8524,2025-12-12,694,315,5,398.86,1994.30
8524,2025-12-12,694,27,2,227.57,455.14
8525,2025-10-11,86,296,2,215.06,430.12
8525,2025-10-11,86,370,2,285.74,571.48
8525,2025-10-11,86,14,3,40.36,121.08
8526,2025-08-22,133,108,5,393.46,1967.30
8526,2025-08-22,133,424,1,321.07,321.07
8526,2025-08-22,133,229,5,296.73,1483.65
8527,2025-04-27,119,465,3,313.64,940.92
8527,2025-04-27,119,75,3,131.43,394.29
8527,2025-04-27,119,179,1,153.54,153.54
8528,2025-05-03,232,288,2,55.84,111.68
8528,2025-05-03,232,365,4,459.25,1837.00
8528,2025-05-03,232,236,1,469.19,469.19
8529,2025-05-04,272,150,3,72.4,217.2
8530,2025-10-22,816,28,2,412.52,825.04
8531,2025-02-03,192,53,1,485.1,485.1
8532,2025-10-14,102,24,3,330.39,991.17
8533,2025-09-16,848,166,1,212.49,212.49
8534,2025-10-31,50,59,4,418.89,1675.56
8534,2025-10-31,50,102,3,468.5,1405.5
8534,2025-10-31,50,481,4,163.42,653.68
8535,2025-09-16,37,317,1,37.27,37.27
8535,2025-09-16,37,241,1,269.46,269.46
8536,2025-01-21,41,358,1,329.56,329.56
8536,2025-01-21,41,177,3,184.9,554.7
8537,2025-05-28,500,365,4,459.25,1837.00
8537,2025-05-28,500,495,2,295.22,590.44
8538,2025-05-13,290,407,3,325.42,976.26
8539,2025-12-01,580,359,1,275.01,275.01
8539,2025-12-01,580,445,1,485.73,485.73
8540,2025-05-21,686,43,2,278.89,557.78
8540,2025-05-21,686,217,5,110.51,552.55
8541,2025-03-05,727,416,2,70.38,140.76
8542,2025-05-12,206,114,3,136.66,409.98
8542,2025-05-12,206,366,2,223.44,446.88
8542,2025-05-12,206,154,1,434.3,434.3
8543,2025-02-26,726,303,2,489.27,978.54
8543,2025-02-26,726,210,5,318.91,1594.55
8544,2025-04-08,578,41,2,114.35,228.70
8544,2025-04-08,578,280,3,13.76,41.28
8544,2025-04-08,578,474,4,33.57,134.28
8545,2025-09-26,191,10,2,248.75,497.50
8545,2025-09-26,191,242,3,35.44,106.32
8545,2025-09-26,191,265,5,86.31,431.55
8546,2024-12-30,221,365,1,459.25,459.25
8546,2024-12-30,221,8,4,316.53,1266.12
8547,2025-03-25,23,34,5,401.45,2007.25
8547,2025-03-25,23,12,5,100.62,503.10
8548,2025-10-31,496,330,2,217.0,434.0
8548,2025-10-31,496,333,2,312.24,624.48
8549,2025-08-10,596,461,5,224.53,1122.65
8549,2025-08-10,596,26,4,376.51,1506.04
8549,2025-08-10,596,303,2,489.27,978.54
8550,2025-05-14,373,58,1,16.96,16.96
8551,2025-01-09,704,294,1,41.14,41.14
8552,2025-07-05,56,217,1,110.51,110.51
8552,2025-07-05,56,204,5,296.2,1481.0
8552,2025-07-05,56,435,1,122.68,122.68
8553,2025-10-05,95,270,3,396.51,1189.53
8554,2025-08-15,586,445,3,485.73,1457.19
8554,2025-08-15,586,292,2,242.18,484.36
8555,2025-02-09,125,314,1,239.74,239.74
8556,2025-05-27,130,483,4,192.76,771.04
8556,2025-05-27,130,155,5,407.98,2039.90
8556,2025-05-27,130,390,3,40.96,122.88
8557,2025-03-08,165,86,5,444.15,2220.75
8557,2025-03-08,165,429,2,309.42,618.84
8558,2025-05-08,738,481,2,163.42,326.84
8558,2025-05-08,738,220,1,26.81,26.81
8559,2025-04-22,963,432,5,117.54,587.70
8559,2025-04-22,963,486,5,176.54,882.70
8560,2025-11-13,877,381,5,313.66,1568.30
8560,2025-11-13,877,14,2,40.36,80.72
8560,2025-11-13,877,500,3,455.95,1367.85
8561,2025-03-21,353,53,1,485.1,485.1
8561,2025-03-21,353,352,1,164.03,164.03
8561,2025-03-21,353,195,4,494.68,1978.72
8562,2025-04-02,672,332,5,258.46,1292.30
8562,2025-04-02,672,5,1,314.52,314.52
8563,2025-12-04,20,19,3,144.77,434.31
8563,2025-12-04,20,163,2,186.78,373.56
8564,2025-04-02,232,4,5,472.3,2361.5
8564,2025-04-02,232,137,2,272.96,545.92
8565,2025-01-07,534,221,1,109.17,109.17
8565,2025-01-07,534,242,2,35.44,70.88
8565,2025-01-07,534,294,5,41.14,205.70
8566,2025-04-29,476,418,3,35.93,107.79
8566,2025-04-29,476,334,3,134.61,403.83
8567,2025-05-23,921,290,5,450.86,2254.30
8567,2025-05-23,921,99,3,342.87,1028.61
8567,2025-05-23,921,68,2,57.36,114.72
8568,2025-09-05,990,301,5,274.15,1370.75
8568,2025-09-05,990,374,5,335.47,1677.35
8569,2025-06-07,138,415,1,477.17,477.17
8569,2025-06-07,138,180,3,179.99,539.97
8570,2025-04-06,908,413,5,496.98,2484.90
8570,2025-04-06,908,240,3,102.23,306.69
8570,2025-04-06,908,409,2,31.26,62.52
8571,2025-04-17,223,167,5,224.17,1120.85
8572,2025-07-26,423,397,4,160.06,640.24
8573,2025-07-26,118,2,4,287.98,1151.92
8574,2025-07-02,603,35,3,246.38,739.14
8574,2025-07-02,603,437,3,297.45,892.35
8575,2025-09-28,782,375,1,445.17,445.17
8575,2025-09-28,782,336,2,381.71,763.42
8576,2025-07-18,842,404,3,153.82,461.46
8577,2025-03-05,250,35,5,246.38,1231.90
8577,2025-03-05,250,422,5,82.75,413.75
8577,2025-03-05,250,145,4,20.33,81.32
8578,2025-02-10,107,219,5,24.98,124.90
8578,2025-02-10,107,79,4,139.58,558.32
8578,2025-02-10,107,126,5,41.18,205.90
8579,2025-06-02,801,486,2,176.54,353.08
8580,2025-09-07,777,181,4,284.33,1137.32
8580,2025-09-07,777,96,3,5.28,15.84
8580,2025-09-07,777,164,3,310.9,932.7
8581,2025-05-18,658,419,1,54.3,54.3
8581,2025-05-18,658,72,4,409.92,1639.68
8582,2025-02-13,94,489,1,52.69,52.69
8583,2025-02-21,592,397,1,160.06,160.06
8583,2025-02-21,592,473,3,341.31,1023.93
8584,2025-12-07,732,356,1,8.39,8.39
8584,2025-12-07,732,402,3,341.36,1024.08
8585,2025-07-05,166,282,5,332.62,1663.10
8585,2025-07-05,166,428,2,358.4,716.8
8586,2025-05-11,76,489,3,52.69,158.07
8586,2025-05-11,76,466,5,477.28,2386.40
8587,2025-09-16,940,90,5,414.87,2074.35
8587,2025-09-16,940,127,2,428.76,857.52
8588,2025-12-22,79,202,4,141.74,566.96
8588,2025-12-22,79,257,1,265.71,265.71
8589,2025-10-24,537,480,2,172.26,344.52
8589,2025-10-24,537,6,3,388.76,1166.28
8590,2025-05-17,86,189,3,147.88,443.64
8590,2025-05-17,86,370,3,285.74,857.22
8590,2025-05-17,86,229,3,296.73,890.19
8591,2025-02-16,645,482,3,296.53,889.59
8591,2025-02-16,645,201,3,437.71,1313.13
8592,2025-10-08,98,345,2,210.38,420.76
8592,2025-10-08,98,244,2,478.82,957.64
8592,2025-10-08,98,361,3,365.74,1097.22
8593,2025-08-08,453,291,4,346.84,1387.36
8594,2025-01-02,998,153,1,210.94,210.94
8595,2025-09-02,832,88,4,222.45,889.80
8595,2025-09-02,832,179,5,153.54,767.70
8595,2025-09-02,832,74,4,352.49,1409.96
8596,2025-09-16,435,398,1,71.83,71.83
8596,2025-09-16,435,280,3,13.76,41.28
8596,2025-09-16,435,454,4,64.77,259.08
8597,2025-04-15,555,114,5,136.66,683.30
8597,2025-04-15,555,67,5,301.26,1506.30
8597,2025-04-15,555,421,1,320.48,320.48
8598,2025-02-16,747,190,1,72.61,72.61
8598,2025-02-16,747,103,1,239.95,239.95
8599,2025-07-05,737,382,2,240.39,480.78
8600,2025-12-17,885,302,5,462.51,2312.55
8600,2025-12-17,885,238,2,472.08,944.16
8601,2025-05-07,867,196,1,305.3,305.3
8602,2025-07-23,602,390,4,40.96,163.84
8603,2025-08-31,155,32,3,342.29,1026.87
8603,2025-08-31,155,89,3,349.52,1048.56
8604,2025-05-15,381,347,5,138.42,692.10
8605,2025-09-26,678,27,1,227.57,227.57
8605,2025-09-26,678,348,4,231.55,926.20
8605,2025-09-26,678,48,3,228.85,686.55
8606,2025-04-08,597,134,3,284.82,854.46
8606,2025-04-08,597,325,3,281.87,845.61
8606,2025-04-08,597,477,5,442.21,2211.05
8607,2025-02-09,628,397,5,160.06,800.30
8607,2025-02-09,628,475,2,118.44,236.88
8608,2025-07-23,191,377,1,401.94,401.94
8609,2025-03-05,477,126,4,41.18,164.72
8609,2025-03-05,477,255,1,214.59,214.59
8610,2025-07-21,19,66,4,211.47,845.88
8611,2025-12-12,434,351,4,87.53,350.12
8611,2025-12-12,434,375,2,445.17,890.34
8612,2025-05-14,110,469,4,103.95,415.80
8612,2025-05-14,110,44,3,439.63,1318.89
8613,2025-03-25,287,46,1,392.38,392.38
8613,2025-03-25,287,41,1,114.35,114.35
8614,2025-10-27,478,241,4,269.46,1077.84
8615,2025-02-04,22,477,3,442.21,1326.63
8615,2025-02-04,22,308,4,241.52,966.08
8616,2025-04-18,659,361,5,365.74,1828.70
8616,2025-04-18,659,172,2,250.68,501.36
8616,2025-04-18,659,291,2,346.84,693.68
8617,2025-10-30,247,399,1,53.46,53.46
8618,2025-02-02,298,414,3,307.45,922.35
8618,2025-02-02,298,387,3,280.52,841.56
8618,2025-02-02,298,395,3,171.83,515.49
8619,2025-12-19,472,357,2,147.52,295.04
8619,2025-12-19,472,203,2,98.55,197.10
8620,2025-06-16,681,248,2,45.08,90.16
8620,2025-06-16,681,152,4,39.12,156.48
8620,2025-06-16,681,196,4,305.3,1221.2
8621,2025-02-26,441,39,2,154.19,308.38
8621,2025-02-26,441,372,5,20.55,102.75
8621,2025-02-26,441,16,5,241.42,1207.10
8622,2025-06-13,850,197,5,195.32,976.60
8622,2025-06-13,850,31,3,485.56,1456.68
8623,2025-02-27,673,413,3,496.98,1490.94
8623,2025-02-27,673,51,1,108.84,108.84
8623,2025-02-27,673,22,5,420.77,2103.85
8624,2025-11-18,522,119,1,244.81,244.81
8624,2025-11-18,522,383,2,259.72,519.44
8625,2025-05-10,155,493,2,312.43,624.86
8626,2025-10-02,668,155,4,407.98,1631.92
8627,2025-10-03,285,76,2,445.17,890.34
8628,2025-09-27,971,225,3,460.72,1382.16
8628,2025-09-27,971,178,1,65.82,65.82
8628,2025-09-27,971,5,3,314.52,943.56
8629,2024-12-26,358,280,3,13.76,41.28
8630,2025-11-13,163,383,3,259.72,779.16
8630,2025-11-13,163,91,1,51.8,51.8
8630,2025-11-13,163,489,4,52.69,210.76
8631,2025-05-21,54,224,1,321.92,321.92
8632,2025-04-13,112,19,5,144.77,723.85
8633,2025-05-11,576,438,1,161.16,161.16
8634,2025-04-02,539,87,1,480.44,480.44
8634,2025-04-02,539,370,1,285.74,285.74
8634,2025-04-02,539,101,5,35.41,177.05
8635,2025-09-22,391,302,2,462.51,925.02
8636,2025-05-05,325,61,4,351.5,1406.0
8636,2025-05-05,325,185,4,335.4,1341.6
8637,2025-11-02,867,30,2,152.14,304.28
8638,2025-10-03,858,341,1,51.61,51.61
8639,2025-06-05,106,18,5,298.7,1493.5
8639,2025-06-05,106,32,1,342.29,342.29
8639,2025-06-05,106,190,5,72.61,363.05
8640,2025-09-12,201,188,3,443.19,1329.57
8641,2025-09-13,1000,125,5,265.17,1325.85
8641,2025-09-13,1000,123,3,165.07,495.21
8642,2025-09-03,953,55,3,471.21,1413.63
8642,2025-09-03,953,279,3,204.8,614.4
8643,2025-02-05,657,140,2,187.49,374.98
8643,2025-02-05,657,193,1,250.13,250.13
8644,2025-08-20,5,180,4,179.99,719.96
8644,2025-08-20,5,500,3,455.95,1367.85
8645,2025-02-24,833,245,1,258.08,258.08
8646,2025-06-24,340,124,3,225.92,677.76
8646,2025-06-24,340,138,5,444.05,2220.25
8647,2025-01-31,777,334,4,134.61,538.44
8647,2025-01-31,777,415,4,477.17,1908.68
8647,2025-01-31,777,162,1,147.2,147.2
8648,2025-06-11,970,477,4,442.21,1768.84
8649,2025-08-09,342,331,1,321.18,321.18
8650,2025-12-17,29,62,1,245.04,245.04
8650,2025-12-17,29,17,4,221.62,886.48
8651,2025-09-03,430,134,1,284.82,284.82
8652,2025-07-10,660,385,3,391.11,1173.33
8652,2025-07-10,660,267,3,281.05,843.15
8653,2025-03-26,489,44,4,439.63,1758.52
8653,2025-03-26,489,279,2,204.8,409.6
8654,2025-04-27,534,489,2,52.69,105.38
8654,2025-04-27,534,377,3,401.94,1205.82
8654,2025-04-27,534,172,4,250.68,1002.72
8655,2025-06-08,345,375,1,445.17,445.17
8655,2025-06-08,345,233,4,230.37,921.48
8656,2025-02-01,442,482,2,296.53,593.06
8656,2025-02-01,442,437,2,297.45,594.90
8656,2025-02-01,442,48,2,228.85,457.70
8657,2025-08-06,695,277,5,328.27,1641.35
8657,2025-08-06,695,385,2,391.11,782.22
8657,2025-08-06,695,306,4,390.91,1563.64
8658,2025-06-20,336,406,1,438.28,438.28
8659,2025-08-27,822,446,4,60.56,242.24
8659,2025-08-27,822,341,3,51.61,154.83
8660,2025-09-06,592,443,4,255.06,1020.24
8661,2025-10-17,657,408,5,242.36,1211.80
8662,2025-08-06,480,135,3,220.51,661.53
8662,2025-08-06,480,393,2,263.08,526.16
8663,2025-07-26,288,29,2,178.91,357.82
8664,2025-01-12,386,76,1,445.17,445.17
8665,2025-09-30,207,58,2,16.96,33.92
8665,2025-09-30,207,175,4,471.13,1884.52
8665,2025-09-30,207,205,2,145.68,291.36
8666,2025-08-27,928,495,3,295.22,885.66
8666,2025-08-27,928,482,5,296.53,1482.65
8666,2025-08-27,928,429,4,309.42,1237.68
8667,2025-10-26,197,475,3,118.44,355.32
8668,2025-06-26,216,434,3,21.02,63.06
8668,2025-06-26,216,57,1,103.12,103.12
8669,2025-11-12,424,374,2,335.47,670.94
8669,2025-11-12,424,456,3,452.55,1357.65
8669,2025-11-12,424,491,2,474.71,949.42
8670,2025-09-26,709,20,3,478.78,1436.34
8671,2025-06-02,963,72,3,409.92,1229.76
8671,2025-06-02,963,111,2,157.26,314.52
8672,2025-03-27,221,395,3,171.83,515.49
8672,2025-03-27,221,66,5,211.47,1057.35
8673,2025-01-24,367,216,2,277.28,554.56
8673,2025-01-24,367,237,2,242.96,485.92
8674,2025-04-11,688,456,3,452.55,1357.65
8674,2025-04-11,688,182,5,496.05,2480.25
8675,2025-07-14,983,476,2,131.18,262.36
8675,2025-07-14,983,94,4,295.93,1183.72
8675,2025-07-14,983,208,1,438.21,438.21
8676,2025-03-23,308,267,3,281.05,843.15
8676,2025-03-23,308,238,2,472.08,944.16
8676,2025-03-23,308,380,2,276.01,552.02
8677,2025-12-24,710,124,3,225.92,677.76
8678,2025-08-21,23,355,4,208.41,833.64
8678,2025-08-21,23,89,5,349.52,1747.60
8679,2025-06-09,26,107,4,167.97,671.88
8679,2025-06-09,26,424,1,321.07,321.07
8679,2025-06-09,26,86,2,444.15,888.30
8680,2025-08-15,747,411,2,147.7,295.4
8680,2025-08-15,747,414,2,307.45,614.90
8680,2025-08-15,747,39,2,154.19,308.38
8681,2025-09-14,35,337,1,206.67,206.67
8681,2025-09-14,35,237,3,242.96,728.88
8681,2025-09-14,35,265,2,86.31,172.62
8682,2025-09-21,958,333,3,312.24,936.72
8683,2025-05-03,442,347,1,138.42,138.42
8683,2025-05-03,442,499,2,230.52,461.04
8683,2025-05-03,442,461,1,224.53,224.53
8684,2025-05-02,601,268,4,164.18,656.72
8684,2025-05-02,601,371,3,51.41,154.23
8685,2025-09-06,391,135,5,220.51,1102.55
8685,2025-09-06,391,391,5,325.16,1625.80
8685,2025-09-06,391,112,1,242.9,242.9
8686,2025-09-24,708,390,3,40.96,122.88
8686,2025-09-24,708,58,4,16.96,67.84
8686,2025-09-24,708,203,5,98.55,492.75
8687,2025-03-31,81,291,1,346.84,346.84
8687,2025-03-31,81,207,3,68.3,204.9
8687,2025-03-31,81,37,5,37.4,187.0
8688,2025-06-16,542,220,5,26.81,134.05
8689,2025-07-08,220,188,3,443.19,1329.57
8690,2025-11-05,7,319,4,453.23,1812.92
8690,2025-11-05,7,443,1,255.06,255.06
8690,2025-11-05,7,287,1,291.36,291.36
8691,2025-01-11,259,267,4,281.05,1124.20
8691,2025-01-11,259,358,2,329.56,659.12
8691,2025-01-11,259,159,3,372.6,1117.8
8692,2025-03-15,982,244,5,478.82,2394.10
8692,2025-03-15,982,111,1,157.26,157.26
8693,2025-04-13,875,405,5,16.73,83.65
8693,2025-04-13,875,420,4,72.09,288.36
8693,2025-04-13,875,152,1,39.12,39.12
8694,2025-12-04,877,478,5,68.54,342.70
8695,2025-07-02,184,81,2,433.63,867.26
8695,2025-07-02,184,19,4,144.77,579.08
8696,2025-12-22,636,292,3,242.18,726.54
8696,2025-12-22,636,400,1,387.4,387.4
8696,2025-12-22,636,331,4,321.18,1284.72
8697,2025-03-11,162,415,3,477.17,1431.51
8697,2025-03-11,162,397,2,160.06,320.12
8698,2025-10-28,523,336,1,381.71,381.71
8698,2025-10-28,523,210,4,318.91,1275.64
8698,2025-10-28,523,380,2,276.01,552.02
8699,2025-01-08,868,47,2,447.66,895.32
8699,2025-01-08,868,182,3,496.05,1488.15
8699,2025-01-08,868,201,5,437.71,2188.55
8700,2025-04-14,766,22,4,420.77,1683.08
8700,2025-04-14,766,87,5,480.44,2402.20
8701,2025-02-27,438,304,1,276.08,276.08
8702,2025-11-10,555,49,5,243.73,1218.65
8703,2025-01-03,785,1,4,80.6,322.4
8704,2025-07-01,704,315,1,398.86,398.86
8704,2025-07-01,704,47,3,447.66,1342.98
8704,2025-07-01,704,447,2,376.57,753.14
8705,2025-07-13,945,211,2,180.66,361.32
8705,2025-07-13,945,212,3,122.95,368.85
8706,2025-11-09,704,453,4,236.71,946.84
8706,2025-11-09,704,396,2,56.06,112.12
8706,2025-11-09,704,185,2,335.4,670.8
8707,2025-06-17,26,310,4,151.31,605.24
8708,2025-05-11,119,88,5,222.45,1112.25
8709,2025-10-17,648,146,1,92.21,92.21
8709,2025-10-17,648,208,5,438.21,2191.05
8710,2025-01-08,990,5,5,314.52,1572.60
8710,2025-01-08,990,72,4,409.92,1639.68
8710,2025-01-08,990,326,2,211.81,423.62
8711,2025-03-30,147,354,1,78.8,78.8
8711,2025-03-30,147,270,3,396.51,1189.53
8712,2025-11-16,607,187,4,319.82,1279.28
8712,2025-11-16,607,479,1,301.68,301.68
8713,2025-06-08,80,475,4,118.44,473.76
8713,2025-06-08,80,116,4,496.51,1986.04
8713,2025-06-08,80,183,5,448.54,2242.70
8714,2025-05-18,425,127,1,428.76,428.76
8714,2025-05-18,425,402,4,341.36,1365.44
8715,2025-02-05,264,401,1,341.45,341.45
8715,2025-02-05,264,218,4,137.61,550.44
8715,2025-02-05,264,65,4,430.11,1720.44
8716,2025-10-07,826,435,4,122.68,490.72
8716,2025-10-07,826,384,5,229.07,1145.35
8716,2025-10-07,826,499,1,230.52,230.52
8717,2025-07-26,720,458,3,257.33,771.99
8717,2025-07-26,720,295,4,130.26,521.04
8717,2025-07-26,720,77,5,270.23,1351.15
8718,2025-08-27,938,422,5,82.75,413.75
8719,2025-11-27,971,349,5,173.73,868.65
8720,2025-01-05,947,489,4,52.69,210.76
8721,2025-10-20,280,223,4,77.6,310.4
8722,2025-05-01,75,124,1,225.92,225.92
8722,2025-05-01,75,436,1,472.16,472.16
8723,2025-08-01,126,236,4,469.19,1876.76
8723,2025-08-01,126,336,5,381.71,1908.55
8723,2025-08-01,126,73,3,25.92,77.76
8724,2025-08-05,119,385,1,391.11,391.11
8724,2025-08-05,119,481,3,163.42,490.26
8724,2025-08-05,119,9,5,217.36,1086.80
8725,2025-08-19,105,92,1,468.03,468.03
8725,2025-08-19,105,34,2,401.45,802.90
8725,2025-08-19,105,460,2,313.84,627.68
8726,2025-03-12,321,413,2,496.98,993.96
8726,2025-03-12,321,52,2,420.33,840.66
8727,2025-09-19,513,167,3,224.17,672.51
8727,2025-09-19,513,137,5,272.96,1364.80
8727,2025-09-19,513,355,3,208.41,625.23
8728,2025-02-28,191,283,4,384.65,1538.60
8728,2025-02-28,191,399,2,53.46,106.92
8728,2025-02-28,191,128,4,229.59,918.36
8729,2025-02-15,462,333,4,312.24,1248.96
8730,2025-03-11,897,311,5,289.44,1447.20
8730,2025-03-11,897,43,3,278.89,836.67
8730,2025-03-11,897,413,4,496.98,1987.92
8731,2025-07-29,826,66,2,211.47,422.94
8732,2025-03-22,341,109,4,97.7,390.8
8733,2025-08-10,217,388,3,317.72,953.16
8733,2025-08-10,217,13,3,412.47,1237.41
8733,2025-08-10,217,307,3,228.49,685.47
8734,2025-03-05,73,45,2,250.68,501.36
8734,2025-03-05,73,142,5,240.49,1202.45
8734,2025-03-05,73,167,2,224.17,448.34
8735,2025-09-26,438,105,4,58.1,232.4
8736,2025-09-03,162,207,5,68.3,341.5
8736,2025-09-03,162,288,5,55.84,279.20
8736,2025-09-03,162,255,5,214.59,1072.95
8737,2025-09-16,888,441,4,34.49,137.96
8737,2025-09-16,888,419,3,54.3,162.9
8737,2025-09-16,888,160,5,241.99,1209.95
8738,2025-05-11,529,439,1,18.16,18.16
8738,2025-05-11,529,466,4,477.28,1909.12
8739,2025-08-25,618,148,4,445.16,1780.64
8739,2025-08-25,618,237,3,242.96,728.88
8740,2025-04-03,394,362,4,299.76,1199.04
8740,2025-04-03,394,267,4,281.05,1124.20
8741,2025-09-30,240,245,2,258.08,516.16
8741,2025-09-30,240,60,4,334.6,1338.4
8742,2025-04-17,741,409,5,31.26,156.30
8742,2025-04-17,741,67,4,301.26,1205.04
8742,2025-04-17,741,108,1,393.46,393.46
8743,2025-10-16,596,216,5,277.28,1386.40
8743,2025-10-16,596,472,1,46.16,46.16
8743,2025-10-16,596,212,3,122.95,368.85
8744,2025-03-19,210,412,2,407.79,815.58
8745,2025-04-29,805,385,4,391.11,1564.44
8745,2025-04-29,805,226,1,285.54,285.54
8745,2025-04-29,805,443,1,255.06,255.06
8746,2025-12-23,194,131,5,398.64,1993.20
8747,2025-01-07,429,118,4,116.6,466.4
8748,2025-03-27,839,493,3,312.43,937.29
8748,2025-03-27,839,198,3,373.73,1121.19
8749,2025-12-24,369,128,1,229.59,229.59
8750,2025-01-22,884,419,3,54.3,162.9
8750,2025-01-22,884,386,2,214.75,429.50
8750,2025-01-22,884,357,2,147.52,295.04
8751,2025-07-02,162,239,3,469.38,1408.14
8752,2025-03-09,138,84,3,404.22,1212.66
8752,2025-03-09,138,488,4,209.37,837.48
8753,2025-01-29,728,479,5,301.68,1508.40
8753,2025-01-29,728,337,1,206.67,206.67
8754,2025-11-26,942,66,3,211.47,634.41
8754,2025-11-26,942,297,2,398.94,797.88
8755,2025-10-18,688,172,4,250.68,1002.72
8755,2025-10-18,688,201,5,437.71,2188.55
8756,2025-12-24,592,339,5,247.5,1237.5
8756,2025-12-24,592,236,1,469.19,469.19
8756,2025-12-24,592,212,1,122.95,122.95
8757,2024-12-26,230,324,2,113.76,227.52
8757,2024-12-26,230,486,4,176.54,706.16
8757,2024-12-26,230,252,3,257.9,773.7
8758,2025-01-31,724,379,1,183.38,183.38
8758,2025-01-31,724,83,1,322.41,322.41
8758,2025-01-31,724,45,1,250.68,250.68
8759,2024-12-27,91,262,2,92.87,185.74
8760,2025-01-15,882,132,2,305.92,611.84
8760,2025-01-15,882,311,4,289.44,1157.76
8760,2025-01-15,882,262,5,92.87,464.35
8761,2025-05-07,201,312,2,333.94,667.88
8762,2025-11-22,919,481,2,163.42,326.84
8762,2025-11-22,919,316,3,285.22,855.66
8763,2025-01-27,875,127,2,428.76,857.52
8763,2025-01-27,875,102,4,468.5,1874.0
8764,2025-04-28,37,290,1,450.86,450.86
8764,2025-04-28,37,261,3,184.06,552.18
8764,2025-04-28,37,151,5,496.87,2484.35
8765,2025-11-09,684,433,5,389.95,1949.75
8765,2025-11-09,684,87,2,480.44,960.88
8765,2025-11-09,684,478,4,68.54,274.16
8766,2025-11-17,978,322,3,417.63,1252.89
8767,2025-05-04,53,193,3,250.13,750.39
8767,2025-05-04,53,243,2,457.3,914.6
8767,2025-05-04,53,328,1,50.89,50.89
8768,2025-12-22,843,143,1,472.35,472.35
8768,2025-12-22,843,82,3,349.97,1049.91
8769,2025-08-13,119,460,3,313.84,941.52
8769,2025-08-13,119,223,5,77.6,388.0
8769,2025-08-13,119,332,3,258.46,775.38
8770,2025-06-26,149,198,3,373.73,1121.19
8770,2025-06-26,149,348,4,231.55,926.20
8770,2025-06-26,149,237,3,242.96,728.88
8771,2025-01-30,801,289,5,150.72,753.60
8771,2025-01-30,801,211,3,180.66,541.98
8772,2025-06-04,397,462,5,412.76,2063.80
8773,2025-01-09,589,365,3,459.25,1377.75
8773,2025-01-09,589,338,3,243.62,730.86
8774,2025-11-23,94,174,5,314.06,1570.30
8774,2025-11-23,94,421,2,320.48,640.96
8774,2025-11-23,94,400,1,387.4,387.4
8775,2025-05-22,540,183,3,448.54,1345.62
8775,2025-05-22,540,70,1,24.04,24.04
8776,2025-01-22,283,174,1,314.06,314.06
8776,2025-01-22,283,114,1,136.66,136.66
8776,2025-01-22,283,67,2,301.26,602.52
8777,2025-06-29,848,327,5,499.91,2499.55
8777,2025-06-29,848,438,4,161.16,644.64
8777,2025-06-29,848,431,5,141.89,709.45
8778,2025-01-17,324,426,1,82.52,82.52
8779,2025-09-18,123,451,1,117.67,117.67
8780,2025-04-02,269,180,1,179.99,179.99
8781,2025-07-26,945,253,3,358.42,1075.26
8781,2025-07-26,945,171,3,350.16,1050.48
8781,2025-07-26,945,177,4,184.9,739.6
8782,2025-04-19,152,25,1,250.93,250.93
8782,2025-04-19,152,256,1,127.97,127.97
8783,2025-09-29,425,184,3,72.35,217.05
8783,2025-09-29,425,119,3,244.81,734.43
8784,2025-10-23,551,226,4,285.54,1142.16
8784,2025-10-23,551,345,3,210.38,631.14
8784,2025-10-23,551,164,3,310.9,932.7
8785,2025-02-22,783,265,4,86.31,345.24
8786,2025-06-06,522,456,3,452.55,1357.65
8786,2025-06-06,522,389,1,74.31,74.31
8786,2025-06-06,522,165,5,78.9,394.5
8787,2025-02-05,433,195,2,494.68,989.36
8787,2025-02-05,433,420,1,72.09,72.09
8787,2025-02-05,433,494,4,429.76,1719.04
8788,2025-09-06,328,415,5,477.17,2385.85
8788,2025-09-06,328,164,3,310.9,932.7
8788,2025-09-06,328,296,3,215.06,645.18
8789,2025-12-19,19,194,5,447.89,2239.45
8789,2025-12-19,19,56,3,278.79,836.37
8789,2025-12-19,19,427,2,410.44,820.88
8790,2025-10-20,773,313,5,151.33,756.65
8790,2025-10-20,773,125,1,265.17,265.17
8791,2025-03-24,933,419,4,54.3,217.2
8791,2025-03-24,933,363,2,154.83,309.66
8792,2025-10-05,787,139,1,339.12,339.12
8792,2025-10-05,787,374,2,335.47,670.94
8792,2025-10-05,787,306,1,390.91,390.91
8793,2025-12-17,103,327,5,499.91,2499.55
8794,2025-04-02,695,232,2,59.52,119.04
8794,2025-04-02,695,276,1,258.44,258.44
8794,2025-04-02,695,254,5,463.64,2318.20
8795,2025-06-12,485,206,1,270.77,270.77
8795,2025-06-12,485,424,1,321.07,321.07
8796,2025-11-04,483,399,2,53.46,106.92
8796,2025-11-04,483,290,3,450.86,1352.58
8797,2025-06-10,341,8,1,316.53,316.53
8797,2025-06-10,341,389,2,74.31,148.62
8797,2025-06-10,341,342,2,478.74,957.48
8798,2025-06-22,280,480,3,172.26,516.78
8798,2025-06-22,280,140,1,187.49,187.49
8799,2025-11-01,449,317,3,37.27,111.81
8799,2025-11-01,449,449,5,119.8,599.0
8800,2025-03-22,31,407,1,325.42,325.42
8800,2025-03-22,31,342,5,478.74,2393.70
8800,2025-03-22,31,254,1,463.64,463.64
8801,2025-06-07,556,246,1,426.74,426.74
8802,2025-06-26,544,184,1,72.35,72.35
8802,2025-06-26,544,207,5,68.3,341.5
8803,2025-07-24,122,102,4,468.5,1874.0
8803,2025-07-24,122,401,3,341.45,1024.35
8804,2025-01-18,910,207,4,68.3,273.2
8804,2025-01-18,910,399,1,53.46,53.46
8805,2025-08-09,802,179,2,153.54,307.08
8805,2025-08-09,802,473,5,341.31,1706.55
8805,2025-08-09,802,437,4,297.45,1189.80
8806,2025-07-23,772,197,5,195.32,976.60
8807,2025-02-03,312,137,3,272.96,818.88
8807,2025-02-03,312,86,2,444.15,888.30
8807,2025-02-03,312,384,1,229.07,229.07
8808,2025-12-21,437,12,3,100.62,301.86
8808,2025-12-21,437,465,2,313.64,627.28
8809,2025-03-28,196,358,5,329.56,1647.80
8809,2025-03-28,196,386,5,214.75,1073.75
8810,2025-05-30,639,387,4,280.52,1122.08
8810,2025-05-30,639,241,1,269.46,269.46
8810,2025-05-30,639,409,4,31.26,125.04
8811,2025-07-24,977,87,1,480.44,480.44
8812,2025-05-13,855,364,5,84.82,424.10
8813,2025-12-02,199,379,3,183.38,550.14
8813,2025-12-02,199,4,1,472.3,472.3
8813,2025-12-02,199,248,5,45.08,225.40
8814,2025-12-17,878,21,5,141.16,705.80
8815,2025-05-12,398,368,5,83.83,419.15
8816,2025-02-21,527,212,3,122.95,368.85
8817,2025-03-13,150,312,3,333.94,1001.82
8818,2025-04-01,484,426,3,82.52,247.56
8819,2025-10-12,202,358,1,329.56,329.56
8819,2025-10-12,202,431,1,141.89,141.89
8820,2025-05-16,790,10,4,248.75,995.00
8820,2025-05-16,790,357,2,147.52,295.04
8821,2025-02-08,896,304,2,276.08,552.16
8821,2025-02-08,896,53,5,485.1,2425.5
8822,2025-12-12,847,54,2,221.51,443.02
8822,2025-12-12,847,222,3,80.58,241.74
8822,2025-12-12,847,376,2,167.79,335.58
8823,2025-09-22,395,489,1,52.69,52.69
8823,2025-09-22,395,147,2,55.32,110.64
8824,2025-02-12,4,401,4,341.45,1365.80
8824,2025-02-12,4,271,4,185.88,743.52
8825,2025-11-01,685,114,4,136.66,546.64
8825,2025-11-01,685,500,1,455.95,455.95
8825,2025-11-01,685,434,4,21.02,84.08
8826,2025-08-05,471,79,5,139.58,697.90
8826,2025-08-05,471,407,2,325.42,650.84
8826,2025-08-05,471,321,1,75.56,75.56
8827,2025-03-30,898,308,4,241.52,966.08
8828,2025-04-10,453,407,2,325.42,650.84
8828,2025-04-10,453,59,3,418.89,1256.67
8828,2025-04-10,453,230,1,476.52,476.52
8829,2025-08-11,394,33,5,194.9,974.5
8829,2025-08-11,394,495,1,295.22,295.22
8830,2025-10-22,113,29,1,178.91,178.91
8830,2025-10-22,113,239,3,469.38,1408.14
8831,2025-09-11,732,119,3,244.81,734.43
8832,2025-04-24,666,84,3,404.22,1212.66
8833,2025-06-07,220,352,3,164.03,492.09
8833,2025-06-07,220,223,2,77.6,155.2
8834,2025-09-25,613,34,2,401.45,802.90
8834,2025-09-25,613,304,2,276.08,552.16
8835,2025-12-04,364,161,3,318.86,956.58
8835,2025-12-04,364,71,1,268.41,268.41
8836,2025-02-10,477,108,1,393.46,393.46
8837,2025-01-03,411,56,3,278.79,836.37
8838,2025-04-29,654,170,1,40.78,40.78
8839,2025-04-05,612,468,4,253.58,1014.32
8840,2025-01-09,1000,137,3,272.96,818.88
8840,2025-01-09,1000,197,1,195.32,195.32
8840,2025-01-09,1000,293,5,131.93,659.65
8841,2025-09-20,849,100,3,220.87,662.61
8841,2025-09-20,849,312,5,333.94,1669.70
8841,2025-09-20,849,78,3,376.98,1130.94
8842,2025-07-15,152,460,5,313.84,1569.20
8843,2025-03-16,495,118,2,116.6,233.2
8844,2025-03-26,890,370,2,285.74,571.48
8845,2025-04-08,907,426,3,82.52,247.56
8846,2025-04-13,630,30,1,152.14,152.14
8847,2025-01-26,806,3,3,498.69,1496.07
8848,2025-03-19,837,222,5,80.58,402.90
8849,2025-05-17,962,391,3,325.16,975.48
8849,2025-05-17,962,196,3,305.3,915.9
8850,2025-11-11,884,418,5,35.93,179.65
8850,2025-11-11,884,87,3,480.44,1441.32
8850,2025-11-11,884,1,5,80.6,403.0
8851,2025-01-04,457,28,3,412.52,1237.56
8852,2025-12-06,469,182,5,496.05,2480.25
8852,2025-12-06,469,224,3,321.92,965.76
8853,2025-03-05,836,156,1,182.35,182.35
8853,2025-03-05,836,336,4,381.71,1526.84
8853,2025-03-05,836,1,3,80.6,241.8
8854,2025-04-18,973,369,1,67.55,67.55
8854,2025-04-18,973,398,4,71.83,287.32
8854,2025-04-18,973,337,4,206.67,826.68
8855,2025-09-11,508,363,1,154.83,154.83
8855,2025-09-11,508,55,1,471.21,471.21
8855,2025-09-11,508,437,4,297.45,1189.80
8856,2025-08-03,597,238,5,472.08,2360.40
8856,2025-08-03,597,450,5,101.99,509.95
8856,2025-08-03,597,463,2,144.91,289.82
8857,2025-10-14,431,59,1,418.89,418.89
8857,2025-10-14,431,483,1,192.76,192.76
8858,2024-12-27,519,165,3,78.9,236.7
8858,2024-12-27,519,411,2,147.7,295.4
8859,2024-12-30,33,436,3,472.16,1416.48
8860,2025-09-28,766,94,5,295.93,1479.65
8860,2025-09-28,766,402,4,341.36,1365.44
8861,2025-05-07,761,299,1,383.39,383.39
8861,2025-05-07,761,398,3,71.83,215.49
8862,2025-07-28,355,355,4,208.41,833.64
8862,2025-07-28,355,209,5,148.45,742.25
8862,2025-07-28,355,208,1,438.21,438.21
8863,2025-08-05,267,250,4,202.45,809.80
8863,2025-08-05,267,13,5,412.47,2062.35
8863,2025-08-05,267,318,2,12.28,24.56
8864,2024-12-26,986,204,2,296.2,592.4
8864,2024-12-26,986,308,4,241.52,966.08
8865,2025-03-05,749,156,5,182.35,911.75
8865,2025-03-05,749,7,5,359.69,1798.45
8866,2025-04-05,917,290,5,450.86,2254.30
8866,2025-04-05,917,267,4,281.05,1124.20
8866,2025-04-05,917,359,3,275.01,825.03
8867,2025-09-22,3,77,3,270.23,810.69
8867,2025-09-22,3,108,2,393.46,786.92
8867,2025-09-22,3,49,4,243.73,974.92
8868,2025-06-25,646,369,4,67.55,270.20
8868,2025-06-25,646,333,2,312.24,624.48
8869,2025-03-23,109,399,1,53.46,53.46
8869,2025-03-23,109,457,2,320.53,641.06
8870,2025-09-01,531,125,5,265.17,1325.85
8871,2025-07-17,687,234,1,6.55,6.55
8872,2025-06-27,576,134,3,284.82,854.46
8872,2025-06-27,576,55,5,471.21,2356.05
8873,2025-05-12,270,357,3,147.52,442.56
8873,2025-05-12,270,128,1,229.59,229.59
8873,2025-05-12,270,369,5,67.55,337.75
8874,2025-02-28,704,186,1,436.63,436.63
8875,2025-03-01,737,369,2,67.55,135.10
8875,2025-03-01,737,210,1,318.91,318.91
8876,2025-04-19,687,237,4,242.96,971.84
8877,2025-10-31,817,113,3,304.92,914.76
8877,2025-10-31,817,276,5,258.44,1292.20
8878,2025-08-29,363,408,5,242.36,1211.80
8878,2025-08-29,363,256,5,127.97,639.85
8879,2025-05-06,974,433,5,389.95,1949.75
8880,2025-07-08,477,490,1,476.01,476.01
8881,2025-09-08,696,193,3,250.13,750.39
8881,2025-09-08,696,99,2,342.87,685.74
8882,2025-06-19,778,277,5,328.27,1641.35
8882,2025-06-19,778,441,3,34.49,103.47
8882,2025-06-19,778,254,2,463.64,927.28
8883,2025-06-01,501,152,1,39.12,39.12
8884,2025-04-14,310,270,2,396.51,793.02
8884,2025-04-14,310,459,3,223.31,669.93
8885,2024-12-31,585,248,2,45.08,90.16
8886,2025-11-18,849,99,4,342.87,1371.48
8886,2025-11-18,849,219,2,24.98,49.96
8886,2025-11-18,849,169,5,460.43,2302.15
8887,2025-07-29,95,177,1,184.9,184.9
8887,2025-07-29,95,437,1,297.45,297.45
8887,2025-07-29,95,135,5,220.51,1102.55
8888,2025-08-09,260,450,2,101.99,203.98
8888,2025-08-09,260,115,5,365.14,1825.70
8889,2025-12-19,417,410,5,400.18,2000.90
8889,2025-12-19,417,263,1,157.37,157.37
8890,2025-07-05,672,180,4,179.99,719.96
8890,2025-07-05,672,325,2,281.87,563.74
8890,2025-07-05,672,415,4,477.17,1908.68
8891,2025-04-10,549,71,3,268.41,805.23
8891,2025-04-10,549,444,4,231.57,926.28
8892,2025-09-16,799,460,5,313.84,1569.20
8892,2025-09-16,799,69,3,340.46,1021.38
8892,2025-09-16,799,217,1,110.51,110.51
8893,2025-05-25,563,262,4,92.87,371.48
8894,2025-11-28,667,376,2,167.79,335.58
8894,2025-11-28,667,341,5,51.61,258.05
8894,2025-11-28,667,406,4,438.28,1753.12
8895,2025-09-10,606,285,1,447.68,447.68
8896,2025-09-02,662,60,3,334.6,1003.8
8896,2025-09-02,662,185,3,335.4,1006.2
8897,2025-12-22,692,229,4,296.73,1186.92
8898,2025-11-16,244,153,5,210.94,1054.70
8898,2025-11-16,244,108,5,393.46,1967.30
8899,2025-06-14,764,476,3,131.18,393.54
8899,2025-06-14,764,276,2,258.44,516.88
8900,2025-07-15,881,244,4,478.82,1915.28
8900,2025-07-15,881,470,4,232.51,930.04
8901,2025-10-31,815,92,1,468.03,468.03
8902,2025-02-10,631,99,1,342.87,342.87
8902,2025-02-10,631,360,4,483.09,1932.36
8903,2025-04-15,432,4,4,472.3,1889.2
8903,2025-04-15,432,360,4,483.09,1932.36
8903,2025-04-15,432,33,5,194.9,974.5
8904,2025-05-30,383,350,3,30.8,92.4
8904,2025-05-30,383,231,2,241.46,482.92
8904,2025-05-30,383,45,4,250.68,1002.72
8905,2025-07-09,714,446,1,60.56,60.56
8906,2025-05-01,83,112,5,242.9,1214.5
8906,2025-05-01,83,127,4,428.76,1715.04
8907,2025-01-26,729,365,1,459.25,459.25
8908,2025-11-21,234,478,4,68.54,274.16
8909,2025-08-13,937,210,5,318.91,1594.55
8909,2025-08-13,937,428,4,358.4,1433.6
8910,2025-10-29,954,415,5,477.17,2385.85
8911,2025-01-17,818,268,3,164.18,492.54
8911,2025-01-17,818,127,3,428.76,1286.28
8912,2025-06-16,724,300,2,119.77,239.54
8912,2025-06-16,724,497,2,482.27,964.54
8912,2025-06-16,724,431,1,141.89,141.89
8913,2025-06-23,665,121,5,492.6,2463.0
8913,2025-06-23,665,3,3,498.69,1496.07
8914,2025-12-25,902,380,1,276.01,276.01
8914,2025-12-25,902,168,4,347.07,1388.28
8914,2025-12-25,902,349,3,173.73,521.19
8915,2025-01-26,211,391,4,325.16,1300.64
8915,2025-01-26,211,187,2,319.82,639.64
8915,2025-01-26,211,25,1,250.93,250.93
8916,2025-03-31,859,467,2,363.53,727.06
8917,2025-08-27,293,123,4,165.07,660.28
8917,2025-08-27,293,16,2,241.42,482.84
8917,2025-08-27,293,11,2,149.99,299.98
8918,2025-09-27,47,126,5,41.18,205.90
8918,2025-09-27,47,381,5,313.66,1568.30
8919,2025-06-25,609,124,5,225.92,1129.60
8919,2025-06-25,609,218,2,137.61,275.22
8920,2024-12-28,14,331,5,321.18,1605.90
8920,2024-12-28,14,290,2,450.86,901.72
8920,2024-12-28,14,152,1,39.12,39.12
8921,2025-11-15,613,259,2,131.5,263.0
8922,2025-07-09,971,387,2,280.52,561.04
8922,2025-07-09,971,349,2,173.73,347.46
8923,2025-08-06,804,175,3,471.13,1413.39
8924,2025-01-29,794,97,1,113.42,113.42
8924,2025-01-29,794,20,4,478.78,1915.12
8924,2025-01-29,794,48,3,228.85,686.55
8925,2025-04-21,855,364,2,84.82,169.64
8925,2025-04-21,855,224,4,321.92,1287.68
8926,2025-05-20,206,459,4,223.31,893.24
8926,2025-05-20,206,275,2,25.24,50.48
8927,2025-02-02,761,49,3,243.73,731.19
8927,2025-02-02,761,46,1,392.38,392.38
8928,2025-01-25,122,37,4,37.4,149.6
8928,2025-01-25,122,287,5,291.36,1456.80
8928,2025-01-25,122,324,1,113.76,113.76
8929,2025-07-20,255,94,5,295.93,1479.65
8929,2025-07-20,255,454,3,64.77,194.31
8930,2025-04-13,945,438,2,161.16,322.32
8930,2025-04-13,945,473,5,341.31,1706.55
8931,2025-02-14,7,243,5,457.3,2286.5
8931,2025-02-14,7,370,3,285.74,857.22
8931,2025-02-14,7,209,1,148.45,148.45
8932,2025-07-15,352,41,2,114.35,228.70
8932,2025-07-15,352,445,3,485.73,1457.19
8933,2025-03-24,331,220,1,26.81,26.81
8933,2025-03-24,331,65,1,430.11,430.11
8933,2025-03-24,331,481,4,163.42,653.68
8934,2025-12-04,789,80,2,293.7,587.4
8934,2025-12-04,789,437,4,297.45,1189.80
8934,2025-12-04,789,358,2,329.56,659.12
8935,2025-10-02,710,372,2,20.55,41.10
8936,2025-09-27,115,470,2,232.51,465.02
8936,2025-09-27,115,359,3,275.01,825.03
8936,2025-09-27,115,482,3,296.53,889.59
8937,2025-11-29,272,476,3,131.18,393.54
8937,2025-11-29,272,28,1,412.52,412.52
8937,2025-11-29,272,62,3,245.04,735.12
8938,2025-05-22,218,7,1,359.69,359.69
8938,2025-05-22,218,390,2,40.96,81.92
8939,2025-09-06,993,436,4,472.16,1888.64
8939,2025-09-06,993,38,4,447.83,1791.32
8940,2025-01-15,515,128,3,229.59,688.77
8940,2025-01-15,515,394,5,348.1,1740.5
8940,2025-01-15,515,197,2,195.32,390.64
8941,2025-03-06,248,248,3,45.08,135.24
8942,2025-07-30,230,191,5,246.88,1234.40
8943,2025-04-05,924,306,3,390.91,1172.73
8943,2025-04-05,924,491,3,474.71,1424.13
8943,2025-04-05,924,104,3,157.58,472.74
8944,2025-07-31,781,39,1,154.19,154.19
8944,2025-07-31,781,25,3,250.93,752.79
8944,2025-07-31,781,188,3,443.19,1329.57
8945,2025-03-04,815,245,2,258.08,516.16
8945,2025-03-04,815,183,5,448.54,2242.70
8945,2025-03-04,815,93,3,101.41,304.23
8946,2025-03-25,530,497,5,482.27,2411.35
8947,2025-02-03,310,212,5,122.95,614.75
8947,2025-02-03,310,38,5,447.83,2239.15
8948,2025-10-31,199,217,2,110.51,221.02
8948,2025-10-31,199,19,5,144.77,723.85
8949,2025-03-16,295,125,1,265.17,265.17
8949,2025-03-16,295,144,3,398.79,1196.37
8950,2025-02-04,729,59,4,418.89,1675.56
8950,2025-02-04,729,460,4,313.84,1255.36
8950,2025-02-04,729,468,3,253.58,760.74
8951,2025-12-20,408,92,1,468.03,468.03
8952,2025-01-24,993,226,5,285.54,1427.70
8953,2025-02-24,913,423,3,410.7,1232.1
8953,2025-02-24,913,155,5,407.98,2039.90
8954,2025-01-05,579,142,3,240.49,721.47
8954,2025-01-05,579,464,1,267.75,267.75
8955,2025-10-02,389,253,1,358.42,358.42
8955,2025-10-02,389,287,5,291.36,1456.80
8956,2025-11-28,445,381,3,313.66,940.98
8956,2025-11-28,445,498,4,374.05,1496.20
8956,2025-11-28,445,121,3,492.6,1477.8
8957,2025-05-16,859,283,4,384.65,1538.60
8957,2025-05-16,859,105,2,58.1,116.2
8957,2025-05-16,859,369,1,67.55,67.55
8958,2025-10-31,162,157,4,33.43,133.72
8959,2025-01-29,745,57,5,103.12,515.60
8959,2025-01-29,745,144,5,398.79,1993.95
8960,2025-05-12,598,477,4,442.21,1768.84
8961,2025-05-09,459,479,5,301.68,1508.40
8961,2025-05-09,459,360,3,483.09,1449.27
8961,2025-05-09,459,179,5,153.54,767.70
8962,2025-06-25,132,129,4,119.27,477.08
8962,2025-06-25,132,283,1,384.65,384.65
8963,2025-11-23,147,422,2,82.75,165.50
8964,2025-08-19,641,423,2,410.7,821.4
8965,2025-01-21,869,233,2,230.37,460.74
8966,2025-01-16,190,282,3,332.62,997.86
8967,2025-07-06,819,387,3,280.52,841.56
8967,2025-07-06,819,319,3,453.23,1359.69
8968,2025-05-27,929,309,5,50.9,254.5
8968,2025-05-27,929,355,4,208.41,833.64
8968,2025-05-27,929,304,2,276.08,552.16
8969,2024-12-30,328,23,1,412.11,412.11
8969,2024-12-30,328,175,2,471.13,942.26
8969,2024-12-30,328,176,1,288.86,288.86
8970,2025-08-13,282,403,5,215.58,1077.90
8970,2025-08-13,282,34,1,401.45,401.45
8971,2025-09-09,523,43,4,278.89,1115.56
8971,2025-09-09,523,376,5,167.79,838.95
8972,2025-08-21,13,192,2,319.33,638.66
8972,2025-08-21,13,368,1,83.83,83.83
8973,2025-12-16,14,228,5,404.8,2024.0
8973,2025-12-16,14,103,1,239.95,239.95
8974,2025-11-10,992,38,2,447.83,895.66
8974,2025-11-10,992,58,3,16.96,50.88
8974,2025-11-10,992,8,5,316.53,1582.65
8975,2024-12-30,877,316,4,285.22,1140.88
8975,2024-12-30,877,137,2,272.96,545.92
8976,2025-07-13,936,283,1,384.65,384.65
8976,2025-07-13,936,186,2,436.63,873.26
8976,2025-07-13,936,497,2,482.27,964.54
8977,2025-06-08,108,149,1,57.41,57.41
8977,2025-06-08,108,58,2,16.96,33.92
8978,2025-12-24,776,172,5,250.68,1253.40
8979,2025-07-14,620,329,2,374.27,748.54
8979,2025-07-14,620,3,3,498.69,1496.07
8980,2025-01-18,991,216,2,277.28,554.56
8980,2025-01-18,991,295,1,130.26,130.26
8981,2025-01-13,746,19,1,144.77,144.77
8981,2025-01-13,746,260,4,39.69,158.76
8982,2025-06-18,261,496,3,159.99,479.97
8982,2025-06-18,261,310,4,151.31,605.24
8983,2025-11-03,224,38,2,447.83,895.66
8984,2025-05-15,246,453,4,236.71,946.84
8985,2025-04-27,854,17,3,221.62,664.86
8985,2025-04-27,854,87,1,480.44,480.44
8986,2025-03-31,827,25,1,250.93,250.93
8987,2025-08-20,167,382,3,240.39,721.17
8987,2025-08-20,167,11,5,149.99,749.95
8987,2025-08-20,167,115,5,365.14,1825.70
8988,2025-08-01,581,466,1,477.28,477.28
8989,2025-04-01,916,6,2,388.76,777.52
8989,2025-04-01,916,469,3,103.95,311.85
8989,2025-04-01,916,456,1,452.55,452.55
8990,2025-09-16,985,365,2,459.25,918.50
8991,2025-03-19,262,286,3,46.15,138.45
8992,2025-02-22,555,200,1,275.47,275.47
8992,2025-02-22,555,294,2,41.14,82.28
8993,2025-10-08,69,283,2,384.65,769.30
8993,2025-10-08,69,155,2,407.98,815.96
8993,2025-10-08,69,276,2,258.44,516.88
8994,2025-07-15,740,383,5,259.72,1298.60
8995,2025-06-28,509,158,3,373.08,1119.24
8995,2025-06-28,509,156,3,182.35,547.05
8996,2025-11-30,800,243,2,457.3,914.6
8997,2025-10-04,282,450,5,101.99,509.95
8997,2025-10-04,282,307,5,228.49,1142.45
8998,2025-06-24,73,346,3,30.32,90.96
8998,2025-06-24,73,365,2,459.25,918.50
8998,2025-06-24,73,59,3,418.89,1256.67
8999,2025-04-14,773,262,1,92.87,92.87
9000,2025-12-22,522,451,4,117.67,470.68
9001,2025-06-27,969,240,1,102.23,102.23
9001,2025-06-27,969,420,5,72.09,360.45
9001,2025-06-27,969,270,3,396.51,1189.53
9002,2025-03-06,440,358,5,329.56,1647.80
9002,2025-03-06,440,159,2,372.6,745.2
9002,2025-03-06,440,414,3,307.45,922.35
9003,2025-05-02,484,337,2,206.67,413.34
9004,2025-08-23,588,193,5,250.13,1250.65
9004,2025-08-23,588,209,5,148.45,742.25
9004,2025-08-23,588,26,1,376.51,376.51
9005,2025-10-23,35,202,3,141.74,425.22
9006,2025-06-08,521,487,4,79.74,318.96
9006,2025-06-08,521,362,4,299.76,1199.04
9007,2025-03-21,947,210,5,318.91,1594.55
9007,2025-03-21,947,342,4,478.74,1914.96
9008,2025-05-28,568,60,4,334.6,1338.4
9008,2025-05-28,568,110,2,443.77,887.54
9009,2025-03-09,44,442,5,155.41,777.05
9009,2025-03-09,44,250,4,202.45,809.80
9009,2025-03-09,44,35,3,246.38,739.14
9010,2025-02-16,127,125,2,265.17,530.34
9010,2025-02-16,127,175,4,471.13,1884.52
9011,2025-11-29,973,207,3,68.3,204.9
9011,2025-11-29,973,468,3,253.58,760.74
9012,2025-05-08,722,54,3,221.51,664.53
9013,2025-10-07,937,66,3,211.47,634.41
9013,2025-10-07,937,104,1,157.58,157.58
9014,2025-11-27,817,332,4,258.46,1033.84
9015,2025-08-10,556,365,4,459.25,1837.00
9016,2025-07-09,619,368,1,83.83,83.83
9016,2025-07-09,619,123,4,165.07,660.28
9017,2025-08-10,344,401,3,341.45,1024.35
9017,2025-08-10,344,340,2,46.68,93.36
9017,2025-08-10,344,404,4,153.82,615.28
9018,2025-10-12,746,119,5,244.81,1224.05
9019,2025-08-07,836,176,4,288.86,1155.44
9020,2025-10-10,569,80,3,293.7,881.1
9020,2025-10-10,569,274,5,56.74,283.70
9020,2025-10-10,569,101,3,35.41,106.23
9021,2025-08-11,243,141,3,448.09,1344.27
9021,2025-08-11,243,189,5,147.88,739.40
9021,2025-08-11,243,233,5,230.37,1151.85
9022,2025-12-15,670,309,5,50.9,254.5
9022,2025-12-15,670,61,5,351.5,1757.5
9022,2025-12-15,670,236,1,469.19,469.19
9023,2025-04-25,135,138,2,444.05,888.10
9023,2025-04-25,135,129,4,119.27,477.08
9023,2025-04-25,135,384,5,229.07,1145.35
9024,2025-07-22,666,90,3,414.87,1244.61
9025,2025-06-30,311,150,3,72.4,217.2
9026,2025-05-09,54,242,5,35.44,177.20
9026,2025-05-09,54,491,5,474.71,2373.55
9027,2025-01-19,70,81,3,433.63,1300.89
9027,2025-01-19,70,147,5,55.32,276.60
9027,2025-01-19,70,399,4,53.46,213.84
9028,2025-10-04,569,205,2,145.68,291.36
9028,2025-10-04,569,179,2,153.54,307.08
9028,2025-10-04,569,414,2,307.45,614.90
9029,2025-05-04,818,40,3,296.1,888.3
9029,2025-05-04,818,479,4,301.68,1206.72
9029,2025-05-04,818,172,2,250.68,501.36
9030,2025-03-08,482,389,4,74.31,297.24
9030,2025-03-08,482,271,2,185.88,371.76
9031,2025-06-20,587,395,3,171.83,515.49
9032,2025-10-20,51,230,1,476.52,476.52
9032,2025-10-20,51,209,4,148.45,593.80
9033,2025-08-14,435,159,5,372.6,1863.0
9033,2025-08-14,435,263,1,157.37,157.37
9033,2025-08-14,435,438,1,161.16,161.16
9034,2025-11-18,276,203,5,98.55,492.75
9034,2025-11-18,276,382,1,240.39,240.39
9035,2025-01-08,867,52,1,420.33,420.33
9035,2025-01-08,867,464,3,267.75,803.25
9035,2025-01-08,867,63,1,364.98,364.98
9036,2025-10-28,135,469,1,103.95,103.95
9037,2025-09-25,386,490,2,476.01,952.02
9037,2025-09-25,386,270,5,396.51,1982.55
9038,2025-09-25,619,296,4,215.06,860.24
9038,2025-09-25,619,103,5,239.95,1199.75
9038,2025-09-25,619,245,3,258.08,774.24
9039,2025-12-12,415,498,3,374.05,1122.15
9040,2025-11-26,91,387,4,280.52,1122.08
9040,2025-11-26,91,360,2,483.09,966.18
9040,2025-11-26,91,224,3,321.92,965.76
9041,2025-01-25,349,355,4,208.41,833.64
9041,2025-01-25,349,136,4,341.46,1365.84
9042,2025-12-05,794,345,4,210.38,841.52
9042,2025-12-05,794,248,1,45.08,45.08
9043,2025-01-23,419,431,5,141.89,709.45
9043,2025-01-23,419,283,3,384.65,1153.95
9044,2025-08-13,538,68,3,57.36,172.08
9045,2025-01-03,170,460,3,313.84,941.52
9045,2025-01-03,170,389,1,74.31,74.31
9045,2025-01-03,170,180,2,179.99,359.98
9046,2025-07-07,569,406,1,438.28,438.28
9046,2025-07-07,569,140,1,187.49,187.49
9046,2025-07-07,569,281,3,115.36,346.08
9047,2025-04-17,535,485,4,492.14,1968.56
9047,2025-04-17,535,440,4,475.31,1901.24
9047,2025-04-17,535,258,5,77.66,388.30
9048,2024-12-27,97,350,4,30.8,123.2
9048,2024-12-27,97,323,1,299.85,299.85
9049,2025-11-16,803,58,2,16.96,33.92
9050,2025-08-27,411,129,2,119.27,238.54
9050,2025-08-27,411,413,5,496.98,2484.90
9050,2025-08-27,411,90,5,414.87,2074.35
9051,2025-12-19,81,457,1,320.53,320.53
9051,2025-12-19,81,272,4,352.7,1410.8
9052,2025-06-07,178,12,5,100.62,503.10
9052,2025-06-07,178,124,4,225.92,903.68
9052,2025-06-07,178,322,3,417.63,1252.89
9053,2025-10-24,794,168,4,347.07,1388.28
9054,2025-04-20,680,327,2,499.91,999.82
9054,2025-04-20,680,166,5,212.49,1062.45
9054,2025-04-20,680,320,3,322.83,968.49
9055,2025-01-15,812,5,1,314.52,314.52
9055,2025-01-15,812,394,4,348.1,1392.4
9056,2025-09-30,524,219,4,24.98,99.92
9056,2025-09-30,524,16,3,241.42,724.26
9056,2025-09-30,524,65,4,430.11,1720.44
9057,2025-04-04,928,278,1,205.91,205.91
9058,2025-05-18,385,219,2,24.98,49.96
9058,2025-05-18,385,141,2,448.09,896.18
9058,2025-05-18,385,7,4,359.69,1438.76
9059,2025-05-25,435,251,3,152.34,457.02
9059,2025-05-25,435,465,4,313.64,1254.56
9060,2025-07-01,294,338,4,243.62,974.48
9061,2025-11-14,467,245,2,258.08,516.16
9061,2025-11-14,467,402,5,341.36,1706.80
9061,2025-11-14,467,310,4,151.31,605.24
9062,2025-03-18,149,228,5,404.8,2024.0
9062,2025-03-18,149,258,5,77.66,388.30
9062,2025-03-18,149,42,5,39.02,195.10
9063,2025-02-19,863,161,2,318.86,637.72
9064,2025-03-07,316,302,5,462.51,2312.55
9065,2025-12-20,374,73,3,25.92,77.76
9065,2025-12-20,374,220,3,26.81,80.43
9066,2025-09-20,905,117,3,142.82,428.46
9067,2025-02-26,474,492,5,449.67,2248.35
9067,2025-02-26,474,475,5,118.44,592.20
9067,2025-02-26,474,469,1,103.95,103.95
9068,2025-07-19,299,370,1,285.74,285.74
9069,2025-08-01,754,68,2,57.36,114.72
9069,2025-08-01,754,157,3,33.43,100.29
9070,2025-02-19,144,277,5,328.27,1641.35
9070,2025-02-19,144,214,2,298.33,596.66
9071,2025-07-11,293,287,4,291.36,1165.44
9072,2025-03-28,257,118,3,116.6,349.8
9072,2025-03-28,257,279,2,204.8,409.6
9072,2025-03-28,257,354,2,78.8,157.6
9073,2025-07-20,746,3,5,498.69,2493.45
9074,2025-03-31,729,89,1,349.52,349.52
9074,2025-03-31,729,130,5,252.98,1264.90
9074,2025-03-31,729,384,2,229.07,458.14
9075,2025-01-13,744,134,1,284.82,284.82
9075,2025-01-13,744,318,5,12.28,61.40
9075,2025-01-13,744,289,3,150.72,452.16
9076,2025-11-13,197,332,2,258.46,516.92
9076,2025-11-13,197,63,4,364.98,1459.92
9077,2025-10-19,182,424,4,321.07,1284.28
9077,2025-10-19,182,245,5,258.08,1290.40
9077,2025-10-19,182,13,4,412.47,1649.88
9078,2025-07-19,873,373,3,282.2,846.6
9078,2025-07-19,873,465,2,313.64,627.28
9079,2025-09-23,841,209,2,148.45,296.90
9080,2025-10-23,308,211,2,180.66,361.32
9081,2025-10-01,870,406,5,438.28,2191.40
9082,2025-06-08,501,439,4,18.16,72.64
9083,2024-12-26,925,435,3,122.68,368.04
9083,2024-12-26,925,49,5,243.73,1218.65
9084,2025-04-26,766,259,4,131.5,526.0
9084,2025-04-26,766,118,4,116.6,466.4
9084,2025-04-26,766,443,3,255.06,765.18
9085,2025-06-28,49,162,2,147.2,294.4
9085,2025-06-28,49,93,5,101.41,507.05
9085,2025-06-28,49,209,1,148.45,148.45
9086,2025-07-10,575,151,1,496.87,496.87
9087,2025-10-06,302,282,4,332.62,1330.48
9087,2025-10-06,302,414,4,307.45,1229.80
9087,2025-10-06,302,478,2,68.54,137.08
9088,2025-08-11,445,292,2,242.18,484.36
9089,2025-10-11,588,439,2,18.16,36.32
9090,2025-03-04,653,380,4,276.01,1104.04
9090,2025-03-04,653,383,1,259.72,259.72
9091,2025-06-02,423,259,4,131.5,526.0
9091,2025-06-02,423,450,2,101.99,203.98
9092,2025-05-26,606,440,1,475.31,475.31
9092,2025-05-26,606,177,4,184.9,739.6
9092,2025-05-26,606,195,2,494.68,989.36
9093,2025-04-21,635,125,1,265.17,265.17
9093,2025-04-21,635,68,1,57.36,57.36
9093,2025-04-21,635,386,3,214.75,644.25
9094,2025-11-27,494,52,4,420.33,1681.32
9095,2025-07-16,30,261,3,184.06,552.18
9096,2025-01-28,647,459,3,223.31,669.93
9096,2025-01-28,647,466,5,477.28,2386.40
9097,2025-03-06,648,184,5,72.35,361.75
9097,2025-03-06,648,243,2,457.3,914.6
9098,2025-08-12,827,279,4,204.8,819.2
9098,2025-08-12,827,46,5,392.38,1961.90
9098,2025-08-12,827,183,5,448.54,2242.70
9099,2025-06-07,621,280,3,13.76,41.28
9099,2025-06-07,621,415,5,477.17,2385.85
9100,2025-10-12,964,313,4,151.33,605.32
9100,2025-10-12,964,423,1,410.7,410.7
9100,2025-10-12,964,44,5,439.63,2198.15
9101,2025-05-21,520,432,3,117.54,352.62
9102,2025-06-15,956,212,5,122.95,614.75
9102,2025-06-15,956,116,5,496.51,2482.55
9102,2025-06-15,956,322,5,417.63,2088.15
9103,2025-07-27,357,26,1,376.51,376.51
9103,2025-07-27,357,129,3,119.27,357.81
9103,2025-07-27,357,473,1,341.31,341.31
9104,2025-05-31,471,201,4,437.71,1750.84
9104,2025-05-31,471,270,1,396.51,396.51
9104,2025-05-31,471,462,3,412.76,1238.28
9105,2025-03-05,852,445,3,485.73,1457.19
9105,2025-03-05,852,58,4,16.96,67.84
9105,2025-03-05,852,102,4,468.5,1874.0
9106,2025-10-23,396,362,5,299.76,1498.80
9107,2025-12-04,505,478,3,68.54,205.62
9107,2025-12-04,505,377,1,401.94,401.94
9107,2025-12-04,505,375,5,445.17,2225.85
9108,2025-05-28,371,381,1,313.66,313.66
9108,2025-05-28,371,353,4,272.7,1090.8
9108,2025-05-28,371,290,3,450.86,1352.58
9109,2025-03-30,58,33,5,194.9,974.5
9110,2025-07-29,553,242,3,35.44,106.32
9110,2025-07-29,553,226,2,285.54,571.08
9111,2025-03-27,772,157,4,33.43,133.72
9112,2025-10-14,576,267,4,281.05,1124.20
9113,2025-05-27,570,312,3,333.94,1001.82
9113,2025-05-27,570,292,5,242.18,1210.90
9114,2025-09-23,322,431,3,141.89,425.67
9114,2025-09-23,322,407,2,325.42,650.84
9115,2025-06-21,292,118,5,116.6,583.0
9115,2025-06-21,292,212,2,122.95,245.90
9116,2025-09-09,53,442,2,155.41,310.82
9117,2025-09-07,365,476,3,131.18,393.54
9118,2025-01-14,48,39,4,154.19,616.76
9118,2025-01-14,48,286,4,46.15,184.60
9119,2025-03-06,390,158,2,373.08,746.16
9119,2025-03-06,390,54,1,221.51,221.51
9120,2025-07-14,480,411,3,147.7,443.1
9120,2025-07-14,480,203,3,98.55,295.65
9121,2025-05-15,319,391,3,325.16,975.48
9121,2025-05-15,319,149,2,57.41,114.82
9121,2025-05-15,319,319,4,453.23,1812.92
9122,2025-05-10,827,381,2,313.66,627.32
9123,2025-11-24,374,308,5,241.52,1207.60
9123,2025-11-24,374,27,2,227.57,455.14
9123,2025-11-24,374,425,1,165.2,165.2
9124,2025-04-29,962,372,4,20.55,82.20
9124,2025-04-29,962,363,2,154.83,309.66
9125,2025-08-11,388,278,5,205.91,1029.55
9126,2025-08-01,911,128,5,229.59,1147.95
9126,2025-08-01,911,351,1,87.53,87.53
9127,2025-03-27,535,324,5,113.76,568.80
9127,2025-03-27,535,444,4,231.57,926.28
9127,2025-03-27,535,317,2,37.27,74.54
9128,2025-05-15,704,430,4,275.12,1100.48
9129,2025-04-05,835,159,5,372.6,1863.0
9129,2025-04-05,835,444,4,231.57,926.28
9129,2025-04-05,835,359,2,275.01,550.02
9130,2025-02-26,604,390,1,40.96,40.96
9130,2025-02-26,604,339,5,247.5,1237.5
9130,2025-02-26,604,132,4,305.92,1223.68
9131,2025-06-24,41,246,1,426.74,426.74
9132,2025-09-12,630,202,2,141.74,283.48
9132,2025-09-12,630,471,5,327.77,1638.85
9133,2025-11-25,976,59,2,418.89,837.78
9133,2025-11-25,976,370,4,285.74,1142.96
9134,2025-01-24,358,417,3,148.93,446.79
9135,2025-09-02,153,427,4,410.44,1641.76
9136,2025-09-19,924,473,3,341.31,1023.93
9136,2025-09-19,924,196,4,305.3,1221.2
9136,2025-09-19,924,240,5,102.23,511.15
9137,2025-06-22,723,201,2,437.71,875.42
9137,2025-06-22,723,9,1,217.36,217.36
9137,2025-06-22,723,488,1,209.37,209.37
9138,2025-05-04,669,20,2,478.78,957.56
9138,2025-05-04,669,143,5,472.35,2361.75
9139,2025-09-30,492,224,2,321.92,643.84
9139,2025-09-30,492,302,1,462.51,462.51
9139,2025-09-30,492,473,5,341.31,1706.55
9140,2025-03-25,137,450,1,101.99,101.99
9141,2025-04-18,298,267,3,281.05,843.15
9141,2025-04-18,298,473,1,341.31,341.31
9142,2025-07-12,380,218,1,137.61,137.61
9143,2025-05-16,785,177,2,184.9,369.8
9144,2025-10-15,753,148,3,445.16,1335.48
9144,2025-10-15,753,328,2,50.89,101.78
9144,2025-10-15,753,145,1,20.33,20.33
9145,2025-05-26,145,324,4,113.76,455.04
9146,2025-07-19,756,118,4,116.6,466.4
9146,2025-07-19,756,456,2,452.55,905.10
9147,2025-07-08,671,392,5,141.55,707.75
9148,2025-10-28,597,324,5,113.76,568.80
9148,2025-10-28,597,305,1,70.29,70.29
9148,2025-10-28,597,251,1,152.34,152.34
9149,2025-01-22,336,374,5,335.47,1677.35
9149,2025-01-22,336,347,4,138.42,553.68
9149,2025-01-22,336,496,3,159.99,479.97
9150,2025-11-30,260,187,1,319.82,319.82
9150,2025-11-30,260,362,4,299.76,1199.04
9150,2025-11-30,260,106,5,180.08,900.40
9151,2025-02-24,966,21,2,141.16,282.32
9151,2025-02-24,966,466,3,477.28,1431.84
9152,2025-06-03,70,343,5,240.99,1204.95
9152,2025-06-03,70,342,4,478.74,1914.96
9152,2025-06-03,70,6,2,388.76,777.52
9153,2025-07-26,893,500,3,455.95,1367.85
9153,2025-07-26,893,334,3,134.61,403.83
9153,2025-07-26,893,64,1,491.55,491.55
9154,2025-07-16,860,234,1,6.55,6.55
9154,2025-07-16,860,83,5,322.41,1612.05
9154,2025-07-16,860,485,1,492.14,492.14
9155,2025-02-21,444,428,2,358.4,716.8
9155,2025-02-21,444,67,4,301.26,1205.04
9155,2025-02-21,444,52,2,420.33,840.66
9156,2025-06-09,981,179,5,153.54,767.70
9156,2025-06-09,981,55,2,471.21,942.42
9156,2025-06-09,981,467,5,363.53,1817.65
9157,2025-06-05,214,89,3,349.52,1048.56
9157,2025-06-05,214,189,3,147.88,443.64
9158,2025-10-08,663,324,3,113.76,341.28
9158,2025-10-08,663,29,2,178.91,357.82
9159,2025-10-12,178,332,1,258.46,258.46
9159,2025-10-12,178,11,1,149.99,149.99
9159,2025-10-12,178,261,4,184.06,736.24
9160,2025-07-18,328,385,2,391.11,782.22
9161,2025-01-11,232,393,3,263.08,789.24
9161,2025-01-11,232,410,1,400.18,400.18
9162,2025-07-21,535,121,2,492.6,985.2
9162,2025-07-21,535,231,3,241.46,724.38
9163,2025-03-05,963,378,5,428.55,2142.75
9163,2025-03-05,963,494,4,429.76,1719.04
9163,2025-03-05,963,104,2,157.58,315.16
9164,2025-07-11,891,159,3,372.6,1117.8
9165,2025-08-23,674,264,5,245.93,1229.65
9165,2025-08-23,674,291,1,346.84,346.84
9166,2025-10-07,336,250,4,202.45,809.80
9166,2025-10-07,336,288,3,55.84,167.52
9166,2025-10-07,336,260,1,39.69,39.69
9167,2025-08-25,196,28,5,412.52,2062.60
9167,2025-08-25,196,454,2,64.77,129.54
9168,2025-11-14,51,27,2,227.57,455.14
9168,2025-11-14,51,462,3,412.76,1238.28
9168,2025-11-14,51,236,4,469.19,1876.76
9169,2025-07-30,143,212,4,122.95,491.80
9169,2025-07-30,143,481,4,163.42,653.68
9169,2025-07-30,143,411,5,147.7,738.5
9170,2025-04-15,47,305,1,70.29,70.29
9171,2025-09-05,831,434,2,21.02,42.04
9172,2025-11-09,455,299,3,383.39,1150.17
9172,2025-11-09,455,142,4,240.49,961.96
9172,2025-11-09,455,188,3,443.19,1329.57
9173,2025-03-04,729,80,4,293.7,1174.8
9174,2025-05-19,74,428,3,358.4,1075.2
9175,2025-09-04,845,159,5,372.6,1863.0
9175,2025-09-04,845,28,1,412.52,412.52
9175,2025-09-04,845,167,5,224.17,1120.85
9176,2025-03-01,212,381,5,313.66,1568.30
9176,2025-03-01,212,440,2,475.31,950.62
9176,2025-03-01,212,193,1,250.13,250.13
9177,2025-03-08,823,97,1,113.42,113.42
9177,2025-03-08,823,171,5,350.16,1750.80
9178,2025-08-27,577,46,1,392.38,392.38
9178,2025-08-27,577,355,3,208.41,625.23
9178,2025-08-27,577,152,5,39.12,195.60
9179,2025-11-27,146,93,1,101.41,101.41
9180,2025-09-14,350,351,5,87.53,437.65
9180,2025-09-14,350,274,4,56.74,226.96
9180,2025-09-14,350,230,1,476.52,476.52
9181,2025-04-29,816,70,1,24.04,24.04
9182,2025-11-18,36,396,4,56.06,224.24
9183,2025-01-09,442,26,1,376.51,376.51
9183,2025-01-09,442,423,4,410.7,1642.8
9183,2025-01-09,442,171,3,350.16,1050.48
9184,2025-11-15,258,412,2,407.79,815.58
9185,2025-05-11,60,126,4,41.18,164.72
9185,2025-05-11,60,42,1,39.02,39.02
9185,2025-05-11,60,208,2,438.21,876.42
9186,2025-09-05,592,143,4,472.35,1889.40
9186,2025-09-05,592,252,3,257.9,773.7
9187,2025-06-07,841,58,4,16.96,67.84
9187,2025-06-07,841,261,1,184.06,184.06
9187,2025-06-07,841,389,3,74.31,222.93
9188,2025-03-31,365,143,3,472.35,1417.05
9188,2025-03-31,365,349,5,173.73,868.65
9188,2025-03-31,365,316,1,285.22,285.22
9189,2025-08-22,199,344,2,177.16,354.32
9189,2025-08-22,199,115,2,365.14,730.28
9189,2025-08-22,199,273,2,54.12,108.24
9190,2025-11-28,66,487,2,79.74,159.48
9190,2025-11-28,66,341,2,51.61,103.22
9190,2025-11-28,66,414,4,307.45,1229.80
9191,2025-12-24,406,448,2,149.05,298.10
9191,2025-12-24,406,29,4,178.91,715.64
9191,2025-12-24,406,377,5,401.94,2009.70
9192,2025-10-21,508,204,3,296.2,888.6
9192,2025-10-21,508,3,1,498.69,498.69
9192,2025-10-21,508,33,2,194.9,389.8
9193,2025-02-08,130,121,3,492.6,1477.8
9193,2025-02-08,130,406,5,438.28,2191.40
9193,2025-02-08,130,27,5,227.57,1137.85
9194,2025-03-02,607,141,4,448.09,1792.36
9194,2025-03-02,607,283,1,384.65,384.65
9194,2025-03-02,607,179,5,153.54,767.70
9195,2025-06-15,721,96,4,5.28,21.12
9196,2025-07-05,268,246,4,426.74,1706.96
9196,2025-07-05,268,287,4,291.36,1165.44
9197,2025-04-17,737,413,3,496.98,1490.94
9197,2025-04-17,737,437,2,297.45,594.90
9197,2025-04-17,737,92,4,468.03,1872.12
9198,2025-09-07,871,472,1,46.16,46.16
9199,2025-03-18,515,183,3,448.54,1345.62
9200,2025-06-19,992,324,3,113.76,341.28
9200,2025-06-19,992,84,1,404.22,404.22
9200,2025-06-19,992,407,3,325.42,976.26
9201,2025-06-20,377,459,2,223.31,446.62
9201,2025-06-20,377,309,2,50.9,101.8
9202,2025-03-21,871,386,4,214.75,859.00
9202,2025-03-21,871,416,2,70.38,140.76
9202,2025-03-21,871,160,2,241.99,483.98
9203,2025-04-29,658,324,2,113.76,227.52
9203,2025-04-29,658,314,4,239.74,958.96
9203,2025-04-29,658,62,2,245.04,490.08
9204,2025-04-30,101,346,5,30.32,151.60
9204,2025-04-30,101,27,3,227.57,682.71
9204,2025-04-30,101,212,3,122.95,368.85
9205,2025-02-18,118,123,3,165.07,495.21
9205,2025-02-18,118,477,1,442.21,442.21
9206,2025-02-27,177,494,2,429.76,859.52
9206,2025-02-27,177,466,3,477.28,1431.84
9207,2025-11-28,5,51,1,108.84,108.84
9207,2025-11-28,5,227,5,94.86,474.30
9208,2025-05-25,935,372,5,20.55,102.75
9208,2025-05-25,935,164,4,310.9,1243.6
9208,2025-05-25,935,417,2,148.93,297.86
9209,2025-08-26,461,87,4,480.44,1921.76
9210,2025-04-24,908,296,2,215.06,430.12
9211,2025-05-07,390,213,4,312.66,1250.64
9211,2025-05-07,390,373,5,282.2,1411.0
9211,2025-05-07,390,246,3,426.74,1280.22
9212,2025-03-31,553,258,2,77.66,155.32
9212,2025-03-31,553,99,3,342.87,1028.61
9212,2025-03-31,553,92,4,468.03,1872.12
9213,2025-02-26,976,81,5,433.63,2168.15
9213,2025-02-26,976,76,2,445.17,890.34
9213,2025-02-26,976,454,1,64.77,64.77
9214,2025-12-23,297,17,2,221.62,443.24
9215,2025-01-23,858,303,5,489.27,2446.35
9215,2025-01-23,858,26,5,376.51,1882.55
9216,2025-03-29,669,175,2,471.13,942.26
9216,2025-03-29,669,279,1,204.8,204.8
9217,2025-11-24,430,58,4,16.96,67.84
9218,2025-05-09,940,332,4,258.46,1033.84
9218,2025-05-09,940,403,5,215.58,1077.90
9218,2025-05-09,940,63,4,364.98,1459.92
9219,2025-03-01,763,241,1,269.46,269.46
9220,2025-06-01,346,444,3,231.57,694.71
9220,2025-06-01,346,371,3,51.41,154.23
9220,2025-06-01,346,94,5,295.93,1479.65
9221,2025-06-07,163,218,5,137.61,688.05
9221,2025-06-07,163,398,3,71.83,215.49
9221,2025-06-07,163,279,3,204.8,614.4
9222,2025-04-26,462,36,2,12.2,24.4
9222,2025-04-26,462,225,5,460.72,2303.60
9223,2025-07-29,796,401,4,341.45,1365.80
9223,2025-07-29,796,429,2,309.42,618.84
9224,2025-05-23,450,237,3,242.96,728.88
9224,2025-05-23,450,155,1,407.98,407.98
9225,2025-07-20,378,99,1,342.87,342.87
9225,2025-07-20,378,192,5,319.33,1596.65
9226,2025-11-15,426,99,4,342.87,1371.48
9226,2025-11-15,426,262,5,92.87,464.35
9227,2025-12-18,348,460,2,313.84,627.68
9227,2025-12-18,348,220,3,26.81,80.43
9228,2025-12-12,636,179,1,153.54,153.54
9229,2025-10-16,234,315,3,398.86,1196.58
9230,2025-10-25,455,349,3,173.73,521.19
9231,2025-07-23,644,84,5,404.22,2021.10
9232,2025-02-14,355,156,3,182.35,547.05
9232,2025-02-14,355,368,4,83.83,335.32
9233,2025-01-29,375,436,2,472.16,944.32
9233,2025-01-29,375,39,4,154.19,616.76
9233,2025-01-29,375,276,3,258.44,775.32
9234,2025-04-13,426,211,2,180.66,361.32
9235,2025-02-12,706,2,2,287.98,575.96
9236,2025-03-09,54,308,1,241.52,241.52
9236,2025-03-09,54,114,3,136.66,409.98
9236,2025-03-09,54,361,2,365.74,731.48
9237,2025-03-25,80,409,2,31.26,62.52
9237,2025-03-25,80,385,3,391.11,1173.33
9237,2025-03-25,80,478,5,68.54,342.70
9238,2025-05-21,904,142,2,240.49,480.98
9238,2025-05-21,904,6,2,388.76,777.52
9238,2025-05-21,904,303,2,489.27,978.54
9239,2024-12-28,98,384,3,229.07,687.21
9240,2025-04-12,616,70,1,24.04,24.04
9240,2025-04-12,616,372,3,20.55,61.65
9240,2025-04-12,616,476,4,131.18,524.72
9241,2025-08-01,716,409,2,31.26,62.52
9241,2025-08-01,716,85,4,321.65,1286.60
9241,2025-08-01,716,431,4,141.89,567.56
9242,2025-03-24,225,373,4,282.2,1128.8
9242,2025-03-24,225,270,2,396.51,793.02
9243,2025-10-06,180,176,5,288.86,1444.30
9243,2025-10-06,180,298,3,204.65,613.95
9244,2025-09-22,419,397,3,160.06,480.18
9244,2025-09-22,419,341,2,51.61,103.22
9245,2025-11-18,695,315,5,398.86,1994.30
9245,2025-11-18,695,209,3,148.45,445.35
9246,2025-03-06,247,341,2,51.61,103.22
9247,2025-09-01,963,52,3,420.33,1260.99
9247,2025-09-01,963,245,3,258.08,774.24
9248,2025-12-10,177,301,5,274.15,1370.75
9248,2025-12-10,177,233,3,230.37,691.11
9249,2025-07-21,339,151,3,496.87,1490.61
9249,2025-07-21,339,128,5,229.59,1147.95
9250,2025-10-16,29,132,5,305.92,1529.60
9251,2025-12-26,672,429,4,309.42,1237.68
9251,2025-12-26,672,128,2,229.59,459.18
9252,2025-02-22,650,397,4,160.06,640.24
9252,2025-02-22,650,280,4,13.76,55.04
9252,2025-02-22,650,343,3,240.99,722.97
9253,2025-11-09,361,362,5,299.76,1498.80
9253,2025-11-09,361,419,5,54.3,271.5
9254,2025-06-03,132,48,4,228.85,915.40
9254,2025-06-03,132,236,5,469.19,2345.95
9255,2025-06-22,64,85,1,321.65,321.65
9255,2025-06-22,64,66,4,211.47,845.88
9255,2025-06-22,64,97,3,113.42,340.26
9256,2025-04-05,292,184,4,72.35,289.40
9256,2025-04-05,292,387,2,280.52,561.04
9257,2025-02-18,629,481,4,163.42,653.68
9258,2025-06-21,855,476,5,131.18,655.90
9258,2025-06-21,855,178,2,65.82,131.64
9259,2025-04-19,1,63,2,364.98,729.96
9259,2025-04-19,1,472,5,46.16,230.80
9259,2025-04-19,1,69,1,340.46,340.46
9260,2025-06-28,15,182,2,496.05,992.10
9260,2025-06-28,15,64,1,491.55,491.55
9260,2025-06-28,15,266,5,468.09,2340.45
9261,2025-08-13,786,421,4,320.48,1281.92
9261,2025-08-13,786,230,1,476.52,476.52
9262,2025-03-19,465,419,3,54.3,162.9
9262,2025-03-19,465,405,1,16.73,16.73
9263,2025-12-22,731,209,4,148.45,593.80
9264,2025-08-03,727,145,5,20.33,101.65
9264,2025-08-03,727,219,2,24.98,49.96
9264,2025-08-03,727,330,2,217.0,434.0
9265,2025-03-03,508,71,4,268.41,1073.64
9266,2025-03-19,703,282,4,332.62,1330.48
9266,2025-03-19,703,35,5,246.38,1231.90
9266,2025-03-19,703,287,2,291.36,582.72
9267,2025-04-01,467,144,3,398.79,1196.37
9267,2025-04-01,467,234,1,6.55,6.55
9267,2025-04-01,467,321,5,75.56,377.80
9268,2025-03-17,374,320,4,322.83,1291.32
9268,2025-03-17,374,65,5,430.11,2150.55
9269,2025-07-27,957,10,2,248.75,497.50
9269,2025-07-27,957,73,3,25.92,77.76
9269,2025-07-27,957,368,4,83.83,335.32
9270,2025-11-14,541,60,3,334.6,1003.8
9270,2025-11-14,541,101,3,35.41,106.23
9271,2025-04-07,784,216,3,277.28,831.84
9271,2025-04-07,784,408,3,242.36,727.08
9272,2025-04-15,225,264,4,245.93,983.72
9273,2025-08-02,637,454,4,64.77,259.08
9273,2025-08-02,637,422,2,82.75,165.50
9273,2025-08-02,637,423,1,410.7,410.7
9274,2025-07-16,185,166,1,212.49,212.49
9274,2025-07-16,185,340,1,46.68,46.68
9275,2025-04-18,673,10,5,248.75,1243.75
9275,2025-04-18,673,135,2,220.51,441.02
9276,2025-08-19,8,301,5,274.15,1370.75
9276,2025-08-19,8,373,1,282.2,282.2
9277,2025-11-23,434,15,3,182.7,548.1
9278,2025-05-17,458,441,1,34.49,34.49
9278,2025-05-17,458,298,3,204.65,613.95
9278,2025-05-17,458,360,2,483.09,966.18
9279,2024-12-28,393,258,2,77.66,155.32
9280,2025-11-30,314,247,4,154.79,619.16
9280,2025-11-30,314,93,4,101.41,405.64
9281,2025-08-07,595,27,4,227.57,910.28
9281,2025-08-07,595,180,5,179.99,899.95
9282,2025-09-01,421,295,2,130.26,260.52
9283,2025-06-05,418,271,4,185.88,743.52
9284,2025-08-08,569,433,2,389.95,779.90
9285,2025-04-15,492,25,3,250.93,752.79
9285,2025-04-15,492,495,2,295.22,590.44
9285,2025-04-15,492,381,4,313.66,1254.64
9286,2024-12-26,202,177,3,184.9,554.7
9286,2024-12-26,202,353,2,272.7,545.4
9286,2024-12-26,202,71,4,268.41,1073.64
9287,2025-04-28,770,88,5,222.45,1112.25
9287,2025-04-28,770,500,1,455.95,455.95
9288,2025-11-26,159,233,1,230.37,230.37
9288,2025-11-26,159,259,2,131.5,263.0
9289,2025-01-18,215,412,5,407.79,2038.95
9290,2025-05-24,234,350,4,30.8,123.2
9291,2025-02-07,637,241,3,269.46,808.38
9291,2025-02-07,637,193,2,250.13,500.26
9292,2025-06-15,273,224,2,321.92,643.84
9293,2025-09-19,531,281,1,115.36,115.36
9293,2025-09-19,531,345,1,210.38,210.38
9294,2025-04-17,224,139,5,339.12,1695.60
9294,2025-04-17,224,81,4,433.63,1734.52
9294,2025-04-17,224,258,4,77.66,310.64
9295,2025-01-29,30,335,4,42.9,171.6
9295,2025-01-29,30,100,1,220.87,220.87
9296,2025-05-31,248,192,1,319.33,319.33
9297,2025-04-19,704,411,5,147.7,738.5
9297,2025-04-19,704,134,4,284.82,1139.28
9298,2025-06-26,489,401,3,341.45,1024.35
9299,2025-12-18,105,85,3,321.65,964.95
9299,2025-12-18,105,456,2,452.55,905.10
9299,2025-12-18,105,101,4,35.41,141.64
9300,2025-10-30,7,459,5,223.31,1116.55
9300,2025-10-30,7,57,1,103.12,103.12
9301,2025-02-14,444,10,5,248.75,1243.75
9301,2025-02-14,444,220,4,26.81,107.24
9302,2025-05-07,3,245,5,258.08,1290.40
9302,2025-05-07,3,189,3,147.88,443.64
9302,2025-05-07,3,339,3,247.5,742.5
9303,2025-06-13,22,224,4,321.92,1287.68
9304,2025-07-28,360,362,4,299.76,1199.04
9305,2025-05-04,71,59,3,418.89,1256.67
9306,2025-07-10,136,238,5,472.08,2360.40
9307,2025-05-19,929,262,1,92.87,92.87
9307,2025-05-19,929,38,4,447.83,1791.32
9308,2025-07-03,184,130,3,252.98,758.94
9309,2025-11-03,8,120,1,458.95,458.95
9309,2025-11-03,8,149,1,57.41,57.41
9310,2025-12-25,121,322,5,417.63,2088.15
9310,2025-12-25,121,430,4,275.12,1100.48
9311,2025-02-18,555,67,1,301.26,301.26
9311,2025-02-18,555,391,3,325.16,975.48
9311,2025-02-18,555,188,5,443.19,2215.95
9312,2025-03-25,855,130,3,252.98,758.94
9312,2025-03-25,855,16,2,241.42,482.84
9313,2025-05-26,820,34,1,401.45,401.45
9313,2025-05-26,820,214,2,298.33,596.66
9314,2025-07-28,400,100,5,220.87,1104.35
9314,2025-07-28,400,283,5,384.65,1923.25
9314,2025-07-28,400,213,1,312.66,312.66
9315,2025-01-09,492,483,1,192.76,192.76
9315,2025-01-09,492,332,3,258.46,775.38
9315,2025-01-09,492,334,1,134.61,134.61
9316,2025-02-16,425,135,1,220.51,220.51
9317,2025-11-09,414,16,5,241.42,1207.10
9317,2025-11-09,414,8,3,316.53,949.59
9317,2025-11-09,414,33,1,194.9,194.9
9318,2025-01-18,317,342,1,478.74,478.74
9319,2025-11-15,114,59,4,418.89,1675.56
9319,2025-11-15,114,113,3,304.92,914.76
9319,2025-11-15,114,293,2,131.93,263.86
9320,2025-06-21,670,145,2,20.33,40.66
9320,2025-06-21,670,443,2,255.06,510.12
9321,2025-03-04,123,244,3,478.82,1436.46
9321,2025-03-04,123,395,4,171.83,687.32
9321,2025-03-04,123,286,4,46.15,184.60
9322,2025-11-06,138,74,1,352.49,352.49
9322,2025-11-06,138,258,5,77.66,388.30
9323,2025-07-08,202,443,4,255.06,1020.24
9323,2025-07-08,202,35,2,246.38,492.76
9324,2025-05-10,937,360,5,483.09,2415.45
9324,2025-05-10,937,145,1,20.33,20.33
9324,2025-05-10,937,181,3,284.33,852.99
9325,2025-11-18,84,133,4,261.96,1047.84
9325,2025-11-18,84,433,5,389.95,1949.75
9326,2025-09-30,421,236,5,469.19,2345.95
9326,2025-09-30,421,65,3,430.11,1290.33
9327,2025-11-16,31,248,2,45.08,90.16
9327,2025-11-16,31,219,2,24.98,49.96
9328,2025-03-02,244,456,2,452.55,905.10
9329,2025-10-30,982,260,3,39.69,119.07
9329,2025-10-30,982,439,1,18.16,18.16
9329,2025-10-30,982,313,3,151.33,453.99
9330,2025-08-14,800,197,5,195.32,976.60
9331,2025-03-17,325,224,2,321.92,643.84
9331,2025-03-17,325,45,2,250.68,501.36
9331,2025-03-17,325,196,5,305.3,1526.5
9332,2025-09-25,15,186,2,436.63,873.26
9332,2025-09-25,15,174,4,314.06,1256.24
9333,2025-04-14,840,81,1,433.63,433.63
9334,2025-03-28,749,14,4,40.36,161.44
9334,2025-03-28,749,451,4,117.67,470.68
9335,2025-05-23,402,40,3,296.1,888.3
9336,2025-09-24,158,65,2,430.11,860.22
9336,2025-09-24,158,12,2,100.62,201.24
9336,2025-09-24,158,347,1,138.42,138.42
9337,2024-12-29,379,37,5,37.4,187.0
9338,2025-11-11,228,303,4,489.27,1957.08
9338,2025-11-11,228,351,1,87.53,87.53
9338,2025-11-11,228,233,4,230.37,921.48
9339,2025-02-21,383,176,3,288.86,866.58
9339,2025-02-21,383,126,1,41.18,41.18
9340,2025-09-06,483,161,1,318.86,318.86
9340,2025-09-06,483,78,5,376.98,1884.90
9340,2025-09-06,483,475,1,118.44,118.44
9341,2025-06-23,611,5,4,314.52,1258.08
9341,2025-06-23,611,98,3,14.53,43.59
9342,2025-02-25,358,182,1,496.05,496.05
9342,2025-02-25,358,489,4,52.69,210.76
9342,2025-02-25,358,87,5,480.44,2402.20
9343,2025-11-23,334,202,1,141.74,141.74
9343,2025-11-23,334,498,5,374.05,1870.25
9343,2025-11-23,334,420,1,72.09,72.09
9344,2025-05-11,940,430,1,275.12,275.12
9345,2025-10-10,334,453,2,236.71,473.42
9345,2025-10-10,334,74,3,352.49,1057.47
9345,2025-10-10,334,45,5,250.68,1253.40
9346,2025-01-13,123,343,2,240.99,481.98
9346,2025-01-13,123,470,2,232.51,465.02
9346,2025-01-13,123,270,1,396.51,396.51
9347,2025-10-10,752,142,3,240.49,721.47
9347,2025-10-10,752,393,1,263.08,263.08
9348,2025-07-24,988,231,5,241.46,1207.30
9348,2025-07-24,988,376,2,167.79,335.58
9348,2025-07-24,988,174,3,314.06,942.18
9349,2025-11-08,923,312,4,333.94,1335.76
9350,2025-04-13,855,209,4,148.45,593.80
9350,2025-04-13,855,178,1,65.82,65.82
9350,2025-04-13,855,379,4,183.38,733.52
9351,2025-04-10,906,46,1,392.38,392.38
9351,2025-04-10,906,149,5,57.41,287.05
9352,2025-09-14,44,82,3,349.97,1049.91
9352,2025-09-14,44,233,1,230.37,230.37
9353,2025-12-25,405,18,3,298.7,896.1
9353,2025-12-25,405,420,1,72.09,72.09
9353,2025-12-25,405,418,3,35.93,107.79
9354,2025-12-06,319,29,4,178.91,715.64
9354,2025-12-06,319,326,3,211.81,635.43
9355,2025-12-13,292,432,5,117.54,587.70
9355,2025-12-13,292,410,4,400.18,1600.72
9355,2025-12-13,292,26,4,376.51,1506.04
9356,2025-07-14,396,163,5,186.78,933.90
9356,2025-07-14,396,469,5,103.95,519.75
9356,2025-07-14,396,374,3,335.47,1006.41
9357,2025-02-04,12,208,2,438.21,876.42
9357,2025-02-04,12,354,1,78.8,78.8
9357,2025-02-04,12,166,3,212.49,637.47
9358,2025-03-29,635,437,2,297.45,594.90
9359,2025-10-04,838,437,1,297.45,297.45
9359,2025-10-04,838,387,3,280.52,841.56
9360,2025-06-16,561,308,5,241.52,1207.60
9360,2025-06-16,561,483,3,192.76,578.28
9361,2025-10-22,979,245,4,258.08,1032.32
9362,2025-08-25,175,419,1,54.3,54.3
9362,2025-08-25,175,25,5,250.93,1254.65
9362,2025-08-25,175,307,5,228.49,1142.45
9363,2025-01-02,637,439,3,18.16,54.48
9363,2025-01-02,637,18,3,298.7,896.1
9363,2025-01-02,637,209,4,148.45,593.80
9364,2025-05-27,83,122,1,459.94,459.94
9364,2025-05-27,83,367,4,394.98,1579.92
9365,2025-11-25,806,375,5,445.17,2225.85
9365,2025-11-25,806,15,5,182.7,913.5
9365,2025-11-25,806,289,1,150.72,150.72
9366,2025-05-16,965,251,2,152.34,304.68
9366,2025-05-16,965,285,1,447.68,447.68
9366,2025-05-16,965,123,3,165.07,495.21
9367,2025-10-01,420,240,1,102.23,102.23
9368,2025-06-08,274,269,4,302.11,1208.44
9369,2025-08-30,312,296,3,215.06,645.18
9369,2025-08-30,312,147,2,55.32,110.64
9370,2025-04-01,615,142,2,240.49,480.98
9370,2025-04-01,615,237,5,242.96,1214.80
9370,2025-04-01,615,456,4,452.55,1810.20
9371,2025-02-19,449,75,2,131.43,262.86
9372,2025-02-15,607,188,2,443.19,886.38
9373,2025-10-06,153,90,4,414.87,1659.48
9373,2025-10-06,153,28,3,412.52,1237.56
9373,2025-10-06,153,11,4,149.99,599.96
9374,2025-09-15,536,443,1,255.06,255.06
9374,2025-09-15,536,294,5,41.14,205.70
9374,2025-09-15,536,401,1,341.45,341.45
9375,2025-09-21,254,226,5,285.54,1427.70
9375,2025-09-21,254,44,3,439.63,1318.89
9375,2025-09-21,254,54,1,221.51,221.51
9376,2025-03-12,205,431,1,141.89,141.89
9376,2025-03-12,205,191,4,246.88,987.52
9376,2025-03-12,205,40,5,296.1,1480.5
9377,2025-11-05,731,459,4,223.31,893.24
9378,2025-04-02,449,472,5,46.16,230.80
9378,2025-04-02,449,443,5,255.06,1275.30
9379,2025-12-26,327,451,2,117.67,235.34
9379,2025-12-26,327,436,1,472.16,472.16
9380,2025-09-13,422,188,5,443.19,2215.95
9380,2025-09-13,422,432,2,117.54,235.08
9381,2025-06-05,870,445,3,485.73,1457.19
9382,2025-12-20,153,194,1,447.89,447.89
9382,2025-12-20,153,356,5,8.39,41.95
9382,2025-12-20,153,185,1,335.4,335.4
9383,2025-01-19,283,388,5,317.72,1588.60
9384,2025-08-05,400,256,3,127.97,383.91
9385,2025-04-20,805,353,2,272.7,545.4
9385,2025-04-20,805,258,1,77.66,77.66
9386,2025-10-04,563,66,5,211.47,1057.35
9386,2025-10-04,563,222,2,80.58,161.16
9387,2025-11-20,116,181,4,284.33,1137.32
9387,2025-11-20,116,103,1,239.95,239.95
9388,2025-05-02,94,373,4,282.2,1128.8
9388,2025-05-02,94,500,5,455.95,2279.75
9388,2025-05-02,94,25,3,250.93,752.79
9389,2025-05-22,124,135,5,220.51,1102.55
9389,2025-05-22,124,232,2,59.52,119.04
9390,2025-08-22,794,477,3,442.21,1326.63
9390,2025-08-22,794,130,4,252.98,1011.92
9390,2025-08-22,794,367,1,394.98,394.98
9391,2025-10-09,905,93,4,101.41,405.64
9392,2025-10-02,451,325,2,281.87,563.74
9392,2025-10-02,451,416,5,70.38,351.90
9393,2025-09-12,766,377,3,401.94,1205.82
9393,2025-09-12,766,400,3,387.4,1162.2
9393,2025-09-12,766,447,4,376.57,1506.28
9394,2025-05-30,371,93,2,101.41,202.82
9394,2025-05-30,371,274,2,56.74,113.48
9394,2025-05-30,371,258,3,77.66,232.98
9395,2025-01-04,671,407,1,325.42,325.42
9395,2025-01-04,671,319,1,453.23,453.23
9395,2025-01-04,671,35,2,246.38,492.76
9396,2025-06-14,35,312,2,333.94,667.88
9397,2025-10-05,585,29,4,178.91,715.64
9398,2025-04-14,165,428,4,358.4,1433.6
9398,2025-04-14,165,486,1,176.54,176.54
9398,2025-04-14,165,35,2,246.38,492.76
9399,2025-10-14,638,394,4,348.1,1392.4
9399,2025-10-14,638,176,1,288.86,288.86
9400,2025-08-26,299,73,3,25.92,77.76
9400,2025-08-26,299,87,4,480.44,1921.76
9400,2025-08-26,299,170,4,40.78,163.12
9401,2025-06-29,163,280,3,13.76,41.28
9402,2025-01-06,644,213,3,312.66,937.98
9402,2025-01-06,644,213,5,312.66,1563.30
9402,2025-01-06,644,378,4,428.55,1714.20
9403,2025-10-17,786,107,5,167.97,839.85
9403,2025-10-17,786,458,2,257.33,514.66
9404,2024-12-31,450,194,1,447.89,447.89
9404,2024-12-31,450,202,1,141.74,141.74
9405,2025-01-05,664,453,3,236.71,710.13
9405,2025-01-05,664,263,5,157.37,786.85
9405,2025-01-05,664,219,2,24.98,49.96
9406,2025-10-29,379,484,1,497.12,497.12
9406,2025-10-29,379,117,1,142.82,142.82
9407,2025-01-02,653,310,2,151.31,302.62
9408,2025-06-01,409,133,1,261.96,261.96
9408,2025-06-01,409,154,1,434.3,434.3
9408,2025-06-01,409,336,3,381.71,1145.13
9409,2025-03-18,241,102,2,468.5,937.0
9409,2025-03-18,241,115,3,365.14,1095.42
9410,2025-10-27,463,413,3,496.98,1490.94
9410,2025-10-27,463,390,2,40.96,81.92
9411,2025-08-31,414,49,5,243.73,1218.65
9411,2025-08-31,414,108,2,393.46,786.92
9411,2025-08-31,414,10,3,248.75,746.25
9412,2025-04-05,299,96,5,5.28,26.40
9412,2025-04-05,299,317,3,37.27,111.81
9412,2025-04-05,299,334,1,134.61,134.61
9413,2025-05-13,95,286,5,46.15,230.75
9413,2025-05-13,95,236,4,469.19,1876.76
9414,2025-11-22,87,438,3,161.16,483.48
9414,2025-11-22,87,191,4,246.88,987.52
9415,2025-02-02,216,108,1,393.46,393.46
9415,2025-02-02,216,217,3,110.51,331.53
9415,2025-02-02,216,73,1,25.92,25.92
9416,2025-03-16,36,490,5,476.01,2380.05
9416,2025-03-16,36,409,5,31.26,156.30
9417,2025-12-24,687,396,5,56.06,280.30
9417,2025-12-24,687,108,1,393.46,393.46
9418,2025-03-30,603,279,5,204.8,1024.0
9418,2025-03-30,603,387,3,280.52,841.56
9418,2025-03-30,603,426,2,82.52,165.04
9419,2025-04-22,949,87,3,480.44,1441.32
9420,2025-12-10,669,146,3,92.21,276.63
9421,2025-01-16,437,348,4,231.55,926.20
9422,2025-10-01,260,111,1,157.26,157.26
9422,2025-10-01,260,165,4,78.9,315.6
9423,2025-11-21,686,286,1,46.15,46.15
9423,2025-11-21,686,442,5,155.41,777.05
9423,2025-11-21,686,366,5,223.44,1117.20
9424,2025-07-01,620,437,5,297.45,1487.25
9425,2025-01-31,798,296,1,215.06,215.06
9426,2025-02-08,654,179,3,153.54,460.62
9427,2025-08-17,874,41,5,114.35,571.75
9428,2025-02-14,646,124,3,225.92,677.76
9429,2025-12-12,318,46,1,392.38,392.38
9429,2025-12-12,318,411,3,147.7,443.1
9430,2025-07-08,723,418,4,35.93,143.72
9430,2025-07-08,723,317,4,37.27,149.08
9430,2025-07-08,723,112,4,242.9,971.6
9431,2025-08-31,154,483,2,192.76,385.52
9432,2025-05-23,265,368,2,83.83,167.66
9432,2025-05-23,265,121,2,492.6,985.2
9433,2025-07-08,516,434,1,21.02,21.02
9433,2025-07-08,516,277,5,328.27,1641.35
9434,2025-09-02,730,459,2,223.31,446.62
9435,2025-09-27,100,113,1,304.92,304.92
9435,2025-09-27,100,336,4,381.71,1526.84
9436,2025-02-05,401,82,5,349.97,1749.85
9436,2025-02-05,401,84,3,404.22,1212.66
9436,2025-02-05,401,274,3,56.74,170.22
9437,2025-11-04,655,294,3,41.14,123.42
9437,2025-11-04,655,417,3,148.93,446.79
9437,2025-11-04,655,16,3,241.42,724.26
9438,2025-10-23,446,262,2,92.87,185.74
9438,2025-10-23,446,248,4,45.08,180.32
9439,2025-07-29,814,320,5,322.83,1614.15
9439,2025-07-29,814,16,2,241.42,482.84
9439,2025-07-29,814,250,4,202.45,809.80
9440,2025-08-06,278,107,3,167.97,503.91
9441,2025-09-10,686,411,2,147.7,295.4
9442,2025-03-10,228,407,3,325.42,976.26
9442,2025-03-10,228,419,4,54.3,217.2
9443,2025-08-03,105,476,4,131.18,524.72
9444,2025-04-16,102,418,4,35.93,143.72
9445,2025-10-18,888,98,1,14.53,14.53
9445,2025-10-18,888,191,5,246.88,1234.40
9445,2025-10-18,888,353,4,272.7,1090.8
9446,2025-08-26,280,242,3,35.44,106.32
9446,2025-08-26,280,290,4,450.86,1803.44
9447,2025-09-27,386,21,4,141.16,564.64
9447,2025-09-27,386,238,3,472.08,1416.24
9447,2025-09-27,386,164,2,310.9,621.8
9448,2025-03-13,842,460,3,313.84,941.52
9448,2025-03-13,842,99,4,342.87,1371.48
9449,2024-12-30,603,165,5,78.9,394.5
9449,2024-12-30,603,323,4,299.85,1199.40
9450,2025-11-04,405,439,5,18.16,90.80
9450,2025-11-04,405,12,3,100.62,301.86
9450,2025-11-04,405,34,5,401.45,2007.25
9451,2025-06-03,526,126,3,41.18,123.54
9452,2025-04-03,101,271,4,185.88,743.52
9453,2025-06-12,35,204,4,296.2,1184.8
9453,2025-06-12,35,258,5,77.66,388.30
9453,2025-06-12,35,123,4,165.07,660.28
9454,2025-10-20,748,17,2,221.62,443.24
9454,2025-10-20,748,292,4,242.18,968.72
9455,2025-03-29,759,180,1,179.99,179.99
9455,2025-03-29,759,297,1,398.94,398.94
9456,2025-01-26,402,22,2,420.77,841.54
9456,2025-01-26,402,180,1,179.99,179.99
9456,2025-01-26,402,231,3,241.46,724.38
9457,2025-07-18,367,75,4,131.43,525.72
9457,2025-07-18,367,493,5,312.43,1562.15
9457,2025-07-18,367,267,3,281.05,843.15
9458,2025-06-26,958,251,2,152.34,304.68
9459,2025-02-01,617,312,2,333.94,667.88
9459,2025-02-01,617,154,2,434.3,868.6
9459,2025-02-01,617,476,3,131.18,393.54
9460,2025-03-10,674,228,3,404.8,1214.4
9460,2025-03-10,674,329,1,374.27,374.27
9461,2025-06-14,261,45,5,250.68,1253.40
9461,2025-06-14,261,83,2,322.41,644.82
9461,2025-06-14,261,437,4,297.45,1189.80
9462,2025-01-20,867,463,4,144.91,579.64
9462,2025-01-20,867,436,1,472.16,472.16
9462,2025-01-20,867,279,3,204.8,614.4
9463,2025-09-28,572,350,3,30.8,92.4
9463,2025-09-28,572,459,3,223.31,669.93
9464,2025-01-23,183,10,1,248.75,248.75
9464,2025-01-23,183,284,5,165.79,828.95
9464,2025-01-23,183,287,3,291.36,874.08
9465,2025-03-27,149,265,3,86.31,258.93
9466,2025-02-19,32,213,2,312.66,625.32
9466,2025-02-19,32,279,3,204.8,614.4
9467,2025-07-13,823,279,5,204.8,1024.0
9467,2025-07-13,823,167,4,224.17,896.68
9467,2025-07-13,823,321,2,75.56,151.12
9468,2025-10-02,115,429,1,309.42,309.42
9468,2025-10-02,115,258,1,77.66,77.66
9469,2025-11-13,732,141,5,448.09,2240.45
9469,2025-11-13,732,241,4,269.46,1077.84
9470,2025-07-30,780,189,5,147.88,739.40
9470,2025-07-30,780,57,3,103.12,309.36
9471,2025-04-07,771,99,4,342.87,1371.48
9472,2025-12-15,561,272,2,352.7,705.4
9472,2025-12-15,561,70,5,24.04,120.20
9472,2025-12-15,561,493,2,312.43,624.86
9473,2025-05-02,74,118,5,116.6,583.0
9474,2025-09-20,662,321,4,75.56,302.24
9474,2025-09-20,662,292,4,242.18,968.72
9474,2025-09-20,662,249,5,492.22,2461.10
9475,2025-02-15,53,110,1,443.77,443.77
9475,2025-02-15,53,205,5,145.68,728.40
9475,2025-02-15,53,493,1,312.43,312.43
9476,2025-08-21,265,179,3,153.54,460.62
9476,2025-08-21,265,331,3,321.18,963.54
9477,2025-07-03,617,78,3,376.98,1130.94
9477,2025-07-03,617,303,4,489.27,1957.08
9478,2025-08-29,877,361,5,365.74,1828.70
9479,2025-01-21,808,5,2,314.52,629.04
9479,2025-01-21,808,430,3,275.12,825.36
9480,2025-03-31,950,322,5,417.63,2088.15
9481,2025-07-05,428,156,1,182.35,182.35
9481,2025-07-05,428,383,1,259.72,259.72
9482,2025-06-28,880,26,4,376.51,1506.04
9482,2025-06-28,880,276,3,258.44,775.32
9482,2025-06-28,880,84,2,404.22,808.44
9483,2025-04-18,361,300,4,119.77,479.08
9483,2025-04-18,361,299,5,383.39,1916.95
9483,2025-04-18,361,184,3,72.35,217.05
9484,2025-11-03,38,313,2,151.33,302.66
9485,2025-07-02,88,49,4,243.73,974.92
9485,2025-07-02,88,428,3,358.4,1075.2
9485,2025-07-02,88,192,3,319.33,957.99
9486,2025-01-18,485,93,1,101.41,101.41
9486,2025-01-18,485,227,4,94.86,379.44
9487,2025-01-27,871,231,4,241.46,965.84
9487,2025-01-27,871,395,3,171.83,515.49
9487,2025-01-27,871,223,5,77.6,388.0
9488,2025-05-21,608,269,2,302.11,604.22
9489,2025-05-24,376,21,1,141.16,141.16
9489,2025-05-24,376,153,2,210.94,421.88
9490,2025-09-23,392,123,5,165.07,825.35
9491,2025-01-02,960,96,1,5.28,5.28
9491,2025-01-02,960,104,3,157.58,472.74
9492,2025-08-31,293,217,3,110.51,331.53
9492,2025-08-31,293,95,3,394.98,1184.94
9492,2025-08-31,293,376,5,167.79,838.95
9493,2025-01-15,64,486,2,176.54,353.08
9493,2025-01-15,64,345,3,210.38,631.14
9494,2025-11-24,442,236,3,469.19,1407.57
9494,2025-11-24,442,207,5,68.3,341.5
9494,2025-11-24,442,195,1,494.68,494.68
9495,2025-02-27,404,140,1,187.49,187.49
9495,2025-02-27,404,393,2,263.08,526.16
9495,2025-02-27,404,466,4,477.28,1909.12
9496,2025-12-25,705,360,3,483.09,1449.27
9497,2025-06-01,498,273,4,54.12,216.48
9497,2025-06-01,498,126,1,41.18,41.18
9497,2025-06-01,498,337,2,206.67,413.34
9498,2025-08-06,804,270,5,396.51,1982.55
9499,2025-05-06,237,268,3,164.18,492.54
9499,2025-05-06,237,263,2,157.37,314.74
9500,2025-05-05,157,364,3,84.82,254.46
9500,2025-05-05,157,210,4,318.91,1275.64
9500,2025-05-05,157,366,3,223.44,670.32
9501,2025-09-27,364,172,3,250.68,752.04
9501,2025-09-27,364,18,4,298.7,1194.8
9502,2025-08-09,392,471,5,327.77,1638.85
9503,2025-09-15,938,167,2,224.17,448.34
9503,2025-09-15,938,456,3,452.55,1357.65
9504,2025-11-28,870,171,3,350.16,1050.48
9504,2025-11-28,870,426,1,82.52,82.52
9504,2025-11-28,870,203,4,98.55,394.20
9505,2025-11-09,171,389,2,74.31,148.62
9505,2025-11-09,171,82,1,349.97,349.97
9505,2025-11-09,171,156,3,182.35,547.05
9506,2025-05-11,413,425,1,165.2,165.2
9506,2025-05-11,413,464,3,267.75,803.25
9506,2025-05-11,413,94,3,295.93,887.79
9507,2025-03-10,633,481,2,163.42,326.84
9508,2025-12-12,374,317,2,37.27,74.54
9508,2025-12-12,374,222,5,80.58,402.90
9508,2025-12-12,374,213,2,312.66,625.32
9509,2025-04-19,148,463,2,144.91,289.82
9509,2025-04-19,148,159,5,372.6,1863.0
9509,2025-04-19,148,84,4,404.22,1616.88
9510,2025-01-11,51,158,2,373.08,746.16
9510,2025-01-11,51,468,5,253.58,1267.90
9511,2025-12-06,636,361,1,365.74,365.74
9512,2025-02-19,990,72,1,409.92,409.92
9513,2025-03-31,960,98,3,14.53,43.59
9513,2025-03-31,960,471,4,327.77,1311.08
9514,2024-12-27,67,416,4,70.38,281.52
9515,2025-09-04,138,299,2,383.39,766.78
9515,2025-09-04,138,269,3,302.11,906.33
9515,2025-09-04,138,144,2,398.79,797.58
9516,2025-08-16,77,310,4,151.31,605.24
9517,2025-01-14,150,221,5,109.17,545.85
9517,2025-01-14,150,73,3,25.92,77.76
9518,2025-05-23,348,200,2,275.47,550.94
9519,2025-12-25,162,424,3,321.07,963.21
9520,2025-12-26,705,88,3,222.45,667.35
9520,2025-12-26,705,56,2,278.79,557.58
9520,2025-12-26,705,123,4,165.07,660.28
9521,2025-07-25,528,476,1,131.18,131.18
9521,2025-07-25,528,391,5,325.16,1625.80
9521,2025-07-25,528,140,4,187.49,749.96
9522,2025-02-04,713,390,2,40.96,81.92
9523,2025-08-21,990,143,5,472.35,2361.75
9523,2025-08-21,990,229,5,296.73,1483.65
9524,2025-08-02,620,424,3,321.07,963.21
9524,2025-08-02,620,462,3,412.76,1238.28
9525,2025-04-03,995,111,2,157.26,314.52
9526,2025-12-24,516,489,3,52.69,158.07
9527,2025-02-16,29,17,5,221.62,1108.10
9527,2025-02-16,29,361,3,365.74,1097.22
9527,2025-02-16,29,318,1,12.28,12.28
9528,2025-05-15,281,168,1,347.07,347.07
9528,2025-05-15,281,50,5,166.56,832.80
9528,2025-05-15,281,373,2,282.2,564.4
9529,2025-07-12,213,222,4,80.58,322.32
9530,2025-12-02,33,354,2,78.8,157.6
9530,2025-12-02,33,26,5,376.51,1882.55
9530,2025-12-02,33,320,2,322.83,645.66
9531,2025-11-22,851,17,3,221.62,664.86
9532,2025-05-11,385,257,5,265.71,1328.55
9532,2025-05-11,385,52,2,420.33,840.66
9533,2025-08-03,663,10,2,248.75,497.50
9533,2025-08-03,663,59,5,418.89,2094.45
9533,2025-08-03,663,174,5,314.06,1570.30
9534,2025-04-16,128,432,5,117.54,587.70
9535,2025-12-01,130,398,2,71.83,143.66
9536,2025-01-07,733,442,5,155.41,777.05
9537,2025-08-13,37,285,1,447.68,447.68
9537,2025-08-13,37,174,5,314.06,1570.30
9538,2025-07-07,931,36,3,12.2,36.6
9538,2025-07-07,931,411,3,147.7,443.1
9539,2025-07-27,483,81,3,433.63,1300.89
9539,2025-07-27,483,483,5,192.76,963.80
9540,2025-02-12,160,349,5,173.73,868.65
9540,2025-02-12,160,468,5,253.58,1267.90
9540,2025-02-12,160,362,5,299.76,1498.80
9541,2025-04-12,104,71,4,268.41,1073.64
9541,2025-04-12,104,491,2,474.71,949.42
9541,2025-04-12,104,48,1,228.85,228.85
9542,2025-06-08,440,229,4,296.73,1186.92
9542,2025-06-08,440,418,1,35.93,35.93
9542,2025-06-08,440,86,4,444.15,1776.60
9543,2025-07-20,741,497,3,482.27,1446.81
9543,2025-07-20,741,392,4,141.55,566.20
9543,2025-07-20,741,416,4,70.38,281.52
9544,2025-06-08,118,205,2,145.68,291.36
9545,2025-05-31,887,46,2,392.38,784.76
9545,2025-05-31,887,340,4,46.68,186.72
9545,2025-05-31,887,212,4,122.95,491.80
9546,2025-01-14,270,469,3,103.95,311.85
9547,2025-02-17,450,237,1,242.96,242.96
9547,2025-02-17,450,332,3,258.46,775.38
9548,2025-11-28,490,237,1,242.96,242.96
9549,2025-10-21,470,493,5,312.43,1562.15
9549,2025-10-21,470,451,1,117.67,117.67
9549,2025-10-21,470,241,3,269.46,808.38
9550,2025-10-26,41,23,2,412.11,824.22
9550,2025-10-26,41,353,5,272.7,1363.5
9550,2025-10-26,41,255,3,214.59,643.77
9551,2025-03-05,18,396,1,56.06,56.06
9551,2025-03-05,18,258,2,77.66,155.32
9552,2025-10-29,392,100,3,220.87,662.61
9552,2025-10-29,392,296,4,215.06,860.24
9552,2025-10-29,392,341,2,51.61,103.22
9553,2025-06-04,351,451,2,117.67,235.34
9553,2025-06-04,351,184,5,72.35,361.75
9554,2025-04-28,653,291,4,346.84,1387.36
9555,2025-11-01,840,490,1,476.01,476.01
9555,2025-11-01,840,415,4,477.17,1908.68
9556,2025-03-16,98,328,1,50.89,50.89
9557,2025-10-04,299,252,2,257.9,515.8
9558,2025-10-24,549,495,5,295.22,1476.10
9558,2025-10-24,549,246,2,426.74,853.48
9559,2025-05-08,695,289,3,150.72,452.16
9560,2025-09-16,107,358,4,329.56,1318.24
9561,2025-04-25,426,34,5,401.45,2007.25
9562,2025-04-24,399,362,5,299.76,1498.80
9563,2025-01-05,631,247,1,154.79,154.79
9563,2025-01-05,631,163,5,186.78,933.90
9563,2025-01-05,631,72,5,409.92,2049.60
9564,2025-05-11,586,387,3,280.52,841.56
9565,2025-06-03,414,137,3,272.96,818.88
9565,2025-06-03,414,308,3,241.52,724.56
9566,2025-09-26,795,69,1,340.46,340.46
9566,2025-09-26,795,173,4,461.96,1847.84
9566,2025-09-26,795,274,4,56.74,226.96
9567,2025-08-15,716,288,3,55.84,167.52
9567,2025-08-15,716,315,3,398.86,1196.58
9568,2025-12-24,163,435,4,122.68,490.72
9569,2025-03-22,364,102,5,468.5,2342.5
9569,2025-03-22,364,123,5,165.07,825.35
9569,2025-03-22,364,254,5,463.64,2318.20
9570,2025-02-08,619,27,2,227.57,455.14
9570,2025-02-08,619,134,4,284.82,1139.28
9570,2025-02-08,619,481,3,163.42,490.26
9571,2025-10-08,711,234,3,6.55,19.65
9571,2025-10-08,711,89,3,349.52,1048.56
9572,2025-04-07,872,313,2,151.33,302.66
9572,2025-04-07,872,233,4,230.37,921.48
9572,2025-04-07,872,408,5,242.36,1211.80
9573,2025-06-11,855,334,1,134.61,134.61
9573,2025-06-11,855,357,3,147.52,442.56
9573,2025-06-11,855,342,4,478.74,1914.96
9574,2025-12-22,734,112,5,242.9,1214.5
9575,2025-04-22,741,119,2,244.81,489.62
9575,2025-04-22,741,224,5,321.92,1609.60
9575,2025-04-22,741,145,1,20.33,20.33
9576,2025-06-01,791,411,4,147.7,590.8
9576,2025-06-01,791,277,4,328.27,1313.08
9577,2025-04-09,175,380,4,276.01,1104.04
9578,2025-02-17,142,432,1,117.54,117.54
9579,2025-09-19,132,295,5,130.26,651.30
9579,2025-09-19,132,338,5,243.62,1218.10
9580,2025-09-20,539,376,2,167.79,335.58
9580,2025-09-20,539,349,1,173.73,173.73
9581,2025-01-15,59,1,4,80.6,322.4
9582,2025-12-06,338,77,2,270.23,540.46
9582,2025-12-06,338,45,3,250.68,752.04
9583,2025-09-06,327,5,1,314.52,314.52
9583,2025-09-06,327,178,1,65.82,65.82
9584,2025-04-04,346,353,1,272.7,272.7
9584,2025-04-04,346,434,3,21.02,63.06
9584,2025-04-04,346,153,2,210.94,421.88
9585,2025-02-08,560,386,2,214.75,429.50
9585,2025-02-08,560,226,2,285.54,571.08
9585,2025-02-08,560,96,2,5.28,10.56
9586,2025-04-25,449,428,5,358.4,1792.0
9587,2025-01-25,189,341,3,51.61,154.83
9587,2025-01-25,189,88,5,222.45,1112.25
9588,2025-05-04,431,418,1,35.93,35.93
9588,2025-05-04,431,424,1,321.07,321.07
9589,2025-09-27,86,287,5,291.36,1456.80
9590,2025-05-09,462,175,4,471.13,1884.52
9590,2025-05-09,462,492,5,449.67,2248.35
9590,2025-05-09,462,202,2,141.74,283.48
9591,2025-03-25,583,321,1,75.56,75.56
9592,2025-09-24,798,235,5,72.25,361.25
9592,2025-09-24,798,387,4,280.52,1122.08
9592,2025-09-24,798,296,3,215.06,645.18
9593,2025-11-19,46,413,4,496.98,1987.92
9593,2025-11-19,46,379,3,183.38,550.14
9594,2025-10-14,410,7,1,359.69,359.69
9595,2025-01-16,461,359,2,275.01,550.02
9595,2025-01-16,461,198,1,373.73,373.73
9595,2025-01-16,461,323,4,299.85,1199.40
9596,2025-03-19,592,97,1,113.42,113.42
9596,2025-03-19,592,279,2,204.8,409.6
9597,2025-07-15,296,308,1,241.52,241.52
9597,2025-07-15,296,266,4,468.09,1872.36
9598,2025-06-24,57,430,5,275.12,1375.60
9598,2025-06-24,57,104,4,157.58,630.32
9599,2025-12-09,1000,3,4,498.69,1994.76
9599,2025-12-09,1000,243,4,457.3,1829.2
9600,2025-07-02,225,456,3,452.55,1357.65
9601,2025-05-18,148,187,1,319.82,319.82
9602,2025-03-19,520,180,4,179.99,719.96
9602,2025-03-19,520,4,4,472.3,1889.2
9602,2025-03-19,520,195,1,494.68,494.68
9603,2025-05-15,156,350,3,30.8,92.4
9604,2024-12-31,889,106,5,180.08,900.40
9604,2024-12-31,889,186,4,436.63,1746.52
9605,2025-12-04,887,432,2,117.54,235.08
9606,2025-11-14,830,435,1,122.68,122.68
9606,2025-11-14,830,278,4,205.91,823.64
9607,2025-11-28,279,38,2,447.83,895.66
9608,2025-06-06,168,154,5,434.3,2171.5
9608,2025-06-06,168,456,3,452.55,1357.65
9609,2025-11-17,209,168,1,347.07,347.07
9609,2025-11-17,209,317,5,37.27,186.35
9610,2025-09-26,233,228,5,404.8,2024.0
9611,2025-08-04,426,303,4,489.27,1957.08
9612,2025-11-27,642,133,4,261.96,1047.84
9612,2025-11-27,642,465,1,313.64,313.64
9612,2025-11-27,642,175,2,471.13,942.26
9613,2025-05-10,167,8,3,316.53,949.59
9614,2025-01-10,855,265,4,86.31,345.24
9615,2025-05-31,563,145,1,20.33,20.33
9615,2025-05-31,563,360,2,483.09,966.18
9616,2025-04-25,405,333,5,312.24,1561.20
9617,2025-10-09,721,269,1,302.11,302.11
9617,2025-10-09,721,302,2,462.51,925.02
9617,2025-10-09,721,33,3,194.9,584.7
9618,2025-10-08,867,202,2,141.74,283.48
9619,2025-02-20,739,198,1,373.73,373.73
9620,2025-04-12,756,73,5,25.92,129.60
9620,2025-04-12,756,435,4,122.68,490.72
9620,2025-04-12,756,109,5,97.7,488.5
9621,2025-07-12,842,391,1,325.16,325.16
9621,2025-07-12,842,447,1,376.57,376.57
9622,2025-01-06,425,441,3,34.49,103.47
9623,2025-08-09,660,366,5,223.44,1117.20
9624,2025-07-20,977,46,2,392.38,784.76
9624,2025-07-20,977,441,4,34.49,137.96
9624,2025-07-20,977,326,5,211.81,1059.05
9625,2025-01-17,960,142,3,240.49,721.47
9626,2025-07-05,492,93,3,101.41,304.23
9626,2025-07-05,492,481,4,163.42,653.68
9626,2025-07-05,492,401,3,341.45,1024.35
9627,2025-02-24,185,366,2,223.44,446.88
9627,2025-02-24,185,320,3,322.83,968.49
9627,2025-02-24,185,72,4,409.92,1639.68
9628,2025-03-29,488,395,5,171.83,859.15
9628,2025-03-29,488,483,1,192.76,192.76
9629,2025-04-25,508,466,3,477.28,1431.84
9630,2025-06-12,712,129,4,119.27,477.08
9630,2025-06-12,712,19,2,144.77,289.54
9631,2025-08-31,655,391,5,325.16,1625.80
9632,2024-12-29,532,247,3,154.79,464.37
9633,2025-01-30,603,12,2,100.62,201.24
9633,2025-01-30,603,369,2,67.55,135.10
9634,2025-04-28,327,129,3,119.27,357.81
9634,2025-04-28,327,416,4,70.38,281.52
9634,2025-04-28,327,307,1,228.49,228.49
9635,2025-03-14,243,490,2,476.01,952.02
9635,2025-03-14,243,135,1,220.51,220.51
9636,2025-02-02,713,43,3,278.89,836.67
9636,2025-02-02,713,307,1,228.49,228.49
9636,2025-02-02,713,407,5,325.42,1627.10
9637,2025-09-15,201,346,1,30.32,30.32
9637,2025-09-15,201,378,5,428.55,2142.75
9637,2025-09-15,201,106,2,180.08,360.16
9638,2025-11-08,658,251,5,152.34,761.70
9638,2025-11-08,658,231,4,241.46,965.84
9638,2025-11-08,658,326,5,211.81,1059.05
9639,2025-03-26,202,10,3,248.75,746.25
9640,2025-05-25,965,322,4,417.63,1670.52
9640,2025-05-25,965,262,2,92.87,185.74
9640,2025-05-25,965,93,3,101.41,304.23
9641,2025-07-06,879,387,5,280.52,1402.60
9641,2025-07-06,879,85,2,321.65,643.30
9641,2025-07-06,879,496,3,159.99,479.97
9642,2025-11-16,441,149,5,57.41,287.05
9642,2025-11-16,441,180,2,179.99,359.98
9643,2025-05-27,762,399,2,53.46,106.92
9644,2025-11-17,268,310,5,151.31,756.55
9644,2025-11-17,268,92,5,468.03,2340.15
9644,2025-11-17,268,176,1,288.86,288.86
9645,2025-07-18,701,258,5,77.66,388.30
9645,2025-07-18,701,9,1,217.36,217.36
9645,2025-07-18,701,183,1,448.54,448.54
9646,2025-07-11,311,412,1,407.79,407.79
9646,2025-07-11,311,44,3,439.63,1318.89
9646,2025-07-11,311,162,1,147.2,147.2
9647,2025-07-24,659,118,1,116.6,116.6
9648,2025-07-20,343,293,3,131.93,395.79
9649,2025-07-15,659,126,2,41.18,82.36
9649,2025-07-15,659,24,1,330.39,330.39
9649,2025-07-15,659,274,1,56.74,56.74
9650,2025-10-18,512,486,2,176.54,353.08
9650,2025-10-18,512,454,2,64.77,129.54
9651,2025-08-30,835,254,1,463.64,463.64
9651,2025-08-30,835,419,4,54.3,217.2
9651,2025-08-30,835,100,2,220.87,441.74
9652,2025-03-11,647,23,4,412.11,1648.44
9652,2025-03-11,647,341,4,51.61,206.44
9653,2025-10-13,583,500,1,455.95,455.95
9653,2025-10-13,583,71,1,268.41,268.41
9654,2025-09-04,307,14,1,40.36,40.36
9655,2025-05-14,182,325,4,281.87,1127.48
9655,2025-05-14,182,485,1,492.14,492.14
9656,2025-05-29,630,378,4,428.55,1714.20
9656,2025-05-29,630,383,1,259.72,259.72
9657,2025-06-18,435,350,3,30.8,92.4
9657,2025-06-18,435,486,4,176.54,706.16
9657,2025-06-18,435,53,3,485.1,1455.3
9658,2025-08-31,446,277,2,328.27,656.54
9659,2025-08-09,746,450,2,101.99,203.98
9659,2025-08-09,746,216,1,277.28,277.28
9660,2025-07-05,864,486,2,176.54,353.08
9660,2025-07-05,864,99,1,342.87,342.87
9661,2025-04-13,959,323,4,299.85,1199.40
9661,2025-04-13,959,133,1,261.96,261.96
9662,2025-08-22,366,161,5,318.86,1594.30
9662,2025-08-22,366,177,4,184.9,739.6
9662,2025-08-22,366,64,1,491.55,491.55
9663,2025-12-05,498,274,2,56.74,113.48
9664,2025-07-10,578,53,4,485.1,1940.4
9664,2025-07-10,578,172,5,250.68,1253.40
9664,2025-07-10,578,74,4,352.49,1409.96
9665,2025-07-11,598,461,2,224.53,449.06
9665,2025-07-11,598,145,3,20.33,60.99
9665,2025-07-11,598,159,1,372.6,372.6
9666,2025-06-22,671,482,3,296.53,889.59
9666,2025-06-22,671,354,5,78.8,394.0
9667,2025-05-27,216,83,2,322.41,644.82
9667,2025-05-27,216,80,3,293.7,881.1
9668,2025-03-20,88,169,5,460.43,2302.15
9669,2025-03-09,399,343,4,240.99,963.96
9669,2025-03-09,399,288,5,55.84,279.20
9670,2025-05-19,65,489,4,52.69,210.76
9671,2025-11-27,315,492,2,449.67,899.34
9671,2025-11-27,315,145,1,20.33,20.33
9672,2025-06-27,206,474,5,33.57,167.85
9672,2025-06-27,206,177,1,184.9,184.9
9672,2025-06-27,206,45,4,250.68,1002.72
9673,2025-03-27,42,287,4,291.36,1165.44
9673,2025-03-27,42,489,4,52.69,210.76
9674,2025-04-17,236,365,3,459.25,1377.75
9674,2025-04-17,236,95,5,394.98,1974.90
9674,2025-04-17,236,192,1,319.33,319.33
9675,2025-09-07,272,184,2,72.35,144.70
9676,2025-10-08,31,181,3,284.33,852.99
9677,2025-12-16,223,156,1,182.35,182.35
9677,2025-12-16,223,58,5,16.96,84.80
9678,2025-06-12,879,78,3,376.98,1130.94
9678,2025-06-12,879,448,5,149.05,745.25
9678,2025-06-12,879,251,1,152.34,152.34
9679,2025-11-27,390,39,5,154.19,770.95
9679,2025-11-27,390,69,1,340.46,340.46
9680,2025-07-26,915,491,4,474.71,1898.84
9680,2025-07-26,915,380,1,276.01,276.01
9681,2025-10-01,885,37,3,37.4,112.2
9681,2025-10-01,885,338,4,243.62,974.48
9681,2025-10-01,885,8,1,316.53,316.53
9682,2025-08-22,131,188,5,443.19,2215.95
9682,2025-08-22,131,81,3,433.63,1300.89
9682,2025-08-22,131,204,5,296.2,1481.0
9683,2025-07-28,930,389,4,74.31,297.24
9683,2025-07-28,930,362,3,299.76,899.28
9683,2025-07-28,930,76,1,445.17,445.17
9684,2025-09-22,245,447,5,376.57,1882.85
9685,2025-07-12,487,9,4,217.36,869.44
9685,2025-07-12,487,8,4,316.53,1266.12
9686,2025-01-17,330,183,4,448.54,1794.16
9687,2025-04-05,673,139,2,339.12,678.24
9687,2025-04-05,673,93,5,101.41,507.05
9688,2025-03-02,700,315,2,398.86,797.72
9688,2025-03-02,700,363,3,154.83,464.49
9689,2025-09-17,965,377,4,401.94,1607.76
9689,2025-09-17,965,481,5,163.42,817.10
9689,2025-09-17,965,400,1,387.4,387.4
9690,2025-01-13,954,472,5,46.16,230.80
9690,2025-01-13,954,149,1,57.41,57.41
9691,2025-02-05,746,272,5,352.7,1763.5
9691,2025-02-05,746,385,5,391.11,1955.55
9692,2025-06-16,447,258,5,77.66,388.30
9692,2025-06-16,447,211,3,180.66,541.98
9693,2025-03-09,602,338,4,243.62,974.48
9693,2025-03-09,602,457,4,320.53,1282.12
9693,2025-03-09,602,286,1,46.15,46.15
9694,2025-05-19,724,319,3,453.23,1359.69
9694,2025-05-19,724,357,2,147.52,295.04
9694,2025-05-19,724,422,3,82.75,248.25
9695,2025-10-17,97,367,4,394.98,1579.92
9695,2025-10-17,97,90,3,414.87,1244.61
9695,2025-10-17,97,193,3,250.13,750.39
9696,2025-04-20,646,356,5,8.39,41.95
9696,2025-04-20,646,102,3,468.5,1405.5
9696,2025-04-20,646,142,5,240.49,1202.45
9697,2025-11-05,848,299,2,383.39,766.78
9697,2025-11-05,848,85,5,321.65,1608.25
9698,2025-01-11,356,422,1,82.75,82.75
9698,2025-01-11,356,167,4,224.17,896.68
9698,2025-01-11,356,440,2,475.31,950.62
9699,2025-06-27,529,491,5,474.71,2373.55
9700,2025-11-27,141,136,1,341.46,341.46
9700,2025-11-27,141,281,1,115.36,115.36
9700,2025-11-27,141,255,2,214.59,429.18
9701,2025-07-22,503,239,1,469.38,469.38
9702,2025-07-13,524,357,5,147.52,737.60
9703,2025-01-06,488,335,2,42.9,85.8
9703,2025-01-06,488,71,1,268.41,268.41
9703,2025-01-06,488,2,5,287.98,1439.90
9704,2025-03-03,413,442,1,155.41,155.41
9704,2025-03-03,413,2,2,287.98,575.96
9704,2025-03-03,413,363,1,154.83,154.83
9705,2024-12-28,145,3,1,498.69,498.69
9706,2025-03-15,414,427,4,410.44,1641.76
9707,2025-08-23,512,462,2,412.76,825.52
9707,2025-08-23,512,262,1,92.87,92.87
9707,2025-08-23,512,342,3,478.74,1436.22
9708,2025-06-12,92,95,4,394.98,1579.92
9709,2025-06-26,889,412,2,407.79,815.58
9709,2025-06-26,889,138,1,444.05,444.05
9709,2025-06-26,889,152,5,39.12,195.60
9710,2025-05-20,949,48,5,228.85,1144.25
9710,2025-05-20,949,74,2,352.49,704.98
9710,2025-05-20,949,212,2,122.95,245.90
9711,2025-09-11,559,184,5,72.35,361.75
9712,2025-05-18,125,275,2,25.24,50.48
9712,2025-05-18,125,218,4,137.61,550.44
9712,2025-05-18,125,124,3,225.92,677.76
9713,2025-02-24,29,40,4,296.1,1184.4
9713,2025-02-24,29,268,1,164.18,164.18
9713,2025-02-24,29,346,5,30.32,151.60
9714,2025-04-24,860,468,5,253.58,1267.90
9714,2025-04-24,860,362,5,299.76,1498.80
9715,2025-04-05,634,425,4,165.2,660.8
9716,2025-01-26,297,197,4,195.32,781.28
9716,2025-01-26,297,258,5,77.66,388.30
9716,2025-01-26,297,222,4,80.58,322.32
9717,2025-01-16,429,202,2,141.74,283.48
9718,2025-12-19,962,318,3,12.28,36.84
9718,2025-12-19,962,487,5,79.74,398.70
9718,2025-12-19,962,5,3,314.52,943.56
9719,2025-09-07,68,238,1,472.08,472.08
9720,2025-07-16,915,268,4,164.18,656.72
9720,2025-07-16,915,448,1,149.05,149.05
9721,2025-04-01,39,281,1,115.36,115.36
9721,2025-04-01,39,267,5,281.05,1405.25
9722,2025-07-25,343,212,5,122.95,614.75
9722,2025-07-25,343,350,2,30.8,61.6
9723,2025-08-17,133,239,1,469.38,469.38
9723,2025-08-17,133,42,1,39.02,39.02
9723,2025-08-17,133,365,1,459.25,459.25
9724,2025-11-26,689,483,3,192.76,578.28
9724,2025-11-26,689,370,1,285.74,285.74
9724,2025-11-26,689,142,3,240.49,721.47
9725,2025-11-17,202,459,5,223.31,1116.55
9725,2025-11-17,202,57,4,103.12,412.48
9725,2025-11-17,202,465,4,313.64,1254.56
9726,2025-12-05,291,24,2,330.39,660.78
9726,2025-12-05,291,359,4,275.01,1100.04
9726,2025-12-05,291,87,4,480.44,1921.76
9727,2025-07-05,665,408,4,242.36,969.44
9727,2025-07-05,665,225,2,460.72,921.44
9728,2025-12-21,316,339,5,247.5,1237.5
9728,2025-12-21,316,119,2,244.81,489.62
9729,2025-05-09,800,280,2,13.76,27.52
9729,2025-05-09,800,471,5,327.77,1638.85
9730,2025-02-06,597,99,1,342.87,342.87
9730,2025-02-06,597,435,4,122.68,490.72
9731,2025-01-04,301,259,1,131.5,131.5
9731,2025-01-04,301,459,4,223.31,893.24
9732,2025-08-10,679,203,3,98.55,295.65
9733,2025-08-26,895,264,5,245.93,1229.65
9733,2025-08-26,895,128,5,229.59,1147.95
9733,2025-08-26,895,188,1,443.19,443.19
9734,2025-02-05,27,431,3,141.89,425.67
9734,2025-02-05,27,140,5,187.49,937.45
9735,2025-09-01,691,9,2,217.36,434.72
9735,2025-09-01,691,18,5,298.7,1493.5
9735,2025-09-01,691,54,4,221.51,886.04
9736,2025-01-09,561,104,1,157.58,157.58
9736,2025-01-09,561,238,4,472.08,1888.32
9737,2025-02-09,950,196,5,305.3,1526.5
9738,2025-06-05,699,473,3,341.31,1023.93
9738,2025-06-05,699,34,2,401.45,802.90
9738,2025-06-05,699,130,2,252.98,505.96
9739,2024-12-31,74,367,3,394.98,1184.94
9739,2024-12-31,74,228,3,404.8,1214.4
9740,2025-02-26,697,7,4,359.69,1438.76
9740,2025-02-26,697,194,4,447.89,1791.56
9741,2025-01-20,62,276,1,258.44,258.44
9741,2025-01-20,62,238,5,472.08,2360.40
9742,2025-01-18,26,172,5,250.68,1253.40
9742,2025-01-18,26,334,1,134.61,134.61
9743,2025-03-21,90,333,1,312.24,312.24
9744,2025-02-17,495,177,4,184.9,739.6
9744,2025-02-17,495,388,5,317.72,1588.60
9745,2025-04-10,339,497,2,482.27,964.54
9746,2025-11-29,422,385,2,391.11,782.22
9746,2025-11-29,422,38,5,447.83,2239.15
9746,2025-11-29,422,165,4,78.9,315.6
9747,2025-07-21,641,182,1,496.05,496.05
9747,2025-07-21,641,316,5,285.22,1426.10
9747,2025-07-21,641,366,3,223.44,670.32
9748,2025-08-25,853,482,3,296.53,889.59
9748,2025-08-25,853,405,3,16.73,50.19
9748,2025-08-25,853,98,1,14.53,14.53
9749,2025-08-02,113,45,4,250.68,1002.72
9749,2025-08-02,113,197,3,195.32,585.96
9750,2025-05-29,530,145,5,20.33,101.65
9750,2025-05-29,530,27,5,227.57,1137.85
9751,2025-04-30,57,321,1,75.56,75.56
9752,2025-04-09,515,443,2,255.06,510.12
9753,2025-10-09,599,480,4,172.26,689.04
9753,2025-10-09,599,339,4,247.5,990.0
9753,2025-10-09,599,222,2,80.58,161.16
9754,2025-11-16,529,480,4,172.26,689.04
9755,2025-06-03,765,269,4,302.11,1208.44
9755,2025-06-03,765,156,5,182.35,911.75
9755,2025-06-03,765,22,1,420.77,420.77
9756,2025-09-29,656,472,5,46.16,230.80
9756,2025-09-29,656,143,3,472.35,1417.05
9757,2025-10-22,473,246,4,426.74,1706.96
9758,2025-08-17,91,399,2,53.46,106.92
9758,2025-08-17,91,208,4,438.21,1752.84
9758,2025-08-17,91,193,4,250.13,1000.52
9759,2025-09-30,657,257,5,265.71,1328.55
9759,2025-09-30,657,415,2,477.17,954.34
9759,2025-09-30,657,235,5,72.25,361.25
9760,2025-11-22,735,205,1,145.68,145.68
9760,2025-11-22,735,299,3,383.39,1150.17
9761,2025-06-25,730,75,3,131.43,394.29
9761,2025-06-25,730,266,5,468.09,2340.45
9762,2025-05-10,494,460,3,313.84,941.52
9763,2025-02-16,199,497,2,482.27,964.54
9764,2025-11-20,913,220,5,26.81,134.05
9764,2025-11-20,913,103,3,239.95,719.85
9764,2025-11-20,913,430,2,275.12,550.24
9765,2025-12-14,936,330,1,217.0,217.0
9765,2025-12-14,936,415,4,477.17,1908.68
9765,2025-12-14,936,300,3,119.77,359.31
9766,2025-02-15,403,226,3,285.54,856.62
9766,2025-02-15,403,405,5,16.73,83.65
9766,2025-02-15,403,58,1,16.96,16.96
9767,2025-07-26,198,338,1,243.62,243.62
9768,2025-05-20,77,235,5,72.25,361.25
9768,2025-05-20,77,35,1,246.38,246.38
9769,2025-11-15,109,147,3,55.32,165.96
9770,2025-06-01,546,160,2,241.99,483.98
9771,2025-10-05,191,381,2,313.66,627.32
9772,2025-05-09,427,162,4,147.2,588.8
9773,2025-01-17,198,38,2,447.83,895.66
9774,2025-08-06,806,61,2,351.5,703.0
9774,2025-08-06,806,215,2,33.6,67.2
9775,2025-02-21,456,57,3,103.12,309.36
9775,2025-02-21,456,242,2,35.44,70.88
9775,2025-02-21,456,2,5,287.98,1439.90
9776,2025-08-09,948,209,2,148.45,296.90
9777,2025-12-14,121,236,5,469.19,2345.95
9777,2025-12-14,121,178,1,65.82,65.82
9777,2025-12-14,121,450,5,101.99,509.95
9778,2025-04-22,717,401,1,341.45,341.45
9779,2025-12-08,129,190,1,72.61,72.61
9779,2025-12-08,129,228,5,404.8,2024.0
9779,2025-12-08,129,340,3,46.68,140.04
9780,2025-09-18,597,265,4,86.31,345.24
9780,2025-09-18,597,320,2,322.83,645.66
9781,2025-07-04,357,417,4,148.93,595.72
9782,2025-04-13,221,220,3,26.81,80.43
9783,2025-02-25,934,23,1,412.11,412.11
9783,2025-02-25,934,56,4,278.79,1115.16
9783,2025-02-25,934,346,2,30.32,60.64
9784,2025-07-03,891,352,2,164.03,328.06
9785,2025-02-08,372,397,3,160.06,480.18
9785,2025-02-08,372,87,1,480.44,480.44
9785,2025-02-08,372,398,4,71.83,287.32
9786,2025-12-05,62,348,1,231.55,231.55
9786,2025-12-05,62,475,5,118.44,592.20
9787,2025-07-16,85,86,5,444.15,2220.75
9787,2025-07-16,85,256,4,127.97,511.88
9788,2025-07-27,645,226,2,285.54,571.08
9789,2025-08-19,452,445,4,485.73,1942.92
9790,2025-03-29,573,330,1,217.0,217.0
9790,2025-03-29,573,240,2,102.23,204.46
9790,2025-03-29,573,74,4,352.49,1409.96
9791,2025-11-11,532,208,1,438.21,438.21
9792,2025-09-15,799,171,2,350.16,700.32
9792,2025-09-15,799,122,5,459.94,2299.70
9793,2025-08-25,750,181,4,284.33,1137.32
9793,2025-08-25,750,32,5,342.29,1711.45
9794,2025-02-05,756,499,3,230.52,691.56
9794,2025-02-05,756,335,2,42.9,85.8
9794,2025-02-05,756,431,3,141.89,425.67
9795,2025-05-14,203,276,1,258.44,258.44
9796,2025-12-20,806,271,4,185.88,743.52
9797,2025-07-07,709,132,1,305.92,305.92
9797,2025-07-07,709,35,2,246.38,492.76
9798,2025-10-13,233,338,5,243.62,1218.10
9799,2025-04-21,72,146,1,92.21,92.21
9799,2025-04-21,72,489,2,52.69,105.38
9799,2025-04-21,72,151,1,496.87,496.87
9800,2025-10-27,299,79,4,139.58,558.32
9800,2025-10-27,299,153,5,210.94,1054.70
9801,2025-06-28,675,101,1,35.41,35.41
9801,2025-06-28,675,217,2,110.51,221.02
9802,2025-10-15,58,265,5,86.31,431.55
9803,2025-09-18,272,237,1,242.96,242.96
9803,2025-09-18,272,133,4,261.96,1047.84
9803,2025-09-18,272,291,5,346.84,1734.20
9804,2025-09-24,270,349,3,173.73,521.19
9805,2025-06-16,880,481,5,163.42,817.10
9805,2025-06-16,880,130,3,252.98,758.94
9806,2025-12-02,420,104,5,157.58,787.90
9807,2025-10-22,233,150,2,72.4,144.8
9807,2025-10-22,233,141,4,448.09,1792.36
9807,2025-10-22,233,20,2,478.78,957.56
9808,2025-10-07,447,424,3,321.07,963.21
9809,2025-12-12,365,17,2,221.62,443.24
9809,2025-12-12,365,80,4,293.7,1174.8
9809,2025-12-12,365,303,5,489.27,2446.35
9810,2025-01-26,229,221,5,109.17,545.85
9810,2025-01-26,229,108,2,393.46,786.92
9810,2025-01-26,229,83,2,322.41,644.82
9811,2025-04-22,269,16,3,241.42,724.26
9811,2025-04-22,269,403,1,215.58,215.58
9811,2025-04-22,269,33,2,194.9,389.8
9812,2025-07-29,712,420,5,72.09,360.45
9813,2025-02-22,507,179,1,153.54,153.54
9813,2025-02-22,507,263,1,157.37,157.37
9813,2025-02-22,507,368,2,83.83,167.66
9814,2025-12-08,998,299,5,383.39,1916.95
9814,2025-12-08,998,152,1,39.12,39.12
9815,2025-06-09,189,203,2,98.55,197.10
9815,2025-06-09,189,154,4,434.3,1737.2
9816,2025-09-14,334,213,4,312.66,1250.64
9816,2025-09-14,334,264,2,245.93,491.86
9817,2025-01-17,519,430,4,275.12,1100.48
9818,2025-01-06,791,126,2,41.18,82.36
9818,2025-01-06,791,96,4,5.28,21.12
9819,2025-06-04,907,134,1,284.82,284.82
9819,2025-06-04,907,358,5,329.56,1647.80
9820,2025-06-08,204,130,1,252.98,252.98
9821,2025-05-25,941,333,5,312.24,1561.20
9821,2025-05-25,941,23,4,412.11,1648.44
9822,2025-06-28,713,290,4,450.86,1803.44
9822,2025-06-28,713,153,5,210.94,1054.70
9822,2025-06-28,713,189,1,147.88,147.88
9823,2025-12-07,527,82,2,349.97,699.94
9823,2025-12-07,527,488,3,209.37,628.11
9824,2025-12-11,566,42,3,39.02,117.06
9824,2025-12-11,566,8,2,316.53,633.06
9825,2025-12-14,1,233,2,230.37,460.74
9825,2025-12-14,1,76,3,445.17,1335.51
9826,2025-02-19,757,405,5,16.73,83.65
9827,2025-09-26,986,66,5,211.47,1057.35
9827,2025-09-26,986,487,3,79.74,239.22
9828,2025-03-15,478,491,4,474.71,1898.84
9828,2025-03-15,478,97,2,113.42,226.84
9829,2025-02-25,508,124,3,225.92,677.76
9830,2024-12-28,654,368,4,83.83,335.32
9830,2024-12-28,654,442,2,155.41,310.82
9830,2024-12-28,654,377,4,401.94,1607.76
9831,2025-10-09,367,14,2,40.36,80.72
9831,2025-10-09,367,57,3,103.12,309.36
9831,2025-10-09,367,249,4,492.22,1968.88
9832,2025-08-15,912,123,2,165.07,330.14
9832,2025-08-15,912,489,3,52.69,158.07
9833,2025-09-22,71,5,4,314.52,1258.08
9833,2025-09-22,71,297,3,398.94,1196.82
9833,2025-09-22,71,86,4,444.15,1776.60
9834,2025-02-15,786,139,3,339.12,1017.36
9834,2025-02-15,786,316,4,285.22,1140.88
9834,2025-02-15,786,211,3,180.66,541.98
9835,2025-08-06,290,13,4,412.47,1649.88
9835,2025-08-06,290,36,3,12.2,36.6
9836,2025-06-07,814,42,5,39.02,195.10
9837,2025-09-26,440,117,1,142.82,142.82
9838,2025-11-01,526,185,4,335.4,1341.6
9838,2025-11-01,526,321,2,75.56,151.12
9838,2025-11-01,526,384,3,229.07,687.21
9839,2025-10-22,226,243,3,457.3,1371.9
9839,2025-10-22,226,352,2,164.03,328.06
9840,2025-07-19,981,100,5,220.87,1104.35
9841,2025-11-30,758,23,2,412.11,824.22
9842,2025-12-03,467,484,3,497.12,1491.36
9842,2025-12-03,467,339,4,247.5,990.0
9842,2025-12-03,467,283,5,384.65,1923.25
9843,2025-10-19,969,387,2,280.52,561.04
9844,2025-09-07,418,163,2,186.78,373.56
9845,2025-01-31,201,483,4,192.76,771.04
9845,2025-01-31,201,206,4,270.77,1083.08
9845,2025-01-31,201,96,5,5.28,26.40
9846,2025-08-09,72,488,2,209.37,418.74
9846,2025-08-09,72,103,3,239.95,719.85
9847,2025-04-29,928,160,3,241.99,725.97
9847,2025-04-29,928,44,3,439.63,1318.89
9848,2025-09-22,359,143,4,472.35,1889.40
9849,2025-09-19,403,144,2,398.79,797.58
9849,2025-09-19,403,105,5,58.1,290.5
9850,2025-09-15,944,392,2,141.55,283.10
9850,2025-09-15,944,18,2,298.7,597.4
9851,2025-05-01,500,185,3,335.4,1006.2
9851,2025-05-01,500,485,2,492.14,984.28
9851,2025-05-01,500,158,2,373.08,746.16
9852,2025-09-25,264,67,2,301.26,602.52
9852,2025-09-25,264,177,4,184.9,739.6
9852,2025-09-25,264,155,4,407.98,1631.92
9853,2025-10-18,998,42,1,39.02,39.02
9853,2025-10-18,998,252,5,257.9,1289.5
9854,2025-08-24,364,492,4,449.67,1798.68
9855,2025-04-10,406,471,5,327.77,1638.85
9855,2025-04-10,406,457,4,320.53,1282.12
9855,2025-04-10,406,24,3,330.39,991.17
9856,2025-05-06,419,365,3,459.25,1377.75
9856,2025-05-06,419,416,5,70.38,351.90
9856,2025-05-06,419,316,5,285.22,1426.10
9857,2025-05-10,509,492,1,449.67,449.67
9857,2025-05-10,509,456,5,452.55,2262.75
9858,2025-08-26,569,470,1,232.51,232.51
9858,2025-08-26,569,410,5,400.18,2000.90
9858,2025-08-26,569,348,4,231.55,926.20
9859,2025-07-03,342,69,5,340.46,1702.30
9859,2025-07-03,342,319,1,453.23,453.23
9860,2025-11-23,575,324,1,113.76,113.76
9860,2025-11-23,575,342,2,478.74,957.48
9861,2025-09-24,415,234,1,6.55,6.55
9861,2025-09-24,415,192,3,319.33,957.99
9861,2025-09-24,415,400,2,387.4,774.8
9862,2025-03-15,98,101,5,35.41,177.05
9862,2025-03-15,98,203,2,98.55,197.10
9863,2025-09-25,36,309,1,50.9,50.9
9863,2025-09-25,36,90,1,414.87,414.87
9863,2025-09-25,36,408,2,242.36,484.72
9864,2025-05-13,500,299,2,383.39,766.78
9864,2025-05-13,500,3,2,498.69,997.38
9864,2025-05-13,500,92,3,468.03,1404.09
9865,2025-11-06,186,363,4,154.83,619.32
9866,2025-07-14,274,119,4,244.81,979.24
9866,2025-07-14,274,45,1,250.68,250.68
9867,2025-09-14,441,185,5,335.4,1677.0
9867,2025-09-14,441,436,4,472.16,1888.64
9867,2025-09-14,441,178,5,65.82,329.10
9868,2025-08-14,807,118,5,116.6,583.0
9869,2025-02-01,908,119,1,244.81,244.81
9869,2025-02-01,908,153,5,210.94,1054.70
9870,2025-04-14,942,380,5,276.01,1380.05
9870,2025-04-14,942,41,3,114.35,343.05
9871,2025-09-22,571,413,1,496.98,496.98
9871,2025-09-22,571,65,5,430.11,2150.55
9872,2025-02-10,7,204,3,296.2,888.6
9873,2025-09-13,930,468,3,253.58,760.74
9873,2025-09-13,930,219,2,24.98,49.96
9874,2025-09-14,256,309,2,50.9,101.8
9875,2025-03-06,312,490,1,476.01,476.01
9876,2025-12-21,680,268,3,164.18,492.54
9876,2025-12-21,680,118,4,116.6,466.4
9876,2025-12-21,680,415,5,477.17,2385.85
9877,2025-05-15,75,390,4,40.96,163.84
9877,2025-05-15,75,476,5,131.18,655.90
9877,2025-05-15,75,211,1,180.66,180.66
9878,2025-03-04,67,234,3,6.55,19.65
9878,2025-03-04,67,468,1,253.58,253.58
9879,2025-04-07,706,431,4,141.89,567.56
9879,2025-04-07,706,317,5,37.27,186.35
9879,2025-04-07,706,451,5,117.67,588.35
9880,2025-11-20,135,181,4,284.33,1137.32
9880,2025-11-20,135,395,2,171.83,343.66
9880,2025-11-20,135,244,4,478.82,1915.28
9881,2025-02-10,853,13,4,412.47,1649.88
9881,2025-02-10,853,64,3,491.55,1474.65
9881,2025-02-10,853,415,2,477.17,954.34
9882,2025-10-11,114,228,3,404.8,1214.4
9882,2025-10-11,114,236,4,469.19,1876.76
9883,2025-02-12,262,324,2,113.76,227.52
9884,2025-01-07,746,37,4,37.4,149.6
9884,2025-01-07,746,212,5,122.95,614.75
9885,2025-04-16,987,353,2,272.7,545.4
9886,2025-07-27,979,139,2,339.12,678.24
9886,2025-07-27,979,299,1,383.39,383.39
9887,2025-02-06,526,179,3,153.54,460.62
9887,2025-02-06,526,121,4,492.6,1970.4
9887,2025-02-06,526,426,1,82.52,82.52
9888,2025-03-24,377,477,1,442.21,442.21
9888,2025-03-24,377,417,4,148.93,595.72
9889,2025-09-09,368,464,4,267.75,1071.00
9890,2025-11-07,295,359,5,275.01,1375.05
9890,2025-11-07,295,307,2,228.49,456.98
9890,2025-11-07,295,219,1,24.98,24.98
9891,2025-02-20,460,144,1,398.79,398.79
9892,2025-11-14,228,330,1,217.0,217.0
9892,2025-11-14,228,278,3,205.91,617.73
9892,2025-11-14,228,340,2,46.68,93.36
9893,2025-04-14,961,199,4,286.28,1145.12
9893,2025-04-14,961,238,2,472.08,944.16
9894,2025-04-12,678,314,3,239.74,719.22
9894,2025-04-12,678,336,3,381.71,1145.13
9895,2025-06-23,767,398,2,71.83,143.66
9896,2025-12-11,771,238,5,472.08,2360.40
9897,2025-10-10,621,267,2,281.05,562.10
9898,2025-10-27,917,208,5,438.21,2191.05
9899,2025-10-23,100,268,2,164.18,328.36
9899,2025-10-23,100,283,2,384.65,769.30
9899,2025-10-23,100,222,2,80.58,161.16
9900,2025-10-02,732,100,1,220.87,220.87
9901,2025-06-22,936,198,2,373.73,747.46
9901,2025-06-22,936,221,2,109.17,218.34
9901,2025-06-22,936,319,4,453.23,1812.92
9902,2025-01-22,966,248,4,45.08,180.32
9903,2025-03-31,787,27,3,227.57,682.71
9903,2025-03-31,787,439,5,18.16,90.80
9903,2025-03-31,787,83,4,322.41,1289.64
9904,2025-06-13,932,107,2,167.97,335.94
9905,2025-01-22,997,213,3,312.66,937.98
9905,2025-01-22,997,128,1,229.59,229.59
9905,2025-01-22,997,241,3,269.46,808.38
9906,2025-09-17,453,327,3,499.91,1499.73
9906,2025-09-17,453,413,2,496.98,993.96
9906,2025-09-17,453,268,1,164.18,164.18
9907,2025-07-02,926,425,2,165.2,330.4
9907,2025-07-02,926,225,3,460.72,1382.16
9907,2025-07-02,926,132,5,305.92,1529.60
9908,2025-07-28,338,407,1,325.42,325.42
9909,2025-10-09,326,473,3,341.31,1023.93
9910,2025-03-25,769,449,3,119.8,359.4
9911,2025-08-31,857,339,2,247.5,495.0
9912,2025-04-20,467,249,5,492.22,2461.10
9912,2025-04-20,467,3,3,498.69,1496.07
9912,2025-04-20,467,200,1,275.47,275.47
9913,2025-07-31,581,333,2,312.24,624.48
9914,2025-07-30,910,265,3,86.31,258.93
9914,2025-07-30,910,278,2,205.91,411.82
9914,2025-07-30,910,454,5,64.77,323.85
9915,2025-06-14,118,192,2,319.33,638.66
9916,2025-01-06,849,156,1,182.35,182.35
9917,2025-12-21,922,460,4,313.84,1255.36
9917,2025-12-21,922,489,1,52.69,52.69
9918,2025-11-08,349,76,5,445.17,2225.85
9918,2025-11-08,349,261,1,184.06,184.06
9918,2025-11-08,349,415,1,477.17,477.17
9919,2025-05-09,750,147,4,55.32,221.28
9920,2025-03-23,465,471,5,327.77,1638.85
9920,2025-03-23,465,164,1,310.9,310.9
9921,2025-05-01,600,292,5,242.18,1210.90
9922,2025-03-14,201,421,4,320.48,1281.92
9922,2025-03-14,201,111,3,157.26,471.78
9923,2025-03-01,962,139,5,339.12,1695.60
9923,2025-03-01,962,496,3,159.99,479.97
9923,2025-03-01,962,16,1,241.42,241.42
9924,2025-03-27,495,368,1,83.83,83.83
9924,2025-03-27,495,174,2,314.06,628.12
9924,2025-03-27,495,389,4,74.31,297.24
9925,2025-07-06,199,105,4,58.1,232.4
9926,2025-09-18,94,85,2,321.65,643.30
9926,2025-09-18,94,482,4,296.53,1186.12
9927,2025-06-08,209,251,1,152.34,152.34
9927,2025-06-08,209,211,3,180.66,541.98
9928,2025-04-25,826,185,3,335.4,1006.2
9928,2025-04-25,826,11,2,149.99,299.98
9928,2025-04-25,826,375,1,445.17,445.17
9929,2025-08-11,695,135,2,220.51,441.02
9929,2025-08-11,695,349,5,173.73,868.65
9930,2025-04-21,644,314,1,239.74,239.74
9930,2025-04-21,644,210,4,318.91,1275.64
9930,2025-04-21,644,167,3,224.17,672.51
9931,2025-01-13,257,423,3,410.7,1232.1
9931,2025-01-13,257,460,5,313.84,1569.20
9931,2025-01-13,257,483,1,192.76,192.76
9932,2025-09-04,582,264,5,245.93,1229.65
9932,2025-09-04,582,399,2,53.46,106.92
9933,2025-08-14,61,254,3,463.64,1390.92
9934,2025-12-02,114,411,3,147.7,443.1
9935,2025-04-17,844,330,3,217.0,651.0
9936,2025-07-13,544,421,1,320.48,320.48
9936,2025-07-13,544,457,4,320.53,1282.12
9936,2025-07-13,544,74,1,352.49,352.49
9937,2025-11-30,959,90,3,414.87,1244.61
9938,2025-06-27,142,127,4,428.76,1715.04
9938,2025-06-27,142,247,5,154.79,773.95
9938,2025-06-27,142,7,2,359.69,719.38
9939,2025-08-27,544,252,4,257.9,1031.6
9939,2025-08-27,544,284,2,165.79,331.58
9940,2025-08-31,879,61,1,351.5,351.5
9940,2025-08-31,879,324,2,113.76,227.52
9940,2025-08-31,879,56,3,278.79,836.37
9941,2025-01-30,806,307,4,228.49,913.96
9942,2025-01-31,580,423,4,410.7,1642.8
9942,2025-01-31,580,164,5,310.9,1554.5
9942,2025-01-31,580,51,1,108.84,108.84
9943,2025-09-26,526,475,3,118.44,355.32
9943,2025-09-26,526,416,3,70.38,211.14
9944,2025-07-05,12,278,3,205.91,617.73
9945,2025-11-17,137,396,5,56.06,280.30
9946,2024-12-31,876,459,5,223.31,1116.55
9946,2024-12-31,876,483,4,192.76,771.04
9946,2024-12-31,876,477,4,442.21,1768.84
9947,2025-02-28,548,44,4,439.63,1758.52
9947,2025-02-28,548,20,4,478.78,1915.12
9947,2025-02-28,548,35,5,246.38,1231.90
9948,2025-06-18,157,291,3,346.84,1040.52
9949,2025-02-07,994,29,4,178.91,715.64
9949,2025-02-07,994,464,2,267.75,535.50
9950,2025-08-16,714,353,5,272.7,1363.5
9951,2025-05-02,733,4,5,472.3,2361.5
9951,2025-05-02,733,307,2,228.49,456.98
9952,2025-01-10,394,277,4,328.27,1313.08
9953,2025-10-07,90,397,2,160.06,320.12
9954,2025-04-26,981,299,1,383.39,383.39
9955,2025-08-27,811,217,1,110.51,110.51
9955,2025-08-27,811,483,4,192.76,771.04
9956,2025-09-03,759,436,4,472.16,1888.64
9956,2025-09-03,759,303,3,489.27,1467.81
9956,2025-09-03,759,38,5,447.83,2239.15
9957,2025-02-24,489,463,5,144.91,724.55
9957,2025-02-24,489,183,5,448.54,2242.70
9957,2025-02-24,489,74,4,352.49,1409.96
9958,2025-06-12,49,277,3,328.27,984.81
9959,2025-11-26,791,145,3,20.33,60.99
9959,2025-11-26,791,215,3,33.6,100.8
9959,2025-11-26,791,110,1,443.77,443.77
9960,2025-07-14,619,346,5,30.32,151.60
9961,2025-05-23,120,46,3,392.38,1177.14
9962,2025-11-11,809,83,5,322.41,1612.05
9963,2025-12-11,375,131,4,398.64,1594.56
9964,2025-04-17,125,116,2,496.51,993.02
9964,2025-04-17,125,84,3,404.22,1212.66
9965,2025-01-05,302,246,4,426.74,1706.96
9965,2025-01-05,302,334,1,134.61,134.61
9966,2025-09-04,668,435,1,122.68,122.68
9966,2025-09-04,668,165,4,78.9,315.6
9966,2025-09-04,668,450,1,101.99,101.99
9967,2025-08-20,594,447,4,376.57,1506.28
9968,2025-01-27,900,88,4,222.45,889.80
9969,2025-10-15,576,94,1,295.93,295.93
9969,2025-10-15,576,190,2,72.61,145.22
9969,2025-10-15,576,376,1,167.79,167.79
9970,2025-02-04,280,145,4,20.33,81.32
9971,2025-05-08,599,89,2,349.52,699.04
9971,2025-05-08,599,154,5,434.3,2171.5
9972,2025-03-13,608,76,1,445.17,445.17
9972,2025-03-13,608,266,3,468.09,1404.27
9973,2025-07-05,280,307,2,228.49,456.98
9974,2024-12-27,347,466,2,477.28,954.56
9974,2024-12-27,347,116,4,496.51,1986.04
9974,2024-12-27,347,237,4,242.96,971.84
9975,2025-07-09,786,74,4,352.49,1409.96
9975,2025-07-09,786,449,2,119.8,239.6
9975,2025-07-09,786,10,1,248.75,248.75
9976,2025-09-23,76,380,2,276.01,552.02
9977,2025-03-18,214,454,5,64.77,323.85
9977,2025-03-18,214,342,2,478.74,957.48
9978,2025-11-19,684,483,4,192.76,771.04
9978,2025-11-19,684,285,1,447.68,447.68
9979,2025-07-10,10,104,3,157.58,472.74
9979,2025-07-10,10,98,5,14.53,72.65
9980,2025-12-10,571,274,2,56.74,113.48
9981,2025-02-17,338,296,5,215.06,1075.30
9981,2025-02-17,338,187,3,319.82,959.46
9981,2025-02-17,338,20,3,478.78,1436.34
9982,2025-03-14,664,186,1,436.63,436.63
9983,2025-04-25,146,364,3,84.82,254.46
9983,2025-04-25,146,72,5,409.92,2049.60
9984,2025-06-10,183,472,4,46.16,184.64
9985,2025-08-22,648,121,1,492.6,492.6
9985,2025-08-22,648,299,3,383.39,1150.17
9986,2025-02-08,952,268,1,164.18,164.18
9987,2025-10-01,390,352,4,164.03,656.12
9987,2025-10-01,390,290,5,450.86,2254.30
9987,2025-10-01,390,266,1,468.09,468.09
9988,2025-03-04,691,344,2,177.16,354.32
9988,2025-03-04,691,196,2,305.3,610.6
9989,2025-03-30,701,243,4,457.3,1829.2
9989,2025-03-30,701,327,5,499.91,2499.55
9990,2025-03-22,549,157,2,33.43,66.86
9990,2025-03-22,549,298,4,204.65,818.60
9990,2025-03-22,549,38,2,447.83,895.66
9991,2025-04-21,882,418,4,35.93,143.72
9991,2025-04-21,882,425,2,165.2,330.4
9991,2025-04-21,882,148,1,445.16,445.16
9992,2025-05-25,25,32,4,342.29,1369.16
9993,2025-05-07,835,431,4,141.89,567.56
9994,2025-05-27,184,278,2,205.91,411.82
9995,2025-01-05,204,84,3,404.22,1212.66
9996,2025-06-11,504,478,1,68.54,68.54
9997,2025-01-10,785,382,2,240.39,480.78
9997,2025-01-10,785,258,3,77.66,232.98
9998,2025-05-10,153,125,1,265.17,265.17
9998,2025-05-10,153,312,4,333.94,1335.76
9998,2025-05-10,153,183,3,448.54,1345.62
9999,2025-06-26,456,36,3,12.2,36.6
9999,2025-06-26,456,144,2,398.79,797.58
10000,2024-12-28,13,428,2,358.4,716.8
10000,2024-12-28,13,199,1,286.28,286.28
10000,2024-12-28,13,423,5,410.7,2053.5
