transaction_item_id,transaction_id,product_id,quantity,unit_price,line_total
1,1,347,2,215.05,430.1
2,1,348,2,26.36,52.72
3,2,438,4,429.8,1719.2
4,2,68,5,308.1,1540.5
5,3,134,4,122.41,489.64
6,4,23,5,388.1,1940.5
7,4,179,5,286.75,1433.75
8,4,380,5,42.57,212.85
9,5,61,2,186.05,372.1
10,5,498,5,293.84,1469.2
11,5,16,1,34.81,34.81
12,6,287,2,241.49,482.98
13,6,415,1,188.31,188.31
14,6,394,2,427.75,855.5
15,7,217,1,91.87,91.87
16,7,174,5,317.18,1585.9
17,8,243,5,183.68,918.4
18,9,305,3,381.88,1145.64
19,10,49,5,396.4,1982.0
20,10,141,4,461.99,1847.96
21,11,254,1,86.65,86.65
22,11,167,2,46.59,93.18
23,11,145,3,90.16,270.48
24,12,468,3,381.26,1143.78
25,12,262,5,271.83,1359.15
26,12,419,4,60.01,240.04
27,13,52,5,375.32,1876.6
28,13,87,2,455.33,910.66
29,14,247,5,275.67,1378.35
30,14,72,1,171.69,171.69
31,15,334,1,316.65,316.65
32,16,352,1,89.61,89.61
33,16,335,5,245.42,1227.1
34,17,131,4,266.08,1064.32
35,17,437,1,69.77,69.77
36,17,42,2,276.19,552.38
37,18,415,2,428.1,856.2
38,19,199,4,249.85,999.4
39,19,396,2,134.92,269.84
40,19,139,3,183.44,550.32
41,20,115,5,282.39,1411.95
42,20,474,2,218.94,437.88
43,20,162,2,461.77,923.54
44,21,76,4,47.71,190.84
45,21,334,2,75.09,150.18
46,22,446,2,275.05,550.1
47,22,101,2,39.74,79.48
48,22,154,2,54.04,108.08
49,23,233,3,242.36,727.08
50,24,119,2,156.19,312.38
51,24,303,1,140.08,140.08
52,25,480,3,270.89,812.67
53,25,355,2,56.36,112.72
54,26,188,3,382.04,1146.12
55,26,173,4,434.93,1739.72
56,26,251,2,460.42,920.84
57,27,16,4,154.05,616.2
58,27,411,1,432.01,432.01
59,28,229,1,263.74,263.74
60,28,93,4,98.29,393.16
61,29,283,3,61.85,185.55
62,29,265,3,35.01,105.03
63,30,181,1,19.13,19.13
64,30,340,3,212.66,637.98
65,31,12,4,411.92,1647.68
66,32,456,3,330.41,991.23
67,32,433,5,220.05,1100.25
68,33,230,2,169.66,339.32
69,33,215,2,64.46,128.92
70,34,481,3,400.87,1202.61
71,34,11,3,103.77,311.31
72,34,479,2,335.34,670.68
73,35,468,4,418.33,1673.32
74,35,216,2,338.15,676.3
75,35,463,3,402.12,1206.36
76,36,486,1,212.68,212.68
77,36,329,5,263.97,1319.85
78,36,338,1,205.98,205.98
79,37,433,3,419.62,1258.86
80,38,426,4,469.05,1876.2
81,39,234,1,343.22,343.22
82,40,228,4,88.11,352.44
83,40,49,3,124.25,372.75
84,40,271,5,357.02,1785.1
85,41,220,5,447.8,2239.0
86,42,35,4,135.02,540.08
87,42,163,4,432.68,1730.72
88,42,306,2,483.13,966.26
89,43,289,4,377.5,1510.0
90,43,445,4,185.88,743.52
91,44,11,3,345.69,1037.07
92,44,203,2,227.72,455.44
93,45,318,3,166.58,499.74
94,45,286,4,434.63,1738.52
95,45,462,3,210.08,630.24
96,46,214,2,317.89,635.78
97,46,498,2,29.98,59.96
98,46,272,1,499.6,499.6
99,47,60,4,110.36,441.44
100,48,355,3,246.53,739.59
101,49,212,4,377.68,1510.72
102,50,446,1,343.16,343.16
103,50,65,4,171.86,687.44
104,51,380,5,75.28,376.4
105,52,321,5,6.51,32.55
106,52,136,4,188.89,755.56
107,53,255,2,259.7,519.4
108,53,255,2,231.01,462.02
109,54,252,4,185.52,742.08
110,54,190,2,11.22,22.44
111,55,467,3,95.21,285.63
112,56,453,1,72.22,72.22
113,57,381,4,41.05,164.2
114,57,222,3,319.7,959.1
115,58,494,2,320.69,641.38
116,58,36,2,324.47,648.94
117,58,119,4,42.45,169.8
118,59,434,3,219.57,658.71
119,59,451,2,456.65,913.3
120,60,149,3,55.05,165.15
121,61,67,5,124.9,624.5
122,61,341,3,496.43,1489.29
123,62,470,3,286.65,859.95
124,62,73,5,367.15,1835.75
125,62,5,1,431.12,431.12
126,63,413,4,146.74,586.96
127,63,16,3,196.46,589.38
128,64,321,5,285.94,1429.7
129,64,436,4,415.24,1660.96
130,64,85,2,306.67,613.34
131,65,293,1,412.23,412.23
132,65,55,2,341.9,683.8
133,65,84,2,60.3,120.6
134,66,288,5,158.37,791.85
135,66,333,4,481.71,1926.84
136,67,114,1,305.22,305.22
137,67,210,3,144.95,434.85
138,68,80,2,188.69,377.38
139,68,247,2,284.64,569.28
140,69,112,4,323.55,1294.2
141,69,295,5,491.93,2459.65
142,70,44,5,142.87,714.35
143,70,30,5,142.14,710.7
144,71,306,4,422.75,1691.0
145,72,3,5,263.41,1317.05
146,72,452,2,334.51,669.02
147,73,66,4,440.38,1761.52
148,73,288,5,189.63,948.15
149,74,312,1,229.97,229.97
150,74,133,1,319.93,319.93
151,74,467,1,350.27,350.27
152,75,151,3,349.58,1048.74
153,75,88,5,64.92,324.6
154,75,58,2,311.51,623.02
155,76,467,1,39.01,39.01
156,77,453,4,286.57,1146.28
157,78,37,3,444.59,1333.77
158,78,348,2,224.83,449.66
159,79,197,2,31.16,62.32
160,79,65,4,206.39,825.56
161,80,382,3,375.73,1127.19
162,81,183,3,402.5,1207.5
163,81,179,1,383.06,383.06
164,81,439,1,306.09,306.09
165,82,127,1,415.76,415.76
166,82,426,1,71.04,71.04
167,83,188,4,155.45,621.8
168,83,306,3,413.22,1239.66
169,83,6,4,405.94,1623.76
170,84,247,4,467.85,1871.4
171,84,135,3,300.46,901.38
172,84,493,4,26.6,106.4
173,85,424,1,27.61,27.61
174,85,244,5,447.13,2235.65
175,86,213,4,103.72,414.88
176,86,210,4,354.66,1418.64
177,87,444,2,467.3,934.6
178,87,472,5,364.51,1822.55
179,87,420,3,336.78,1010.34
180,88,253,4,75.78,303.12
181,88,26,2,494.82,989.64
182,89,43,3,476.02,1428.06
183,89,158,5,424.96,2124.8
184,89,24,2,306.94,613.88
185,90,367,2,435.57,871.14
186,91,499,2,173.77,347.54
187,92,389,2,285.13,570.26
188,93,91,2,280.47,560.94
189,94,489,1,321.39,321.39
190,94,138,4,278.16,1112.64
191,94,23,1,492.93,492.93
192,95,271,1,431.66,431.66
193,95,463,5,76.97,384.85
194,96,268,2,423.12,846.24
195,97,159,1,126.8,126.8
196,97,76,1,150.24,150.24
197,97,183,2,387.26,774.52
198,98,433,5,214.9,1074.5
199,98,445,1,499.09,499.09
200,98,347,1,106.19,106.19
201,99,417,2,12.49,24.98
202,99,215,2,277.17,554.34
203,99,157,5,232.89,1164.45
204,100,203,5,22.55,112.75
205,100,276,2,364.19,728.38
206,101,15,5,389.51,1947.55
207,102,241,1,232.99,232.99
208,102,442,1,89.51,89.51
209,103,179,2,83.04,166.08
210,104,42,2,6.9,13.8
211,104,337,3,154.85,464.55
212,104,153,3,448.69,1346.07
213,105,32,1,367.26,367.26
214,106,115,3,335.97,1007.91
215,106,133,2,474.32,948.64
216,106,62,4,23.87,95.48
217,107,127,3,373.01,1119.03
218,107,283,4,257.55,1030.2
219,107,376,5,186.4,932.0
220,108,180,5,120.99,604.95
221,108,288,3,181.9,545.7
222,108,475,2,80.37,160.74
223,109,87,4,477.08,1908.32
224,110,428,5,201.89,1009.45
225,110,226,4,33.04,132.16
226,111,95,4,154.94,619.76
227,111,405,1,253.85,253.85
228,112,300,1,382.7,382.7
229,112,57,4,116.52,466.08
230,113,124,5,184.78,923.9
231,114,127,1,266.5,266.5
232,114,404,1,137.24,137.24
233,114,63,5,447.12,2235.6
234,115,45,4,61.49,245.96
235,115,19,5,256.77,1283.85
236,116,18,2,223.71,447.42
237,117,216,5,131.61,658.05
238,117,156,1,384.8,384.8
239,118,223,5,387.63,1938.15
240,118,56,2,135.11,270.22
241,119,65,5,171.35,856.75
242,120,184,2,453.53,907.06
243,121,381,5,243.73,1218.65
244,121,463,1,371.29,371.29
245,122,492,1,495.41,495.41
246,122,490,4,319.34,1277.36
247,122,162,4,300.0,1200.0
248,123,223,3,179.65,538.95
249,124,395,4,131.85,527.4
250,124,17,2,242.6,485.2
251,125,237,1,245.99,245.99
252,126,331,1,459.0,459.0
253,126,279,4,181.8,727.2
254,127,435,4,413.14,1652.56
255,127,26,3,76.11,228.33
256,128,53,4,198.62,794.48
257,129,249,1,439.43,439.43
258,129,46,5,468.64,2343.2
259,130,90,1,468.64,468.64
260,131,391,1,440.3,440.3
261,131,336,1,143.45,143.45
262,131,328,2,404.16,808.32
263,132,14,5,269.99,1349.95
264,133,395,5,62.24,311.2
265,133,336,4,275.14,1100.56
266,134,390,2,231.9,463.8
267,135,335,1,224.77,224.77
268,135,119,4,141.92,567.68
269,136,459,1,177.05,177.05
270,137,378,4,297.25,1189.0
271,137,141,4,349.64,1398.56
272,137,358,4,259.02,1036.08
273,138,397,5,310.76,1553.8
274,138,14,1,459.5,459.5
275,139,197,1,397.5,397.5
276,139,271,3,406.46,1219.38
277,140,77,3,439.73,1319.19
278,141,417,4,45.82,183.28
279,141,37,3,73.74,221.22
280,142,12,5,267.9,1339.5
281,142,446,4,468.0,1872.0
282,142,331,3,185.33,555.99
283,143,22,2,481.66,963.32
284,143,360,3,173.97,521.91
285,144,299,2,246.22,492.44
286,144,231,4,433.7,1734.8
287,145,423,2,458.87,917.74
288,146,108,2,19.36,38.72
289,146,345,4,99.43,397.72
290,146,167,2,218.23,436.46
291,147,358,2,193.93,387.86
292,147,477,4,386.85,1547.4
293,147,259,4,412.98,1651.92
294,148,458,4,388.62,1554.48
295,148,349,5,420.06,2100.3
296,149,393,4,106.91,427.64
297,150,43,2,411.57,823.14
298,150,432,3,363.5,1090.5
299,151,280,1,101.04,101.04
300,151,373,5,133.87,669.35
301,151,159,1,50.81,50.81
302,152,67,5,152.64,763.2
303,152,494,3,133.01,399.03
304,152,421,5,169.39,846.95
305,153,441,3,411.34,1234.02
306,154,62,2,439.43,878.86
307,154,307,1,22.23,22.23
308,154,200,3,211.95,635.85
309,155,432,5,344.05,1720.25
310,155,24,2,121.52,243.04
311,155,237,4,275.76,1103.04
312,156,232,1,204.32,204.32
313,156,420,4,376.94,1507.76
314,157,78,3,343.49,1030.47
315,158,481,1,178.43,178.43
316,159,486,1,397.32,397.32
317,160,408,4,262.73,1050.92
318,160,317,5,11.15,55.75
319,161,310,2,465.85,931.7
320,161,187,1,233.79,233.79
321,161,194,2,425.16,850.32
322,162,40,1,449.14,449.14
323,162,405,1,13.97,13.97
324,162,340,5,440.03,2200.15
325,163,188,4,442.51,1770.04
326,163,141,2,51.77,103.54
327,164,84,4,271.13,1084.52
328,165,217,2,106.41,212.82
329,165,51,3,52.75,158.25
330,165,264,4,309.02,1236.08
331,166,302,1,432.75,432.75
332,166,422,5,13.1,65.5
333,166,21,3,394.12,1182.36
334,167,183,3,119.5,358.5
335,168,484,3,411.85,1235.55
336,169,450,2,368.54,737.08
337,169,68,2,264.06,528.12
338,169,74,3,25.98,77.94
339,170,230,4,67.96,271.84
340,170,18,2,404.64,809.28
341,171,29,1,280.27,280.27
342,171,88,4,211.55,846.2
343,172,254,4,106.06,424.24
344,172,203,1,31.18,31.18
345,173,308,3,403.88,1211.64
346,173,14,4,223.65,894.6
347,173,457,1,324.63,324.63
348,174,82,1,174.42,174.42
349,175,278,5,85.23,426.15
350,176,300,2,255.32,510.64
351,177,418,4,336.52,1346.08
352,177,492,2,498.39,996.78
353,177,367,1,444.28,444.28
354,178,315,2,266.03,532.06
355,179,109,4,160.38,641.52
356,179,437,3,318.49,955.47
357,180,385,2,177.55,355.1
358,181,191,5,489.21,2446.05
359,181,449,2,478.97,957.94
360,181,245,1,204.66,204.66
361,182,172,3,370.58,1111.74
362,182,130,2,297.64,595.28
363,182,87,2,5.08,10.16
364,183,116,4,32.09,128.36
365,183,47,5,485.31,2426.55
366,183,214,2,156.43,312.86
367,184,407,4,381.5,1526.0
368,185,165,1,445.12,445.12
369,185,352,2,138.71,277.42
370,186,213,3,409.46,1228.38
371,187,129,1,496.29,496.29
372,187,10,4,268.17,1072.68
373,188,220,2,16.99,33.98
374,189,54,2,317.49,634.98
375,189,414,5,88.6,443.0
376,189,160,3,234.96,704.88
377,190,404,4,212.31,849.24
378,190,163,5,42.01,210.05
379,191,14,3,233.89,701.67
380,191,111,5,377.14,1885.7
381,191,147,5,459.01,2295.05
382,192,19,3,325.23,975.69
383,192,422,3,454.17,1362.51
384,192,89,3,41.77,125.31
385,193,441,1,38.32,38.32
386,193,379,4,330.04,1320.16
387,193,97,2,419.03,838.06
388,194,356,2,480.81,961.62
389,195,174,4,47.57,190.28
390,195,322,1,88.85,88.85
391,195,377,1,236.26,236.26
392,196,277,3,330.97,992.91
393,196,183,5,312.59,1562.95
394,197,437,3,280.28,840.84
395,197,210,2,463.25,926.5
396,197,408,5,146.81,734.05
397,198,476,3,197.42,592.26
398,199,29,3,248.24,744.72
399,199,500,3,168.0,504.0
400,200,252,2,422.1,844.2
401,201,27,2,412.95,825.9
402,202,330,1,451.81,451.81
403,203,351,3,356.72,1070.16
404,203,339,5,143.8,719.0
405,204,25,4,220.05,880.2
406,204,477,2,288.1,576.2
407,204,103,3,5.37,16.11
408,205,236,3,397.77,1193.31
409,205,398,4,217.84,871.36
410,206,217,1,145.13,145.13
411,207,25,5,144.08,720.4
412,207,298,5,473.41,2367.05
413,208,75,4,358.95,1435.8
414,209,424,5,377.31,1886.55
415,210,206,1,365.61,365.61
416,210,11,3,93.93,281.79
417,210,50,2,60.21,120.42
418,211,14,3,204.96,614.88
419,211,90,4,353.22,1412.88
420,211,224,5,166.41,832.05
421,212,48,5,272.04,1360.2
422,212,367,5,364.05,1820.25
423,212,341,1,397.45,397.45
424,213,437,3,206.58,619.74
425,213,188,2,161.92,323.84
426,214,499,5,213.75,1068.75
427,215,196,3,359.76,1079.28
428,215,489,4,306.08,1224.32
429,216,27,4,92.73,370.92
430,216,22,4,171.46,685.84
431,217,156,4,28.94,115.76
432,218,309,1,256.96,256.96
433,218,10,4,28.72,114.88
434,218,391,3,281.22,843.66
435,219,220,4,151.76,607.04
436,219,14,4,476.63,1906.52
437,219,436,3,467.25,1401.75
438,220,190,1,80.29,80.29
439,221,36,3,247.68,743.04
440,221,48,5,494.63,2473.15
441,221,425,4,490.58,1962.32
442,222,194,2,232.76,465.52
443,222,91,2,92.37,184.74
444,222,239,3,288.29,864.87
445,223,7,4,97.89,391.56
446,223,338,4,298.44,1193.76
447,223,405,1,381.09,381.09
448,224,29,1,384.59,384.59
449,225,163,2,288.2,576.4
450,226,215,2,95.81,191.62
451,226,230,2,257.93,515.86
452,226,79,1,198.87,198.87
453,227,41,3,107.51,322.53
454,227,379,2,345.97,691.94
455,227,292,5,97.87,489.35
456,228,407,5,487.35,2436.75
457,229,142,1,68.58,68.58
458,229,22,1,180.06,180.06
459,230,450,2,499.83,999.66
460,230,188,3,304.77,914.31
461,230,135,1,162.72,162.72
462,231,198,1,190.58,190.58
463,231,71,5,54.09,270.45
464,231,3,5,423.02,2115.1
465,232,228,2,198.42,396.84
466,232,409,5,243.45,1217.25
467,233,319,4,24.87,99.48
468,233,337,4,350.0,1400.0
469,234,454,4,270.15,1080.6
470,234,253,4,376.85,1507.4
471,234,326,5,5.47,27.35
472,235,128,4,352.14,1408.56
473,235,443,3,291.05,873.15
474,236,485,1,399.75,399.75
475,237,397,5,289.59,1447.95
476,238,350,2,6.83,13.66
477,239,225,5,63.17,315.85
478,239,311,5,133.23,666.15
479,240,14,3,354.96,1064.88
480,241,214,4,400.53,1602.12
481,241,242,1,275.07,275.07
482,241,378,5,487.83,2439.15
483,242,289,5,468.05,2340.25
484,242,408,3,253.25,759.75
485,242,156,2,442.13,884.26
486,243,385,2,84.46,168.92
487,243,315,2,318.05,636.1
488,243,281,3,91.55,274.65
489,244,189,1,188.21,188.21
490,244,482,3,466.41,1399.23
491,245,40,1,269.05,269.05
492,246,103,2,106.49,212.98
493,247,55,1,11.34,11.34
494,248,19,1,154.81,154.81
495,249,206,3,204.44,613.32
496,249,384,1,183.06,183.06
497,249,44,1,427.32,427.32
498,250,181,3,122.32,366.96
499,251,211,1,274.62,274.62
500,251,251,1,16.25,16.25
501,252,429,2,435.75,871.5
502,253,101,2,433.45,866.9
503,253,14,2,178.62,357.24
504,254,459,1,497.42,497.42
505,255,264,1,14.12,14.12
506,256,295,5,29.21,146.05
507,256,465,4,113.56,454.24
508,256,158,1,190.31,190.31
509,257,64,1,264.75,264.75
510,257,176,3,499.28,1497.84
511,258,394,2,62.66,125.32
512,259,27,3,172.56,517.68
513,259,122,2,44.08,88.16
514,259,160,4,286.27,1145.08
515,260,365,4,47.94,191.76
516,260,36,5,92.09,460.45
517,261,396,4,318.93,1275.72
518,262,132,3,198.97,596.91
519,262,81,5,414.19,2070.95
520,263,97,2,288.48,576.96
521,263,86,5,5.1,25.5
522,264,295,1,267.41,267.41
523,265,62,4,471.7,1886.8
524,265,89,1,376.86,376.86
525,265,38,1,481.96,481.96
526,266,95,3,218.67,656.01
527,266,137,2,401.61,803.22
528,267,262,2,185.25,370.5
529,267,102,5,105.3,526.5
530,267,493,5,216.73,1083.65
531,268,315,1,395.89,395.89
532,268,295,3,468.57,1405.71
533,268,430,3,234.19,702.57
534,269,100,4,275.54,1102.16
535,270,318,5,170.37,851.85
536,270,489,1,103.66,103.66
537,270,290,3,499.63,1498.89
538,271,226,1,11.33,11.33
539,271,315,5,199.98,999.9
540,271,419,4,153.16,612.64
541,272,302,3,105.61,316.83
542,272,217,1,392.61,392.61
543,273,352,3,391.17,1173.51
544,273,465,2,304.99,609.98
545,273,288,1,327.35,327.35
546,274,284,5,363.78,1818.9
547,274,499,5,321.73,1608.65
548,274,171,2,454.6,909.2
549,275,278,5,97.59,487.95
550,275,63,4,273.69,1094.76
551,276,231,1,432.66,432.66
552,277,251,2,380.71,761.42
553,278,276,2,346.89,693.78
554,278,26,3,320.81,962.43
555,278,232,2,190.37,380.74
556,279,77,5,183.18,915.9
557,280,184,1,435.42,435.42
558,281,283,4,352.99,1411.96
559,281,141,1,122.85,122.85
560,282,312,5,392.34,1961.7
561,282,427,1,178.32,178.32
562,283,244,2,197.36,394.72
563,284,455,4,380.01,1520.04
564,284,15,1,170.17,170.17
565,285,260,2,165.89,331.78
566,285,160,3,35.3,105.9
567,285,63,4,89.33,357.32
568,286,239,5,136.35,681.75
569,286,487,2,61.76,123.52
570,287,328,3,446.23,1338.69
571,288,115,1,58.99,58.99
572,288,21,1,441.95,441.95
573,289,51,1,399.79,399.79
574,289,294,3,171.85,515.55
575,290,340,3,193.12,579.36
576,290,317,2,88.48,176.96
577,290,109,5,194.24,971.2
578,291,186,5,320.39,1601.95
579,292,160,1,322.17,322.17
580,292,292,3,387.68,1163.04
581,293,408,3,221.41,664.23
582,293,66,3,434.57,1303.71
583,293,83,4,355.49,1421.96
584,294,231,2,343.13,686.26
585,295,216,5,27.96,139.8
586,296,82,3,60.12,180.36
587,296,200,5,50.48,252.4
588,296,90,3,31.19,93.57
589,297,4,2,342.67,685.34
590,297,65,4,35.8,143.2
591,298,373,3,41.66,124.98
592,298,94,2,357.26,714.52
593,299,134,4,90.87,363.48
594,299,351,1,288.8,288.8
595,299,312,1,129.08,129.08
596,300,326,1,164.62,164.62
597,300,348,1,153.1,153.1
598,301,487,1,185.33,185.33
599,301,435,1,463.57,463.57
600,301,295,3,229.13,687.39
601,302,204,1,16.81,16.81
602,302,215,3,401.56,1204.68
603,303,377,4,218.33,873.32
604,303,157,5,265.76,1328.8
605,304,15,3,319.69,959.07
606,304,380,5,50.67,253.35
607,305,103,4,360.13,1440.52
608,305,248,4,156.86,627.44
609,305,152,1,148.32,148.32
610,306,208,1,163.9,163.9
611,307,43,4,120.68,482.72
612,307,386,2,422.61,845.22
613,308,293,5,232.39,1161.95
614,309,10,4,63.99,255.96
615,309,368,4,71.82,287.28
616,310,72,3,260.16,780.48
617,311,264,2,83.73,167.46
618,312,50,5,477.69,2388.45
619,312,194,1,471.46,471.46
620,313,96,5,322.41,1612.05
621,313,31,5,155.01,775.05
622,314,382,5,153.27,766.35
623,315,125,4,379.3,1517.2
624,316,288,1,234.49,234.49
625,317,42,4,109.82,439.28
626,318,271,5,162.22,811.1
627,319,362,5,71.3,356.5
628,319,169,5,47.43,237.15
629,319,63,2,73.39,146.78
630,320,83,3,411.53,1234.59
631,320,371,3,468.92,1406.76
632,320,370,4,432.08,1728.32
633,321,359,3,34.18,102.54
634,321,387,3,337.21,1011.63
635,322,126,4,427.07,1708.28
636,323,113,4,143.02,572.08
637,323,115,2,105.4,210.8
638,323,125,3,295.52,886.56
639,324,327,1,200.07,200.07
640,324,251,4,126.74,506.96
641,324,152,1,108.74,108.74
642,325,67,3,99.06,297.18
643,326,73,4,161.88,647.52
644,327,167,1,64.22,64.22
645,328,473,4,163.29,653.16
646,329,109,5,186.54,932.7
647,330,121,1,284.28,284.28
648,330,369,2,311.78,623.56
649,331,160,1,56.79,56.79
650,331,266,4,330.41,1321.64
651,332,185,5,13.94,69.7
652,333,405,1,127.38,127.38
653,333,495,5,165.4,827.0
654,334,158,5,47.36,236.8
655,335,410,3,298.22,894.66
656,336,30,1,289.92,289.92
657,336,391,3,146.07,438.21
658,337,117,4,43.21,172.84
659,338,259,4,127.29,509.16
660,339,38,3,330.48,991.44
661,340,198,2,76.83,153.66
662,340,250,5,348.01,1740.05
663,341,192,1,483.34,483.34
664,341,23,2,274.76,549.52
665,342,66,2,248.11,496.22
666,342,464,2,108.51,217.02
667,342,243,3,49.8,149.4
668,343,285,2,129.74,259.48
669,343,373,2,82.43,164.86
670,344,297,3,72.59,217.77
671,345,204,1,92.3,92.3
672,345,473,4,95.68,382.72
673,345,432,2,176.69,353.38
674,346,227,4,389.05,1556.2
675,346,477,3,447.96,1343.88
676,346,162,5,304.44,1522.2
677,347,216,4,419.36,1677.44
678,347,113,4,157.74,630.96
679,347,335,2,244.01,488.02
680,348,370,3,245.15,735.45
681,349,149,1,244.71,244.71
682,349,491,3,421.08,1263.24
683,349,161,3,297.13,891.39
684,350,58,3,22.55,67.65
685,350,370,4,321.27,1285.08
686,351,132,1,129.84,129.84
687,351,109,5,67.27,336.35
688,351,313,5,108.18,540.9
689,352,307,1,364.6,364.6
690,352,352,2,328.01,656.02
691,353,319,5,311.74,1558.7
692,353,8,5,464.68,2323.4
693,353,331,4,213.78,855.12
694,354,28,2,456.49,912.98
695,355,90,3,106.24,318.72
696,355,19,5,480.31,2401.55
697,356,112,3,421.42,1264.26
698,356,48,4,340.14,1360.56
699,357,253,3,58.01,174.03
700,358,453,3,145.11,435.33
701,358,335,2,5.11,10.22
702,358,195,3,205.39,616.17
703,359,337,1,8.89,8.89
704,359,387,5,262.17,1310.85
705,360,161,4,199.89,799.56
706,360,407,2,54.86,109.72
707,360,401,4,156.08,624.32
708,361,433,5,320.19,1600.95
709,361,131,5,387.93,1939.65
710,362,94,2,424.74,849.48
711,362,301,5,399.87,1999.35
712,362,224,1,90.07,90.07
713,363,192,5,353.37,1766.85
714,363,321,2,234.72,469.44
715,363,19,1,323.5,323.5
716,364,275,2,399.37,798.74
717,364,126,3,215.26,645.78
718,364,267,3,255.87,767.61
719,365,470,2,418.61,837.22
720,365,490,3,228.35,685.05
721,365,84,2,458.3,916.6
722,366,75,5,389.94,1949.7
723,366,260,1,483.73,483.73
724,366,454,4,69.24,276.96
725,367,26,2,370.97,741.94
726,367,71,1,222.7,222.7
727,367,146,4,221.91,887.64
728,368,275,1,409.23,409.23
729,369,405,2,256.0,512.0
730,369,139,1,363.5,363.5
731,370,278,5,220.39,1101.95
732,370,370,5,310.77,1553.85
733,371,22,2,247.35,494.7
734,371,344,4,421.23,1684.92
735,372,228,3,487.33,1461.99
736,373,266,2,218.05,436.1
737,373,21,5,423.8,2119.0
738,373,8,5,214.99,1074.95
739,374,44,2,142.61,285.22
740,374,403,4,482.57,1930.28
741,374,92,4,54.14,216.56
742,375,473,5,315.87,1579.35
743,375,309,5,346.66,1733.3
744,376,283,1,468.48,468.48
745,376,155,4,51.57,206.28
746,377,443,1,27.38,27.38
747,378,450,3,187.09,561.27
748,378,73,1,494.43,494.43
749,379,145,1,350.41,350.41
750,379,277,1,281.46,281.46
751,379,229,2,122.61,245.22
752,380,317,4,379.34,1517.36
753,381,26,4,258.65,1034.6
754,382,394,2,292.46,584.92
755,383,325,2,37.55,75.1
756,383,107,5,58.23,291.15
757,383,105,4,129.82,519.28
758,384,293,4,491.51,1966.04
759,384,376,4,236.05,944.2
760,385,144,4,473.9,1895.6
761,386,342,4,302.03,1208.12
762,386,23,4,496.41,1985.64
763,387,105,1,37.99,37.99
764,388,416,4,27.91,111.64
765,388,163,4,117.54,470.16
766,388,357,5,366.24,1831.2
767,389,130,5,327.82,1639.1
768,389,454,4,146.56,586.24
769,389,138,2,419.78,839.56
770,390,410,5,234.46,1172.3
771,390,29,4,89.8,359.2
772,390,84,3,28.65,85.95
773,391,445,4,39.67,158.68
774,391,196,5,178.4,892.0
775,392,443,2,352.31,704.62
776,392,106,1,458.89,458.89
777,393,123,4,215.92,863.68
778,393,150,4,327.29,1309.16
779,393,64,3,305.87,917.61
780,394,107,2,254.74,509.48
781,394,179,3,253.41,760.23
782,394,422,4,104.13,416.52
783,395,133,3,267.47,802.41
784,396,174,5,444.48,2222.4
785,397,354,1,128.8,128.8
786,397,405,2,191.08,382.16
787,397,259,1,399.87,399.87
788,398,496,2,208.97,417.94
789,398,423,3,50.25,150.75
790,399,236,5,72.09,360.45
791,400,9,4,133.8,535.2
792,400,495,2,84.01,168.02
793,400,67,1,326.28,326.28
794,401,197,4,484.55,1938.2
795,401,440,3,217.02,651.06
796,401,293,3,274.98,824.94
797,402,269,4,84.11,336.44
798,402,349,4,224.17,896.68
799,403,81,5,166.85,834.25
800,403,154,5,395.02,1975.1
801,404,52,1,366.15,366.15
802,405,133,3,64.79,194.37
803,405,469,3,360.86,1082.58
804,406,250,4,295.11,1180.44
805,406,176,3,342.61,1027.83
806,406,259,2,30.26,60.52
807,407,303,1,399.77,399.77
808,407,335,4,469.69,1878.76
809,407,394,5,13.9,69.5
810,408,247,4,84.76,339.04
811,409,482,3,397.54,1192.62
812,409,157,5,247.79,1238.95
813,410,323,4,274.32,1097.28
814,410,49,5,250.7,1253.5
815,410,491,4,359.38,1437.52
816,411,350,3,422.99,1268.97
817,411,446,5,213.78,1068.9
818,412,12,3,480.5,1441.5
819,413,351,4,329.97,1319.88
820,413,248,4,61.74,246.96
821,413,402,4,256.17,1024.68
822,414,333,1,291.92,291.92
823,414,242,3,209.57,628.71
824,415,428,3,277.8,833.4
825,416,10,3,72.12,216.36
826,417,229,1,142.88,142.88
827,418,322,4,206.89,827.56
828,418,124,3,252.2,756.6
829,418,363,1,409.0,409.0
830,419,123,3,313.85,941.55
831,419,486,3,290.28,870.84
832,419,422,5,139.53,697.65
833,420,154,2,462.14,924.28
834,420,262,1,23.29,23.29
835,420,91,3,25.66,76.98
836,421,369,4,283.35,1133.4
837,422,235,1,422.71,422.71
838,422,383,5,283.21,1416.05
839,423,152,2,242.84,485.68
840,423,70,2,204.08,408.16
841,424,172,5,88.96,444.8
842,424,18,4,196.47,785.88
843,424,391,4,486.46,1945.84
844,425,328,3,485.56,1456.68
845,425,233,2,398.06,796.12
846,425,92,3,397.67,1193.01
847,426,1,2,82.0,164.0
848,426,469,3,291.69,875.07
849,427,345,1,88.03,88.03
850,427,183,4,197.2,788.8
851,428,242,5,341.88,1709.4
852,429,174,5,275.41,1377.05
853,429,191,3,240.42,721.26
854,429,463,2,89.18,178.36
855,430,108,3,290.93,872.79
856,431,99,2,55.54,111.08
857,432,187,2,408.13,816.26
858,432,434,1,349.08,349.08
859,433,361,4,262.08,1048.32
860,433,182,1,389.31,389.31
861,434,317,3,421.73,1265.19
862,434,115,2,440.86,881.72
863,435,271,2,495.01,990.02
864,436,309,3,400.39,1201.17
865,436,467,1,491.96,491.96
866,436,150,2,370.57,741.14
867,437,381,2,214.51,429.02
868,438,387,5,228.34,1141.7
869,438,152,4,450.74,1802.96
870,438,381,5,226.75,1133.75
871,439,119,1,451.04,451.04
872,440,310,2,140.02,280.04
873,440,230,5,78.29,391.45
874,441,174,5,201.04,1005.2
875,441,60,3,186.31,558.93
876,441,124,3,391.91,1175.73
877,442,445,5,215.32,1076.6
878,442,94,3,142.61,427.83
879,442,25,2,360.02,720.04
880,443,118,5,83.84,419.2
881,443,368,3,408.87,1226.61
882,443,280,4,377.78,1511.12
883,444,393,5,349.15,1745.75
884,444,429,3,111.75,335.25
885,444,56,2,481.67,963.34
886,445,379,1,46.99,46.99
887,446,256,3,480.18,1440.54
888,446,290,3,351.91,1055.73
889,447,113,1,175.35,175.35
890,447,488,2,182.67,365.34
891,448,337,4,317.37,1269.48
892,448,120,3,104.51,313.53
893,449,112,4,275.17,1100.68
894,450,395,5,84.4,422.0
895,450,141,4,410.92,1643.68
896,450,429,5,50.2,251.0
897,451,471,2,485.14,970.28
898,451,480,5,8.49,42.45
899,451,399,3,100.26,300.78
900,452,215,3,392.29,1176.87
901,452,391,4,333.4,1333.6
902,453,126,5,362.18,1810.9
903,453,19,1,236.91,236.91
904,453,163,2,254.05,508.1
905,454,466,4,333.67,1334.68
906,454,262,1,386.9,386.9
907,454,133,4,91.58,366.32
908,455,353,4,203.26,813.04
909,456,196,4,89.84,359.36
910,456,250,3,441.17,1323.51
911,456,372,4,220.11,880.44
912,457,41,5,109.02,545.1
913,457,199,4,102.05,408.2
914,457,430,5,409.52,2047.6
915,458,120,1,87.35,87.35
916,458,404,5,87.08,435.4
917,459,51,4,200.2,800.8
918,459,493,2,287.4,574.8
919,460,177,2,79.15,158.3
920,461,478,3,46.74,140.22
921,462,401,4,156.88,627.52
922,463,426,4,455.66,1822.64
923,463,471,4,196.98,787.92
924,463,92,4,196.46,785.84
925,464,172,5,171.34,856.7
926,464,414,5,198.94,994.7
927,465,133,3,83.71,251.13
928,466,326,4,210.32,841.28
929,467,53,3,22.1,66.3
930,467,421,4,390.28,1561.12
931,467,127,4,394.88,1579.52
932,468,67,5,22.83,114.15
933,468,6,1,323.73,323.73
934,468,316,2,369.26,738.52
935,469,363,5,181.83,909.15
936,470,40,2,401.67,803.34
937,470,170,2,359.98,719.96
938,471,429,5,148.91,744.55
939,471,336,4,409.2,1636.8
940,472,87,1,256.46,256.46
941,472,156,5,145.04,725.2
942,473,293,3,119.53,358.59
943,474,461,5,468.77,2343.85
944,474,39,2,272.84,545.68
945,474,382,2,280.81,561.62
946,475,443,3,242.65,727.95
947,475,18,2,98.33,196.66
948,475,142,1,247.63,247.63
949,476,120,2,232.46,464.92
950,476,329,2,421.68,843.36
951,477,121,3,89.71,269.13
952,478,238,3,347.95,1043.85
953,479,444,3,263.82,791.46
954,479,320,5,478.44,2392.2
955,479,231,2,391.06,782.12
956,480,201,1,386.38,386.38
957,481,326,4,398.2,1592.8
958,481,183,4,246.75,987.0
959,482,426,5,349.0,1745.0
960,482,138,4,138.48,553.92
961,483,110,3,15.84,47.52
962,483,293,3,493.77,1481.31
963,483,25,4,78.2,312.8
964,484,44,1,215.75,215.75
965,485,252,5,121.66,608.3
966,485,62,2,442.66,885.32
967,486,9,3,499.8,1499.4
968,486,363,4,403.63,1614.52
969,487,390,2,469.92,939.84
970,487,472,2,304.41,608.82
971,488,266,2,212.3,424.6
972,488,470,4,403.87,1615.48
973,488,10,3,15.21,45.63
974,489,296,3,20.96,62.88
975,490,169,3,193.58,580.74
976,490,286,5,237.84,1189.2
977,491,166,4,481.3,1925.2
978,491,423,3,462.26,1386.78
979,491,390,2,498.08,996.16
980,492,311,5,133.99,669.95
981,492,218,2,16.27,32.54
982,492,35,4,31.45,125.8
983,493,203,3,353.68,1061.04
984,493,493,4,365.18,1460.72
985,494,121,2,84.06,168.12
986,494,145,1,427.86,427.86
987,494,356,4,441.37,1765.48
988,495,161,3,97.21,291.63
989,495,156,2,350.78,701.56
990,496,421,3,401.63,1204.89
991,497,152,2,484.88,969.76
992,497,351,3,317.54,952.62
993,498,232,5,285.35,1426.75
994,499,241,5,345.89,1729.45
995,500,470,4,310.44,1241.76
996,501,216,4,156.16,624.64
997,502,125,4,485.74,1942.96
998,502,174,1,157.36,157.36
999,502,16,1,106.96,106.96
1000,503,405,4,169.34,677.36
1001,504,7,3,435.88,1307.64
1002,504,269,1,70.48,70.48
1003,504,15,4,108.01,432.04
1004,505,124,4,444.74,1778.96
1005,505,232,3,417.83,1253.49
1006,505,415,5,343.47,1717.35
1007,506,468,2,340.36,680.72
1008,507,461,2,19.37,38.74
1009,507,129,1,41.33,41.33
1010,508,456,2,309.16,618.32
1011,508,369,4,197.23,788.92
1012,508,61,2,67.4,134.8
1013,509,116,1,475.49,475.49
1014,509,243,1,299.05,299.05
1015,510,133,5,449.16,2245.8
1016,510,258,2,323.87,647.74
1017,511,374,3,31.75,95.25
1018,511,370,4,247.64,990.56
1019,511,150,5,473.04,2365.2
1020,512,479,3,5.39,16.17
1021,513,11,2,343.35,686.7
1022,513,141,3,84.98,254.94
1023,514,136,4,10.41,41.64
1024,514,494,3,213.32,639.96
1025,514,371,4,167.76,671.04
1026,515,282,1,257.61,257.61
1027,516,98,5,152.98,764.9
1028,516,385,2,65.55,131.1
1029,516,265,1,26.25,26.25
1030,517,476,1,429.95,429.95
1031,517,142,4,499.77,1999.08
1032,517,316,4,53.8,215.2
1033,518,259,1,279.75,279.75
1034,519,164,3,211.03,633.09
1035,519,148,5,277.99,1389.95
1036,520,435,5,467.75,2338.75
1037,520,158,5,342.38,1711.9
1038,521,268,1,164.42,164.42
1039,521,108,4,286.59,1146.36
1040,521,183,4,388.22,1552.88
1041,522,226,1,320.89,320.89
1042,522,381,5,79.83,399.15
1043,523,6,5,94.77,473.85
1044,523,10,5,269.79,1348.95
1045,524,206,5,116.26,581.3
1046,524,196,1,264.32,264.32
1047,525,307,3,226.54,679.62
1048,526,230,5,250.45,1252.25
1049,527,175,2,178.85,357.7
1050,527,487,4,439.22,1756.88
1051,527,398,3,318.41,955.23
1052,528,134,2,54.83,109.66
1053,529,234,2,238.69,477.38
1054,530,401,4,315.67,1262.68
1055,531,306,1,454.0,454.0
1056,532,267,3,434.68,1304.04
1057,532,231,1,454.67,454.67
1058,532,303,4,176.04,704.16
1059,533,414,1,443.96,443.96
1060,533,91,4,129.09,516.36
1061,533,111,2,72.64,145.28
1062,534,288,4,401.94,1607.76
1063,534,433,3,367.34,1102.02
1064,534,233,5,332.19,1660.95
1065,535,490,2,479.81,959.62
1066,535,72,3,355.57,1066.71
1067,535,5,2,337.58,675.16
1068,536,470,5,420.84,2104.2
1069,537,407,2,445.65,891.3
1070,537,83,3,468.71,1406.13
1071,538,182,3,55.53,166.59
1072,539,190,3,78.12,234.36
1073,539,139,3,322.0,966.0
1074,539,160,2,111.91,223.82
1075,540,280,1,347.37,347.37
1076,540,280,4,205.94,823.76
1077,541,104,4,17.12,68.48
1078,542,69,5,260.08,1300.4
1079,542,79,4,267.17,1068.68
1080,542,491,4,159.11,636.44
1081,543,351,1,63.9,63.9
1082,543,175,1,14.1,14.1
1083,544,451,5,481.74,2408.7
1084,545,322,4,132.41,529.64
1085,545,83,4,121.87,487.48
1086,545,439,5,279.13,1395.65
1087,546,215,2,13.9,27.8
1088,546,138,2,207.75,415.5
1089,546,268,3,44.83,134.49
1090,547,384,3,425.47,1276.41
1091,547,1,1,446.73,446.73
1092,547,314,4,243.23,972.92
1093,548,253,2,196.05,392.1
1094,548,355,1,253.73,253.73
1095,549,192,5,385.35,1926.75
1096,549,33,5,358.81,1794.05
1097,550,96,1,489.41,489.41
1098,551,241,1,122.43,122.43
1099,552,473,2,100.44,200.88
1100,552,273,3,311.07,933.21
1101,552,405,5,274.93,1374.65
1102,553,431,1,378.83,378.83
1103,553,263,5,121.4,607.0
1104,554,86,4,470.76,1883.04
1105,555,234,4,442.41,1769.64
1106,556,366,4,436.41,1745.64
1107,556,117,1,329.94,329.94
1108,556,166,5,214.31,1071.55
1109,557,2,3,237.4,712.2
1110,557,396,5,39.8,199.0
1111,557,262,4,486.98,1947.92
1112,558,236,5,73.7,368.5
1113,558,449,4,469.89,1879.56
1114,558,480,5,360.89,1804.45
1115,559,277,4,316.76,1267.04
1116,560,345,4,451.01,1804.04
1117,560,412,1,363.52,363.52
1118,561,129,5,271.14,1355.7
1119,561,499,3,327.98,983.94
1120,562,274,4,75.1,300.4
1121,562,51,3,350.01,1050.03
1122,563,305,1,100.7,100.7
1123,564,358,5,22.98,114.9
1124,564,25,4,428.12,1712.48
1125,565,209,5,337.8,1689.0
1126,566,323,1,184.69,184.69
1127,566,115,1,58.1,58.1
1128,566,295,2,45.39,90.78
1129,567,78,1,496.29,496.29
1130,567,427,1,61.93,61.93
1131,567,36,1,348.86,348.86
1132,568,494,1,193.44,193.44
1133,569,490,1,349.88,349.88
1134,569,14,1,440.12,440.12
1135,570,22,3,46.68,140.04
1136,570,99,4,469.71,1878.84
1137,570,63,4,10.44,41.76
1138,571,455,4,356.24,1424.96
1139,571,36,2,218.23,436.46
1140,572,185,4,282.7,1130.8
1141,573,34,1,223.78,223.78
1142,573,145,3,136.48,409.44
1143,574,10,1,71.53,71.53
1144,574,219,4,18.67,74.68
1145,574,259,1,9.6,9.6
1146,575,218,4,89.98,359.92
1147,576,121,4,439.98,1759.92
1148,576,24,3,38.9,116.7
1149,577,182,3,158.7,476.1
1150,577,250,1,80.41,80.41
1151,577,419,4,205.39,821.56
1152,578,427,1,271.98,271.98
1153,578,447,1,326.23,326.23
1154,579,296,1,328.26,328.26
1155,579,451,4,24.1,96.4
1156,580,160,5,42.48,212.4
1157,581,138,3,443.67,1331.01
1158,581,229,5,121.18,605.9
1159,582,446,2,12.14,24.28
1160,582,117,4,291.49,1165.96
1161,583,122,1,383.3,383.3
1162,583,433,3,235.88,707.64
1163,584,98,4,188.47,753.88
1164,584,419,1,328.76,328.76
1165,585,285,3,129.61,388.83
1166,585,121,1,263.13,263.13
1167,586,39,2,200.18,400.36
1168,586,348,1,86.49,86.49
1169,586,373,3,258.36,775.08
1170,587,41,1,214.62,214.62
1171,587,438,4,177.85,711.4
1172,587,408,2,64.51,129.02
1173,588,54,4,491.63,1966.52
1174,588,312,2,51.75,103.5
1175,588,399,1,49.97,49.97
1176,589,392,5,259.32,1296.6
1177,589,366,1,444.47,444.47
1178,589,395,2,304.72,609.44
1179,590,257,2,166.95,333.9
1180,590,467,5,370.38,1851.9
1181,591,395,4,256.03,1024.12
1182,591,25,1,108.28,108.28
1183,591,22,5,192.12,960.6
1184,592,378,5,84.51,422.55
1185,593,265,2,476.74,953.48
1186,593,214,4,145.01,580.04
1187,593,45,3,68.09,204.27
1188,594,268,2,407.14,814.28
1189,595,414,5,212.7,1063.5
1190,595,140,2,217.95,435.9
1191,596,285,1,266.95,266.95
1192,596,436,3,422.98,1268.94
1193,596,462,3,273.99,821.97
1194,597,207,4,322.05,1288.2
1195,598,402,2,472.68,945.36
1196,599,42,4,85.24,340.96
1197,600,74,5,103.06,515.3
1198,600,180,2,137.1,274.2
1199,601,419,5,493.14,2465.7
1200,602,499,4,470.26,1881.04
1201,602,3,4,299.55,1198.2
1202,603,198,2,85.06,170.12
1203,603,277,2,219.37,438.74
1204,603,124,2,16.03,32.06
1205,604,255,1,249.57,249.57
1206,604,105,5,451.56,2257.8
1207,604,17,1,468.98,468.98
1208,605,323,3,210.96,632.88
1209,605,450,2,204.32,408.64
1210,605,158,4,14.32,57.28
1211,606,396,5,440.05,2200.25
1212,606,20,3,430.32,1290.96
1213,607,326,1,220.5,220.5
1214,608,206,4,97.65,390.6
1215,608,438,3,115.75,347.25
1216,608,116,5,128.95,644.75
1217,609,270,3,113.14,339.42
1218,609,284,3,375.8,1127.4
1219,610,96,4,144.07,576.28
1220,611,77,5,346.8,1734.0
1221,612,33,1,206.0,206.0
1222,612,206,5,420.48,2102.4
1223,612,266,5,198.34,991.7
1224,613,354,2,218.59,437.18
1225,614,253,1,130.6,130.6
1226,615,108,4,22.46,89.84
1227,616,82,4,92.77,371.08
1228,616,407,4,97.7,390.8
1229,616,368,3,125.63,376.89
1230,617,136,4,387.56,1550.24
1231,617,250,3,401.0,1203.0
1232,618,394,3,60.29,180.87
1233,619,434,1,369.7,369.7
1234,619,209,5,496.65,2483.25
1235,619,444,2,194.05,388.1
1236,620,201,1,302.47,302.47
1237,620,126,5,355.28,1776.4
1238,621,467,5,343.75,1718.75
1239,622,289,2,126.71,253.42
1240,623,204,1,285.44,285.44
1241,624,336,3,473.09,1419.27
1242,625,155,5,341.05,1705.25
1243,625,382,4,383.37,1533.48
1244,625,348,5,289.2,1446.0
1245,626,324,5,459.79,2298.95
1246,626,426,2,459.77,919.54
1247,626,178,4,78.84,315.36
1248,627,220,4,387.16,1548.64
1249,628,163,5,266.81,1334.05
1250,628,190,3,472.51,1417.53
1251,629,415,2,255.04,510.08
1252,629,7,1,332.46,332.46
1253,629,30,5,327.17,1635.85
1254,630,24,1,373.01,373.01
1255,631,377,5,183.13,915.65
1256,631,482,3,9.23,27.69
1257,631,266,4,335.02,1340.08
1258,632,87,5,222.53,1112.65
1259,632,65,1,188.73,188.73
1260,633,12,1,378.58,378.58
1261,633,77,1,354.37,354.37
1262,634,262,2,106.74,213.48
1263,635,160,4,150.91,603.64
1264,635,268,1,420.64,420.64
1265,635,324,4,399.63,1598.52
1266,636,187,1,134.27,134.27
1267,636,420,2,418.64,837.28
1268,636,1,2,371.83,743.66
1269,637,332,4,195.99,783.96
1270,637,133,5,203.14,1015.7
1271,637,177,2,378.59,757.18
1272,638,111,4,385.32,1541.28
1273,638,144,3,402.77,1208.31
1274,638,464,1,294.53,294.53
1275,639,442,5,287.74,1438.7
1276,639,53,4,256.92,1027.68
1277,640,418,5,369.14,1845.7
1278,640,283,3,425.27,1275.81
1279,640,355,5,436.04,2180.2
1280,641,446,1,284.02,284.02
1281,641,98,4,134.84,539.36
1282,642,38,3,322.74,968.22
1283,642,174,3,11.93,35.79
1284,643,103,2,407.77,815.54
1285,643,148,5,240.72,1203.6
1286,644,397,4,71.36,285.44
1287,644,59,1,451.28,451.28
1288,645,213,1,301.66,301.66
1289,645,136,3,99.0,297.0
1290,646,124,1,133.79,133.79
1291,646,491,4,435.22,1740.88
1292,646,237,1,201.25,201.25
1293,647,191,1,162.43,162.43
1294,648,322,2,220.02,440.04
1295,648,454,5,38.2,191.0
1296,648,133,1,219.3,219.3
1297,649,132,3,6.44,19.32
1298,649,394,5,305.64,1528.2
1299,650,54,2,279.95,559.9
1300,650,19,4,76.76,307.04
1301,650,282,1,199.77,199.77
1302,651,215,1,72.87,72.87
1303,651,200,5,295.49,1477.45
1304,651,454,3,444.68,1334.04
1305,652,45,3,204.52,613.56
1306,652,396,3,447.62,1342.86
1307,652,420,5,163.34,816.7
1308,653,269,5,414.62,2073.1
1309,654,5,4,300.52,1202.08
1310,654,213,4,165.64,662.56
1311,655,362,5,246.02,1230.1
1312,655,423,2,82.96,165.92
1313,655,261,3,476.12,1428.36
1314,656,459,4,462.3,1849.2
1315,657,248,5,132.03,660.15
1316,657,354,5,472.58,2362.9
1317,658,78,1,252.89,252.89
1318,659,262,1,360.01,360.01
1319,659,149,5,436.59,2182.95
1320,660,440,1,45.73,45.73
1321,661,19,3,181.07,543.21
1322,661,258,5,251.31,1256.55
1323,662,460,1,163.08,163.08
1324,662,15,4,344.85,1379.4
1325,663,207,1,194.23,194.23
1326,663,42,2,438.2,876.4
1327,664,10,5,475.57,2377.85
1328,665,474,5,139.88,699.4
1329,666,420,3,421.26,1263.78
1330,666,262,4,55.25,221.0
1331,667,159,4,175.67,702.68
1332,668,167,1,398.57,398.57
1333,669,182,2,196.64,393.28
1334,670,341,3,297.3,891.9
1335,671,62,2,360.95,721.9
1336,671,434,1,239.45,239.45
1337,672,111,2,436.02,872.04
1338,673,280,2,94.63,189.26
1339,674,370,1,364.9,364.9
1340,674,300,2,482.74,965.48
1341,675,318,5,97.25,486.25
1342,676,414,3,398.24,1194.72
1343,676,250,3,127.68,383.04
1344,677,399,1,242.34,242.34
1345,678,400,3,479.74,1439.22
1346,678,391,4,54.5,218.0
1347,679,124,4,63.48,253.92
1348,680,42,5,443.46,2217.3
1349,681,275,4,178.37,713.48
1350,682,412,5,218.04,1090.2
1351,683,52,1,10.3,10.3
1352,683,247,4,87.72,350.88
1353,684,322,4,448.97,1795.88
1354,684,396,3,234.77,704.31
1355,685,43,3,254.05,762.15
1356,685,251,5,23.1,115.5
1357,686,229,2,13.94,27.88
1358,687,462,2,246.69,493.38
1359,687,447,2,412.63,825.26
1360,687,488,3,375.23,1125.69
1361,688,220,5,434.93,2174.65
1362,689,346,2,241.56,483.12
1363,690,32,1,458.55,458.55
1364,691,100,2,65.23,130.46
1365,692,450,1,148.77,148.77
1366,693,388,3,189.23,567.69
1367,693,372,1,45.07,45.07
1368,693,191,1,346.69,346.69
1369,694,175,3,117.89,353.67
1370,694,451,5,479.25,2396.25
1371,695,404,3,262.46,787.38
1372,695,449,3,340.84,1022.52
1373,695,111,3,438.08,1314.24
1374,696,302,4,254.07,1016.28
1375,697,25,5,422.96,2114.8
1376,697,410,3,238.4,715.2
1377,698,392,3,93.0,279.0
1378,698,34,2,173.91,347.82
1379,698,391,2,190.28,380.56
1380,699,100,4,196.51,786.04
1381,699,412,5,382.61,1913.05
1382,700,108,5,141.01,705.05
1383,701,129,5,492.75,2463.75
1384,701,488,1,201.26,201.26
1385,701,37,1,189.83,189.83
1386,702,162,2,220.9,441.8
1387,702,491,1,389.72,389.72
1388,703,108,1,32.98,32.98
1389,703,333,2,198.44,396.88
1390,703,500,5,105.45,527.25
1391,704,466,3,408.68,1226.04
1392,704,36,3,171.04,513.12
1393,704,419,5,219.82,1099.1
1394,705,466,5,196.21,981.05
1395,705,396,3,117.22,351.66
1396,705,164,4,491.55,1966.2
1397,706,465,4,134.44,537.76
1398,707,61,2,163.79,327.58
1399,707,409,2,92.43,184.86
1400,707,379,3,92.29,276.87
1401,708,103,4,352.2,1408.8
1402,709,241,2,424.25,848.5
1403,709,102,4,210.97,843.88
1404,709,154,5,350.01,1750.05
1405,710,169,2,230.71,461.42
1406,710,155,5,348.39,1741.95
1407,711,179,1,351.67,351.67
1408,711,20,4,129.72,518.88
1409,711,192,1,199.6,199.6
1410,712,156,4,491.43,1965.72
1411,712,112,5,115.18,575.9
1412,713,26,3,26.54,79.62
1413,713,402,4,357.79,1431.16
1414,714,334,1,471.2,471.2
1415,714,331,4,441.62,1766.48
1416,715,214,2,230.35,460.7
1417,715,388,5,373.62,1868.1
1418,715,227,3,417.64,1252.92
1419,716,189,3,25.95,77.85
1420,717,250,3,211.44,634.32
1421,718,463,4,289.63,1158.52
1422,718,444,5,125.76,628.8
1423,718,79,4,357.95,1431.8
1424,719,190,5,108.57,542.85
1425,719,51,5,264.03,1320.15
1426,719,199,2,466.17,932.34
1427,720,311,3,217.13,651.39
1428,720,498,4,223.67,894.68
1429,721,132,3,445.72,1337.16
1430,721,137,5,13.8,69.0
1431,721,251,2,361.27,722.54
1432,722,281,4,116.39,465.56
1433,722,72,4,480.65,1922.6
1434,722,436,2,136.27,272.54
1435,723,273,5,353.62,1768.1
1436,724,339,2,454.29,908.58
1437,725,354,5,224.95,1124.75
1438,725,231,3,444.53,1333.59
1439,726,475,3,194.46,583.38
1440,726,319,4,207.85,831.4
1441,726,425,3,304.91,914.73
1442,727,215,5,243.39,1216.95
1443,727,292,3,369.62,1108.86
1444,728,39,4,138.61,554.44
1445,729,405,4,474.36,1897.44
1446,729,284,5,408.95,2044.75
1447,730,334,3,242.31,726.93
1448,730,238,2,146.45,292.9
1449,731,154,4,109.3,437.2
1450,732,23,1,67.44,67.44
1451,733,246,2,497.62,995.24
1452,733,457,4,400.48,1601.92
1453,733,272,2,140.84,281.68
1454,734,113,2,213.46,426.92
1455,734,117,5,337.61,1688.05
1456,734,418,5,137.25,686.25
1457,735,115,4,255.68,1022.72
1458,735,392,5,236.83,1184.15
1459,735,47,5,431.71,2158.55
1460,736,348,4,221.84,887.36
1461,737,408,4,109.12,436.48
1462,738,355,3,171.1,513.3
1463,738,184,3,231.86,695.58
1464,738,483,1,176.0,176.0
1465,739,153,1,475.4,475.4
1466,740,382,3,263.71,791.13
1467,740,412,5,466.94,2334.7
1468,740,467,3,178.68,536.04
1469,741,267,4,411.27,1645.08
1470,741,160,2,371.49,742.98
1471,741,267,5,179.75,898.75
1472,742,179,4,185.89,743.56
1473,742,235,3,170.72,512.16
1474,742,140,1,266.54,266.54
1475,743,213,4,155.89,623.56
1476,743,26,4,114.81,459.24
1477,744,223,4,291.58,1166.32
1478,744,485,4,354.21,1416.84
1479,745,443,1,138.43,138.43
1480,745,386,3,354.73,1064.19
1481,745,412,4,148.9,595.6
1482,746,163,5,385.34,1926.7
1483,746,100,4,338.33,1353.32
1484,746,275,2,12.69,25.38
1485,747,122,4,28.54,114.16
1486,747,441,4,305.3,1221.2
1487,747,298,2,287.8,575.6
1488,748,273,2,228.18,456.36
1489,748,123,2,129.87,259.74
1490,748,142,1,122.64,122.64
1491,749,28,1,489.35,489.35
1492,749,338,5,404.71,2023.55
1493,749,108,1,310.96,310.96
1494,750,490,1,113.12,113.12
1495,750,276,2,399.31,798.62
1496,751,315,5,107.7,538.5
1497,752,62,1,15.24,15.24
1498,752,219,3,122.74,368.22
1499,753,66,4,476.52,1906.08
1500,753,189,5,122.22,611.1
1501,753,355,2,312.6,625.2
1502,754,391,1,162.0,162.0
1503,754,403,2,85.88,171.76
1504,754,311,1,359.22,359.22
1505,755,468,2,432.6,865.2
1506,755,215,2,398.71,797.42
1507,756,230,1,57.63,57.63
1508,757,330,2,376.69,753.38
1509,757,152,4,119.37,477.48
1510,758,398,1,323.21,323.21
1511,758,180,5,55.56,277.8
1512,758,273,3,214.15,642.45
1513,759,104,5,348.85,1744.25
1514,759,453,1,174.73,174.73
1515,760,114,5,475.1,2375.5
1516,760,125,2,142.02,284.04
1517,760,419,5,142.26,711.3
1518,761,325,1,93.27,93.27
1519,762,149,5,263.78,1318.9
1520,762,158,3,8.49,25.47
1521,763,234,5,177.88,889.4
1522,763,419,1,116.21,116.21
1523,763,474,5,460.39,2301.95
1524,764,409,3,243.48,730.44
1525,764,241,4,401.74,1606.96
1526,765,119,4,270.87,1083.48
1527,765,223,4,398.31,1593.24
1528,765,193,2,397.28,794.56
1529,766,56,4,241.84,967.36
1530,766,13,4,333.04,1332.16
1531,767,253,5,152.95,764.75
1532,768,46,4,335.23,1340.92
1533,768,456,1,490.97,490.97
1534,769,405,5,168.86,844.3
1535,769,394,1,187.45,187.45
1536,769,406,1,28.03,28.03
1537,770,80,2,451.69,903.38
1538,770,458,1,101.92,101.92
1539,771,50,5,137.11,685.55
1540,771,393,3,10.34,31.02
1541,771,481,2,418.48,836.96
1542,772,45,5,403.18,2015.9
1543,773,277,4,243.32,973.28
1544,773,495,4,395.03,1580.12
1545,774,362,5,84.54,422.7
1546,774,356,3,129.29,387.87
1547,775,66,2,138.59,277.18
1548,776,160,5,352.08,1760.4
1549,776,408,1,98.04,98.04
1550,776,373,1,385.8,385.8
1551,777,327,3,41.53,124.59
1552,778,409,4,362.33,1449.32
1553,778,434,1,231.64,231.64
1554,778,80,5,375.76,1878.8
1555,779,35,3,294.43,883.29
1556,779,383,4,417.3,1669.2
1557,779,313,3,293.42,880.26
1558,780,406,5,234.03,1170.15
1559,780,371,5,225.09,1125.45
1560,781,154,2,5.31,10.62
1561,781,97,2,212.5,425.0
1562,781,412,2,167.54,335.08
1563,782,485,5,318.64,1593.2
1564,783,20,1,114.78,114.78
1565,783,333,1,143.23,143.23
1566,784,266,3,176.66,529.98
1567,784,475,4,125.21,500.84
1568,784,489,5,424.43,2122.15
1569,785,282,2,217.9,435.8
1570,785,403,4,105.86,423.44
1571,785,247,3,239.16,717.48
1572,786,305,5,66.41,332.05
1573,787,221,2,183.82,367.64
1574,788,36,2,212.54,425.08
1575,788,347,5,73.96,369.8
1576,788,40,2,238.45,476.9
1577,789,170,3,80.97,242.91
1578,789,372,3,28.44,85.32
1579,789,9,5,58.12,290.6
1580,790,9,4,201.48,805.92
1581,790,197,5,249.86,1249.3
1582,790,439,1,182.31,182.31
1583,791,141,2,126.44,252.88
1584,791,136,2,141.49,282.98
1585,792,204,5,80.39,401.95
1586,793,406,4,268.35,1073.4
1587,793,444,2,164.43,328.86
1588,794,6,3,146.15,438.45
1589,794,131,5,354.76,1773.8
1590,794,313,5,301.61,1508.05
1591,795,137,1,351.62,351.62
1592,796,357,1,356.04,356.04
1593,796,3,1,311.02,311.02
1594,796,252,4,418.87,1675.48
1595,797,447,5,203.06,1015.3
1596,797,293,2,198.87,397.74
1597,797,72,3,201.33,603.99
1598,798,363,1,155.52,155.52
1599,798,218,3,466.54,1399.62
1600,799,422,1,350.58,350.58
1601,800,43,1,421.75,421.75
1602,801,390,1,271.42,271.42
1603,802,202,2,114.72,229.44
1604,803,492,4,229.74,918.96
1605,803,153,3,37.76,113.28
1606,803,435,4,430.57,1722.28
1607,804,269,1,178.47,178.47
1608,804,418,4,148.47,593.88
1609,805,114,5,431.59,2157.95
1610,805,31,5,276.54,1382.7
1611,806,138,4,496.75,1987.0
1612,806,114,1,157.62,157.62
1613,807,484,2,437.51,875.02
1614,807,448,3,352.77,1058.31
1615,808,482,2,480.0,960.0
1616,809,253,5,121.61,608.05
1617,809,417,4,431.77,1727.08
1618,810,316,5,152.76,763.8
1619,811,26,2,348.63,697.26
1620,812,237,3,312.85,938.55
1621,813,395,2,424.54,849.08
1622,814,245,1,53.62,53.62
1623,815,106,5,27.72,138.6
1624,816,271,4,186.6,746.4
1625,816,356,4,160.35,641.4
1626,817,388,2,156.97,313.94
1627,817,23,4,241.03,964.12
1628,818,98,4,324.61,1298.44
1629,818,257,1,155.87,155.87
1630,819,479,3,108.76,326.28
1631,819,258,3,204.14,612.42
1632,819,103,1,141.95,141.95
1633,820,351,1,274.66,274.66
1634,820,194,4,101.76,407.04
1635,821,346,3,428.13,1284.39
1636,821,213,1,127.38,127.38
1637,821,97,4,424.75,1699.0
1638,822,17,2,7.68,15.36
1639,822,480,1,406.47,406.47
1640,823,156,5,35.36,176.8
1641,823,122,3,24.1,72.3
1642,823,361,4,425.77,1703.08
1643,824,375,4,336.76,1347.04
1644,825,440,4,52.27,209.08
1645,825,427,3,219.29,657.87
1646,826,162,1,56.45,56.45
1647,826,352,1,316.53,316.53
1648,827,421,5,231.65,1158.25
1649,827,287,4,410.64,1642.56
1650,827,229,4,415.3,1661.2
1651,828,415,3,167.51,502.53
1652,828,339,5,472.59,2362.95
1653,829,491,2,196.78,393.56
1654,829,99,1,404.73,404.73
1655,830,37,4,450.86,1803.44
1656,831,85,3,340.41,1021.23
1657,832,406,3,379.78,1139.34
1658,832,158,4,91.9,367.6
1659,832,489,4,211.7,846.8
1660,833,354,3,325.18,975.54
1661,833,67,2,434.5,869.0
1662,834,98,2,281.12,562.24
1663,835,424,5,285.05,1425.25
1664,836,499,3,96.44,289.32
1665,836,118,3,494.18,1482.54
1666,837,411,3,200.44,601.32
1667,837,50,5,58.77,293.85
1668,838,116,3,279.67,839.01
1669,839,83,4,135.98,543.92
1670,839,39,1,208.51,208.51
1671,840,439,1,349.95,349.95
1672,840,86,2,73.47,146.94
1673,840,118,1,45.09,45.09
1674,841,192,5,59.47,297.35
1675,842,135,3,193.79,581.37
1676,842,18,4,290.58,1162.32
1677,842,348,2,209.59,419.18
1678,843,12,4,299.22,1196.88
1679,843,74,2,50.78,101.56
1680,843,68,3,200.51,601.53
1681,844,377,5,411.36,2056.8
1682,845,150,3,447.17,1341.51
1683,845,113,1,317.35,317.35
1684,846,492,1,333.8,333.8
1685,847,1,4,196.36,785.44
1686,847,255,1,33.03,33.03
1687,847,470,5,426.07,2130.35
1688,848,408,4,320.24,1280.96
1689,848,159,1,187.09,187.09
1690,849,378,2,348.99,697.98
1691,849,165,4,261.41,1045.64
1692,850,426,4,260.06,1040.24
1693,850,192,1,313.96,313.96
1694,850,249,5,210.94,1054.7
1695,851,187,5,98.2,491.0
1696,851,400,3,354.33,1062.99
1697,852,332,5,249.72,1248.6
1698,852,269,2,410.1,820.2
1699,853,85,4,274.61,1098.44
1700,854,105,2,120.18,240.36
1701,854,351,5,432.62,2163.1
1702,855,19,4,490.09,1960.36
1703,855,58,4,168.51,674.04
1704,856,108,5,84.45,422.25
1705,857,366,5,123.51,617.55
1706,857,347,3,297.65,892.95
1707,857,281,2,250.96,501.92
1708,858,403,1,262.59,262.59
1709,858,471,3,380.05,1140.15
1710,858,370,2,14.94,29.88
1711,859,145,4,270.19,1080.76
1712,860,33,4,425.74,1702.96
1713,860,472,3,313.94,941.82
1714,861,210,3,436.75,1310.25
1715,861,498,3,260.11,780.33
1716,862,246,4,319.42,1277.68
1717,863,415,3,186.16,558.48
1718,864,13,3,425.11,1275.33
1719,864,199,4,474.07,1896.28
1720,864,86,3,198.83,596.49
1721,865,60,1,216.16,216.16
1722,866,378,2,199.44,398.88
1723,866,214,1,25.97,25.97
1724,866,486,4,391.4,1565.6
1725,867,67,1,98.99,98.99
1726,868,206,4,315.96,1263.84
1727,869,79,2,352.11,704.22
1728,869,12,5,136.26,681.3
1729,870,174,4,183.09,732.36
1730,870,352,5,410.69,2053.45
1731,871,197,3,405.35,1216.05
1732,872,196,5,39.3,196.5
1733,872,187,3,76.33,228.99
1734,873,180,2,146.76,293.52
1735,873,417,2,121.52,243.04
1736,873,66,1,19.95,19.95
1737,874,204,4,426.26,1705.04
1738,874,287,1,321.6,321.6
1739,874,370,3,469.76,1409.28
1740,875,260,1,463.56,463.56
1741,875,468,4,53.15,212.6
1742,875,366,3,320.12,960.36
1743,876,340,4,451.32,1805.28
1744,877,458,3,368.91,1106.73
1745,878,280,2,280.86,561.72
1746,878,218,4,18.96,75.84
1747,878,295,1,372.09,372.09
1748,879,252,1,283.33,283.33
1749,880,107,5,188.54,942.7
1750,881,21,5,252.18,1260.9
1751,881,105,3,446.76,1340.28
1752,881,38,2,176.7,353.4
1753,882,138,3,387.32,1161.96
1754,882,289,3,469.86,1409.58
1755,882,194,2,63.08,126.16
1756,883,312,1,272.9,272.9
1757,883,131,2,346.54,693.08
1758,883,48,5,478.58,2392.9
1759,884,36,2,211.63,423.26
1760,885,412,3,33.77,101.31
1761,886,280,5,60.4,302.0
1762,886,205,4,163.88,655.52
1763,886,429,4,372.16,1488.64
1764,887,350,4,196.68,786.72
1765,888,162,5,117.25,586.25
1766,888,33,4,49.64,198.56
1767,888,53,5,311.63,1558.15
1768,889,4,4,173.34,693.36
1769,890,242,1,408.76,408.76
1770,890,313,2,156.51,313.02
1771,890,117,4,435.36,1741.44
1772,891,355,2,83.3,166.6
1773,891,153,1,489.21,489.21
1774,891,481,2,491.96,983.92
1775,892,160,2,117.56,235.12
1776,893,382,3,461.96,1385.88
1777,893,98,5,477.41,2387.05
1778,894,429,4,317.65,1270.6
1779,894,103,5,257.31,1286.55
1780,894,18,5,307.87,1539.35
1781,895,28,1,331.53,331.53
1782,896,411,3,224.74,674.22
1783,896,487,1,137.79,137.79
1784,896,318,2,281.44,562.88
1785,897,258,3,487.74,1463.22
1786,898,7,5,137.61,688.05
1787,898,347,2,237.55,475.1
1788,898,387,3,222.51,667.53
1789,899,8,5,255.12,1275.6
1790,899,367,2,469.6,939.2
1791,900,293,5,273.6,1368.0
1792,900,268,3,353.13,1059.39
1793,900,136,3,280.27,840.81
1794,901,114,5,330.02,1650.1
1795,902,426,1,121.86,121.86
1796,903,200,3,180.16,540.48
1797,903,468,2,13.92,27.84
1798,903,127,2,412.47,824.94
1799,904,137,5,420.17,2100.85
1800,904,18,2,341.79,683.58
1801,904,136,5,150.38,751.9
1802,905,144,5,113.38,566.9
1803,905,98,3,148.91,446.73
1804,905,419,5,135.39,676.95
1805,906,355,4,179.28,717.12
1806,906,212,3,23.34,70.02
1807,907,175,5,498.81,2494.05
1808,907,228,1,169.02,169.02
1809,907,139,5,30.21,151.05
1810,908,112,4,410.24,1640.96
1811,908,443,3,367.37,1102.11
1812,908,468,5,173.55,867.75
1813,909,270,2,385.95,771.9
1814,909,139,4,73.28,293.12
1815,910,266,3,484.01,1452.03
1816,911,113,4,174.71,698.84
1817,912,352,3,11.73,35.19
1818,912,125,4,444.12,1776.48
1819,912,302,5,27.7,138.5
1820,913,153,4,332.62,1330.48
1821,914,370,4,201.26,805.04
1822,914,297,1,119.84,119.84
1823,914,479,3,40.9,122.7
1824,915,325,1,183.44,183.44
1825,915,45,5,39.65,198.25
1826,915,302,1,476.48,476.48
1827,916,390,2,332.34,664.68
1828,916,276,3,318.14,954.42
1829,917,252,4,495.73,1982.92
1830,917,229,1,249.85,249.85
1831,918,486,4,40.4,161.6
1832,918,147,5,93.41,467.05
1833,918,251,5,242.52,1212.6
1834,919,282,5,236.67,1183.35
1835,919,132,5,285.22,1426.1
1836,919,451,3,43.79,131.37
1837,920,469,2,18.47,36.94
1838,920,12,4,98.34,393.36
1839,921,144,1,108.29,108.29
1840,921,95,5,439.8,2199.0
1841,922,53,3,151.11,453.33
1842,923,48,3,151.83,455.49
1843,923,384,1,389.36,389.36
1844,923,84,4,451.45,1805.8
1845,924,93,1,337.33,337.33
1846,924,19,4,185.41,741.64
1847,925,356,5,312.95,1564.75
1848,925,484,5,265.49,1327.45
1849,925,451,1,100.88,100.88
1850,926,276,1,77.52,77.52
1851,927,87,1,370.12,370.12
1852,928,484,5,39.33,196.65
1853,929,200,4,118.73,474.92
1854,930,466,5,406.69,2033.45
1855,930,436,5,31.52,157.6
1856,931,5,3,357.05,1071.15
1857,932,103,1,433.33,433.33
1858,932,235,5,365.51,1827.55
1859,932,39,1,488.78,488.78
1860,933,432,2,48.91,97.82
1861,933,382,2,459.71,919.42
1862,933,326,4,451.48,1805.92
1863,934,483,3,253.4,760.2
1864,934,184,5,343.99,1719.95
1865,934,82,5,309.26,1546.3
1866,935,452,2,79.31,158.62
1867,935,97,2,392.48,784.96
1868,936,449,5,231.98,1159.9
1869,937,229,4,292.14,1168.56
1870,938,307,5,370.6,1853.0
1871,938,309,4,246.82,987.28
1872,938,379,4,6.97,27.88
1873,939,351,2,343.97,687.94
1874,939,156,3,323.67,971.01
1875,940,174,5,64.03,320.15
1876,941,194,2,443.5,887.0
1877,942,23,4,292.32,1169.28
1878,943,59,2,24.1,48.2
1879,944,131,5,60.55,302.75
1880,944,368,1,272.39,272.39
1881,944,201,1,402.48,402.48
1882,945,333,4,478.69,1914.76
1883,946,150,1,422.71,422.71
1884,947,366,4,130.38,521.52
1885,947,49,3,477.09,1431.27
1886,947,428,3,33.08,99.24
1887,948,303,3,302.85,908.55
1888,949,73,3,260.64,781.92
1889,950,472,5,465.43,2327.15
1890,951,114,5,402.17,2010.85
1891,951,7,4,360.74,1442.96
1892,952,483,4,424.63,1698.52
1893,952,447,2,261.41,522.82
1894,953,385,2,179.27,358.54
1895,953,405,1,229.76,229.76
1896,953,149,5,108.8,544.0
1897,954,151,5,421.18,2105.9
1898,954,471,5,105.5,527.5
1899,954,197,3,207.21,621.63
1900,955,344,3,250.93,752.79
1901,955,274,1,172.54,172.54
1902,956,24,2,57.09,114.18
1903,956,340,2,306.22,612.44
1904,957,332,2,225.36,450.72
1905,957,352,3,33.63,100.89
1906,958,396,5,139.34,696.7
1907,959,154,3,230.21,690.63
1908,959,20,2,386.38,772.76
1909,960,25,1,325.5,325.5
1910,961,57,3,420.88,1262.64
1911,961,404,1,391.13,391.13
1912,961,37,2,415.0,830.0
1913,962,281,3,224.89,674.67
1914,962,63,5,232.5,1162.5
1915,962,433,3,457.41,1372.23
1916,963,371,5,39.7,198.5
1917,963,459,2,478.8,957.6
1918,963,386,2,74.91,149.82
1919,964,366,5,475.81,2379.05
1920,965,32,1,355.85,355.85
1921,966,495,1,280.03,280.03
1922,967,94,5,335.09,1675.45
1923,967,313,5,271.94,1359.7
1924,968,487,2,145.53,291.06
1925,968,358,3,186.52,559.56
1926,969,412,2,256.92,513.84
1927,969,383,4,412.64,1650.56
1928,970,236,4,17.56,70.24
1929,970,227,3,100.39,301.17
1930,971,41,2,176.46,352.92
1931,971,403,2,62.03,124.06
1932,972,387,3,392.48,1177.44
1933,972,317,2,290.31,580.62
1934,972,264,4,327.02,1308.08
1935,973,282,5,231.18,1155.9
1936,974,410,1,308.88,308.88
1937,974,430,2,390.97,781.94
1938,974,6,3,173.51,520.53
1939,975,472,2,174.89,349.78
1940,975,23,5,410.56,2052.8
1941,975,321,3,191.55,574.65
1942,976,6,4,133.47,533.88
1943,976,190,5,23.67,118.35
1944,977,223,1,293.14,293.14
1945,977,127,4,139.95,559.8
1946,977,259,5,443.31,2216.55
1947,978,224,4,185.7,742.8
1948,979,439,2,90.12,180.24
1949,979,401,5,200.0,1000.0
1950,979,330,3,131.22,393.66
1951,980,472,4,73.76,295.04
1952,981,217,4,149.05,596.2
1953,981,340,5,451.6,2258.0
1954,982,431,5,115.69,578.45
1955,982,156,4,101.45,405.8
1956,982,286,1,115.66,115.66
1957,983,110,1,415.72,415.72
1958,983,181,4,192.9,771.6
1959,983,269,3,9.19,27.57
1960,984,481,5,289.68,1448.4
1961,984,28,2,87.78,175.56
1962,985,144,4,132.2,528.8
1963,985,191,3,149.36,448.08
1964,986,363,5,152.85,764.25
1965,986,88,1,245.2,245.2
1966,987,374,2,230.24,460.48
1967,987,292,3,267.74,803.22
1968,987,317,2,17.3,34.6
1969,988,450,1,14.42,14.42
1970,988,307,4,404.58,1618.32
1971,988,6,2,385.77,771.54
1972,989,169,2,395.89,791.78
1973,989,364,3,160.88,482.64
1974,990,123,1,174.8,174.8
1975,990,22,1,128.45,128.45
1976,991,290,3,167.42,502.26
1977,991,198,5,457.9,2289.5
1978,991,123,1,277.86,277.86
1979,992,423,5,45.69,228.45
1980,992,321,3,97.36,292.08
1981,992,128,5,193.6,968.0
1982,993,127,1,22.09,22.09
1983,993,494,3,376.97,1130.91
1984,994,130,1,410.59,410.59
1985,994,198,5,307.68,1538.4
1986,994,418,2,90.44,180.88
1987,995,7,4,430.15,1720.6
1988,995,20,1,345.61,345.61
1989,995,111,3,365.28,1095.84
1990,996,39,1,270.84,270.84
1991,996,2,1,247.5,247.5
1992,997,232,2,290.15,580.3
1993,997,21,2,232.84,465.68
1994,998,88,3,201.47,604.41
1995,998,298,5,298.33,1491.65
1996,999,10,1,148.85,148.85
1997,999,252,1,482.47,482.47
1998,999,58,2,155.48,310.96
1999,1000,351,2,139.97,279.94
2000,1000,110,5,106.98,534.9
2001,1000,456,1,436.39,436.39
2002,1001,84,5,190.63,953.15
2003,1002,65,5,411.36,2056.8
2004,1003,114,5,13.61,68.05
2005,1004,41,4,496.38,1985.52
2006,1004,334,4,192.47,769.88
2007,1004,216,4,59.37,237.48
2008,1005,308,5,279.96,1399.8
2009,1005,182,1,493.3,493.3
2010,1005,388,1,384.89,384.89
2011,1006,488,3,8.19,24.57
2012,1007,113,1,48.59,48.59
2013,1007,272,1,307.07,307.07
2014,1008,21,4,437.01,1748.04
2015,1009,231,2,91.94,183.88
2016,1009,452,5,45.99,229.95
2017,1010,267,3,408.09,1224.27
2018,1010,295,4,321.3,1285.2
2019,1010,221,3,451.02,1353.06
2020,1011,422,1,26.39,26.39
2021,1011,458,5,460.04,2300.2
2022,1012,4,4,97.29,389.16
2023,1012,215,4,445.71,1782.84
2024,1013,329,1,125.37,125.37
2025,1013,53,1,280.08,280.08
2026,1014,203,1,88.98,88.98
2027,1015,423,1,37.61,37.61
2028,1016,168,3,258.72,776.16
2029,1016,57,1,219.94,219.94
2030,1016,422,5,158.14,790.7
2031,1017,439,3,58.78,176.34
2032,1017,393,1,436.66,436.66
2033,1018,244,5,243.49,1217.45
2034,1019,314,2,298.42,596.84
2035,1019,32,4,379.86,1519.44
2036,1020,103,5,227.88,1139.4
2037,1020,202,5,415.17,2075.85
2038,1021,421,2,155.09,310.18
2039,1022,183,1,295.99,295.99
2040,1022,137,5,369.5,1847.5
2041,1022,468,2,173.67,347.34
2042,1023,80,4,55.55,222.2
2043,1023,232,2,499.51,999.02
2044,1024,279,2,37.28,74.56
2045,1024,34,1,155.99,155.99
2046,1024,59,3,64.76,194.28
2047,1025,110,2,290.85,581.7
2048,1025,483,4,494.24,1976.96
2049,1026,116,3,499.88,1499.64
2050,1026,439,2,106.56,213.12
2051,1026,363,5,190.39,951.95
2052,1027,143,4,247.45,989.8
2053,1028,13,3,320.47,961.41
2054,1028,257,1,155.03,155.03
2055,1028,388,2,111.66,223.32
2056,1029,232,5,79.59,397.95
2057,1029,464,1,423.47,423.47
2058,1030,330,3,12.7,38.1
2059,1031,4,4,153.85,615.4
2060,1032,205,3,365.7,1097.1
2061,1032,344,1,377.69,377.69
2062,1033,163,3,169.61,508.83
2063,1033,168,4,352.08,1408.32
2064,1033,100,3,299.59,898.77
2065,1034,132,3,105.89,317.67
2066,1034,299,5,395.31,1976.55
2067,1034,348,4,71.67,286.68
2068,1035,255,3,448.67,1346.01
2069,1035,212,1,325.85,325.85
2070,1035,155,4,468.95,1875.8
2071,1036,476,2,226.47,452.94
2072,1036,464,2,102.23,204.46
2073,1037,411,3,474.87,1424.61
2074,1038,371,1,44.57,44.57
2075,1038,445,5,425.12,2125.6
2076,1038,25,4,102.81,411.24
2077,1039,39,2,119.26,238.52
2078,1039,295,5,396.49,1982.45
2079,1040,74,4,430.57,1722.28
2080,1040,447,4,395.14,1580.56
2081,1041,97,5,249.8,1249.0
2082,1041,200,1,362.06,362.06
2083,1042,430,4,204.44,817.76
2084,1043,351,5,426.9,2134.5
2085,1043,189,1,134.25,134.25
2086,1044,137,1,330.69,330.69
2087,1045,372,1,208.49,208.49
2088,1045,351,3,482.73,1448.19
2089,1045,204,2,261.25,522.5
2090,1046,356,2,140.09,280.18
2091,1046,463,4,46.82,187.28
2092,1047,187,3,330.41,991.23
2093,1047,82,5,366.16,1830.8
2094,1047,202,3,457.03,1371.09
2095,1048,193,1,362.52,362.52
2096,1048,93,4,68.31,273.24
2097,1048,316,2,290.13,580.26
2098,1049,452,4,393.5,1574.0
2099,1049,6,4,264.69,1058.76
2100,1050,302,3,480.47,1441.41
2101,1050,259,1,112.37,112.37
2102,1051,148,5,177.18,885.9
2103,1051,102,5,251.96,1259.8
2104,1052,469,4,29.52,118.08
2105,1053,304,2,173.14,346.28
2106,1054,190,3,30.19,90.57
2107,1054,157,4,451.78,1807.12
2108,1055,35,3,297.43,892.29
2109,1055,90,3,302.19,906.57
2110,1055,320,1,120.83,120.83
2111,1056,331,1,458.81,458.81
2112,1056,466,4,281.86,1127.44
2113,1056,113,2,363.09,726.18
2114,1057,385,5,351.42,1757.1
2115,1057,410,1,251.49,251.49
2116,1057,453,2,187.74,375.48
2117,1058,182,2,441.68,883.36
2118,1058,113,5,206.04,1030.2
2119,1059,42,3,377.14,1131.42
2120,1059,411,5,142.11,710.55
2121,1059,50,4,243.7,974.8
2122,1060,141,5,416.72,2083.6
2123,1061,168,4,142.83,571.32
2124,1061,237,4,248.45,993.8
2125,1062,98,3,46.03,138.09
2126,1062,89,5,250.53,1252.65
2127,1062,245,5,310.39,1551.95
2128,1063,214,2,405.37,810.74
2129,1063,255,2,293.88,587.76
2130,1063,180,3,366.91,1100.73
2131,1064,282,1,215.4,215.4
2132,1064,431,4,429.9,1719.6
2133,1064,473,3,361.2,1083.6
2134,1065,229,4,438.07,1752.28
2135,1066,258,2,391.94,783.88
2136,1066,118,5,241.16,1205.8
2137,1066,52,2,276.59,553.18
2138,1067,197,3,390.7,1172.1
2139,1067,460,2,439.73,879.46
2140,1068,155,1,204.14,204.14
2141,1069,95,1,282.05,282.05
2142,1070,176,2,499.74,999.48
2143,1070,491,5,405.39,2026.95
2144,1070,457,2,183.54,367.08
2145,1071,88,3,399.93,1199.79
2146,1072,354,1,265.02,265.02
2147,1073,429,4,161.61,646.44
2148,1073,20,4,61.18,244.72
2149,1073,302,3,336.3,1008.9
2150,1074,266,3,317.85,953.55
2151,1074,416,5,330.98,1654.9
2152,1074,487,3,178.93,536.79
2153,1075,146,5,382.03,1910.15
2154,1075,479,2,177.81,355.62
2155,1075,391,3,42.1,126.3
2156,1076,238,3,97.15,291.45
2157,1076,49,5,131.17,655.85
2158,1077,131,3,116.2,348.6
2159,1077,220,3,395.57,1186.71
2160,1077,424,1,401.05,401.05
2161,1078,448,3,228.94,686.82
2162,1079,362,2,14.33,28.66
2163,1080,238,5,287.03,1435.15
2164,1080,333,4,131.95,527.8
2165,1080,359,4,405.69,1622.76
2166,1081,152,5,130.11,650.55
2167,1081,58,2,29.38,58.76
2168,1082,40,5,222.2,1111.0
2169,1082,402,4,110.64,442.56
2170,1082,251,1,149.84,149.84
2171,1083,218,5,338.93,1694.65
2172,1083,433,2,82.62,165.24
2173,1083,155,1,118.14,118.14
2174,1084,493,5,397.72,1988.6
2175,1084,174,4,386.79,1547.16
2176,1085,248,5,345.17,1725.85
2177,1085,395,3,341.21,1023.63
2178,1085,5,4,180.95,723.8
2179,1086,303,5,481.5,2407.5
2180,1086,216,4,477.5,1910.0
2181,1086,187,3,479.8,1439.4
2182,1087,224,3,55.27,165.81
2183,1087,399,5,100.77,503.85
2184,1087,213,3,43.38,130.14
2185,1088,168,4,399.36,1597.44
2186,1088,275,4,147.31,589.24
2187,1089,481,1,115.21,115.21
2188,1089,269,4,154.35,617.4
2189,1089,180,3,491.93,1475.79
2190,1090,5,4,273.99,1095.96
2191,1090,311,4,186.68,746.72
2192,1091,144,3,464.96,1394.88
2193,1092,136,4,280.61,1122.44
2194,1093,212,4,455.23,1820.92
2195,1093,233,4,53.14,212.56
2196,1094,325,4,377.93,1511.72
2197,1094,405,2,95.52,191.04
2198,1094,294,5,28.01,140.05
2199,1095,224,2,148.81,297.62
2200,1096,176,2,290.82,581.64
2201,1096,249,4,334.63,1338.52
2202,1096,384,3,280.56,841.68
2203,1097,446,2,116.42,232.84
2204,1097,275,2,326.57,653.14
2205,1098,410,3,344.88,1034.64
2206,1099,455,5,78.26,391.3
2207,1100,455,5,87.35,436.75
2208,1100,106,2,221.5,443.0
2209,1101,48,5,269.48,1347.4
2210,1101,444,1,31.48,31.48
2211,1101,305,5,352.01,1760.05
2212,1102,271,2,266.77,533.54
2213,1102,24,2,147.64,295.28
2214,1102,374,3,108.47,325.41
2215,1103,107,4,91.98,367.92
2216,1103,447,2,237.67,475.34
2217,1104,75,3,208.52,625.56
2218,1105,400,1,155.26,155.26
2219,1106,98,5,182.43,912.15
2220,1106,149,2,209.26,418.52
2221,1106,212,4,43.51,174.04
2222,1107,59,3,295.25,885.75
2223,1107,355,4,444.2,1776.8
2224,1107,291,5,343.26,1716.3
2225,1108,29,5,220.08,1100.4
2226,1108,388,2,125.15,250.3
2227,1109,341,3,389.29,1167.87
2228,1109,112,4,53.5,214.0
2229,1110,301,2,484.07,968.14
2230,1111,20,3,334.62,1003.86
2231,1111,237,4,444.63,1778.52
2232,1112,191,3,34.45,103.35
2233,1113,236,2,453.79,907.58
2234,1113,358,3,15.1,45.3
2235,1114,247,3,483.56,1450.68
2236,1114,350,5,268.7,1343.5
2237,1115,91,1,405.42,405.42
2238,1115,458,2,14.85,29.7
2239,1115,415,2,417.75,835.5
2240,1116,111,3,414.78,1244.34
2241,1116,66,5,59.65,298.25
2242,1117,77,5,166.14,830.7
2243,1118,39,3,371.95,1115.85
2244,1118,386,2,249.29,498.58
2245,1119,58,4,117.37,469.48
2246,1120,285,1,467.03,467.03
2247,1121,350,3,347.52,1042.56
2248,1122,229,5,461.44,2307.2
2249,1122,94,4,383.67,1534.68
2250,1123,449,1,331.82,331.82
2251,1123,264,5,95.88,479.4
2252,1123,486,3,10.59,31.77
2253,1124,57,1,41.3,41.3
2254,1124,494,4,354.88,1419.52
2255,1125,384,5,468.09,2340.45
2256,1126,119,4,187.54,750.16
2257,1126,431,1,180.05,180.05
2258,1127,103,1,119.65,119.65
2259,1128,417,1,436.06,436.06
2260,1129,389,2,70.12,140.24
2261,1129,243,2,389.39,778.78
2262,1130,399,4,169.82,679.28
2263,1130,1,1,171.16,171.16
2264,1131,344,3,201.81,605.43
2265,1131,233,5,319.87,1599.35
2266,1132,138,2,252.61,505.22
2267,1132,322,4,309.06,1236.24
2268,1133,191,3,115.03,345.09
2269,1134,165,5,94.32,471.6
2270,1134,418,4,99.78,399.12
2271,1135,183,1,366.02,366.02
2272,1136,77,5,300.78,1503.9
2273,1136,429,4,316.39,1265.56
2274,1136,192,1,361.94,361.94
2275,1137,336,5,358.35,1791.75
2276,1137,444,4,294.77,1179.08
2277,1138,91,2,22.14,44.28
2278,1139,469,4,102.41,409.64
2279,1139,99,1,345.86,345.86
2280,1139,409,3,255.06,765.18
2281,1140,72,3,425.3,1275.9
2282,1141,274,3,179.25,537.75
2283,1141,68,2,271.16,542.32
2284,1141,368,1,13.49,13.49
2285,1142,9,5,98.19,490.95
2286,1142,348,5,239.17,1195.85
2287,1142,231,3,120.83,362.49
2288,1143,138,5,464.96,2324.8
2289,1143,171,4,427.37,1709.48
2290,1144,176,1,174.77,174.77
2291,1144,360,4,417.88,1671.52
2292,1145,151,5,421.07,2105.35
2293,1145,111,1,134.86,134.86
2294,1145,78,3,178.29,534.87
2295,1146,278,1,243.7,243.7
2296,1146,294,3,46.2,138.6
2297,1146,272,2,152.17,304.34
2298,1147,408,2,293.26,586.52
2299,1147,316,5,394.38,1971.9
2300,1148,346,4,236.98,947.92
2301,1149,229,3,120.42,361.26
2302,1149,94,5,451.01,2255.05
2303,1150,119,5,26.97,134.85
2304,1150,232,2,85.59,171.18
2305,1151,193,4,428.56,1714.24
2306,1151,35,2,297.02,594.04
2307,1152,246,1,55.98,55.98
2308,1153,184,1,371.43,371.43
2309,1154,324,5,471.76,2358.8
2310,1155,162,5,144.37,721.85
2311,1155,387,2,427.83,855.66
2312,1156,301,1,494.24,494.24
2313,1156,376,5,87.01,435.05
2314,1156,111,5,371.61,1858.05
2315,1157,488,4,310.15,1240.6
2316,1157,364,4,498.33,1993.32
2317,1158,396,1,353.41,353.41
2318,1159,407,4,19.64,78.56
2319,1160,138,2,403.56,807.12
2320,1160,415,4,199.35,797.4
2321,1161,332,2,412.8,825.6
2322,1161,392,1,383.11,383.11
2323,1161,422,3,146.21,438.63
2324,1162,408,3,126.43,379.29
2325,1162,90,5,405.33,2026.65
2326,1163,382,3,211.02,633.06
2327,1163,110,1,66.4,66.4
2328,1164,227,3,365.97,1097.91
2329,1164,131,5,352.63,1763.15
2330,1165,316,1,162.69,162.69
2331,1165,460,1,430.39,430.39
2332,1166,488,4,240.2,960.8
2333,1166,191,4,480.36,1921.44
2334,1167,467,3,65.45,196.35
2335,1167,134,2,411.0,822.0
2336,1168,318,2,208.9,417.8
2337,1168,145,2,302.47,604.94
2338,1168,475,2,263.98,527.96
2339,1169,218,3,209.2,627.6
2340,1169,13,4,185.2,740.8
2341,1169,301,3,176.74,530.22
2342,1170,236,3,263.66,790.98
2343,1170,24,1,482.5,482.5
2344,1170,429,4,492.03,1968.12
2345,1171,53,4,245.4,981.6
2346,1172,172,4,421.59,1686.36
2347,1172,128,1,325.12,325.12
2348,1172,106,4,235.35,941.4
2349,1173,122,4,231.12,924.48
2350,1173,308,3,318.66,955.98
2351,1173,275,1,315.2,315.2
2352,1174,395,1,232.74,232.74
2353,1174,81,3,128.83,386.49
2354,1174,239,1,338.17,338.17
2355,1175,403,4,160.83,643.32
2356,1175,324,2,379.97,759.94
2357,1176,87,1,225.24,225.24
2358,1176,85,2,114.13,228.26
2359,1177,1,5,235.75,1178.75
2360,1177,297,2,59.94,119.88
2361,1177,148,2,297.31,594.62
2362,1178,398,5,449.12,2245.6
2363,1178,494,5,353.13,1765.65
2364,1178,43,5,158.4,792.0
2365,1179,151,2,92.73,185.46
2366,1179,253,3,452.53,1357.59
2367,1180,357,1,142.43,142.43
2368,1181,87,1,237.62,237.62
2369,1181,451,1,32.92,32.92
2370,1181,182,5,96.7,483.5
2371,1182,438,1,394.83,394.83
2372,1183,169,1,394.32,394.32
2373,1183,338,2,295.56,591.12
2374,1183,490,2,390.76,781.52
2375,1184,294,1,182.85,182.85
2376,1185,298,5,431.54,2157.7
2377,1185,193,2,370.68,741.36
2378,1186,231,4,289.08,1156.32
2379,1186,7,1,378.61,378.61
2380,1187,68,5,267.49,1337.45
2381,1188,426,4,485.14,1940.56
2382,1188,289,5,185.87,929.35
2383,1188,481,2,475.22,950.44
2384,1189,292,1,284.13,284.13
2385,1189,142,4,84.4,337.6
2386,1189,478,5,415.54,2077.7
2387,1190,109,4,363.36,1453.44
2388,1190,402,2,97.07,194.14
2389,1191,79,2,285.4,570.8
2390,1192,7,1,409.25,409.25
2391,1192,369,2,186.92,373.84
2392,1192,257,4,82.84,331.36
2393,1193,346,1,263.45,263.45
2394,1193,402,5,448.94,2244.7
2395,1193,167,2,242.69,485.38
2396,1194,15,1,203.9,203.9
2397,1195,299,4,262.07,1048.28
2398,1195,285,2,407.48,814.96
2399,1195,48,5,498.31,2491.55
2400,1196,290,5,88.19,440.95
2401,1196,478,1,146.47,146.47
2402,1197,60,3,253.37,760.11
2403,1197,392,2,408.83,817.66
2404,1198,434,5,170.4,852.0
2405,1199,343,2,332.63,665.26
2406,1199,72,2,111.2,222.4
2407,1200,50,3,470.32,1410.96
2408,1200,164,1,337.53,337.53
2409,1200,29,4,92.83,371.32
2410,1201,100,2,177.34,354.68
2411,1201,230,1,77.32,77.32
2412,1201,167,4,334.06,1336.24
2413,1202,237,5,471.15,2355.75
2414,1203,68,2,104.08,208.16
2415,1203,437,4,484.1,1936.4
2416,1203,497,5,335.99,1679.95
2417,1204,11,1,394.06,394.06
2418,1204,270,1,367.35,367.35
2419,1204,65,3,40.53,121.59
2420,1205,446,4,235.93,943.72
2421,1206,279,1,387.38,387.38
2422,1206,177,5,177.21,886.05
2423,1207,301,4,192.85,771.4
2424,1207,320,5,56.18,280.9
2425,1207,184,1,229.02,229.02
2426,1208,169,1,35.57,35.57
2427,1209,440,5,481.2,2406.0
2428,1210,152,3,81.26,243.78
2429,1210,407,3,269.19,807.57
2430,1211,390,5,457.02,2285.1
2431,1212,416,3,310.39,931.17
2432,1212,1,3,353.42,1060.26
2433,1212,65,1,312.27,312.27
2434,1213,318,2,299.88,599.76
2435,1213,191,1,191.76,191.76
2436,1214,401,4,447.14,1788.56
2437,1214,482,4,157.41,629.64
2438,1214,438,5,314.23,1571.15
2439,1215,235,5,313.08,1565.4
2440,1216,89,2,256.5,513.0
2441,1217,327,2,320.17,640.34
2442,1217,56,4,219.46,877.84
2443,1217,235,4,304.64,1218.56
2444,1218,47,2,306.73,613.46
2445,1218,466,1,440.22,440.22
2446,1218,465,4,384.98,1539.92
2447,1219,337,2,238.48,476.96
2448,1219,134,2,297.88,595.76
2449,1220,203,4,236.27,945.08
2450,1220,277,1,149.69,149.69
2451,1221,15,3,56.65,169.95
2452,1222,391,3,66.57,199.71
2453,1222,386,1,136.46,136.46
2454,1223,400,2,400.8,801.6
2455,1224,28,3,85.89,257.67
2456,1224,299,5,279.7,1398.5
2457,1225,368,2,60.35,120.7
2458,1225,161,4,435.1,1740.4
2459,1225,316,2,312.3,624.6
2460,1226,17,1,430.33,430.33
2461,1227,349,3,175.73,527.19
2462,1227,380,5,455.49,2277.45
2463,1228,37,5,385.15,1925.75
2464,1229,408,5,412.97,2064.85
2465,1229,126,1,80.9,80.9
2466,1229,407,4,341.78,1367.12
2467,1230,18,3,161.95,485.85
2468,1230,424,2,261.3,522.6
2469,1231,447,1,426.27,426.27
2470,1231,6,3,118.01,354.03
2471,1232,192,2,69.51,139.02
2472,1233,145,4,416.03,1664.12
2473,1233,369,4,391.32,1565.28
2474,1234,417,3,360.29,1080.87
2475,1234,97,3,238.5,715.5
2476,1234,167,4,191.23,764.92
2477,1235,184,5,277.96,1389.8
2478,1235,28,1,317.07,317.07
2479,1235,426,1,438.44,438.44
2480,1236,315,1,468.07,468.07
2481,1237,149,1,403.42,403.42
2482,1238,241,3,449.57,1348.71
2483,1239,474,4,221.91,887.64
2484,1240,192,3,182.14,546.42
2485,1240,284,2,333.66,667.32
2486,1240,232,5,217.35,1086.75
2487,1241,126,3,215.32,645.96
2488,1241,38,5,274.35,1371.75
2489,1242,210,2,439.82,879.64
2490,1242,4,1,31.84,31.84
2491,1243,299,4,392.39,1569.56
2492,1243,423,2,307.21,614.42
2493,1243,337,4,271.7,1086.8
2494,1244,369,5,453.43,2267.15
2495,1244,285,5,65.59,327.95
2496,1244,354,5,159.08,795.4
2497,1245,277,4,236.76,947.04
2498,1245,327,1,321.59,321.59
2499,1246,470,3,219.11,657.33
2500,1246,488,5,112.45,562.25
2501,1247,382,4,466.97,1867.88
2502,1247,5,1,390.24,390.24
2503,1247,412,2,209.8,419.6
2504,1248,243,3,442.72,1328.16
2505,1249,355,3,423.72,1271.16
2506,1249,455,2,432.2,864.4
2507,1249,223,1,100.51,100.51
2508,1250,414,1,385.4,385.4
2509,1250,474,2,282.48,564.96
2510,1251,83,2,5.96,11.92
2511,1252,22,3,85.26,255.78
2512,1252,240,5,295.7,1478.5
2513,1253,116,3,179.7,539.1
2514,1253,278,5,71.2,356.0
2515,1254,261,2,491.96,983.92
2516,1254,262,5,369.77,1848.85
2517,1255,368,1,438.85,438.85
2518,1255,208,3,261.84,785.52
2519,1255,221,5,370.95,1854.75
2520,1256,46,5,395.38,1976.9
2521,1256,148,5,471.2,2356.0
2522,1256,84,5,241.2,1206.0
2523,1257,266,1,88.51,88.51
2524,1258,41,5,406.32,2031.6
2525,1258,334,1,199.07,199.07
2526,1259,227,1,117.24,117.24
2527,1260,38,3,215.51,646.53
2528,1260,186,3,307.87,923.61
2529,1261,221,4,21.37,85.48
2530,1261,243,1,339.94,339.94
2531,1262,180,5,484.58,2422.9
2532,1263,305,3,74.61,223.83
2533,1263,117,1,99.77,99.77
2534,1264,238,4,30.88,123.52
2535,1264,244,5,149.32,746.6
2536,1265,479,3,330.22,990.66
2537,1265,2,5,443.29,2216.45
2538,1266,214,5,492.52,2462.6
2539,1266,223,3,50.56,151.68
2540,1267,282,3,152.6,457.8
2541,1267,453,2,207.1,414.2
2542,1267,310,1,275.56,275.56
2543,1268,499,1,291.73,291.73
2544,1268,178,4,334.2,1336.8
2545,1269,489,3,170.06,510.18
2546,1270,414,3,285.47,856.41
2547,1271,220,5,214.26,1071.3
2548,1272,495,5,374.56,1872.8
2549,1272,325,4,441.86,1767.44
2550,1273,156,2,218.49,436.98
2551,1273,357,2,145.44,290.88
2552,1274,26,5,453.91,2269.55
2553,1275,319,5,261.96,1309.8
2554,1276,427,3,431.47,1294.41
2555,1276,190,4,23.47,93.88
2556,1276,19,5,495.2,2476.0
2557,1277,361,2,73.81,147.62
2558,1277,243,1,157.12,157.12
2559,1277,465,1,68.03,68.03
2560,1278,467,4,330.77,1323.08
2561,1278,201,5,445.31,2226.55
2562,1279,142,3,89.88,269.64
2563,1279,359,5,285.35,1426.75
2564,1279,294,5,37.97,189.85
2565,1280,30,4,450.07,1800.28
2566,1280,154,1,29.3,29.3
2567,1280,140,3,419.82,1259.46
2568,1281,272,1,199.55,199.55
2569,1282,261,4,177.85,711.4
2570,1283,160,5,438.29,2191.45
2571,1284,136,3,373.54,1120.62
2572,1284,469,1,10.22,10.22
2573,1284,39,4,474.99,1899.96
2574,1285,221,5,134.12,670.6
2575,1286,73,3,52.33,156.99
2576,1286,412,4,181.66,726.64
2577,1286,33,5,108.56,542.8
2578,1287,99,4,454.96,1819.84
2579,1287,61,3,234.76,704.28
2580,1288,149,5,52.8,264.0
2581,1289,66,5,333.36,1666.8
2582,1290,191,3,341.32,1023.96
2583,1291,205,5,246.68,1233.4
2584,1292,383,5,333.05,1665.25
2585,1293,296,4,73.45,293.8
2586,1294,174,1,367.78,367.78
2587,1294,15,5,457.72,2288.6
2588,1295,170,5,329.55,1647.75
2589,1295,454,2,222.17,444.34
2590,1296,460,5,190.08,950.4
2591,1296,461,1,110.34,110.34
2592,1296,314,4,428.52,1714.08
2593,1297,279,1,215.33,215.33
2594,1298,250,1,166.25,166.25
2595,1299,314,4,317.4,1269.6
2596,1299,301,5,21.8,109.0
2597,1300,395,4,245.62,982.48
2598,1300,440,5,374.89,1874.45
2599,1301,112,4,332.23,1328.92
2600,1301,165,3,421.47,1264.41
2601,1301,449,4,15.01,60.04
2602,1302,303,5,160.04,800.2
2603,1303,249,4,94.66,378.64
2604,1304,471,4,331.71,1326.84
2605,1305,10,4,298.63,1194.52
2606,1305,106,2,159.92,319.84
2607,1306,170,3,335.92,1007.76
2608,1307,268,1,458.58,458.58
2609,1308,8,5,34.98,174.9
2610,1308,154,2,256.04,512.08
2611,1309,203,5,277.93,1389.65
2612,1309,54,2,234.75,469.5
2613,1309,162,4,487.48,1949.92
2614,1310,475,3,152.25,456.75
2615,1310,112,1,322.26,322.26
2616,1311,270,5,494.93,2474.65
2617,1311,204,5,415.5,2077.5
2618,1312,435,5,196.41,982.05
2619,1312,352,1,73.98,73.98
2620,1312,415,3,372.02,1116.06
2621,1313,343,5,130.95,654.75
2622,1313,206,1,282.63,282.63
2623,1314,216,2,105.53,211.06
2624,1315,40,2,68.3,136.6
2625,1315,446,4,488.21,1952.84
2626,1316,181,5,399.41,1997.05
2627,1317,236,2,363.29,726.58
2628,1318,178,5,304.76,1523.8
2629,1319,383,5,222.42,1112.1
2630,1320,166,3,222.78,668.34
2631,1320,220,1,440.54,440.54
2632,1321,44,4,189.81,759.24
2633,1321,342,5,317.18,1585.9
2634,1322,331,3,106.88,320.64
2635,1322,191,1,94.19,94.19
2636,1322,269,5,5.36,26.8
2637,1323,97,5,265.34,1326.7
2638,1324,65,5,272.92,1364.6
2639,1324,118,5,412.7,2063.5
2640,1324,302,3,424.62,1273.86
2641,1325,388,5,190.7,953.5
2642,1325,432,1,279.51,279.51
2643,1326,223,3,67.56,202.68
2644,1326,37,5,294.96,1474.8
2645,1327,315,5,450.05,2250.25
2646,1328,195,3,299.31,897.93
2647,1329,432,2,113.91,227.82
2648,1329,101,2,78.51,157.02
2649,1329,163,4,376.91,1507.64
2650,1330,475,1,9.06,9.06
2651,1330,26,5,6.48,32.4
2652,1331,289,1,492.21,492.21
2653,1331,119,4,154.57,618.28
2654,1332,279,4,359.18,1436.72
2655,1333,375,3,353.82,1061.46
2656,1333,415,2,328.15,656.3
2657,1333,434,5,418.35,2091.75
2658,1334,206,2,240.58,481.16
2659,1335,238,2,390.07,780.14
2660,1336,380,5,446.85,2234.25
2661,1337,139,2,491.05,982.1
2662,1338,471,2,252.56,505.12
2663,1338,378,3,472.94,1418.82
2664,1338,42,5,332.37,1661.85
2665,1339,394,3,499.43,1498.29
2666,1339,158,1,282.93,282.93
2667,1340,318,1,304.52,304.52
2668,1341,274,2,484.88,969.76
2669,1341,132,5,311.69,1558.45
2670,1341,65,3,424.28,1272.84
2671,1342,291,2,325.0,650.0
2672,1343,191,4,482.29,1929.16
2673,1343,225,3,376.94,1130.82
2674,1344,38,1,434.35,434.35
2675,1344,438,5,460.62,2303.1
2676,1344,460,4,26.82,107.28
2677,1345,134,5,94.81,474.05
2678,1345,27,5,279.61,1398.05
2679,1345,455,2,158.18,316.36
2680,1346,359,2,193.44,386.88
2681,1346,301,4,280.7,1122.8
2682,1347,146,3,219.96,659.88
2683,1347,38,1,222.99,222.99
2684,1348,309,2,98.94,197.88
2685,1348,314,5,476.44,2382.2
2686,1348,86,3,106.36,319.08
2687,1349,240,3,477.53,1432.59
2688,1349,25,5,313.56,1567.8
2689,1349,366,1,363.95,363.95
2690,1350,336,2,438.15,876.3
2691,1350,406,4,389.82,1559.28
2692,1351,490,4,301.93,1207.72
2693,1352,399,4,87.9,351.6
2694,1353,159,5,103.64,518.2
2695,1353,384,2,467.68,935.36
2696,1353,497,2,247.36,494.72
2697,1354,325,3,187.13,561.39
2698,1354,170,1,300.56,300.56
2699,1355,70,1,200.4,200.4
2700,1356,489,2,444.44,888.88
2701,1356,11,1,203.57,203.57
2702,1356,93,5,241.2,1206.0
2703,1357,93,1,62.45,62.45
2704,1357,148,3,25.93,77.79
2705,1358,96,1,471.13,471.13
2706,1358,389,1,476.32,476.32
2707,1359,468,1,79.37,79.37
2708,1359,337,2,72.02,144.04
2709,1359,298,1,432.21,432.21
2710,1360,491,5,342.48,1712.4
2711,1360,498,4,188.81,755.24
2712,1361,477,2,30.73,61.46
2713,1361,210,2,334.13,668.26
2714,1361,18,1,256.76,256.76
2715,1362,137,3,37.54,112.62
2716,1363,59,3,69.43,208.29
2717,1363,135,3,328.32,984.96
2718,1363,378,2,85.17,170.34
2719,1364,310,3,411.75,1235.25
2720,1364,318,3,389.37,1168.11
2721,1365,269,1,375.45,375.45
2722,1365,213,2,73.25,146.5
2723,1365,465,4,430.64,1722.56
2724,1366,377,4,419.73,1678.92
2725,1366,427,2,203.03,406.06
2726,1366,296,4,153.2,612.8
2727,1367,309,1,390.68,390.68
2728,1367,173,5,365.19,1825.95
2729,1368,79,4,60.16,240.64
2730,1369,12,5,367.83,1839.15
2731,1369,378,5,179.3,896.5
2732,1369,429,2,84.05,168.1
2733,1370,167,1,276.12,276.12
2734,1370,375,4,210.21,840.84
2735,1371,438,1,145.92,145.92
2736,1372,489,1,189.67,189.67
2737,1373,497,1,76.2,76.2
2738,1373,195,2,325.37,650.74
2739,1374,301,4,191.74,766.96
2740,1374,316,5,489.81,2449.05
2741,1375,354,2,280.03,560.06
2742,1375,392,2,47.03,94.06
2743,1376,496,4,450.37,1801.48
2744,1376,2,3,421.24,1263.72
2745,1376,89,5,136.59,682.95
2746,1377,27,5,307.41,1537.05
2747,1377,84,5,114.42,572.1
2748,1377,162,5,296.7,1483.5
2749,1378,428,1,23.5,23.5
2750,1378,415,1,321.06,321.06
2751,1379,454,2,348.74,697.48
2752,1379,357,5,180.91,904.55
2753,1379,73,3,498.87,1496.61
2754,1380,151,4,97.64,390.56
2755,1381,29,2,86.15,172.3
2756,1381,120,2,291.42,582.84
2757,1382,108,1,473.57,473.57
2758,1382,424,2,184.97,369.94
2759,1383,243,5,35.39,176.95
2760,1383,237,3,391.73,1175.19
2761,1383,64,1,85.8,85.8
2762,1384,82,1,155.34,155.34
2763,1384,172,1,174.56,174.56
2764,1384,43,5,195.16,975.8
2765,1385,21,1,178.46,178.46
2766,1385,130,4,495.28,1981.12
2767,1385,250,1,138.02,138.02
2768,1386,434,1,486.75,486.75
2769,1387,342,1,182.37,182.37
2770,1387,125,4,74.81,299.24
2771,1387,146,2,453.22,906.44
2772,1388,151,5,319.35,1596.75
2773,1388,498,1,480.34,480.34
2774,1388,251,3,338.15,1014.45
2775,1389,250,2,381.28,762.56
2776,1389,476,3,168.4,505.2
2777,1390,389,3,114.4,343.2
2778,1391,134,5,96.02,480.1
2779,1391,365,5,55.18,275.9
2780,1391,80,4,153.29,613.16
2781,1392,482,2,261.09,522.18
2782,1392,198,2,7.72,15.44
2783,1393,475,5,468.08,2340.4
2784,1394,63,4,413.17,1652.68
2785,1394,142,1,151.27,151.27
2786,1395,286,3,232.93,698.79
2787,1395,114,4,257.72,1030.88
2788,1395,473,1,499.12,499.12
2789,1396,157,2,159.77,319.54
2790,1396,49,5,299.72,1498.6
2791,1397,350,5,431.1,2155.5
2792,1397,281,2,441.28,882.56
2793,1398,114,4,341.49,1365.96
2794,1398,9,5,49.14,245.7
2795,1399,334,4,230.09,920.36
2796,1399,37,3,16.13,48.39
2797,1400,222,4,60.67,242.68
2798,1401,86,4,340.3,1361.2
2799,1402,293,1,486.99,486.99
2800,1402,477,5,364.6,1823.0
2801,1403,386,4,463.62,1854.48
2802,1404,455,2,64.52,129.04
2803,1405,108,1,180.94,180.94
2804,1405,267,5,450.88,2254.4
2805,1406,397,3,170.61,511.83
2806,1406,150,2,476.51,953.02
2807,1406,2,2,15.02,30.04
2808,1407,455,4,222.82,891.28
2809,1407,164,2,364.43,728.86
2810,1408,466,3,447.64,1342.92
2811,1409,371,3,17.22,51.66
2812,1409,59,2,312.9,625.8
2813,1410,234,3,7.12,21.36
2814,1410,500,5,343.16,1715.8
2815,1410,214,5,12.75,63.75
2816,1411,40,2,25.53,51.06
2817,1411,486,1,388.03,388.03
2818,1411,380,1,333.57,333.57
2819,1412,498,2,218.06,436.12
2820,1413,6,1,71.68,71.68
2821,1413,25,4,492.56,1970.24
2822,1413,63,5,107.0,535.0
2823,1414,276,1,199.53,199.53
2824,1414,393,2,309.44,618.88
2825,1414,289,2,414.68,829.36
2826,1415,486,3,192.85,578.55
2827,1415,235,2,52.93,105.86
2828,1416,389,1,486.3,486.3
2829,1416,164,3,109.27,327.81
2830,1417,291,3,302.7,908.1
2831,1417,75,3,334.53,1003.59
2832,1418,330,5,267.95,1339.75
2833,1418,86,3,333.82,1001.46
2834,1418,208,2,56.46,112.92
2835,1419,341,1,481.2,481.2
2836,1420,192,1,96.98,96.98
2837,1420,44,4,457.79,1831.16
2838,1420,154,1,274.96,274.96
2839,1421,94,2,140.69,281.38
2840,1421,279,3,449.35,1348.05
2841,1422,49,1,28.12,28.12
2842,1422,205,3,337.89,1013.67
2843,1422,341,1,301.03,301.03
2844,1423,115,3,129.18,387.54
2845,1423,243,3,113.95,341.85
2846,1424,471,2,169.49,338.98
2847,1425,435,4,327.25,1309.0
2848,1425,177,2,219.93,439.86
2849,1426,75,3,56.45,169.35
2850,1426,424,2,367.52,735.04
2851,1427,499,1,114.86,114.86
2852,1428,129,5,77.85,389.25
2853,1428,289,5,51.4,257.0
2854,1428,99,3,44.02,132.06
2855,1429,254,1,466.04,466.04
2856,1429,474,4,6.97,27.88
2857,1430,330,2,107.22,214.44
2858,1431,481,2,393.08,786.16
2859,1431,314,3,31.48,94.44
2860,1431,462,2,177.67,355.34
2861,1432,255,1,58.97,58.97
2862,1432,481,3,161.76,485.28
2863,1432,461,5,340.77,1703.85
2864,1433,129,5,455.15,2275.75
2865,1433,421,5,188.09,940.45
2866,1434,485,1,124.11,124.11
2867,1435,234,4,210.17,840.68
2868,1436,61,2,46.67,93.34
2869,1437,492,5,25.15,125.75
2870,1438,229,5,55.54,277.7
2871,1438,225,4,284.36,1137.44
2872,1439,73,2,470.14,940.28
2873,1440,65,2,237.81,475.62
2874,1440,296,3,159.03,477.09
2875,1440,36,4,72.11,288.44
2876,1441,359,1,431.01,431.01
2877,1441,242,5,306.56,1532.8
2878,1441,47,3,211.42,634.26
2879,1442,286,5,168.21,841.05
2880,1443,199,3,444.02,1332.06
2881,1443,255,3,271.66,814.98
2882,1444,264,5,267.89,1339.45
2883,1444,308,1,146.58,146.58
2884,1445,21,5,363.61,1818.05
2885,1445,242,3,391.75,1175.25
2886,1446,55,4,436.79,1747.16
2887,1447,439,2,289.33,578.66
2888,1447,398,2,348.45,696.9
2889,1448,116,2,173.56,347.12
2890,1449,228,3,202.97,608.91
2891,1450,197,4,496.75,1987.0
2892,1451,192,4,74.43,297.72
2893,1452,277,4,381.55,1526.2
2894,1453,180,5,330.65,1653.25
2895,1453,361,3,107.37,322.11
2896,1453,2,5,297.89,1489.45
2897,1454,249,4,326.94,1307.76
2898,1454,100,5,370.59,1852.95
2899,1454,17,3,416.4,1249.2
2900,1455,431,3,261.16,783.48
2901,1456,410,1,299.93,299.93
2902,1456,195,3,115.37,346.11
2903,1456,370,4,215.28,861.12
2904,1457,46,5,137.17,685.85
2905,1458,151,3,491.56,1474.68
2906,1458,105,5,265.23,1326.15
2907,1459,167,1,164.11,164.11
2908,1459,86,3,124.0,372.0
2909,1460,212,1,246.78,246.78
2910,1461,338,1,148.15,148.15
2911,1462,208,3,141.85,425.55
2912,1462,381,2,162.47,324.94
2913,1463,39,5,246.39,1231.95
2914,1464,316,3,305.6,916.8
2915,1464,98,2,133.52,267.04
2916,1465,500,1,456.61,456.61
2917,1465,55,5,419.24,2096.2
2918,1465,409,2,14.76,29.52
2919,1466,299,5,402.53,2012.65
2920,1466,285,5,31.03,155.15
2921,1467,103,5,328.66,1643.3
2922,1467,70,3,94.33,282.99
2923,1467,52,3,199.84,599.52
2924,1468,183,3,483.82,1451.46
2925,1468,77,1,447.63,447.63
2926,1469,174,5,405.21,2026.05
2927,1470,447,4,113.58,454.32
2928,1470,105,5,252.49,1262.45
2929,1470,102,3,458.97,1376.91
2930,1471,263,3,416.82,1250.46
2931,1471,197,3,345.55,1036.65
2932,1472,152,2,14.18,28.36
2933,1472,36,3,298.25,894.75
2934,1472,35,3,305.06,915.18
2935,1473,438,2,193.48,386.96
2936,1474,180,3,280.17,840.51
2937,1475,407,2,276.04,552.08
2938,1475,172,1,227.79,227.79
2939,1475,175,4,394.0,1576.0
2940,1476,436,5,344.11,1720.55
2941,1476,326,4,188.09,752.36
2942,1476,375,5,210.34,1051.7
2943,1477,183,5,359.62,1798.1
2944,1478,67,3,51.06,153.18
2945,1478,232,2,75.85,151.7
2946,1478,237,4,431.11,1724.44
2947,1479,353,5,308.13,1540.65
2948,1480,411,3,203.75,611.25
2949,1480,346,3,195.73,587.19
2950,1481,383,1,35.73,35.73
2951,1482,164,5,18.39,91.95
2952,1482,162,4,37.16,148.64
2953,1483,305,3,264.61,793.83
2954,1484,412,5,409.27,2046.35
2955,1484,16,4,149.52,598.08
2956,1484,175,2,415.21,830.42
2957,1485,87,4,22.36,89.44
2958,1486,331,5,101.39,506.95
2959,1486,22,4,171.81,687.24
2960,1486,151,4,315.25,1261.0
2961,1487,253,3,230.16,690.48
2962,1487,159,5,444.25,2221.25
2963,1488,397,1,222.04,222.04
2964,1489,116,3,205.38,616.14
2965,1490,364,2,241.39,482.78
2966,1490,2,5,100.72,503.6
2967,1491,183,2,193.82,387.64
2968,1491,284,4,438.71,1754.84
2969,1491,223,2,335.18,670.36
2970,1492,202,4,390.43,1561.72
2971,1492,98,1,355.87,355.87
2972,1492,458,5,283.37,1416.85
2973,1493,40,1,498.28,498.28
2974,1493,383,2,217.34,434.68
2975,1493,479,5,459.33,2296.65
2976,1494,490,3,21.34,64.02
2977,1494,371,4,489.56,1958.24
2978,1495,277,1,305.63,305.63
2979,1496,168,2,101.91,203.82
2980,1497,434,5,117.72,588.6
2981,1497,66,2,53.03,106.06
2982,1498,4,4,437.96,1751.84
2983,1499,323,4,448.32,1793.28
2984,1499,473,1,128.01,128.01
2985,1499,254,1,366.2,366.2
2986,1500,396,3,105.11,315.33
2987,1500,73,3,314.41,943.23
2988,1501,391,4,355.71,1422.84
2989,1502,47,2,343.74,687.48
2990,1503,38,3,292.17,876.51
2991,1503,449,2,363.38,726.76
2992,1503,483,1,365.15,365.15
2993,1504,423,5,11.82,59.1
2994,1505,350,1,456.99,456.99
2995,1505,261,3,297.28,891.84
2996,1506,414,3,378.85,1136.55
2997,1507,176,1,459.73,459.73
2998,1507,281,1,483.27,483.27
2999,1507,275,3,139.53,418.59
3000,1508,451,5,132.47,662.35
3001,1508,94,1,335.38,335.38
3002,1509,84,4,102.27,409.08
3003,1509,220,4,130.87,523.48
3004,1509,387,4,82.5,330.0
3005,1510,382,1,248.96,248.96
3006,1510,281,5,17.13,85.65
3007,1510,462,4,215.59,862.36
3008,1511,240,5,34.22,171.1
3009,1511,431,3,477.09,1431.27
3010,1512,317,1,328.6,328.6
3011,1512,456,1,426.38,426.38
3012,1512,330,1,486.44,486.44
3013,1513,357,4,342.15,1368.6
3014,1513,341,4,14.72,58.88
3015,1514,337,2,90.63,181.26
3016,1515,206,2,348.18,696.36
3017,1515,307,1,15.8,15.8
3018,1516,479,1,123.55,123.55
3019,1516,127,5,348.96,1744.8
3020,1516,154,1,411.52,411.52
3021,1517,63,5,111.53,557.65
3022,1517,410,3,196.84,590.52
3023,1518,8,5,157.59,787.95
3024,1518,87,2,9.74,19.48
3025,1519,274,4,354.3,1417.2
3026,1519,271,5,429.89,2149.45
3027,1520,450,2,42.12,84.24
3028,1520,390,4,17.7,70.8
3029,1520,483,2,270.39,540.78
3030,1521,455,4,423.74,1694.96
3031,1521,86,4,302.39,1209.56
3032,1521,73,3,333.36,1000.08
3033,1522,439,5,50.38,251.9
3034,1522,178,1,326.57,326.57
3035,1523,210,2,432.19,864.38
3036,1523,282,5,223.27,1116.35
3037,1524,381,4,289.52,1158.08
3038,1524,367,4,223.32,893.28
3039,1524,296,2,458.69,917.38
3040,1525,80,1,231.72,231.72
3041,1525,74,1,380.26,380.26
3042,1526,284,5,278.12,1390.6
3043,1527,148,5,386.66,1933.3
3044,1528,388,4,42.14,168.56
3045,1528,159,5,336.41,1682.05
3046,1528,324,4,203.64,814.56
3047,1529,163,3,171.35,514.05
3048,1529,224,5,464.32,2321.6
3049,1529,435,1,182.42,182.42
3050,1530,36,4,447.19,1788.76
3051,1530,257,2,260.85,521.7
3052,1530,61,1,297.57,297.57
3053,1531,227,4,157.64,630.56
3054,1531,328,2,183.01,366.02
3055,1531,2,4,299.31,1197.24
3056,1532,488,2,220.77,441.54
3057,1532,335,5,399.64,1998.2
3058,1532,447,2,277.97,555.94
3059,1533,358,2,267.82,535.64
3060,1533,228,5,342.45,1712.25
3061,1533,415,4,422.16,1688.64
3062,1534,498,4,236.55,946.2
3063,1535,251,1,415.07,415.07
3064,1535,15,3,111.85,335.55
3065,1536,307,4,108.89,435.56
3066,1536,226,2,77.9,155.8
3067,1537,26,3,335.0,1005.0
3068,1537,170,4,497.03,1988.12
3069,1537,247,1,311.11,311.11
3070,1538,361,4,189.98,759.92
3071,1538,62,1,414.47,414.47
3072,1539,371,3,42.11,126.33
3073,1540,154,2,498.46,996.92
3074,1541,195,4,424.61,1698.44
3075,1541,208,2,274.26,548.52
3076,1542,195,5,260.78,1303.9
3077,1542,455,3,366.57,1099.71
3078,1543,401,3,92.82,278.46
3079,1543,1,1,267.12,267.12
3080,1544,267,2,449.2,898.4
3081,1545,257,3,45.76,137.28
3082,1545,412,3,464.36,1393.08
3083,1545,195,3,334.4,1003.2
3084,1546,254,4,456.26,1825.04
3085,1547,148,2,381.55,763.1
3086,1547,55,4,393.65,1574.6
3087,1547,236,2,97.02,194.04
3088,1548,301,4,356.33,1425.32
3089,1549,170,4,46.51,186.04
3090,1549,39,4,297.73,1190.92
3091,1549,255,4,127.88,511.52
3092,1550,158,2,16.98,33.96
3093,1550,273,5,490.13,2450.65
3094,1550,28,4,388.24,1552.96
3095,1551,427,4,471.69,1886.76
3096,1551,402,1,400.5,400.5
3097,1552,60,2,91.74,183.48
3098,1552,129,2,287.41,574.82
3099,1553,131,1,66.37,66.37
3100,1554,262,4,125.36,501.44
3101,1555,154,5,29.2,146.0
3102,1556,122,5,294.4,1472.0
3103,1556,324,5,411.25,2056.25
3104,1556,297,2,25.44,50.88
3105,1557,352,2,485.93,971.86
3106,1557,164,5,125.94,629.7
3107,1557,66,4,384.86,1539.44
3108,1558,329,5,88.1,440.5
3109,1559,343,4,168.51,674.04
3110,1559,180,1,480.13,480.13
3111,1559,174,4,45.99,183.96
3112,1560,136,3,51.5,154.5
3113,1561,190,5,295.32,1476.6
3114,1562,108,5,144.89,724.45
3115,1562,492,4,250.81,1003.24
3116,1562,31,2,318.88,637.76
3117,1563,465,5,493.88,2469.4
3118,1564,345,5,370.12,1850.6
3119,1564,375,2,387.21,774.42
3120,1564,466,5,272.51,1362.55
3121,1565,429,5,245.38,1226.9
3122,1565,75,2,397.64,795.28
3123,1566,317,5,229.98,1149.9
3124,1566,10,3,13.44,40.32
3125,1566,205,1,41.95,41.95
3126,1567,388,5,389.55,1947.75
3127,1568,206,5,158.79,793.95
3128,1569,456,3,328.54,985.62
3129,1570,216,1,70.68,70.68
3130,1570,211,5,37.16,185.8
3131,1571,312,1,341.39,341.39
3132,1571,419,5,14.5,72.5
3133,1571,469,5,426.96,2134.8
3134,1572,216,2,154.36,308.72
3135,1573,183,3,174.45,523.35
3136,1573,211,3,112.89,338.67
3137,1573,151,1,56.28,56.28
3138,1574,97,1,309.33,309.33
3139,1575,366,1,343.14,343.14
3140,1575,318,1,373.79,373.79
3141,1575,330,4,425.77,1703.08
3142,1576,68,5,437.07,2185.35
3143,1576,472,1,30.27,30.27
3144,1576,299,1,201.27,201.27
3145,1577,143,3,456.0,1368.0
3146,1577,20,2,347.46,694.92
3147,1577,171,3,453.4,1360.2
3148,1578,289,1,34.12,34.12
3149,1579,53,3,182.45,547.35
3150,1580,453,2,473.1,946.2
3151,1580,405,4,394.27,1577.08
3152,1581,230,5,104.93,524.65
3153,1581,2,1,32.0,32.0
3154,1582,488,2,11.16,22.32
3155,1582,470,1,78.14,78.14
3156,1582,221,1,98.4,98.4
3157,1583,322,2,339.0,678.0
3158,1583,64,1,391.36,391.36
3159,1584,306,4,209.19,836.76
3160,1584,47,1,76.86,76.86
3161,1584,140,1,78.51,78.51
3162,1585,250,5,493.48,2467.4
3163,1585,473,1,86.83,86.83
3164,1586,123,2,320.48,640.96
3165,1587,353,3,453.56,1360.68
3166,1588,426,3,350.92,1052.76
3167,1589,405,4,9.82,39.28
3168,1590,416,1,8.72,8.72
3169,1591,414,5,126.54,632.7
3170,1591,21,1,197.2,197.2
3171,1592,109,3,25.86,77.58
3172,1592,39,5,437.92,2189.6
3173,1592,457,5,270.13,1350.65
3174,1593,355,5,99.29,496.45
3175,1593,105,5,41.17,205.85
3176,1593,94,3,416.06,1248.18
3177,1594,333,1,288.3,288.3
3178,1594,261,2,253.74,507.48
3179,1595,173,1,53.71,53.71
3180,1595,153,4,213.26,853.04
3181,1596,162,4,144.99,579.96
3182,1596,278,5,58.34,291.7
3183,1596,472,2,268.69,537.38
3184,1597,62,1,142.76,142.76
3185,1597,28,3,45.31,135.93
3186,1597,494,1,278.72,278.72
3187,1598,298,1,248.79,248.79
3188,1598,451,1,117.61,117.61
3189,1598,105,1,464.3,464.3
3190,1599,66,2,498.8,997.6
3191,1600,474,3,295.21,885.63
3192,1601,234,3,15.26,45.78
3193,1602,214,5,430.6,2153.0
3194,1602,118,4,191.28,765.12
3195,1603,191,1,45.57,45.57
3196,1603,55,4,68.8,275.2
3197,1604,291,2,22.83,45.66
3198,1604,45,3,375.17,1125.51
3199,1605,359,4,276.71,1106.84
3200,1605,10,2,117.17,234.34
3201,1606,413,2,422.21,844.42
3202,1606,459,5,148.46,742.3
3203,1607,360,4,172.75,691.0
3204,1607,121,5,176.72,883.6
3205,1608,397,3,169.42,508.26
3206,1608,486,4,433.62,1734.48
3207,1609,431,5,191.7,958.5
3208,1609,236,4,162.4,649.6
3209,1609,452,1,160.21,160.21
3210,1610,128,5,259.91,1299.55
3211,1610,331,1,16.45,16.45
3212,1610,149,3,63.11,189.33
3213,1611,170,5,490.75,2453.75
3214,1612,446,5,496.49,2482.45
3215,1612,481,1,130.89,130.89
3216,1613,466,4,312.42,1249.68
3217,1614,196,5,224.77,1123.85
3218,1614,272,3,113.99,341.97
3219,1614,118,3,14.87,44.61
3220,1615,278,1,477.4,477.4
3221,1615,331,3,63.85,191.55
3222,1615,160,2,406.11,812.22
3223,1616,136,4,72.99,291.96
3224,1616,169,5,26.67,133.35
3225,1617,93,5,409.98,2049.9
3226,1617,240,4,348.05,1392.2
3227,1618,129,1,458.69,458.69
3228,1619,412,5,307.03,1535.15
3229,1619,195,2,101.68,203.36
3230,1620,442,5,211.6,1058.0
3231,1621,148,2,45.01,90.02
3232,1622,293,1,151.05,151.05
3233,1622,308,5,138.09,690.45
3234,1623,229,3,337.63,1012.89
3235,1623,109,2,281.61,563.22
3236,1624,420,1,392.32,392.32
3237,1624,421,1,220.91,220.91
3238,1624,242,1,429.04,429.04
3239,1625,304,3,177.11,531.33
3240,1626,286,3,440.55,1321.65
3241,1627,280,5,38.69,193.45
3242,1627,44,2,459.68,919.36
3243,1627,106,4,168.39,673.56
3244,1628,6,2,334.94,669.88
3245,1629,451,5,78.94,394.7
3246,1629,307,3,431.81,1295.43
3247,1629,40,1,369.61,369.61
3248,1630,222,2,114.44,228.88
3249,1630,203,3,421.58,1264.74
3250,1630,323,1,170.88,170.88
3251,1631,128,5,279.89,1399.45
3252,1631,476,2,369.99,739.98
3253,1632,57,5,421.9,2109.5
3254,1633,199,1,419.84,419.84
3255,1634,73,3,161.79,485.37
3256,1634,231,1,461.05,461.05
3257,1634,183,2,379.96,759.92
3258,1635,396,1,498.65,498.65
3259,1635,87,4,494.2,1976.8
3260,1636,461,1,471.7,471.7
3261,1636,415,1,448.92,448.92
3262,1636,120,3,183.59,550.77
3263,1637,348,2,27.24,54.48
3264,1638,60,2,370.41,740.82
3265,1638,37,4,183.27,733.08
3266,1638,310,4,426.52,1706.08
3267,1639,260,3,120.69,362.07
3268,1640,302,1,385.77,385.77
3269,1640,362,2,410.82,821.64
3270,1641,301,3,303.87,911.61
3271,1641,192,2,15.46,30.92
3272,1641,461,2,151.07,302.14
3273,1642,128,4,441.05,1764.2
3274,1642,357,4,272.43,1089.72
3275,1643,266,1,50.72,50.72
3276,1644,305,1,106.53,106.53
3277,1645,359,3,103.55,310.65
3278,1645,133,1,174.91,174.91
3279,1646,487,5,191.81,959.05
3280,1647,468,3,142.24,426.72
3281,1648,42,2,398.46,796.92
3282,1648,155,3,94.15,282.45
3283,1648,85,5,38.87,194.35
3284,1649,332,3,146.8,440.4
3285,1650,74,5,172.95,864.75
3286,1650,262,2,101.4,202.8
3287,1650,468,4,301.71,1206.84
3288,1651,73,3,290.76,872.28
3289,1651,303,2,162.11,324.22
3290,1651,119,3,312.75,938.25
3291,1652,61,2,367.61,735.22
3292,1652,292,1,27.2,27.2
3293,1653,184,1,242.06,242.06
3294,1653,438,3,109.65,328.95
3295,1653,217,3,172.94,518.82
3296,1654,435,3,378.66,1135.98
3297,1655,407,1,311.84,311.84
3298,1655,37,4,47.42,189.68
3299,1656,295,2,229.77,459.54
3300,1657,152,5,498.4,2492.0
3301,1658,337,3,475.78,1427.34
3302,1659,251,3,328.66,985.98
3303,1659,492,3,139.65,418.95
3304,1660,389,1,292.16,292.16
3305,1660,9,3,143.94,431.82
3306,1660,84,5,429.96,2149.8
3307,1661,130,4,330.36,1321.44
3308,1661,116,1,175.32,175.32
3309,1662,440,4,68.81,275.24
3310,1663,295,4,135.42,541.68
3311,1663,354,3,219.53,658.59
3312,1663,465,2,484.72,969.44
3313,1664,160,2,67.04,134.08
3314,1664,45,4,307.09,1228.36
3315,1665,474,2,58.18,116.36
3316,1665,212,1,185.15,185.15
3317,1665,169,5,383.72,1918.6
3318,1666,183,4,289.53,1158.12
3319,1666,325,3,147.07,441.21
3320,1667,283,1,331.77,331.77
3321,1667,214,5,247.94,1239.7
3322,1668,330,2,115.36,230.72
3323,1669,34,5,238.69,1193.45
3324,1669,240,1,99.85,99.85
3325,1669,427,5,233.25,1166.25
3326,1670,165,2,470.9,941.8
3327,1670,6,1,86.06,86.06
3328,1670,223,5,484.42,2422.1
3329,1671,157,5,162.19,810.95
3330,1671,496,3,78.49,235.47
3331,1671,103,5,355.1,1775.5
3332,1672,50,5,225.78,1128.9
3333,1672,153,5,433.17,2165.85
3334,1673,165,5,252.68,1263.4
3335,1673,329,3,41.48,124.44
3336,1674,346,4,62.86,251.44
3337,1675,182,2,489.19,978.38
3338,1675,14,1,417.76,417.76
3339,1675,364,1,264.75,264.75
3340,1676,441,1,83.41,83.41
3341,1676,283,2,355.12,710.24
3342,1677,450,1,161.08,161.08
3343,1678,60,5,309.64,1548.2
3344,1678,488,2,497.29,994.58
3345,1679,44,1,30.15,30.15
3346,1679,412,4,183.73,734.92
3347,1680,86,2,318.71,637.42
3348,1680,201,3,354.88,1064.64
3349,1681,40,2,54.94,109.88
3350,1681,63,2,46.69,93.38
3351,1682,300,5,249.12,1245.6
3352,1682,240,1,92.2,92.2
3353,1682,12,3,84.79,254.37
3354,1683,304,1,313.39,313.39
3355,1683,53,1,335.56,335.56
3356,1684,170,5,279.86,1399.3
3357,1685,213,3,341.96,1025.88
3358,1686,392,1,325.92,325.92
3359,1686,218,5,107.79,538.95
3360,1687,21,2,136.83,273.66
3361,1688,388,2,409.55,819.1
3362,1688,440,3,37.72,113.16
3363,1688,496,3,185.12,555.36
3364,1689,247,2,439.46,878.92
3365,1689,488,1,124.35,124.35
3366,1690,3,3,190.65,571.95
3367,1690,179,1,399.5,399.5
3368,1690,88,4,59.39,237.56
3369,1691,276,4,323.71,1294.84
3370,1691,456,3,200.19,600.57
3371,1691,143,4,461.72,1846.88
3372,1692,440,2,314.94,629.88
3373,1692,213,4,5.26,21.04
3374,1692,390,5,86.77,433.85
3375,1693,139,5,482.36,2411.8
3376,1694,483,3,454.9,1364.7
3377,1695,74,3,268.2,804.6
3378,1695,34,3,380.18,1140.54
3379,1696,482,2,446.42,892.84
3380,1697,316,2,42.36,84.72
3381,1697,211,1,199.16,199.16
3382,1698,459,4,290.91,1163.64
3383,1698,23,3,321.5,964.5
3384,1698,321,4,188.99,755.96
3385,1699,411,3,206.86,620.58
3386,1700,248,3,396.7,1190.1
3387,1701,68,1,377.32,377.32
3388,1702,335,2,231.56,463.12
3389,1702,268,1,140.98,140.98
3390,1702,74,2,267.59,535.18
3391,1703,201,4,185.31,741.24
3392,1703,297,5,144.24,721.2
3393,1704,311,3,472.96,1418.88
3394,1704,208,2,301.3,602.6
3395,1705,445,5,449.38,2246.9
3396,1705,464,4,83.63,334.52
3397,1706,344,5,50.51,252.55
3398,1706,413,5,400.91,2004.55
3399,1706,97,2,350.73,701.46
3400,1707,114,4,27.6,110.4
3401,1708,280,2,97.59,195.18
3402,1708,347,3,264.64,793.92
3403,1709,188,3,384.54,1153.62
3404,1709,61,4,342.33,1369.32
3405,1709,435,4,456.61,1826.44
3406,1710,64,5,55.35,276.75
3407,1710,221,2,166.09,332.18
3408,1710,488,3,354.91,1064.73
3409,1711,149,2,140.96,281.92
3410,1711,411,4,412.61,1650.44
3411,1711,421,3,258.56,775.68
3412,1712,383,2,48.3,96.6
3413,1712,130,5,70.56,352.8
3414,1713,327,2,307.72,615.44
3415,1714,14,2,96.45,192.9
3416,1714,246,5,158.9,794.5
3417,1714,454,2,224.96,449.92
3418,1715,14,2,283.08,566.16
3419,1715,107,1,403.8,403.8
3420,1716,362,2,302.27,604.54
3421,1716,460,5,16.63,83.15
3422,1717,327,3,229.42,688.26
3423,1718,355,5,157.93,789.65
3424,1718,322,4,85.8,343.2
3425,1719,193,5,86.26,431.3
3426,1719,246,4,409.18,1636.72
3427,1719,60,5,99.93,499.65
3428,1720,102,5,65.84,329.2
3429,1720,107,4,81.13,324.52
3430,1720,156,2,381.4,762.8
3431,1721,444,5,320.15,1600.75
3432,1722,195,2,73.5,147.0
3433,1722,205,3,303.2,909.6
3434,1722,148,2,17.75,35.5
3435,1723,497,2,40.68,81.36
3436,1723,164,4,331.18,1324.72
3437,1723,204,3,307.98,923.94
3438,1724,39,2,300.77,601.54
3439,1724,197,3,152.15,456.45
3440,1724,468,5,111.36,556.8
3441,1725,87,1,93.01,93.01
3442,1726,233,1,45.73,45.73
3443,1727,413,2,280.69,561.38
3444,1728,417,2,325.33,650.66
3445,1728,470,2,61.79,123.58
3446,1729,271,2,104.71,209.42
3447,1729,344,2,343.4,686.8
3448,1729,329,1,489.1,489.1
3449,1730,20,4,35.47,141.88
3450,1731,313,3,386.76,1160.28
3451,1731,343,4,250.71,1002.84
3452,1732,380,2,329.79,659.58
3453,1732,248,4,487.35,1949.4
3454,1733,265,4,246.53,986.12
3455,1733,495,3,347.47,1042.41
3456,1734,336,2,323.37,646.74
3457,1735,238,4,32.77,131.08
3458,1735,459,4,412.64,1650.56
3459,1735,403,3,213.07,639.21
3460,1736,496,4,280.29,1121.16
3461,1736,465,3,456.45,1369.35
3462,1736,231,5,85.11,425.55
3463,1737,320,3,137.99,413.97
3464,1738,313,2,412.86,825.72
3465,1738,412,4,190.55,762.2
3466,1738,145,4,222.41,889.64
3467,1739,105,4,375.4,1501.6
3468,1739,142,2,16.53,33.06
3469,1740,183,2,80.71,161.42
3470,1741,15,5,165.99,829.95
3471,1741,108,3,88.31,264.93
3472,1741,407,4,70.61,282.44
3473,1742,199,3,499.85,1499.55
3474,1743,406,4,170.98,683.92
3475,1743,245,2,41.46,82.92
3476,1743,75,1,90.18,90.18
3477,1744,179,3,254.29,762.87
3478,1744,266,2,246.18,492.36
3479,1744,197,1,102.75,102.75
3480,1745,490,1,492.63,492.63
3481,1745,410,4,382.4,1529.6
3482,1746,71,3,16.29,48.87
3483,1746,158,5,254.76,1273.8
3484,1746,431,4,488.9,1955.6
3485,1747,343,1,316.1,316.1
3486,1748,228,3,286.28,858.84
3487,1749,62,5,118.79,593.95
3488,1750,66,2,193.22,386.44
3489,1750,85,3,278.06,834.18
3490,1751,244,5,342.1,1710.5
3491,1752,47,5,143.84,719.2
3492,1752,284,4,220.22,880.88
3493,1753,31,5,442.19,2210.95
3494,1753,304,5,16.46,82.3
3495,1754,401,4,100.79,403.16
3496,1754,349,2,473.87,947.74
3497,1754,301,1,215.47,215.47
3498,1755,24,1,62.32,62.32
3499,1756,37,2,60.81,121.62
3500,1756,359,2,164.76,329.52
3501,1756,177,1,402.33,402.33
3502,1757,249,2,309.34,618.68
3503,1757,345,1,122.62,122.62
3504,1757,76,2,454.45,908.9
3505,1758,156,2,217.66,435.32
3506,1759,115,5,435.83,2179.15
3507,1759,134,5,116.53,582.65
3508,1759,397,3,51.55,154.65
3509,1760,231,5,495.4,2477.0
3510,1760,124,4,333.34,1333.36
3511,1761,382,1,461.25,461.25
3512,1761,60,2,115.17,230.34
3513,1762,285,4,287.92,1151.68
3514,1762,116,3,357.73,1073.19
3515,1763,30,5,227.9,1139.5
3516,1763,432,1,294.96,294.96
3517,1764,221,1,105.14,105.14
3518,1765,63,2,122.87,245.74
3519,1766,95,1,178.96,178.96
3520,1766,454,2,164.61,329.22
3521,1767,326,3,460.84,1382.52
3522,1767,277,4,391.39,1565.56
3523,1767,415,4,5.86,23.44
3524,1768,17,3,164.59,493.77
3525,1769,226,4,55.56,222.24
3526,1769,32,2,188.33,376.66
3527,1770,146,2,451.72,903.44
3528,1770,53,5,161.13,805.65
3529,1770,75,1,200.46,200.46
3530,1771,74,3,120.46,361.38
3531,1772,423,1,9.97,9.97
3532,1772,275,5,171.41,857.05
3533,1772,463,2,237.55,475.1
3534,1773,248,4,399.97,1599.88
3535,1773,465,2,195.66,391.32
3536,1773,366,3,261.11,783.33
3537,1774,329,5,402.45,2012.25
3538,1774,496,5,393.49,1967.45
3539,1774,477,4,441.59,1766.36
3540,1775,102,4,44.52,178.08
3541,1775,426,2,107.71,215.42
3542,1776,327,4,309.49,1237.96
3543,1776,314,1,27.69,27.69
3544,1776,309,4,483.43,1933.72
3545,1777,247,3,21.78,65.34
3546,1778,90,1,322.79,322.79
3547,1779,73,5,288.22,1441.1
3548,1779,474,5,97.22,486.1
3549,1780,467,1,226.6,226.6
3550,1780,46,3,40.79,122.37
3551,1780,464,4,466.78,1867.12
3552,1781,88,5,399.41,1997.05
3553,1781,152,3,389.98,1169.94
3554,1782,452,2,314.16,628.32
3555,1782,301,3,83.51,250.53
3556,1783,385,5,205.02,1025.1
3557,1784,277,1,121.3,121.3
3558,1784,381,1,162.49,162.49
3559,1785,438,5,388.42,1942.1
3560,1785,15,5,398.25,1991.25
3561,1785,364,3,122.44,367.32
3562,1786,216,4,425.77,1703.08
3563,1786,436,1,260.9,260.9
3564,1786,309,2,54.15,108.3
3565,1787,100,1,171.93,171.93
3566,1787,223,2,290.14,580.28
3567,1788,188,3,202.1,606.3
3568,1788,402,3,462.86,1388.58
3569,1788,385,5,395.97,1979.85
3570,1789,266,2,178.44,356.88
3571,1790,260,1,206.65,206.65
3572,1790,425,2,306.56,613.12
3573,1790,172,3,81.31,243.93
3574,1791,411,1,369.76,369.76
3575,1791,61,1,130.82,130.82
3576,1792,402,2,35.43,70.86
3577,1793,164,3,111.63,334.89
3578,1794,481,5,488.44,2442.2
3579,1795,328,2,140.39,280.78
3580,1796,267,3,262.91,788.73
3581,1797,342,2,310.69,621.38
3582,1798,364,3,163.15,489.45
3583,1798,410,3,81.15,243.45
3584,1798,67,5,197.78,988.9
3585,1799,256,5,423.92,2119.6
3586,1799,351,3,447.78,1343.34
3587,1799,48,1,162.04,162.04
3588,1800,479,1,141.75,141.75
3589,1800,100,2,92.37,184.74
3590,1801,255,2,374.34,748.68
3591,1802,133,2,365.21,730.42
3592,1803,177,3,122.18,366.54
3593,1803,352,4,372.07,1488.28
3594,1804,376,1,481.1,481.1
3595,1804,304,4,237.5,950.0
3596,1805,454,3,218.13,654.39
3597,1805,496,5,466.22,2331.1
3598,1805,179,2,83.06,166.12
3599,1806,449,1,42.77,42.77
3600,1806,4,3,375.9,1127.7
3601,1806,270,1,33.07,33.07
3602,1807,294,5,404.19,2020.95
3603,1808,200,3,36.08,108.24
3604,1808,363,4,253.14,1012.56
3605,1808,56,4,172.18,688.72
3606,1809,46,4,53.21,212.84
3607,1810,478,5,125.12,625.6
3608,1810,243,4,491.18,1964.72
3609,1810,334,5,250.52,1252.6
3610,1811,492,4,190.97,763.88
3611,1811,39,4,437.56,1750.24
3612,1811,90,1,487.81,487.81
3613,1812,47,4,22.76,91.04
3614,1812,236,4,14.31,57.24
3615,1812,173,3,402.03,1206.09
3616,1813,356,2,450.55,901.1
3617,1813,14,5,158.28,791.4
3618,1813,466,4,326.07,1304.28
3619,1814,338,3,139.93,419.79
3620,1815,335,4,254.5,1018.0
3621,1815,370,5,120.2,601.0
3622,1816,67,4,266.82,1067.28
3623,1816,55,1,316.9,316.9
3624,1816,366,1,293.97,293.97
3625,1817,349,1,220.98,220.98
3626,1817,347,5,126.49,632.45
3627,1818,363,2,47.72,95.44
3628,1818,9,5,431.87,2159.35
3629,1818,27,3,11.07,33.21
3630,1819,339,5,384.14,1920.7
3631,1819,375,2,387.01,774.02
3632,1819,476,4,254.83,1019.32
3633,1820,215,4,42.2,168.8
3634,1820,68,5,127.15,635.75
3635,1821,389,1,106.19,106.19
3636,1822,166,1,435.08,435.08
3637,1822,431,3,190.59,571.77
3638,1822,456,4,392.42,1569.68
3639,1823,490,4,170.94,683.76
3640,1823,101,2,272.32,544.64
3641,1824,309,4,95.21,380.84
3642,1825,233,1,363.19,363.19
3643,1825,197,1,232.56,232.56
3644,1825,323,3,296.7,890.1
3645,1826,145,3,387.82,1163.46
3646,1826,21,2,76.74,153.48
3647,1826,457,3,142.68,428.04
3648,1827,213,4,449.79,1799.16
3649,1827,453,4,32.3,129.2
3650,1828,88,5,414.07,2070.35
3651,1828,198,2,89.52,179.04
3652,1828,352,2,328.54,657.08
3653,1829,97,1,298.44,298.44
3654,1830,129,5,364.91,1824.55
3655,1830,215,2,490.59,981.18
3656,1830,202,2,217.97,435.94
3657,1831,324,2,7.19,14.38
3658,1831,322,5,62.05,310.25
3659,1831,306,3,20.72,62.16
3660,1832,403,2,135.31,270.62
3661,1832,13,4,367.48,1469.92
3662,1832,294,4,384.91,1539.64
3663,1833,474,4,453.93,1815.72
3664,1834,275,1,352.27,352.27
3665,1835,398,4,60.73,242.92
3666,1836,458,3,292.53,877.59
3667,1836,401,5,477.55,2387.75
3668,1836,406,5,448.58,2242.9
3669,1837,11,1,146.46,146.46
3670,1838,438,3,429.67,1289.01
3671,1839,110,3,341.7,1025.1
3672,1839,328,4,344.92,1379.68
3673,1839,111,2,437.6,875.2
3674,1840,122,4,329.31,1317.24
3675,1840,202,4,437.21,1748.84
3676,1840,30,5,287.25,1436.25
3677,1841,154,3,442.41,1327.23
3678,1842,43,4,125.99,503.96
3679,1843,481,1,243.28,243.28
3680,1844,342,5,373.95,1869.75
3681,1844,372,5,58.2,291.0
3682,1845,473,2,450.11,900.22
3683,1846,155,2,273.14,546.28
3684,1846,425,1,243.94,243.94
3685,1847,426,5,424.71,2123.55
3686,1848,114,1,65.13,65.13
3687,1848,410,3,260.67,782.01
3688,1849,319,4,438.51,1754.04
3689,1849,216,1,296.85,296.85
3690,1850,52,5,83.05,415.25
3691,1850,7,3,488.25,1464.75
3692,1850,156,3,219.97,659.91
3693,1851,266,1,53.98,53.98
3694,1851,143,3,264.04,792.12
3695,1852,454,5,252.22,1261.1
3696,1852,3,2,495.09,990.18
3697,1853,76,3,355.31,1065.93
3698,1854,74,4,122.92,491.68
3699,1854,229,2,206.48,412.96
3700,1855,162,2,62.28,124.56
3701,1855,61,2,69.06,138.12
3702,1855,449,4,112.49,449.96
3703,1856,113,2,62.0,124.0
3704,1856,279,4,286.82,1147.28
3705,1856,490,3,374.69,1124.07
3706,1857,149,1,43.52,43.52
3707,1857,479,5,328.62,1643.1
3708,1857,47,4,86.72,346.88
3709,1858,289,1,487.09,487.09
3710,1859,231,5,314.04,1570.2
3711,1859,364,1,230.96,230.96
3712,1859,137,3,48.67,146.01
3713,1860,268,1,122.41,122.41
3714,1860,108,5,225.34,1126.7
3715,1861,335,2,212.46,424.92
3716,1861,76,3,252.35,757.05
3717,1862,228,3,60.83,182.49
3718,1862,46,1,86.55,86.55
3719,1863,263,4,430.06,1720.24
3720,1863,92,1,119.45,119.45
3721,1864,184,3,57.7,173.1
3722,1865,132,4,266.39,1065.56
3723,1866,178,5,491.74,2458.7
3724,1866,108,3,359.56,1078.68
3725,1866,119,3,463.62,1390.86
3726,1867,399,2,395.6,791.2
3727,1868,172,2,467.92,935.84
3728,1869,327,4,244.08,976.32
3729,1869,14,3,194.36,583.08
3730,1869,249,1,472.69,472.69
3731,1870,120,4,62.76,251.04
3732,1870,377,4,135.48,541.92
3733,1871,287,2,253.51,507.02
3734,1871,356,2,272.7,545.4
3735,1872,184,4,409.06,1636.24
3736,1872,263,2,446.73,893.46
3737,1872,197,5,466.37,2331.85
3738,1873,229,2,107.71,215.42
3739,1873,291,1,445.77,445.77
3740,1874,261,2,62.74,125.48
3741,1874,220,4,45.47,181.88
3742,1875,466,4,84.73,338.92
3743,1875,418,3,383.59,1150.77
3744,1876,436,4,422.01,1688.04
3745,1876,235,5,78.14,390.7
3746,1877,46,1,374.46,374.46
3747,1878,390,2,254.97,509.94
3748,1879,458,4,261.69,1046.76
3749,1879,311,1,77.48,77.48
3750,1880,263,2,65.97,131.94
3751,1880,165,3,40.54,121.62
3752,1881,104,4,94.02,376.08
3753,1882,360,5,69.27,346.35
3754,1882,95,4,79.24,316.96
3755,1883,308,2,274.23,548.46
3756,1884,302,1,329.16,329.16
3757,1885,142,1,320.2,320.2
3758,1886,116,4,211.28,845.12
3759,1886,461,4,435.75,1743.0
3760,1887,360,2,280.98,561.96
3761,1888,474,2,315.42,630.84
3762,1888,123,1,258.8,258.8
3763,1888,25,2,446.02,892.04
3764,1889,128,3,485.98,1457.94
3765,1889,37,3,324.37,973.11
3766,1889,344,3,375.78,1127.34
3767,1890,335,1,245.44,245.44
3768,1890,445,4,494.22,1976.88
3769,1891,357,4,181.0,724.0
3770,1891,23,5,25.56,127.8
3771,1891,315,2,466.67,933.34
3772,1892,475,2,294.34,588.68
3773,1892,281,1,451.77,451.77
3774,1893,179,1,305.17,305.17
3775,1893,17,4,239.88,959.52
3776,1894,71,4,243.95,975.8
3777,1894,431,3,231.48,694.44
3778,1894,184,5,445.16,2225.8
3779,1895,396,5,372.56,1862.8
3780,1895,94,1,171.77,171.77
3781,1896,307,3,72.24,216.72
3782,1896,247,4,117.89,471.56
3783,1896,378,5,449.35,2246.75
3784,1897,337,4,152.67,610.68
3785,1898,71,2,354.73,709.46
3786,1898,303,3,83.54,250.62
3787,1898,317,3,264.42,793.26
3788,1899,78,5,138.02,690.1
3789,1899,261,2,149.14,298.28
3790,1899,266,2,442.87,885.74
3791,1900,275,2,495.05,990.1
3792,1900,462,5,189.38,946.9
3793,1900,194,5,90.08,450.4
3794,1901,490,2,236.54,473.08
3795,1901,346,1,290.41,290.41
3796,1902,335,3,499.11,1497.33
3797,1903,21,5,90.16,450.8
3798,1903,247,1,18.16,18.16
3799,1904,73,5,419.2,2096.0
3800,1904,341,2,69.63,139.26
3801,1904,293,3,283.01,849.03
3802,1905,100,3,280.71,842.13
3803,1905,90,5,345.41,1727.05
3804,1906,439,1,363.85,363.85
3805,1906,357,1,24.84,24.84
3806,1907,67,2,167.62,335.24
3807,1908,264,2,35.47,70.94
3808,1908,337,5,290.32,1451.6
3809,1908,125,3,111.37,334.11
3810,1909,68,4,430.1,1720.4
3811,1909,114,3,252.93,758.79
3812,1910,304,1,76.02,76.02
3813,1910,125,1,464.6,464.6
3814,1910,493,3,257.11,771.33
3815,1911,233,5,259.32,1296.6
3816,1911,142,4,281.16,1124.64
3817,1911,79,2,73.37,146.74
3818,1912,366,4,64.1,256.4
3819,1913,70,5,237.77,1188.85
3820,1914,150,4,166.74,666.96
3821,1914,370,3,68.33,204.99
3822,1914,416,5,201.14,1005.7
3823,1915,25,3,254.93,764.79
3824,1915,472,1,237.88,237.88
3825,1915,239,5,244.82,1224.1
3826,1916,271,3,476.21,1428.63
3827,1917,267,4,84.42,337.68
3828,1918,474,5,300.8,1504.0
3829,1918,33,5,432.69,2163.45
3830,1919,387,4,39.34,157.36
3831,1919,354,2,386.04,772.08
3832,1919,56,5,227.76,1138.8
3833,1920,68,5,98.42,492.1
3834,1921,113,4,62.86,251.44
3835,1921,434,4,194.49,777.96
3836,1921,51,5,329.93,1649.65
3837,1922,271,5,97.47,487.35
3838,1922,345,4,344.77,1379.08
3839,1923,279,5,260.6,1303.0
3840,1923,3,3,176.27,528.81
3841,1923,29,5,338.13,1690.65
3842,1924,370,4,256.86,1027.44
3843,1924,133,3,24.82,74.46
3844,1924,295,1,269.39,269.39
3845,1925,156,2,418.54,837.08
3846,1925,370,5,353.53,1767.65
3847,1926,79,5,225.98,1129.9
3848,1927,413,3,353.17,1059.51
3849,1928,283,2,84.35,168.7
3850,1929,306,1,99.0,99.0
3851,1929,247,4,278.28,1113.12
3852,1930,155,3,52.72,158.16
3853,1930,459,3,44.79,134.37
3854,1930,323,5,143.89,719.45
3855,1931,473,1,75.15,75.15
3856,1931,190,5,468.65,2343.25
3857,1932,210,2,136.1,272.2
3858,1932,303,3,243.16,729.48
3859,1932,278,1,67.55,67.55
3860,1933,251,3,262.97,788.91
3861,1933,156,4,32.77,131.08
3862,1934,494,4,74.6,298.4
3863,1934,146,1,318.86,318.86
3864,1934,370,3,268.9,806.7
3865,1935,13,4,30.07,120.28
3866,1935,82,2,32.02,64.04
3867,1935,320,2,324.79,649.58
3868,1936,265,4,350.07,1400.28
3869,1936,46,3,59.96,179.88
3870,1936,122,2,217.6,435.2
3871,1937,359,2,261.76,523.52
3872,1938,408,4,448.28,1793.12
3873,1939,121,2,305.99,611.98
3874,1939,141,1,167.37,167.37
3875,1940,264,3,312.92,938.76
3876,1940,446,5,377.39,1886.95
3877,1941,16,2,163.06,326.12
3878,1941,232,1,130.6,130.6
3879,1942,114,4,35.96,143.84
3880,1943,285,4,136.23,544.92
3881,1943,236,4,135.15,540.6
3882,1944,241,1,106.54,106.54
3883,1945,354,3,40.15,120.45
3884,1945,23,1,7.04,7.04
3885,1946,294,4,112.55,450.2
3886,1947,221,3,186.64,559.92
3887,1947,289,2,203.56,407.12
3888,1948,47,1,372.86,372.86
3889,1949,138,4,103.42,413.68
3890,1950,466,2,21.87,43.74
3891,1951,225,1,43.2,43.2
3892,1952,104,2,194.56,389.12
3893,1952,458,5,371.58,1857.9
3894,1953,42,3,313.33,939.99
3895,1953,13,1,354.32,354.32
3896,1953,2,3,414.71,1244.13
3897,1954,191,3,421.25,1263.75
3898,1954,354,3,38.22,114.66
3899,1955,48,1,315.14,315.14
3900,1955,429,5,269.29,1346.45
3901,1955,35,1,76.54,76.54
3902,1956,224,3,496.03,1488.09
3903,1956,424,3,231.14,693.42
3904,1956,337,1,369.42,369.42
3905,1957,355,3,209.5,628.5
3906,1957,246,3,11.04,33.12
3907,1957,155,3,175.82,527.46
3908,1958,449,5,339.19,1695.95
3909,1959,399,3,232.44,697.32
3910,1959,104,1,133.99,133.99
3911,1960,170,1,387.12,387.12
3912,1960,430,5,256.07,1280.35
3913,1961,48,4,412.1,1648.4
3914,1961,324,4,240.84,963.36
3915,1961,264,5,274.1,1370.5
3916,1962,321,4,157.74,630.96
3917,1962,77,5,445.65,2228.25
3918,1963,210,1,216.24,216.24
3919,1963,102,3,465.47,1396.41
3920,1963,31,3,235.48,706.44
3921,1964,67,4,15.48,61.92
3922,1964,178,3,30.5,91.5
3923,1965,313,1,109.72,109.72
3924,1965,436,2,58.83,117.66
3925,1966,314,1,494.07,494.07
3926,1967,369,5,439.06,2195.3
3927,1967,181,4,106.63,426.52
3928,1967,58,2,198.83,397.66
3929,1968,262,4,334.96,1339.84
3930,1968,340,2,16.81,33.62
3931,1969,387,1,241.59,241.59
3932,1969,263,2,19.01,38.02
3933,1970,140,5,37.44,187.2
3934,1970,51,2,151.94,303.88
3935,1971,348,2,106.08,212.16
3936,1972,370,1,54.36,54.36
3937,1972,260,5,475.02,2375.1
3938,1973,401,4,47.55,190.2
3939,1973,447,4,315.63,1262.52
3940,1973,311,3,308.57,925.71
3941,1974,467,2,132.95,265.9
3942,1974,141,5,154.13,770.65
3943,1974,241,4,419.58,1678.32
3944,1975,422,5,126.76,633.8
3945,1976,177,3,31.24,93.72
3946,1977,180,2,57.91,115.82
3947,1977,78,3,479.01,1437.03
3948,1977,166,4,74.74,298.96
3949,1978,319,2,242.29,484.58
3950,1978,177,5,34.7,173.5
3951,1979,232,3,346.07,1038.21
3952,1979,84,3,343.07,1029.21
3953,1980,265,5,386.89,1934.45
3954,1980,380,5,98.5,492.5
3955,1980,206,4,50.6,202.4
3956,1981,357,4,106.27,425.08
3957,1982,496,1,162.11,162.11
3958,1982,212,4,324.88,1299.52
3959,1983,447,1,207.44,207.44
3960,1983,381,1,429.82,429.82
3961,1983,500,2,335.93,671.86
3962,1984,478,4,304.24,1216.96
3963,1985,241,3,372.03,1116.09
3964,1985,230,5,87.91,439.55
3965,1986,123,1,239.82,239.82
3966,1986,322,3,55.54,166.62
3967,1986,479,3,90.41,271.23
3968,1987,228,3,35.66,106.98
3969,1987,229,1,473.13,473.13
3970,1987,257,1,152.03,152.03
3971,1988,184,1,313.94,313.94
3972,1988,351,4,286.72,1146.88
3973,1989,388,4,19.47,77.88
3974,1989,327,5,455.94,2279.7
3975,1989,443,1,63.87,63.87
3976,1990,34,4,412.03,1648.12
3977,1991,428,2,110.53,221.06
3978,1991,465,3,291.22,873.66
3979,1991,56,1,375.35,375.35
3980,1992,142,5,227.12,1135.6
3981,1992,211,5,53.67,268.35
3982,1992,35,5,92.75,463.75
3983,1993,238,4,215.46,861.84
3984,1993,352,4,260.46,1041.84
3985,1993,94,1,360.11,360.11
3986,1994,459,2,333.17,666.34
3987,1994,79,5,378.88,1894.4
3988,1994,299,1,181.38,181.38
3989,1995,315,5,79.64,398.2
3990,1996,49,1,458.86,458.86
3991,1996,149,2,487.76,975.52
3992,1996,313,4,269.25,1077.0
3993,1997,253,1,114.86,114.86
3994,1997,95,4,467.12,1868.48
3995,1998,281,1,213.88,213.88
3996,1998,401,3,201.68,605.04
3997,1999,62,1,263.88,263.88
3998,1999,11,1,152.5,152.5
3999,1999,370,1,333.1,333.1
4000,2000,438,1,273.77,273.77
4001,2000,94,4,493.84,1975.36
4002,2001,426,4,97.43,389.72
4003,2002,327,1,421.39,421.39
4004,2002,414,2,321.35,642.7
4005,2002,290,4,412.29,1649.16
4006,2003,376,5,281.4,1407.0
4007,2004,145,5,61.66,308.3
4008,2004,336,2,287.84,575.68
4009,2005,472,3,346.99,1040.97
4010,2005,416,3,36.97,110.91
4011,2006,436,5,339.73,1698.65
4012,2006,163,1,277.5,277.5
4013,2006,19,1,12.89,12.89
4014,2007,301,3,312.79,938.37
4015,2007,293,4,429.62,1718.48
4016,2008,498,5,238.04,1190.2
4017,2008,185,5,75.06,375.3
4018,2009,297,5,312.67,1563.35
4019,2010,134,4,285.56,1142.24
4020,2011,158,5,131.28,656.4
4021,2012,257,5,148.1,740.5
4022,2013,224,1,37.27,37.27
4023,2014,117,4,371.45,1485.8
4024,2014,121,2,244.73,489.46
4025,2014,198,1,420.78,420.78
4026,2015,65,5,305.9,1529.5
4027,2015,44,2,347.99,695.98
4028,2015,384,2,396.84,793.68
4029,2016,213,3,104.86,314.58
4030,2016,422,2,385.35,770.7
4031,2016,162,1,223.84,223.84
4032,2017,325,4,97.26,389.04
4033,2018,223,2,472.36,944.72
4034,2018,188,3,415.17,1245.51
4035,2018,88,2,245.82,491.64
4036,2019,437,1,343.9,343.9
4037,2019,41,1,179.46,179.46
4038,2019,337,5,367.66,1838.3
4039,2020,314,2,380.96,761.92
4040,2021,409,1,211.56,211.56
4041,2022,269,2,115.57,231.14
4042,2022,399,5,442.35,2211.75
4043,2023,347,4,162.74,650.96
4044,2024,212,4,499.14,1996.56
4045,2024,56,2,85.75,171.5
4046,2025,188,1,62.91,62.91
4047,2026,241,3,314.64,943.92
4048,2026,182,2,109.57,219.14
4049,2027,7,1,94.81,94.81
4050,2027,399,2,197.04,394.08
4051,2027,14,3,53.18,159.54
4052,2028,369,3,443.2,1329.6
4053,2029,332,1,487.13,487.13
4054,2029,258,4,344.1,1376.4
4055,2029,351,5,136.58,682.9
4056,2030,332,1,378.68,378.68
4057,2030,393,1,331.6,331.6
4058,2031,1,1,316.58,316.58
4059,2031,343,2,262.27,524.54
4060,2031,247,3,236.46,709.38
4061,2032,76,5,472.43,2362.15
4062,2032,155,1,194.61,194.61
4063,2033,483,2,364.0,728.0
4064,2033,187,3,222.48,667.44
4065,2034,172,1,54.05,54.05
4066,2034,373,4,295.78,1183.12
4067,2035,240,2,349.99,699.98
4068,2035,323,3,431.68,1295.04
4069,2035,347,1,266.9,266.9
4070,2036,423,4,435.67,1742.68
4071,2036,258,1,265.37,265.37
4072,2036,267,1,94.82,94.82
4073,2037,137,5,139.49,697.45
4074,2037,223,1,469.81,469.81
4075,2038,89,5,188.76,943.8
4076,2038,218,2,328.94,657.88
4077,2039,411,3,213.51,640.53
4078,2039,385,4,434.47,1737.88
4079,2039,128,3,336.94,1010.82
4080,2040,155,4,191.35,765.4
4081,2040,225,1,183.29,183.29
4082,2041,393,3,414.07,1242.21
4083,2041,321,5,233.79,1168.95
4084,2042,149,4,15.38,61.52
4085,2042,474,3,119.17,357.51
4086,2042,384,1,336.45,336.45
4087,2043,53,2,402.57,805.14
4088,2044,224,2,342.13,684.26
4089,2044,279,1,332.8,332.8
4090,2045,73,1,183.87,183.87
4091,2046,54,4,236.75,947.0
4092,2046,12,4,14.24,56.96
4093,2046,250,2,294.44,588.88
4094,2047,18,2,105.3,210.6
4095,2048,114,1,431.24,431.24
4096,2048,324,2,401.51,803.02
4097,2049,182,5,303.31,1516.55
4098,2049,219,3,227.66,682.98
4099,2049,466,4,111.35,445.4
4100,2050,138,1,14.88,14.88
4101,2051,160,2,487.28,974.56
4102,2052,164,2,87.2,174.4
4103,2052,107,2,239.21,478.42
4104,2052,365,3,301.77,905.31
4105,2053,248,1,363.98,363.98
4106,2053,334,4,21.75,87.0
4107,2054,4,1,275.18,275.18
4108,2054,73,1,282.06,282.06
4109,2054,120,1,358.07,358.07
4110,2055,225,4,338.31,1353.24
4111,2056,201,2,64.63,129.26
4112,2056,209,3,416.5,1249.5
4113,2056,345,4,248.01,992.04
4114,2057,194,2,466.99,933.98
4115,2057,327,4,14.6,58.4
4116,2057,186,4,345.11,1380.44
4117,2058,241,2,354.4,708.8
4118,2058,52,4,492.63,1970.52
4119,2059,456,5,313.15,1565.75
4120,2059,25,3,141.98,425.94
4121,2059,61,1,168.2,168.2
4122,2060,158,1,77.23,77.23
4123,2060,468,1,479.41,479.41
4124,2061,158,5,262.21,1311.05
4125,2061,475,1,237.22,237.22
4126,2061,63,5,456.44,2282.2
4127,2062,239,5,430.06,2150.3
4128,2063,476,1,294.77,294.77
4129,2064,428,2,231.61,463.22
4130,2064,81,3,59.31,177.93
4131,2064,72,5,255.36,1276.8
4132,2065,21,5,458.27,2291.35
4133,2065,219,5,33.55,167.75
4134,2065,360,5,277.44,1387.2
4135,2066,344,5,227.72,1138.6
4136,2067,90,5,161.18,805.9
4137,2068,37,1,175.15,175.15
4138,2068,330,4,172.21,688.84
4139,2068,323,2,418.03,836.06
4140,2069,113,3,44.94,134.82
4141,2069,82,1,345.77,345.77
4142,2069,119,3,254.76,764.28
4143,2070,412,5,272.45,1362.25
4144,2070,233,3,201.99,605.97
4145,2070,151,2,477.32,954.64
4146,2071,50,3,204.47,613.41
4147,2071,22,4,298.85,1195.4
4148,2072,291,4,310.94,1243.76
4149,2072,460,2,246.5,493.0
4150,2073,487,3,203.21,609.63
4151,2073,280,4,492.74,1970.96
4152,2073,97,4,474.51,1898.04
4153,2074,246,4,325.53,1302.12
4154,2074,244,5,462.27,2311.35
4155,2074,50,5,387.91,1939.55
4156,2075,465,2,162.34,324.68
4157,2076,475,1,289.01,289.01
4158,2076,489,5,36.22,181.1
4159,2076,159,1,385.43,385.43
4160,2077,9,3,337.62,1012.86
4161,2077,237,1,254.63,254.63
4162,2077,184,5,429.09,2145.45
4163,2078,327,3,94.1,282.3
4164,2079,128,3,491.14,1473.42
4165,2080,293,2,299.34,598.68
4166,2081,43,2,265.84,531.68
4167,2081,273,2,243.19,486.38
4168,2082,411,2,484.96,969.92
4169,2082,433,5,367.05,1835.25
4170,2082,410,5,33.48,167.4
4171,2083,52,2,416.3,832.6
4172,2083,461,3,342.53,1027.59
4173,2083,153,2,291.12,582.24
4174,2084,421,1,96.85,96.85
4175,2085,331,1,235.88,235.88
4176,2085,242,5,205.02,1025.1
4177,2085,431,1,322.63,322.63
4178,2086,406,4,429.66,1718.64
4179,2086,423,4,89.1,356.4
4180,2087,400,5,448.42,2242.1
4181,2087,346,1,15.17,15.17
4182,2087,463,2,308.17,616.34
4183,2088,405,2,230.28,460.56
4184,2088,293,2,441.71,883.42
4185,2089,1,1,322.9,322.9
4186,2090,14,2,433.21,866.42
4187,2091,127,5,353.74,1768.7
4188,2091,180,1,159.79,159.79
4189,2092,44,3,50.97,152.91
4190,2093,342,1,148.54,148.54
4191,2093,208,4,120.83,483.32
4192,2094,351,4,12.03,48.12
4193,2094,124,4,300.53,1202.12
4194,2094,225,5,164.83,824.15
4195,2095,149,2,361.42,722.84
4196,2095,213,2,469.62,939.24
4197,2096,289,2,231.3,462.6
4198,2096,200,4,249.22,996.88
4199,2097,345,5,168.86,844.3
4200,2098,49,2,246.88,493.76
4201,2098,298,2,482.9,965.8
4202,2098,452,4,37.99,151.96
4203,2099,249,2,339.82,679.64
4204,2100,264,3,410.94,1232.82
4205,2101,170,2,496.17,992.34
4206,2102,94,1,464.68,464.68
4207,2103,28,3,458.25,1374.75
4208,2103,215,2,92.48,184.96
4209,2103,172,2,342.06,684.12
4210,2104,241,5,347.84,1739.2
4211,2104,236,1,256.39,256.39
4212,2105,479,4,5.05,20.2
4213,2106,185,4,275.35,1101.4
4214,2107,110,5,52.96,264.8
4215,2108,63,2,460.74,921.48
4216,2108,177,1,207.24,207.24
4217,2108,33,3,56.61,169.83
4218,2109,387,3,302.67,908.01
4219,2109,182,5,471.48,2357.4
4220,2110,256,5,487.87,2439.35
4221,2110,474,5,228.67,1143.35
4222,2111,130,4,36.45,145.8
4223,2111,176,1,309.86,309.86
4224,2111,42,4,304.55,1218.2
4225,2112,347,4,462.92,1851.68
4226,2112,417,2,390.23,780.46
4227,2113,254,5,104.82,524.1
4228,2114,354,4,10.74,42.96
4229,2114,19,1,400.16,400.16
4230,2115,99,5,447.83,2239.15
4231,2116,204,1,237.71,237.71
4232,2116,346,2,152.42,304.84
4233,2116,99,1,99.48,99.48
4234,2117,60,3,238.47,715.41
4235,2118,83,2,87.26,174.52
4236,2119,194,3,264.89,794.67
4237,2119,35,5,214.51,1072.55
4238,2120,313,1,50.32,50.32
4239,2120,388,2,434.51,869.02
4240,2121,115,1,176.8,176.8
4241,2121,438,2,65.83,131.66
4242,2122,340,2,346.89,693.78
4243,2122,3,4,297.96,1191.84
4244,2123,170,3,32.85,98.55
4245,2123,125,3,120.27,360.81
4246,2123,218,2,238.55,477.1
4247,2124,222,3,418.95,1256.85
4248,2124,1,2,403.25,806.5
4249,2125,233,1,70.23,70.23
4250,2125,170,3,135.88,407.64
4251,2125,456,2,172.62,345.24
4252,2126,359,2,38.32,76.64
4253,2126,492,3,81.53,244.59
4254,2127,85,1,93.32,93.32
4255,2127,481,5,192.28,961.4
4256,2128,315,4,279.06,1116.24
4257,2129,339,2,134.83,269.66
4258,2129,416,3,444.04,1332.12
4259,2129,303,4,266.78,1067.12
4260,2130,64,1,148.71,148.71
4261,2130,355,1,118.06,118.06
4262,2131,98,4,481.29,1925.16
4263,2131,192,4,70.87,283.48
4264,2132,52,1,423.85,423.85
4265,2133,459,2,331.9,663.8
4266,2133,107,2,305.46,610.92
4267,2134,478,2,450.83,901.66
4268,2134,162,2,192.63,385.26
4269,2135,161,3,338.49,1015.47
4270,2136,77,5,341.24,1706.2
4271,2136,160,1,254.44,254.44
4272,2136,231,4,364.86,1459.44
4273,2137,342,4,307.75,1231.0
4274,2137,477,3,227.71,683.13
4275,2137,244,1,447.38,447.38
4276,2138,491,3,42.25,126.75
4277,2138,218,2,246.02,492.04
4278,2138,440,1,201.27,201.27
4279,2139,294,3,81.82,245.46
4280,2139,371,2,233.96,467.92
4281,2140,377,4,402.56,1610.24
4282,2140,104,5,350.74,1753.7
4283,2140,50,1,171.72,171.72
4284,2141,234,2,137.88,275.76
4285,2141,202,3,89.21,267.63
4286,2142,346,4,355.27,1421.08
4287,2143,283,3,388.82,1166.46
4288,2143,476,1,495.21,495.21
4289,2144,367,4,328.28,1313.12
4290,2144,420,4,194.32,777.28
4291,2145,146,4,362.35,1449.4
4292,2146,384,3,406.23,1218.69
4293,2146,220,3,85.81,257.43
4294,2147,213,5,448.21,2241.05
4295,2147,361,5,298.19,1490.95
4296,2148,229,4,176.92,707.68
4297,2148,325,2,224.88,449.76
4298,2149,207,3,447.47,1342.41
4299,2149,468,5,191.67,958.35
4300,2149,32,3,298.33,894.99
4301,2150,428,5,227.44,1137.2
4302,2151,450,3,329.62,988.86
4303,2151,299,4,333.23,1332.92
4304,2151,43,3,262.94,788.82
4305,2152,201,1,460.7,460.7
4306,2152,491,3,231.34,694.02
4307,2152,338,5,163.58,817.9
4308,2153,234,4,82.77,331.08
4309,2153,442,1,166.7,166.7
4310,2154,351,1,128.16,128.16
4311,2154,416,4,89.97,359.88
4312,2155,96,3,280.53,841.59
4313,2155,66,5,101.99,509.95
4314,2155,422,1,173.52,173.52
4315,2156,357,1,467.84,467.84
4316,2157,38,2,58.42,116.84
4317,2157,261,5,77.08,385.4
4318,2157,104,4,276.4,1105.6
4319,2158,480,3,253.23,759.69
4320,2159,325,4,81.77,327.08
4321,2160,117,4,385.48,1541.92
4322,2160,368,5,60.14,300.7
4323,2161,217,4,425.91,1703.64
4324,2161,216,5,134.39,671.95
4325,2162,289,3,250.76,752.28
4326,2163,90,2,347.42,694.84
4327,2163,421,2,453.21,906.42
4328,2164,262,4,146.09,584.36
4329,2165,222,3,320.66,961.98
4330,2165,225,3,160.04,480.12
4331,2166,376,1,149.0,149.0
4332,2166,30,3,493.38,1480.14
4333,2166,404,3,420.75,1262.25
4334,2167,231,1,447.8,447.8
4335,2167,178,4,85.53,342.12
4336,2168,313,4,265.1,1060.4
4337,2169,150,3,282.2,846.6
4338,2170,127,2,395.31,790.62
4339,2171,251,4,428.58,1714.32
4340,2171,165,3,284.74,854.22
4341,2172,267,2,68.8,137.6
4342,2173,490,4,175.11,700.44
4343,2173,451,5,59.2,296.0
4344,2174,473,1,262.98,262.98
4345,2174,72,2,95.76,191.52
4346,2175,434,5,24.37,121.85
4347,2175,235,5,482.2,2411.0
4348,2176,392,5,442.84,2214.2
4349,2177,103,5,61.37,306.85
4350,2177,402,3,67.86,203.58
4351,2178,148,2,374.91,749.82
4352,2179,210,5,106.88,534.4
4353,2179,193,3,330.28,990.84
4354,2179,484,4,16.32,65.28
4355,2180,27,3,356.61,1069.83
4356,2180,418,4,163.54,654.16
4357,2181,270,4,487.86,1951.44
4358,2181,215,4,73.5,294.0
4359,2182,371,3,471.21,1413.63
4360,2183,64,4,263.44,1053.76
4361,2183,477,1,100.59,100.59
4362,2183,109,4,262.5,1050.0
4363,2184,54,3,475.22,1425.66
4364,2184,208,1,447.29,447.29
4365,2185,283,2,235.45,470.9
4366,2185,111,1,87.27,87.27
4367,2186,153,1,66.65,66.65
4368,2186,420,1,399.42,399.42
4369,2187,34,1,191.97,191.97
4370,2188,133,4,13.81,55.24
4371,2188,34,1,45.9,45.9
4372,2188,495,2,498.2,996.4
4373,2189,195,1,389.77,389.77
4374,2189,392,2,496.55,993.1
4375,2190,425,2,278.22,556.44
4376,2190,500,4,178.67,714.68
4377,2191,42,4,31.67,126.68
4378,2191,260,4,21.43,85.72
4379,2191,346,5,157.94,789.7
4380,2192,344,3,486.71,1460.13
4381,2192,407,3,197.96,593.88
4382,2193,408,5,66.65,333.25
4383,2193,31,3,443.97,1331.91
4384,2194,54,2,344.23,688.46
4385,2194,473,2,468.36,936.72
4386,2194,73,1,467.13,467.13
4387,2195,297,2,207.89,415.78
4388,2195,123,3,344.08,1032.24
4389,2196,275,2,437.02,874.04
4390,2196,46,3,335.55,1006.65
4391,2196,337,5,316.74,1583.7
4392,2197,71,5,475.29,2376.45
4393,2198,156,1,473.88,473.88
4394,2198,316,5,202.31,1011.55
4395,2199,347,1,288.89,288.89
4396,2200,64,5,286.47,1432.35
4397,2201,60,5,437.9,2189.5
4398,2201,164,1,139.19,139.19
4399,2201,442,5,37.32,186.6
4400,2202,94,4,201.65,806.6
4401,2203,262,1,397.2,397.2
4402,2203,122,1,19.45,19.45
4403,2203,442,4,331.81,1327.24
4404,2204,48,5,475.26,2376.3
4405,2204,23,4,78.53,314.12
4406,2205,124,4,394.57,1578.28
4407,2206,46,2,75.37,150.74
4408,2206,444,3,446.35,1339.05
4409,2207,489,5,76.94,384.7
4410,2207,460,5,17.23,86.15
4411,2208,309,4,286.02,1144.08
4412,2208,153,2,481.52,963.04
4413,2208,307,4,190.82,763.28
4414,2209,299,3,346.17,1038.51
4415,2210,159,4,285.9,1143.6
4416,2210,284,2,184.74,369.48
4417,2210,158,3,239.93,719.79
4418,2211,208,3,89.26,267.78
4419,2211,220,4,323.55,1294.2
4420,2211,128,1,471.99,471.99
4421,2212,129,2,304.83,609.66
4422,2212,325,4,200.5,802.0
4423,2212,146,1,369.74,369.74
4424,2213,485,4,439.54,1758.16
4425,2213,447,5,292.29,1461.45
4426,2214,449,3,320.29,960.87
4427,2215,307,4,457.4,1829.6
4428,2215,360,2,107.77,215.54
4429,2215,197,4,213.61,854.44
4430,2216,35,1,466.14,466.14
4431,2216,210,2,314.44,628.88
4432,2216,342,5,462.8,2314.0
4433,2217,358,5,157.48,787.4
4434,2217,426,1,454.0,454.0
4435,2217,206,5,41.49,207.45
4436,2218,494,3,442.58,1327.74
4437,2219,470,3,378.04,1134.12
4438,2219,459,5,306.64,1533.2
4439,2219,324,5,48.46,242.3
4440,2220,71,2,200.95,401.9
4441,2221,40,5,203.27,1016.35
4442,2221,337,3,59.45,178.35
4443,2222,197,3,79.73,239.19
4444,2222,64,1,220.28,220.28
4445,2222,3,5,437.69,2188.45
4446,2223,398,5,95.31,476.55
4447,2223,91,3,268.92,806.76
4448,2224,460,5,293.88,1469.4
4449,2224,192,3,444.18,1332.54
4450,2224,409,1,335.67,335.67
4451,2225,437,5,239.14,1195.7
4452,2226,452,1,190.8,190.8
4453,2226,427,5,370.07,1850.35
4454,2227,424,5,286.15,1430.75
4455,2228,431,4,114.05,456.2
4456,2228,380,5,459.67,2298.35
4457,2228,122,3,450.2,1350.6
4458,2229,103,4,197.91,791.64
4459,2229,394,2,330.54,661.08
4460,2230,421,2,102.89,205.78
4461,2230,419,4,392.08,1568.32
4462,2231,470,2,129.93,259.86
4463,2231,341,3,339.34,1018.02
4464,2232,278,2,342.36,684.72
4465,2232,259,1,170.97,170.97
4466,2232,230,3,7.23,21.69
4467,2233,61,4,150.82,603.28
4468,2233,458,5,261.02,1305.1
4469,2234,44,2,29.1,58.2
4470,2234,403,3,199.52,598.56
4471,2235,496,4,302.17,1208.68
4472,2235,130,3,130.31,390.93
4473,2235,104,1,227.26,227.26
4474,2236,104,5,113.0,565.0
4475,2237,80,5,219.24,1096.2
4476,2238,56,3,484.82,1454.46
4477,2238,364,4,455.53,1822.12
4478,2238,465,4,436.06,1744.24
4479,2239,237,3,62.88,188.64
4480,2239,475,5,114.32,571.6
4481,2240,18,3,343.69,1031.07
4482,2240,197,1,223.94,223.94
4483,2241,437,1,207.38,207.38
4484,2242,225,1,254.35,254.35
4485,2243,206,3,18.22,54.66
4486,2243,372,1,340.47,340.47
4487,2243,308,3,231.27,693.81
4488,2244,165,4,387.74,1550.96
4489,2244,495,5,324.92,1624.6
4490,2245,302,1,457.67,457.67
4491,2245,256,3,238.94,716.82
4492,2246,190,3,29.02,87.06
4493,2247,468,4,376.53,1506.12
4494,2247,367,1,158.95,158.95
4495,2247,150,3,199.54,598.62
4496,2248,320,4,274.69,1098.76
4497,2248,425,4,164.26,657.04
4498,2248,210,4,26.82,107.28
4499,2249,478,5,201.06,1005.3
4500,2250,426,4,28.32,113.28
4501,2250,285,2,468.56,937.12
4502,2250,179,2,258.93,517.86
4503,2251,309,3,209.48,628.44
4504,2251,206,1,105.28,105.28
4505,2251,103,5,53.08,265.4
4506,2252,376,1,391.07,391.07
4507,2253,293,5,54.36,271.8
4508,2254,383,2,327.25,654.5
4509,2254,123,2,407.26,814.52
4510,2255,315,2,273.98,547.96
4511,2255,73,5,496.21,2481.05
4512,2256,22,3,341.28,1023.84
4513,2256,228,2,271.45,542.9
4514,2257,202,4,222.93,891.72
4515,2257,331,1,431.76,431.76
4516,2258,404,5,455.87,2279.35
4517,2258,85,5,286.26,1431.3
4518,2258,162,2,114.92,229.84
4519,2259,350,2,86.03,172.06
4520,2260,337,1,204.85,204.85
4521,2260,467,4,391.97,1567.88
4522,2260,286,4,84.66,338.64
4523,2261,86,4,299.38,1197.52
4524,2261,414,5,61.84,309.2
4525,2262,489,4,302.69,1210.76
4526,2262,96,5,195.08,975.4
4527,2262,263,4,253.35,1013.4
4528,2263,24,5,55.24,276.2
4529,2263,261,1,47.29,47.29
4530,2263,336,4,112.2,448.8
4531,2264,351,4,310.88,1243.52
4532,2265,127,1,58.75,58.75
4533,2266,181,4,74.43,297.72
4534,2266,47,1,273.03,273.03
4535,2267,359,1,255.07,255.07
4536,2267,74,2,161.35,322.7
4537,2268,338,1,209.75,209.75
4538,2269,372,3,361.24,1083.72
4539,2269,401,2,90.39,180.78
4540,2269,318,3,402.27,1206.81
4541,2270,81,3,201.75,605.25
4542,2271,154,4,362.65,1450.6
4543,2272,391,4,194.38,777.52
4544,2272,280,4,349.55,1398.2
4545,2272,168,1,40.31,40.31
4546,2273,293,3,262.96,788.88
4547,2273,29,5,129.87,649.35
4548,2274,55,5,378.33,1891.65
4549,2275,127,3,80.66,241.98
4550,2276,299,1,14.19,14.19
4551,2276,249,5,220.73,1103.65
4552,2277,26,4,330.14,1320.56
4553,2277,491,5,462.4,2312.0
4554,2277,420,2,100.03,200.06
4555,2278,76,2,213.74,427.48
4556,2279,3,4,22.8,91.2
4557,2279,312,1,447.37,447.37
4558,2279,217,3,409.05,1227.15
4559,2280,359,4,231.39,925.56
4560,2280,138,5,182.13,910.65
4561,2280,455,4,322.28,1289.12
4562,2281,440,3,388.34,1165.02
4563,2282,95,5,10.95,54.75
4564,2282,205,4,334.06,1336.24
4565,2282,111,3,147.31,441.93
4566,2283,314,5,414.19,2070.95
4567,2283,153,3,300.91,902.73
4568,2284,450,5,201.31,1006.55
4569,2284,245,2,355.1,710.2
4570,2285,91,3,293.15,879.45
4571,2286,228,4,203.0,812.0
4572,2287,282,1,231.2,231.2
4573,2287,141,3,48.25,144.75
4574,2288,188,3,250.07,750.21
4575,2289,189,1,38.33,38.33
4576,2289,178,4,105.68,422.72
4577,2290,23,4,25.63,102.52
4578,2290,438,3,377.01,1131.03
4579,2291,266,4,495.45,1981.8
4580,2291,343,2,139.1,278.2
4581,2291,372,5,287.11,1435.55
4582,2292,498,4,445.86,1783.44
4583,2292,128,5,131.28,656.4
4584,2292,202,3,41.42,124.26
4585,2293,73,4,106.38,425.52
4586,2293,119,2,293.13,586.26
4587,2293,86,1,164.76,164.76
4588,2294,436,5,442.34,2211.7
4589,2294,170,4,370.06,1480.24
4590,2295,95,5,315.55,1577.75
4591,2296,18,3,315.57,946.71
4592,2296,136,1,315.46,315.46
4593,2297,118,4,459.99,1839.96
4594,2297,159,5,288.04,1440.2
4595,2297,186,5,37.55,187.75
4596,2298,86,3,313.62,940.86
4597,2299,233,2,46.71,93.42
4598,2299,402,2,351.21,702.42
4599,2299,408,5,336.37,1681.85
4600,2300,418,2,301.81,603.62
4601,2301,408,3,353.65,1060.95
4602,2302,11,1,430.29,430.29
4603,2303,281,3,447.04,1341.12
4604,2303,110,4,146.94,587.76
4605,2303,470,5,394.95,1974.75
4606,2304,462,2,169.74,339.48
4607,2305,499,1,115.35,115.35
4608,2305,136,3,447.54,1342.62
4609,2306,427,2,442.09,884.18
4610,2306,176,3,197.26,591.78
4611,2307,383,1,54.45,54.45
4612,2307,456,3,295.37,886.11
4613,2308,105,4,17.19,68.76
4614,2308,144,2,311.83,623.66
4615,2309,425,3,14.89,44.67
4616,2309,15,4,27.3,109.2
4617,2309,147,1,58.79,58.79
4618,2310,308,3,401.36,1204.08
4619,2310,86,1,65.94,65.94
4620,2310,406,4,272.92,1091.68
4621,2311,21,5,356.78,1783.9
4622,2311,121,1,32.36,32.36
4623,2311,393,4,211.74,846.96
4624,2312,422,1,204.07,204.07
4625,2312,459,1,154.24,154.24
4626,2313,299,2,231.4,462.8
4627,2314,289,3,33.03,99.09
4628,2315,86,5,127.7,638.5
4629,2315,229,4,70.27,281.08
4630,2315,337,5,346.79,1733.95
4631,2316,174,1,390.54,390.54
4632,2316,351,1,217.34,217.34
4633,2316,12,1,337.83,337.83
4634,2317,236,4,473.25,1893.0
4635,2317,81,2,392.31,784.62
4636,2318,408,2,467.64,935.28
4637,2319,264,4,330.32,1321.28
4638,2320,282,3,445.52,1336.56
4639,2320,360,3,73.14,219.42
4640,2321,357,5,409.96,2049.8
4641,2321,147,2,346.97,693.94
4642,2322,490,4,153.77,615.08
4643,2323,492,1,123.26,123.26
4644,2324,330,5,33.58,167.9
4645,2324,240,2,427.73,855.46
4646,2325,120,4,358.25,1433.0
4647,2326,429,1,150.27,150.27
4648,2327,422,3,376.37,1129.11
4649,2327,9,5,484.49,2422.45
4650,2327,238,4,15.59,62.36
4651,2328,285,4,192.13,768.52
4652,2328,170,1,252.5,252.5
4653,2328,264,4,255.38,1021.52
4654,2329,403,4,102.3,409.2
4655,2330,364,1,398.65,398.65
4656,2330,285,3,491.17,1473.51
4657,2331,368,3,44.03,132.09
4658,2331,34,5,164.97,824.85
4659,2331,395,4,213.6,854.4
4660,2332,84,1,55.01,55.01
4661,2332,498,4,12.65,50.6
4662,2333,81,5,158.16,790.8
4663,2333,356,4,411.64,1646.56
4664,2334,296,1,434.01,434.01
4665,2334,184,1,282.18,282.18
4666,2335,412,2,239.33,478.66
4667,2335,142,3,442.86,1328.58
4668,2335,175,5,74.63,373.15
4669,2336,271,1,224.57,224.57
4670,2336,141,1,22.87,22.87
4671,2336,423,3,227.92,683.76
4672,2337,52,1,46.12,46.12
4673,2337,114,3,72.93,218.79
4674,2337,221,4,196.42,785.68
4675,2338,97,4,349.6,1398.4
4676,2339,329,3,271.65,814.95
4677,2340,198,1,381.84,381.84
4678,2341,69,4,266.38,1065.52
4679,2341,372,1,98.62,98.62
4680,2342,496,1,294.91,294.91
4681,2343,278,5,448.19,2240.95
4682,2344,256,5,498.75,2493.75
4683,2344,346,4,51.43,205.72
4684,2345,325,5,88.86,444.3
4685,2345,61,1,174.12,174.12
4686,2345,451,2,315.56,631.12
4687,2346,379,2,403.24,806.48
4688,2346,221,1,190.39,190.39
4689,2347,388,4,269.32,1077.28
4690,2347,24,2,19.85,39.7
4691,2348,422,1,146.09,146.09
4692,2348,104,1,470.04,470.04
4693,2348,257,5,80.61,403.05
4694,2349,367,2,271.62,543.24
4695,2349,54,3,43.67,131.01
4696,2350,209,4,478.67,1914.68
4697,2350,362,4,476.3,1905.2
4698,2351,183,1,431.4,431.4
4699,2352,323,1,498.59,498.59
4700,2353,143,1,343.29,343.29
4701,2353,406,2,128.08,256.16
4702,2354,389,3,191.73,575.19
4703,2354,9,4,330.49,1321.96
4704,2355,122,5,491.13,2455.65
4705,2356,492,3,232.11,696.33
4706,2356,444,5,243.48,1217.4
4707,2356,105,1,120.83,120.83
4708,2357,86,3,324.2,972.6
4709,2358,295,1,295.87,295.87
4710,2359,469,2,185.19,370.38
4711,2359,426,3,299.84,899.52
4712,2360,440,3,341.72,1025.16
4713,2360,314,1,37.6,37.6
4714,2360,366,2,197.2,394.4
4715,2361,278,5,474.71,2373.55
4716,2362,184,1,159.35,159.35
4717,2362,330,5,92.34,461.7
4718,2363,472,4,406.94,1627.76
4719,2363,157,3,73.89,221.67
4720,2364,272,5,429.87,2149.35
4721,2364,381,2,99.62,199.24
4722,2365,450,1,324.35,324.35
4723,2366,429,5,375.76,1878.8
4724,2366,12,1,396.17,396.17
4725,2366,317,4,296.4,1185.6
4726,2367,431,2,363.33,726.66
4727,2368,151,1,385.26,385.26
4728,2368,240,2,255.35,510.7
4729,2368,288,5,499.7,2498.5
4730,2369,78,2,140.84,281.68
4731,2370,26,5,204.43,1022.15
4732,2370,34,5,265.43,1327.15
4733,2371,18,1,420.23,420.23
4734,2371,417,4,69.8,279.2
4735,2371,445,3,490.74,1472.22
4736,2372,65,1,411.68,411.68
4737,2372,29,2,118.03,236.06
4738,2372,72,3,245.43,736.29
4739,2373,203,3,206.3,618.9
4740,2373,204,5,331.11,1655.55
4741,2374,158,4,276.73,1106.92
4742,2374,143,1,147.1,147.1
4743,2375,397,3,309.77,929.31
4744,2375,163,1,451.53,451.53
4745,2376,33,2,379.49,758.98
4746,2376,489,4,370.37,1481.48
4747,2376,20,4,182.13,728.52
4748,2377,375,5,463.42,2317.1
4749,2377,483,4,363.12,1452.48
4750,2378,236,1,346.04,346.04
4751,2379,83,2,278.19,556.38
4752,2380,300,4,126.11,504.44
4753,2381,35,3,279.89,839.67
4754,2381,124,2,66.37,132.74
4755,2381,176,4,41.54,166.16
4756,2382,334,3,166.27,498.81
4757,2382,480,1,333.12,333.12
4758,2382,429,3,367.63,1102.89
4759,2383,281,2,451.81,903.62
4760,2383,23,4,37.59,150.36
4761,2383,447,2,71.6,143.2
4762,2384,145,3,176.88,530.64
4763,2385,149,1,32.56,32.56
4764,2385,324,3,178.89,536.67
4765,2385,339,3,414.4,1243.2
4766,2386,199,4,414.47,1657.88
4767,2386,167,4,42.73,170.92
4768,2387,462,1,163.99,163.99
4769,2388,373,4,239.28,957.12
4770,2388,378,2,53.61,107.22
4771,2389,80,3,161.43,484.29
4772,2390,54,5,145.14,725.7
4773,2390,33,4,167.03,668.12
4774,2391,453,1,460.07,460.07
4775,2392,200,5,370.05,1850.25
4776,2393,428,5,113.67,568.35
4777,2393,140,4,366.18,1464.72
4778,2394,258,5,253.15,1265.75
4779,2394,490,3,270.45,811.35
4780,2394,296,2,328.48,656.96
4781,2395,345,4,306.84,1227.36
4782,2395,399,2,122.65,245.3
4783,2396,215,4,223.86,895.44
4784,2396,362,2,352.1,704.2
4785,2397,202,4,357.3,1429.2
4786,2398,455,2,155.34,310.68
4787,2399,288,3,218.6,655.8
4788,2399,342,3,265.47,796.41
4789,2400,478,2,275.77,551.54
4790,2401,409,5,83.67,418.35
4791,2401,489,3,407.24,1221.72
4792,2402,381,3,15.28,45.84
4793,2402,375,3,190.97,572.91
4794,2402,369,2,117.14,234.28
4795,2403,360,2,106.14,212.28
4796,2404,395,4,120.19,480.76
4797,2404,298,1,434.17,434.17
4798,2405,475,2,255.57,511.14
4799,2406,77,4,482.04,1928.16
4800,2406,327,2,98.48,196.96
4801,2407,71,2,497.88,995.76
4802,2407,311,2,413.91,827.82
4803,2408,49,1,66.69,66.69
4804,2408,57,2,149.0,298.0
4805,2409,479,4,104.84,419.36
4806,2410,448,2,233.76,467.52
4807,2411,130,1,147.96,147.96
4808,2412,50,5,363.21,1816.05
4809,2412,491,4,260.22,1040.88
4810,2413,41,4,270.51,1082.04
4811,2413,155,5,282.66,1413.3
4812,2413,243,1,206.39,206.39
4813,2414,406,3,90.55,271.65
4814,2414,334,5,135.76,678.8
4815,2415,158,4,29.89,119.56
4816,2415,212,5,472.6,2363.0
4817,2415,457,3,131.54,394.62
4818,2416,327,5,355.38,1776.9
4819,2416,158,3,295.29,885.87
4820,2416,453,2,378.83,757.66
4821,2417,148,4,322.82,1291.28
4822,2418,219,2,319.41,638.82
4823,2419,247,3,111.69,335.07
4824,2420,106,4,104.75,419.0
4825,2420,339,5,142.41,712.05
4826,2420,334,3,308.39,925.17
4827,2421,25,3,264.53,793.59
4828,2421,467,3,339.81,1019.43
4829,2421,324,1,362.18,362.18
4830,2422,127,1,358.48,358.48
4831,2422,362,1,454.0,454.0
4832,2423,136,3,349.49,1048.47
4833,2424,421,4,343.0,1372.0
4834,2424,211,5,189.39,946.95
4835,2425,6,1,142.94,142.94
4836,2425,255,5,160.05,800.25
4837,2425,231,1,281.06,281.06
4838,2426,348,4,37.4,149.6
4839,2426,357,4,120.79,483.16
4840,2427,49,5,261.37,1306.85
4841,2428,85,1,115.51,115.51
4842,2429,434,3,299.83,899.49
4843,2430,162,2,442.99,885.98
4844,2430,47,4,80.45,321.8
4845,2430,142,1,48.05,48.05
4846,2431,180,4,175.22,700.88
4847,2431,500,5,221.6,1108.0
4848,2431,116,3,326.87,980.61
4849,2432,300,1,277.8,277.8
4850,2432,167,4,117.94,471.76
4851,2433,457,2,372.25,744.5
4852,2433,439,5,196.89,984.45
4853,2434,271,5,465.02,2325.1
4854,2434,151,3,455.07,1365.21
4855,2435,140,2,169.83,339.66
4856,2435,111,4,211.74,846.96
4857,2436,345,5,481.36,2406.8
4858,2437,224,3,11.53,34.59
4859,2437,465,1,352.51,352.51
4860,2437,305,3,434.13,1302.39
4861,2438,3,5,376.04,1880.2
4862,2439,321,3,114.03,342.09
4863,2439,262,1,179.49,179.49
4864,2440,25,3,213.31,639.93
4865,2440,203,4,114.89,459.56
4866,2441,122,2,118.51,237.02
4867,2441,384,3,109.43,328.29
4868,2442,351,5,15.34,76.7
4869,2443,116,3,354.52,1063.56
4870,2443,61,3,316.23,948.69
4871,2443,109,3,415.94,1247.82
4872,2444,493,4,225.93,903.72
4873,2444,52,5,114.6,573.0
4874,2445,447,1,173.24,173.24
4875,2445,277,1,348.96,348.96
4876,2446,299,4,449.26,1797.04
4877,2446,285,2,30.62,61.24
4878,2447,150,3,320.86,962.58
4879,2448,7,2,340.21,680.42
4880,2448,35,4,59.19,236.76
4881,2448,48,2,198.69,397.38
4882,2449,236,4,448.75,1795.0
4883,2449,140,1,337.25,337.25
4884,2449,463,5,282.62,1413.1
4885,2450,139,4,98.81,395.24
4886,2450,418,4,251.0,1004.0
4887,2450,31,4,72.37,289.48
4888,2451,63,1,401.56,401.56
4889,2452,32,5,172.2,861.0
4890,2453,489,2,477.79,955.58
4891,2453,141,5,324.7,1623.5
4892,2453,1,5,300.6,1503.0
4893,2454,299,5,157.09,785.45
4894,2454,224,4,359.68,1438.72
4895,2455,45,4,300.01,1200.04
4896,2455,431,2,199.09,398.18
4897,2456,412,4,369.4,1477.6
4898,2457,136,4,290.68,1162.72
4899,2457,474,4,277.73,1110.92
4900,2457,175,3,429.59,1288.77
4901,2458,447,1,116.62,116.62
4902,2458,436,2,118.77,237.54
4903,2459,254,5,371.29,1856.45
4904,2459,143,2,249.31,498.62
4905,2460,224,4,119.85,479.4
4906,2460,429,4,465.33,1861.32
4907,2460,72,2,327.64,655.28
4908,2461,261,5,271.07,1355.35
4909,2461,212,3,11.36,34.08
4910,2462,497,1,6.15,6.15
4911,2462,499,3,259.19,777.57
4912,2463,398,2,105.67,211.34
4913,2463,168,2,171.79,343.58
4914,2464,276,3,454.24,1362.72
4915,2464,177,2,232.9,465.8
4916,2465,49,1,203.18,203.18
4917,2465,232,5,37.96,189.8
4918,2465,107,5,272.0,1360.0
4919,2466,30,4,299.36,1197.44
4920,2466,235,3,77.71,233.13
4921,2467,58,3,103.76,311.28
4922,2467,157,5,245.42,1227.1
4923,2468,343,3,181.07,543.21
4924,2468,422,5,372.5,1862.5
4925,2469,53,2,494.07,988.14
4926,2470,458,1,254.85,254.85
4927,2470,309,5,257.15,1285.75
4928,2470,46,4,372.01,1488.04
4929,2471,443,1,129.63,129.63
4930,2472,10,5,47.58,237.9
4931,2473,205,1,245.88,245.88
4932,2474,290,4,49.06,196.24
4933,2474,147,2,135.85,271.7
4934,2474,56,3,26.11,78.33
4935,2475,376,5,11.1,55.5
4936,2475,237,1,29.88,29.88
4937,2476,239,5,464.03,2320.15
4938,2477,280,1,342.11,342.11
4939,2477,136,3,95.29,285.87
4940,2477,109,5,397.9,1989.5
4941,2478,193,2,119.2,238.4
4942,2479,391,1,9.79,9.79
4943,2480,149,2,323.12,646.24
4944,2481,422,1,89.33,89.33
4945,2482,472,1,331.72,331.72
4946,2482,80,1,246.94,246.94
4947,2482,21,2,294.74,589.48
4948,2483,182,3,344.09,1032.27
4949,2484,468,1,264.02,264.02
4950,2484,485,1,268.85,268.85
4951,2485,77,4,438.56,1754.24
4952,2485,196,4,446.99,1787.96
4953,2486,101,1,202.53,202.53
4954,2486,320,5,131.16,655.8
4955,2486,35,5,180.98,904.9
4956,2487,355,1,92.54,92.54
4957,2487,239,2,294.88,589.76
4958,2487,344,1,100.28,100.28
4959,2488,200,4,481.72,1926.88
4960,2488,429,2,28.86,57.72
4961,2488,305,1,249.49,249.49
4962,2489,169,3,102.41,307.23
4963,2489,417,1,409.66,409.66
4964,2490,273,2,373.62,747.24
4965,2491,410,1,395.79,395.79
4966,2492,179,2,261.09,522.18
4967,2492,215,2,198.98,397.96
4968,2492,127,5,271.67,1358.35
4969,2493,19,4,69.2,276.8
4970,2493,384,4,60.8,243.2
4971,2493,177,2,236.06,472.12
4972,2494,171,1,499.89,499.89
4973,2494,164,1,192.59,192.59
4974,2495,132,1,429.73,429.73
4975,2495,434,2,6.65,13.3
4976,2496,483,1,11.29,11.29
4977,2496,433,2,328.92,657.84
4978,2496,253,5,90.99,454.95
4979,2497,384,4,90.09,360.36
4980,2497,322,5,320.08,1600.4
4981,2498,419,3,385.59,1156.77
4982,2499,330,1,480.39,480.39
4983,2500,341,4,263.79,1055.16
4984,2500,392,1,51.29,51.29
4985,2500,464,4,226.66,906.64
4986,2501,20,4,369.48,1477.92
4987,2501,24,5,325.54,1627.7
4988,2502,476,1,294.09,294.09
4989,2503,271,2,482.16,964.32
4990,2503,287,5,246.53,1232.65
4991,2504,462,2,496.14,992.28
4992,2505,150,3,378.55,1135.65
4993,2505,365,4,41.27,165.08
4994,2506,257,4,131.13,524.52
4995,2506,26,3,225.4,676.2
4996,2506,459,4,224.57,898.28
4997,2507,86,5,194.36,971.8
4998,2508,417,4,80.96,323.84
4999,2509,404,4,114.68,458.72
5000,2509,62,3,150.21,450.63
5001,2509,385,2,312.06,624.12
5002,2510,414,4,326.27,1305.08
5003,2510,195,5,85.97,429.85
5004,2511,460,5,150.3,751.5
5005,2511,262,5,431.8,2159.0
5006,2511,15,1,318.1,318.1
5007,2512,278,3,132.95,398.85
5008,2513,339,1,480.68,480.68
5009,2513,171,4,477.4,1909.6
5010,2514,100,2,73.49,146.98
5011,2514,39,2,37.72,75.44
5012,2514,272,3,246.27,738.81
5013,2515,187,3,120.83,362.49
5014,2515,330,3,222.88,668.64
5015,2516,362,3,195.32,585.96
5016,2517,481,3,303.01,909.03
5017,2517,301,1,10.13,10.13
5018,2518,364,2,191.47,382.94
5019,2519,129,4,78.04,312.16
5020,2519,364,3,17.73,53.19
5021,2519,89,5,57.57,287.85
5022,2520,350,1,167.04,167.04
5023,2520,340,4,325.74,1302.96
5024,2521,322,3,100.49,301.47
5025,2521,472,5,340.99,1704.95
5026,2522,436,5,492.36,2461.8
5027,2522,147,3,215.48,646.44
5028,2522,42,4,51.3,205.2
5029,2523,298,1,333.11,333.11
5030,2523,108,3,455.34,1366.02
5031,2524,336,2,337.22,674.44
5032,2525,121,2,67.8,135.6
5033,2525,38,3,269.41,808.23
5034,2525,266,1,48.24,48.24
5035,2526,83,4,203.32,813.28
5036,2527,6,2,327.96,655.92
5037,2527,96,2,24.2,48.4
5038,2527,372,2,436.55,873.1
5039,2528,198,3,302.6,907.8
5040,2528,194,4,77.44,309.76
5041,2528,65,4,317.16,1268.64
5042,2529,69,5,196.68,983.4
5043,2529,311,1,171.99,171.99
5044,2530,474,4,86.98,347.92
5045,2530,33,3,325.12,975.36
5046,2531,264,5,54.47,272.35
5047,2532,67,5,435.23,2176.15
5048,2533,274,4,47.47,189.88
5049,2534,472,2,490.06,980.12
5050,2535,1,4,360.4,1441.6
5051,2536,130,2,304.59,609.18
5052,2536,43,1,20.36,20.36
5053,2537,179,2,31.91,63.82
5054,2538,450,2,193.38,386.76
5055,2539,35,1,255.46,255.46
5056,2540,340,3,87.67,263.01
5057,2541,284,3,447.34,1342.02
5058,2542,433,2,342.24,684.48
5059,2542,249,5,284.78,1423.9
5060,2543,289,5,80.95,404.75
5061,2543,424,3,131.82,395.46
5062,2543,354,2,190.94,381.88
5063,2544,42,1,452.04,452.04
5064,2544,428,1,352.03,352.03
5065,2544,154,4,321.09,1284.36
5066,2545,201,2,129.46,258.92
5067,2545,337,1,230.45,230.45
5068,2546,71,1,203.25,203.25
5069,2546,233,1,201.93,201.93
5070,2546,353,4,136.21,544.84
5071,2547,404,3,385.46,1156.38
5072,2548,260,3,247.09,741.27
5073,2548,154,4,382.32,1529.28
5074,2549,131,2,208.43,416.86
5075,2549,100,3,382.3,1146.9
5076,2549,309,2,342.11,684.22
5077,2550,445,3,98.28,294.84
5078,2550,197,2,247.61,495.22
5079,2550,305,2,35.9,71.8
5080,2551,464,1,181.25,181.25
5081,2552,268,1,414.46,414.46
5082,2552,234,4,352.61,1410.44
5083,2553,108,2,468.97,937.94
5084,2554,329,2,264.53,529.06
5085,2554,127,4,333.03,1332.12
5086,2555,385,5,378.53,1892.65
5087,2555,402,4,482.71,1930.84
5088,2555,103,4,440.08,1760.32
5089,2556,298,3,145.76,437.28
5090,2556,76,3,375.0,1125.0
5091,2557,162,1,482.21,482.21
5092,2557,75,2,229.94,459.88
5093,2557,187,1,345.55,345.55
5094,2558,35,5,435.4,2177.0
5095,2558,202,5,64.96,324.8
5096,2558,430,5,315.82,1579.1
5097,2559,49,4,453.57,1814.28
5098,2560,159,4,94.88,379.52
5099,2560,112,5,419.03,2095.15
5100,2560,321,4,18.26,73.04
5101,2561,79,4,411.28,1645.12
5102,2561,12,5,110.51,552.55
5103,2562,272,5,169.75,848.75
5104,2562,413,1,135.3,135.3
5105,2563,264,3,340.33,1020.99
5106,2563,419,5,340.23,1701.15
5107,2563,188,4,494.87,1979.48
5108,2564,204,1,494.48,494.48
5109,2564,299,5,182.26,911.3
5110,2564,272,4,102.5,410.0
5111,2565,432,3,119.36,358.08
5112,2565,122,2,138.42,276.84
5113,2566,188,2,397.37,794.74
5114,2567,480,2,291.89,583.78
5115,2567,149,4,111.44,445.76
5116,2568,198,5,463.67,2318.35
5117,2569,53,4,332.32,1329.28
5118,2569,240,1,116.35,116.35
5119,2570,412,3,63.27,189.81
5120,2571,217,5,272.03,1360.15
5121,2572,46,2,369.31,738.62
5122,2572,246,3,37.32,111.96
5123,2572,66,3,20.49,61.47
5124,2573,322,3,352.03,1056.09
5125,2574,54,2,499.51,999.02
5126,2574,414,2,377.66,755.32
5127,2574,285,3,427.71,1283.13
5128,2575,168,1,41.27,41.27
5129,2575,185,2,326.3,652.6
5130,2576,280,4,163.84,655.36
5131,2576,353,2,437.08,874.16
5132,2577,24,5,167.03,835.15
5133,2577,104,1,128.9,128.9
5134,2577,171,5,301.21,1506.05
5135,2578,475,4,20.77,83.08
5136,2578,432,5,68.55,342.75
5137,2578,44,3,458.74,1376.22
5138,2579,215,2,452.0,904.0
5139,2580,90,1,166.15,166.15
5140,2580,263,2,413.16,826.32
5141,2581,239,4,365.88,1463.52
5142,2581,440,2,158.57,317.14
5143,2581,247,4,68.88,275.52
5144,2582,340,2,121.78,243.56
5145,2582,451,2,133.36,266.72
5146,2582,94,3,270.42,811.26
5147,2583,119,2,64.4,128.8
5148,2584,460,4,297.24,1188.96
5149,2584,32,3,122.75,368.25
5150,2584,474,5,349.22,1746.1
5151,2585,80,5,7.85,39.25
5152,2585,23,3,476.68,1430.04
5153,2585,118,5,381.83,1909.15
5154,2586,77,4,325.91,1303.64
5155,2587,57,5,456.89,2284.45
5156,2587,142,3,319.26,957.78
5157,2587,212,5,69.25,346.25
5158,2588,276,1,143.57,143.57
5159,2588,215,1,226.76,226.76
5160,2588,438,5,134.95,674.75
5161,2589,39,5,280.84,1404.2
5162,2589,402,5,360.82,1804.1
5163,2589,101,4,74.06,296.24
5164,2590,37,4,26.9,107.6
5165,2590,260,2,158.01,316.02
5166,2591,432,1,338.11,338.11
5167,2591,425,3,401.0,1203.0
5168,2592,489,1,319.43,319.43
5169,2593,150,2,317.06,634.12
5170,2593,331,2,281.12,562.24
5171,2594,315,5,266.88,1334.4
5172,2594,282,3,472.36,1417.08
5173,2594,64,5,287.05,1435.25
5174,2595,226,1,450.16,450.16
5175,2595,80,2,447.89,895.78
5176,2596,234,4,277.69,1110.76
5177,2597,495,1,59.15,59.15
5178,2597,265,5,28.71,143.55
5179,2598,95,4,389.36,1557.44
5180,2598,246,2,315.59,631.18
5181,2598,476,4,253.86,1015.44
5182,2599,364,2,315.36,630.72
5183,2599,487,1,437.97,437.97
5184,2600,212,4,150.31,601.24
5185,2600,341,1,348.03,348.03
5186,2601,283,4,482.79,1931.16
5187,2602,390,4,143.1,572.4
5188,2603,318,5,260.16,1300.8
5189,2603,330,2,248.73,497.46
5190,2604,323,2,189.42,378.84
5191,2604,424,3,91.78,275.34
5192,2604,101,4,109.41,437.64
5193,2605,414,3,194.89,584.67
5194,2605,488,4,469.64,1878.56
5195,2605,188,4,230.03,920.12
5196,2606,268,5,178.66,893.3
5197,2607,121,2,314.8,629.6
5198,2607,142,2,43.5,87.0
5199,2608,81,5,416.46,2082.3
5200,2608,234,4,27.71,110.84
5201,2609,487,3,329.27,987.81
5202,2609,157,1,259.2,259.2
5203,2609,261,2,399.25,798.5
5204,2610,309,3,98.84,296.52
5205,2611,403,2,151.32,302.64
5206,2611,219,2,482.63,965.26
5207,2612,318,5,87.99,439.95
5208,2613,191,4,29.33,117.32
5209,2614,87,1,33.57,33.57
5210,2614,73,1,77.65,77.65
5211,2615,142,5,440.98,2204.9
5212,2616,185,4,171.81,687.24
5213,2617,361,5,221.85,1109.25
5214,2617,159,3,196.84,590.52
5215,2618,347,5,284.61,1423.05
5216,2619,460,1,128.39,128.39
5217,2619,135,5,185.09,925.45
5218,2620,494,2,444.79,889.58
5219,2620,230,1,450.76,450.76
5220,2620,426,5,85.77,428.85
5221,2621,389,4,486.79,1947.16
5222,2621,408,5,346.45,1732.25
5223,2621,163,5,299.41,1497.05
5224,2622,473,3,142.75,428.25
5225,2622,336,1,357.64,357.64
5226,2623,302,3,251.33,753.99
5227,2623,244,5,404.6,2023.0
5228,2623,55,1,283.86,283.86
5229,2624,348,3,36.7,110.1
5230,2625,386,1,399.01,399.01
5231,2625,446,3,67.15,201.45
5232,2626,64,5,434.18,2170.9
5233,2626,318,1,71.82,71.82
5234,2627,57,5,60.18,300.9
5235,2627,211,1,449.03,449.03
5236,2627,411,4,222.58,890.32
5237,2628,106,2,365.24,730.48
5238,2629,165,4,148.81,595.24
5239,2630,30,2,112.78,225.56
5240,2631,86,5,48.79,243.95
5241,2631,113,3,43.27,129.81
5242,2632,134,5,290.04,1450.2
5243,2632,286,2,117.5,235.0
5244,2632,174,3,459.5,1378.5
5245,2633,432,2,129.37,258.74
5246,2633,332,3,33.53,100.59
5247,2634,183,5,419.18,2095.9
5248,2635,205,4,307.99,1231.96
5249,2635,60,2,261.33,522.66
5250,2635,496,1,231.65,231.65
5251,2636,222,1,105.91,105.91
5252,2637,301,2,218.78,437.56
5253,2638,107,3,424.65,1273.95
5254,2639,42,4,148.74,594.96
5255,2639,156,3,485.5,1456.5
5256,2640,398,1,178.97,178.97
5257,2641,157,1,205.71,205.71
5258,2642,254,1,121.29,121.29
5259,2643,331,3,179.8,539.4
5260,2643,208,1,422.16,422.16
5261,2644,214,4,31.36,125.44
5262,2645,19,3,344.99,1034.97
5263,2646,68,3,351.81,1055.43
5264,2646,491,3,265.52,796.56
5265,2646,305,1,360.93,360.93
5266,2647,37,1,193.0,193.0
5267,2648,466,5,119.05,595.25
5268,2648,119,5,128.05,640.25
5269,2648,432,1,469.82,469.82
5270,2649,389,1,434.88,434.88
5271,2650,174,4,429.07,1716.28
5272,2650,314,4,46.95,187.8
5273,2651,178,1,229.5,229.5
5274,2652,329,4,467.87,1871.48
5275,2652,158,4,483.89,1935.56
5276,2653,227,1,70.19,70.19
5277,2653,392,2,29.68,59.36
5278,2653,23,2,7.01,14.02
5279,2654,259,4,258.93,1035.72
5280,2655,49,5,408.5,2042.5
5281,2656,245,3,131.93,395.79
5282,2657,105,4,363.76,1455.04
5283,2657,333,2,474.04,948.08
5284,2657,123,3,156.26,468.78
5285,2658,207,3,403.47,1210.41
5286,2658,80,1,417.28,417.28
5287,2659,226,4,93.32,373.28
5288,2659,362,4,463.81,1855.24
5289,2659,407,1,188.23,188.23
5290,2660,211,4,238.34,953.36
5291,2661,316,3,251.36,754.08
5292,2662,296,4,497.43,1989.72
5293,2662,192,3,207.78,623.34
5294,2663,151,5,14.83,74.15
5295,2664,101,2,228.49,456.98
5296,2664,105,2,262.79,525.58
5297,2664,350,5,442.18,2210.9
5298,2665,426,3,442.84,1328.52
5299,2665,421,4,318.42,1273.68
5300,2665,306,3,251.69,755.07
5301,2666,407,2,262.63,525.26
5302,2666,462,1,446.69,446.69
5303,2666,483,3,110.06,330.18
5304,2667,335,3,231.29,693.87
5305,2667,75,5,244.56,1222.8
5306,2667,54,2,488.86,977.72
5307,2668,164,5,445.39,2226.95
5308,2669,18,3,342.29,1026.87
5309,2669,162,4,84.35,337.4
5310,2670,123,1,171.15,171.15
5311,2671,20,3,235.06,705.18
5312,2671,119,4,231.74,926.96
5313,2672,291,4,319.66,1278.64
5314,2672,439,3,283.71,851.13
5315,2672,352,2,132.08,264.16
5316,2673,421,4,393.42,1573.68
5317,2673,70,5,80.37,401.85
5318,2674,179,1,421.59,421.59
5319,2675,261,4,156.74,626.96
5320,2675,143,4,351.82,1407.28
5321,2675,337,2,68.35,136.7
5322,2676,410,3,80.19,240.57
5323,2676,394,4,440.29,1761.16
5324,2677,374,4,46.56,186.24
5325,2678,172,5,408.85,2044.25
5326,2679,266,2,91.88,183.76
5327,2679,467,4,446.95,1787.8
5328,2680,349,1,444.69,444.69
5329,2681,433,4,488.15,1952.6
5330,2682,268,5,111.2,556.0
5331,2682,237,3,195.01,585.03
5332,2682,240,1,267.35,267.35
5333,2683,176,1,414.61,414.61
5334,2683,50,1,51.96,51.96
5335,2684,329,1,287.53,287.53
5336,2684,15,5,232.86,1164.3
5337,2685,162,4,332.56,1330.24
5338,2686,52,4,138.56,554.24
5339,2686,465,2,98.69,197.38
5340,2687,311,3,108.0,324.0
5341,2687,47,5,369.86,1849.3
5342,2688,134,5,213.46,1067.3
5343,2688,227,5,48.8,244.0
5344,2689,152,1,317.33,317.33
5345,2690,217,4,171.24,684.96
5346,2690,122,4,450.5,1802.0
5347,2690,23,2,152.51,305.02
5348,2691,340,5,304.38,1521.9
5349,2691,436,4,484.83,1939.32
5350,2692,427,2,81.69,163.38
5351,2693,211,2,441.22,882.44
5352,2693,475,5,422.07,2110.35
5353,2693,401,3,258.89,776.67
5354,2694,51,2,69.22,138.44
5355,2695,244,3,99.49,298.47
5356,2696,469,2,296.88,593.76
5357,2697,342,2,171.93,343.86
5358,2697,266,1,408.18,408.18
5359,2698,376,4,449.93,1799.72
5360,2699,124,2,312.19,624.38
5361,2700,419,5,23.13,115.65
5362,2701,39,4,51.07,204.28
5363,2701,175,4,122.01,488.04
5364,2702,492,3,42.25,126.75
5365,2702,457,4,234.03,936.12
5366,2703,286,4,61.73,246.92
5367,2704,337,1,313.93,313.93
5368,2704,294,2,175.76,351.52
5369,2704,283,5,402.0,2010.0
5370,2705,54,4,362.18,1448.72
5371,2705,145,3,480.93,1442.79
5372,2705,416,5,446.86,2234.3
5373,2706,311,2,226.78,453.56
5374,2706,384,1,157.7,157.7
5375,2707,312,1,74.74,74.74
5376,2708,311,2,411.91,823.82
5377,2709,406,5,469.97,2349.85
5378,2709,74,5,178.72,893.6
5379,2710,259,3,409.66,1228.98
5380,2710,182,1,264.81,264.81
5381,2710,85,2,250.95,501.9
5382,2711,7,4,236.78,947.12
5383,2712,431,1,110.71,110.71
5384,2712,308,2,424.96,849.92
5385,2712,398,5,98.44,492.2
5386,2713,62,3,238.64,715.92
5387,2714,86,2,221.06,442.12
5388,2714,440,2,246.05,492.1
5389,2714,288,3,372.19,1116.57
5390,2715,64,3,448.91,1346.73
5391,2716,452,1,427.74,427.74
5392,2716,351,4,31.38,125.52
5393,2717,499,4,480.43,1921.72
5394,2718,264,4,484.62,1938.48
5395,2719,249,4,29.51,118.04
5396,2720,241,3,401.31,1203.93
5397,2721,110,2,90.61,181.22
5398,2721,13,4,436.26,1745.04
5399,2722,273,4,183.94,735.76
5400,2722,472,3,86.65,259.95
5401,2723,438,4,307.76,1231.04
5402,2724,434,1,163.19,163.19
5403,2725,7,4,274.03,1096.12
5404,2725,223,2,284.91,569.82
5405,2726,30,5,129.53,647.65
5406,2726,103,5,227.46,1137.3
5407,2727,140,1,66.39,66.39
5408,2728,136,4,66.12,264.48
5409,2728,454,2,271.07,542.14
5410,2729,56,5,266.4,1332.0
5411,2729,360,3,71.04,213.12
5412,2730,273,5,354.23,1771.15
5413,2731,333,1,404.37,404.37
5414,2732,283,2,339.38,678.76
5415,2733,77,5,92.43,462.15
5416,2733,191,5,309.68,1548.4
5417,2733,231,5,497.2,2486.0
5418,2734,443,5,277.71,1388.55
5419,2735,138,3,289.41,868.23
5420,2735,420,3,328.87,986.61
5421,2736,291,4,260.88,1043.52
5422,2737,378,5,328.6,1643.0
5423,2737,447,5,17.87,89.35
5424,2738,446,2,338.11,676.22
5425,2738,60,1,282.97,282.97
5426,2738,150,4,315.55,1262.2
5427,2739,190,4,6.19,24.76
5428,2739,299,1,90.04,90.04
5429,2739,90,4,298.53,1194.12
5430,2740,472,5,367.78,1838.9
5431,2741,287,3,117.13,351.39
5432,2742,351,5,302.58,1512.9
5433,2742,107,5,241.61,1208.05
5434,2743,361,5,349.6,1748.0
5435,2744,177,5,434.83,2174.15
5436,2744,345,4,229.5,918.0
5437,2744,250,1,433.75,433.75
5438,2745,258,4,348.85,1395.4
5439,2745,179,1,269.92,269.92
5440,2745,50,1,171.61,171.61
5441,2746,201,3,343.62,1030.86
5442,2747,129,3,298.84,896.52
5443,2747,15,5,371.04,1855.2
5444,2748,50,2,109.87,219.74
5445,2748,124,4,14.25,57.0
5446,2749,80,1,473.0,473.0
5447,2750,188,5,68.77,343.85
5448,2750,44,3,391.57,1174.71
5449,2750,234,1,345.63,345.63
5450,2751,131,3,20.43,61.29
5451,2751,69,1,65.24,65.24
5452,2751,251,5,280.14,1400.7
5453,2752,95,1,222.74,222.74
5454,2752,74,1,362.32,362.32
5455,2753,176,3,481.68,1445.04
5456,2753,94,3,191.85,575.55
5457,2753,336,1,162.36,162.36
5458,2754,47,1,434.37,434.37
5459,2754,318,5,402.0,2010.0
5460,2754,278,4,274.46,1097.84
5461,2755,495,4,343.77,1375.08
5462,2756,252,5,327.92,1639.6
5463,2756,13,5,258.42,1292.1
5464,2756,305,2,493.39,986.78
5465,2757,385,4,91.6,366.4
5466,2757,30,4,228.7,914.8
5467,2757,380,3,150.66,451.98
5468,2758,270,4,106.18,424.72
5469,2758,202,2,449.58,899.16
5470,2759,364,3,479.37,1438.11
5471,2760,91,4,497.97,1991.88
5472,2760,341,2,388.08,776.16
5473,2761,186,3,5.17,15.51
5474,2762,196,5,178.72,893.6
5475,2762,89,1,467.66,467.66
5476,2762,274,5,482.78,2413.9
5477,2763,263,4,234.71,938.84
5478,2763,218,2,440.9,881.8
5479,2763,258,3,275.3,825.9
5480,2764,272,2,89.3,178.6
5481,2765,51,1,110.38,110.38
5482,2765,263,1,125.2,125.2
5483,2765,38,4,237.16,948.64
5484,2766,115,5,430.31,2151.55
5485,2766,282,5,17.62,88.1
5486,2766,55,5,414.13,2070.65
5487,2767,283,4,21.98,87.92
5488,2767,259,4,458.59,1834.36
5489,2767,231,4,287.31,1149.24
5490,2768,59,1,156.84,156.84
5491,2768,272,1,334.51,334.51
5492,2768,48,2,270.42,540.84
5493,2769,1,1,344.63,344.63
5494,2769,285,4,86.91,347.64
5495,2770,275,5,398.67,1993.35
5496,2770,208,3,67.81,203.43
5497,2770,310,5,65.6,328.0
5498,2771,302,2,218.96,437.92
5499,2772,362,3,498.92,1496.76
5500,2773,441,5,91.9,459.5
5501,2774,226,4,27.04,108.16
5502,2775,158,5,149.73,748.65
5503,2775,317,4,335.58,1342.32
5504,2776,481,4,336.12,1344.48
5505,2776,487,2,11.0,22.0
5506,2777,424,2,203.91,407.82
5507,2777,472,5,126.04,630.2
5508,2778,75,2,325.91,651.82
5509,2778,392,5,13.97,69.85
5510,2779,386,4,244.13,976.52
5511,2780,61,3,190.07,570.21
5512,2781,261,4,257.95,1031.8
5513,2782,419,5,485.59,2427.95
5514,2782,265,1,307.24,307.24
5515,2783,112,1,254.02,254.02
5516,2783,120,3,174.33,522.99
5517,2783,476,3,473.68,1421.04
5518,2784,23,2,276.61,553.22
5519,2785,208,3,110.55,331.65
5520,2786,413,2,258.65,517.3
5521,2786,298,3,452.61,1357.83
5522,2787,486,3,420.95,1262.85
5523,2788,150,3,286.62,859.86
5524,2788,101,1,105.04,105.04
5525,2789,183,2,342.92,685.84
5526,2789,198,3,121.7,365.1
5527,2790,66,1,377.62,377.62
5528,2790,199,4,296.58,1186.32
5529,2791,257,2,358.1,716.2
5530,2791,324,3,467.3,1401.9
5531,2791,215,2,170.37,340.74
5532,2792,465,5,195.59,977.95
5533,2792,343,5,43.72,218.6
5534,2792,384,5,487.24,2436.2
5535,2793,373,5,19.28,96.4
5536,2794,196,1,178.93,178.93
5537,2794,16,5,349.46,1747.3
5538,2795,22,4,296.06,1184.24
5539,2795,13,1,231.15,231.15
5540,2796,418,5,122.63,613.15
5541,2796,167,2,242.66,485.32
5542,2797,445,3,495.56,1486.68
5543,2797,34,1,145.15,145.15
5544,2797,397,1,298.03,298.03
5545,2798,266,3,454.55,1363.65
5546,2799,366,4,225.43,901.72
5547,2799,204,1,231.97,231.97
5548,2799,467,3,123.04,369.12
5549,2800,80,3,220.35,661.05
5550,2801,94,5,64.33,321.65
5551,2801,416,3,400.47,1201.41
5552,2802,284,2,266.46,532.92
5553,2802,89,1,485.92,485.92
5554,2802,198,5,175.24,876.2
5555,2803,39,1,275.79,275.79
5556,2803,289,1,391.75,391.75
5557,2804,262,2,327.57,655.14
5558,2804,349,4,81.34,325.36
5559,2805,23,3,202.16,606.48
5560,2806,493,3,240.44,721.32
5561,2807,220,4,183.99,735.96
5562,2807,73,2,26.55,53.1
5563,2807,195,3,476.3,1428.9
5564,2808,54,2,106.78,213.56
5565,2808,19,3,83.31,249.93
5566,2808,71,3,83.49,250.47
5567,2809,190,3,419.21,1257.63
5568,2809,396,1,375.39,375.39
5569,2810,291,5,89.23,446.15
5570,2811,343,5,231.06,1155.3
5571,2811,180,5,371.83,1859.15
5572,2811,93,5,297.53,1487.65
5573,2812,484,3,294.93,884.79
5574,2812,191,4,327.62,1310.48
5575,2813,110,5,306.97,1534.85
5576,2814,164,2,483.89,967.78
5577,2814,117,1,250.23,250.23
5578,2814,264,2,69.42,138.84
5579,2815,39,3,278.61,835.83
5580,2815,68,4,428.04,1712.16
5581,2815,459,3,131.27,393.81
5582,2816,444,1,228.43,228.43
5583,2816,326,3,8.07,24.21
5584,2817,330,2,274.55,549.1
5585,2818,166,3,437.0,1311.0
5586,2818,495,3,41.83,125.49
5587,2818,60,2,57.43,114.86
5588,2819,444,2,156.57,313.14
5589,2820,242,1,480.22,480.22
5590,2820,479,1,94.11,94.11
5591,2820,403,3,472.17,1416.51
5592,2821,471,2,152.38,304.76
5593,2822,32,2,373.53,747.06
5594,2822,36,3,117.26,351.78
5595,2822,462,1,241.55,241.55
5596,2823,170,5,353.4,1767.0
5597,2823,177,5,406.27,2031.35
5598,2823,175,1,35.75,35.75
5599,2824,234,5,212.86,1064.3
5600,2824,157,4,138.3,553.2
5601,2824,141,5,7.44,37.2
5602,2825,59,2,467.19,934.38
5603,2826,327,5,394.91,1974.55
5604,2827,308,4,403.05,1612.2
5605,2827,219,3,232.0,696.0
5606,2827,191,5,453.28,2266.4
5607,2828,326,2,482.28,964.56
5608,2828,261,5,61.95,309.75
5609,2829,459,2,65.54,131.08
5610,2829,419,4,375.49,1501.96
5611,2830,217,3,473.23,1419.69
5612,2831,1,2,227.19,454.38
5613,2831,356,4,342.46,1369.84
5614,2831,244,3,367.62,1102.86
5615,2832,293,3,260.38,781.14
5616,2832,290,5,342.3,1711.5
5617,2832,465,1,139.85,139.85
5618,2833,331,2,92.61,185.22
5619,2833,2,5,315.66,1578.3
5620,2834,321,5,452.76,2263.8
5621,2835,264,3,346.08,1038.24
5622,2835,391,4,234.1,936.4
5623,2835,40,1,267.27,267.27
5624,2836,162,3,297.74,893.22
5625,2837,120,3,483.65,1450.95
5626,2837,465,3,191.93,575.79
5627,2838,396,2,424.3,848.6
5628,2838,269,4,437.79,1751.16
5629,2839,500,4,377.18,1508.72
5630,2839,219,2,305.21,610.42
5631,2840,157,4,437.08,1748.32
5632,2840,494,3,278.39,835.17
5633,2840,191,4,290.05,1160.2
5634,2841,179,4,331.23,1324.92
5635,2841,330,3,66.38,199.14
5636,2842,183,2,164.8,329.6
5637,2842,413,1,34.04,34.04
5638,2843,329,1,242.4,242.4
5639,2843,231,4,128.86,515.44
5640,2843,150,5,361.55,1807.75
5641,2844,326,5,18.78,93.9
5642,2844,133,2,88.4,176.8
5643,2844,274,5,36.69,183.45
5644,2845,445,4,494.94,1979.76
5645,2846,367,1,308.66,308.66
5646,2846,268,2,244.26,488.52
5647,2847,94,2,162.58,325.16
5648,2847,183,5,76.71,383.55
5649,2847,494,1,417.19,417.19
5650,2848,474,1,227.08,227.08
5651,2848,469,5,297.74,1488.7
5652,2849,58,1,372.93,372.93
5653,2850,48,4,53.21,212.84
5654,2850,241,4,440.03,1760.12
5655,2851,23,2,380.28,760.56
5656,2852,1,4,220.44,881.76
5657,2852,25,4,180.56,722.24
5658,2853,125,2,7.97,15.94
5659,2853,40,2,301.18,602.36
5660,2854,131,3,374.66,1123.98
5661,2855,351,1,61.35,61.35
5662,2855,211,4,353.57,1414.28
5663,2856,333,5,74.25,371.25
5664,2856,260,1,281.84,281.84
5665,2857,55,4,70.47,281.88
5666,2857,450,5,307.41,1537.05
5667,2857,348,1,217.2,217.2
5668,2858,164,1,476.54,476.54
5669,2858,44,2,14.89,29.78
5670,2858,46,4,258.8,1035.2
5671,2859,355,3,48.21,144.63
5672,2860,428,1,326.45,326.45
5673,2861,263,5,320.14,1600.7
5674,2861,172,5,45.14,225.7
5675,2862,288,1,338.48,338.48
5676,2862,223,5,181.12,905.6
5677,2863,72,3,347.88,1043.64
5678,2863,414,5,423.23,2116.15
5679,2864,259,3,304.08,912.24
5680,2865,403,3,130.94,392.82
5681,2865,160,2,106.23,212.46
5682,2865,263,2,463.48,926.96
5683,2866,75,5,70.92,354.6
5684,2866,292,5,63.07,315.35
5685,2867,461,2,208.48,416.96
5686,2868,133,4,375.22,1500.88
5687,2868,201,4,283.31,1133.24
5688,2869,401,1,26.08,26.08
5689,2869,169,3,119.76,359.28
5690,2869,40,5,142.64,713.2
5691,2870,487,3,45.52,136.56
5692,2870,104,1,15.92,15.92
5693,2871,174,2,293.51,587.02
5694,2871,265,1,408.97,408.97
5695,2871,328,1,341.01,341.01
5696,2872,235,1,50.08,50.08
5697,2873,10,4,438.17,1752.68
5698,2873,284,2,416.2,832.4
5699,2874,252,1,259.14,259.14
5700,2874,126,2,475.16,950.32
5701,2874,153,2,220.99,441.98
5702,2875,201,2,357.53,715.06
5703,2875,298,4,252.99,1011.96
5704,2876,338,5,374.66,1873.3
5705,2876,410,1,126.23,126.23
5706,2876,358,4,48.72,194.88
5707,2877,204,4,136.95,547.8
5708,2877,430,2,114.78,229.56
5709,2877,416,5,158.51,792.55
5710,2878,168,3,491.38,1474.14
5711,2878,323,3,388.82,1166.46
5712,2878,364,4,212.97,851.88
5713,2879,385,3,461.02,1383.06
5714,2880,89,2,33.0,66.0
5715,2880,364,4,407.38,1629.52
5716,2880,432,5,238.4,1192.0
5717,2881,496,2,340.18,680.36
5718,2881,322,5,455.05,2275.25
5719,2881,148,5,111.54,557.7
5720,2882,214,3,124.75,374.25
5721,2882,416,5,320.19,1600.95
5722,2883,307,2,465.69,931.38
5723,2883,148,3,288.08,864.24
5724,2883,364,1,120.63,120.63
5725,2884,430,3,38.63,115.89
5726,2885,479,3,311.67,935.01
5727,2885,91,1,367.0,367.0
5728,2886,387,2,439.58,879.16
5729,2886,258,2,365.94,731.88
5730,2886,458,1,181.69,181.69
5731,2887,380,3,407.42,1222.26
5732,2887,238,4,127.25,509.0
5733,2887,257,4,216.62,866.48
5734,2888,211,2,343.0,686.0
5735,2888,275,1,471.97,471.97
5736,2888,375,2,38.31,76.62
5737,2889,321,1,281.06,281.06
5738,2889,82,1,342.18,342.18
5739,2890,493,4,89.01,356.04
5740,2890,208,1,234.15,234.15
5741,2891,486,3,420.92,1262.76
5742,2891,115,3,380.99,1142.97
5743,2892,49,5,136.68,683.4
5744,2893,45,5,454.28,2271.4
5745,2893,105,4,280.47,1121.88
5746,2894,357,5,457.12,2285.6
5747,2894,152,1,253.3,253.3
5748,2895,310,3,224.12,672.36
5749,2896,178,5,294.0,1470.0
5750,2896,492,2,213.61,427.22
5751,2896,319,5,206.07,1030.35
5752,2897,120,4,416.64,1666.56
5753,2897,351,3,58.2,174.6
5754,2897,414,5,396.81,1984.05
5755,2898,442,2,310.33,620.66
5756,2898,252,4,30.15,120.6
5757,2899,10,3,198.76,596.28
5758,2899,187,3,281.61,844.83
5759,2900,40,4,36.95,147.8
5760,2901,342,4,9.13,36.52
5761,2901,272,3,259.52,778.56
5762,2901,396,1,453.49,453.49
5763,2902,178,1,50.05,50.05
5764,2902,68,3,236.14,708.42
5765,2903,480,4,283.98,1135.92
5766,2903,380,3,96.87,290.61
5767,2903,426,2,105.51,211.02
5768,2904,404,1,434.79,434.79
5769,2905,189,2,271.64,543.28
5770,2906,486,2,61.96,123.92
5771,2907,293,5,19.75,98.75
5772,2907,56,4,171.37,685.48
5773,2907,223,5,207.85,1039.25
5774,2908,2,2,420.89,841.78
5775,2909,452,3,139.29,417.87
5776,2910,196,4,437.94,1751.76
5777,2910,138,1,397.42,397.42
5778,2910,135,5,109.01,545.05
5779,2911,500,2,475.08,950.16
5780,2911,49,1,290.01,290.01
5781,2911,491,2,338.79,677.58
5782,2912,407,3,263.77,791.31
5783,2912,437,2,84.13,168.26
5784,2913,98,5,235.01,1175.05
5785,2913,166,3,411.0,1233.0
5786,2914,399,3,222.03,666.09
5787,2914,187,5,283.53,1417.65
5788,2914,3,3,485.58,1456.74
5789,2915,294,2,484.02,968.04
5790,2915,355,2,77.22,154.44
5791,2916,167,4,269.69,1078.76
5792,2917,282,3,325.62,976.86
5793,2917,243,5,212.35,1061.75
5794,2918,99,4,416.96,1667.84
5795,2918,442,2,471.33,942.66
5796,2919,500,2,176.18,352.36
5797,2919,158,4,342.35,1369.4
5798,2919,239,4,34.13,136.52
5799,2920,336,1,126.0,126.0
5800,2920,482,4,25.37,101.48
5801,2921,328,4,449.91,1799.64
5802,2921,466,2,485.53,971.06
5803,2921,492,2,188.45,376.9
5804,2922,462,2,471.89,943.78
5805,2922,55,3,161.6,484.8
5806,2923,51,2,37.75,75.5
5807,2923,177,3,183.69,551.07
5808,2924,327,3,390.15,1170.45
5809,2925,129,2,288.15,576.3
5810,2925,405,3,146.54,439.62
5811,2926,494,4,25.52,102.08
5812,2926,302,5,97.38,486.9
5813,2926,197,2,152.96,305.92
5814,2927,45,3,336.11,1008.33
5815,2927,28,2,312.04,624.08
5816,2928,193,4,407.54,1630.16
5817,2929,46,1,165.75,165.75
5818,2930,303,2,218.93,437.86
5819,2930,13,3,98.22,294.66
5820,2931,175,4,335.87,1343.48
5821,2931,6,3,490.51,1471.53
5822,2931,32,1,97.47,97.47
5823,2932,456,2,144.77,289.54
5824,2932,198,2,112.38,224.76
5825,2932,470,3,201.76,605.28
5826,2933,376,3,41.76,125.28
5827,2934,449,1,302.84,302.84
5828,2934,388,1,428.73,428.73
5829,2934,121,3,61.37,184.11
5830,2935,115,3,243.78,731.34
5831,2935,57,3,481.82,1445.46
5832,2936,304,1,448.8,448.8
5833,2936,108,1,455.88,455.88
5834,2937,118,1,136.24,136.24
5835,2937,227,3,385.01,1155.03
5836,2937,100,4,176.72,706.88
5837,2938,300,2,24.48,48.96
5838,2938,219,1,267.63,267.63
5839,2938,300,5,135.58,677.9
5840,2939,35,1,293.8,293.8
5841,2940,437,4,310.35,1241.4
5842,2940,305,5,266.02,1330.1
5843,2940,408,1,146.5,146.5
5844,2941,418,3,98.67,296.01
5845,2941,46,1,436.06,436.06
5846,2941,400,4,332.39,1329.56
5847,2942,479,2,241.71,483.42
5848,2942,371,2,393.85,787.7
5849,2943,282,3,440.34,1321.02
5850,2943,97,5,457.33,2286.65
5851,2943,358,5,236.7,1183.5
5852,2944,466,3,116.09,348.27
5853,2944,285,5,173.87,869.35
5854,2945,366,1,231.29,231.29
5855,2945,437,3,157.25,471.75
5856,2945,47,5,127.68,638.4
5857,2946,63,2,459.91,919.82
5858,2947,98,2,457.54,915.08
5859,2948,144,1,131.51,131.51
5860,2949,28,3,227.71,683.13
5861,2949,154,1,215.77,215.77
5862,2950,85,1,439.98,439.98
5863,2950,193,4,261.51,1046.04
5864,2951,195,3,378.21,1134.63
5865,2952,448,4,138.45,553.8
5866,2952,115,1,211.91,211.91
5867,2953,35,1,226.05,226.05
5868,2953,334,2,490.33,980.66
5869,2954,270,4,88.31,353.24
5870,2954,117,1,412.6,412.6
5871,2955,82,3,75.5,226.5
5872,2956,124,3,197.88,593.64
5873,2956,89,5,398.03,1990.15
5874,2956,444,2,327.7,655.4
5875,2957,435,2,311.96,623.92
5876,2958,484,1,68.53,68.53
5877,2958,59,5,66.98,334.9
5878,2958,450,2,303.32,606.64
5879,2959,176,5,300.47,1502.35
5880,2960,426,2,180.5,361.0
5881,2960,207,3,96.98,290.94
5882,2960,365,3,497.31,1491.93
5883,2961,63,4,124.43,497.72
5884,2961,333,4,311.71,1246.84
5885,2961,22,4,62.23,248.92
5886,2962,331,3,220.64,661.92
5887,2962,462,5,482.88,2414.4
5888,2962,210,2,261.25,522.5
5889,2963,408,4,292.41,1169.64
5890,2964,148,3,218.03,654.09
5891,2964,481,2,229.59,459.18
5892,2964,256,5,428.14,2140.7
5893,2965,326,1,222.09,222.09
5894,2965,228,3,35.22,105.66
5895,2966,366,2,367.18,734.36
5896,2966,17,2,134.04,268.08
5897,2967,285,3,14.64,43.92
5898,2967,187,4,325.27,1301.08
5899,2967,500,2,193.17,386.34
5900,2968,232,5,202.47,1012.35
5901,2968,247,5,388.57,1942.85
5902,2968,311,5,276.12,1380.6
5903,2969,354,1,389.0,389.0
5904,2970,416,3,418.4,1255.2
5905,2971,409,2,110.66,221.32
5906,2971,404,5,325.76,1628.8
5907,2972,395,1,96.93,96.93
5908,2972,408,3,491.46,1474.38
5909,2972,105,5,353.7,1768.5
5910,2973,499,5,9.1,45.5
5911,2973,96,4,47.46,189.84
5912,2974,185,4,461.49,1845.96
5913,2974,8,2,390.44,780.88
5914,2974,103,4,45.25,181.0
5915,2975,378,1,344.95,344.95
5916,2975,296,1,457.57,457.57
5917,2976,397,1,84.59,84.59
5918,2976,49,1,15.37,15.37
5919,2977,337,5,321.21,1606.05
5920,2978,11,5,360.85,1804.25
5921,2978,172,1,67.71,67.71
5922,2979,21,4,335.36,1341.44
5923,2979,290,3,27.84,83.52
5924,2979,442,1,447.19,447.19
5925,2980,27,2,89.6,179.2
5926,2980,242,1,411.8,411.8
5927,2980,437,1,440.92,440.92
5928,2981,270,2,250.47,500.94
5929,2981,277,3,302.5,907.5
5930,2981,39,4,394.74,1578.96
5931,2982,367,4,256.2,1024.8
5932,2982,101,5,102.73,513.65
5933,2982,233,3,129.46,388.38
5934,2983,138,3,338.99,1016.97
5935,2983,93,1,231.85,231.85
5936,2984,296,5,239.6,1198.0
5937,2984,270,1,121.81,121.81
5938,2984,481,1,168.01,168.01
5939,2985,192,2,276.53,553.06
5940,2986,44,4,27.65,110.6
5941,2986,301,2,207.11,414.22
5942,2987,360,5,189.66,948.3
5943,2987,56,4,49.11,196.44
5944,2987,349,4,95.77,383.08
5945,2988,412,1,300.06,300.06
5946,2988,151,4,87.68,350.72
5947,2989,250,4,451.18,1804.72
5948,2989,320,1,467.99,467.99
5949,2990,265,4,411.15,1644.6
5950,2990,191,3,98.74,296.22
5951,2991,52,1,84.24,84.24
5952,2991,246,2,422.63,845.26
5953,2991,191,2,148.84,297.68
5954,2992,492,2,113.44,226.88
5955,2992,145,1,249.46,249.46
5956,2993,458,5,46.33,231.65
5957,2993,152,4,331.66,1326.64
5958,2993,370,2,427.71,855.42
5959,2994,279,1,21.9,21.9
5960,2994,24,5,348.95,1744.75
5961,2995,186,1,42.07,42.07
5962,2996,74,5,19.71,98.55
5963,2996,95,3,48.66,145.98
5964,2997,353,4,192.57,770.28
5965,2997,456,5,387.63,1938.15
5966,2998,228,5,225.9,1129.5
5967,2998,312,2,285.65,571.3
5968,2999,248,2,308.95,617.9
5969,2999,399,4,499.23,1996.92
5970,2999,328,1,58.7,58.7
5971,3000,350,5,100.81,504.05
5972,3001,88,1,182.54,182.54
5973,3001,368,5,146.43,732.15
5974,3002,2,2,37.67,75.34
5975,3003,108,1,267.63,267.63
5976,3003,359,2,291.42,582.84
5977,3003,6,3,340.18,1020.54
5978,3004,78,1,289.64,289.64
5979,3004,250,4,394.32,1577.28
5980,3005,52,4,481.16,1924.64
5981,3005,370,3,146.55,439.65
5982,3005,392,3,245.68,737.04
5983,3006,360,4,479.67,1918.68
5984,3007,377,4,351.78,1407.12
5985,3007,264,3,279.76,839.28
5986,3008,143,1,289.53,289.53
5987,3009,70,1,40.7,40.7
5988,3009,336,1,27.78,27.78
5989,3009,396,4,377.84,1511.36
5990,3010,218,5,121.7,608.5
5991,3010,333,4,404.86,1619.44
5992,3010,394,4,48.98,195.92
5993,3011,22,5,145.72,728.6
5994,3011,486,3,491.9,1475.7
5995,3011,16,5,162.4,812.0
5996,3012,259,5,316.68,1583.4
5997,3012,274,5,384.39,1921.95
5998,3013,210,5,111.68,558.4
5999,3013,118,3,27.52,82.56
6000,3014,254,2,21.62,43.24
6001,3015,449,3,144.2,432.6
6002,3015,257,5,132.45,662.25
6003,3016,401,3,184.53,553.59
6004,3016,412,2,113.56,227.12
6005,3016,470,3,403.69,1211.07
6006,3017,48,5,13.71,68.55
6007,3018,352,4,56.97,227.88
6008,3018,360,2,191.13,382.26
6009,3018,231,5,47.12,235.6
6010,3019,60,4,249.39,997.56
6011,3020,439,3,223.18,669.54
6012,3021,298,5,78.87,394.35
6013,3021,3,1,161.5,161.5
6014,3022,186,4,475.07,1900.28
6015,3022,477,5,238.99,1194.95
6016,3022,380,3,267.27,801.81
6017,3023,88,3,274.32,822.96
6018,3023,109,1,235.33,235.33
6019,3024,295,2,372.83,745.66
6020,3024,171,1,248.1,248.1
6021,3024,239,3,386.16,1158.48
6022,3025,214,4,387.08,1548.32
6023,3025,116,2,85.24,170.48
6024,3026,248,3,340.95,1022.85
6025,3026,6,2,463.41,926.82
6026,3027,262,4,194.76,779.04
6027,3028,41,2,75.25,150.5
6028,3028,227,4,173.23,692.92
6029,3029,75,2,51.06,102.12
6030,3029,400,3,11.57,34.71
6031,3029,270,3,388.48,1165.44
6032,3030,217,3,43.06,129.18
6033,3030,420,4,302.79,1211.16
6034,3031,174,4,384.78,1539.12
6035,3031,93,2,452.33,904.66
6036,3031,3,3,292.43,877.29
6037,3032,256,4,475.97,1903.88
6038,3032,379,3,228.87,686.61
6039,3033,282,4,58.97,235.88
6040,3033,182,4,472.68,1890.72
6041,3034,291,5,177.98,889.9
6042,3034,434,2,37.51,75.02
6043,3035,65,1,116.44,116.44
6044,3035,438,3,398.35,1195.05
6045,3035,307,1,286.05,286.05
6046,3036,163,2,409.76,819.52
6047,3036,265,2,390.34,780.68
6048,3036,54,5,144.25,721.25
6049,3037,268,1,329.74,329.74
6050,3038,21,1,374.85,374.85
6051,3038,377,5,269.75,1348.75
6052,3039,444,5,292.3,1461.5
6053,3040,462,5,396.87,1984.35
6054,3040,180,5,400.3,2001.5
6055,3041,5,3,410.02,1230.06
6056,3042,159,2,145.34,290.68
6057,3042,411,3,150.68,452.04
6058,3043,491,2,407.2,814.4
6059,3043,291,4,379.99,1519.96
6060,3043,194,1,372.18,372.18
6061,3044,17,3,288.98,866.94
6062,3045,499,5,472.65,2363.25
6063,3045,70,3,435.41,1306.23
6064,3046,329,1,168.34,168.34
6065,3046,178,5,419.25,2096.25
6066,3047,375,3,293.9,881.7
6067,3048,118,4,98.02,392.08
6068,3048,13,3,268.12,804.36
6069,3048,30,5,278.01,1390.05
6070,3049,304,1,465.45,465.45
6071,3049,403,5,300.6,1503.0
6072,3050,80,3,380.68,1142.04
6073,3050,280,3,101.46,304.38
6074,3051,74,5,466.19,2330.95
6075,3051,144,1,154.85,154.85
6076,3051,274,2,419.4,838.8
6077,3052,4,1,464.89,464.89
6078,3052,292,4,231.62,926.48
6079,3053,111,2,469.98,939.96
6080,3054,450,4,166.8,667.2
6081,3054,315,5,12.12,60.6
6082,3054,381,5,326.84,1634.2
6083,3055,19,3,336.07,1008.21
6084,3056,255,3,490.09,1470.27
6085,3057,448,5,353.63,1768.15
6086,3057,293,4,110.15,440.6
6087,3057,52,4,255.43,1021.72
6088,3058,94,4,78.92,315.68
6089,3058,83,4,5.43,21.72
6090,3059,119,3,495.85,1487.55
6091,3059,216,4,158.87,635.48
6092,3059,465,1,328.22,328.22
6093,3060,53,2,45.77,91.54
6094,3061,417,4,217.45,869.8
6095,3061,403,1,205.1,205.1
6096,3062,347,2,115.19,230.38
6097,3063,48,2,53.4,106.8
6098,3063,273,1,25.81,25.81
6099,3064,462,4,419.66,1678.64
6100,3065,444,3,111.17,333.51
6101,3065,415,5,35.71,178.55
6102,3065,62,5,351.19,1755.95
6103,3066,42,2,10.48,20.96
6104,3066,173,1,110.34,110.34
6105,3067,314,2,260.03,520.06
6106,3068,302,1,276.74,276.74
6107,3068,472,3,182.04,546.12
6108,3068,242,2,436.18,872.36
6109,3069,128,1,335.38,335.38
6110,3070,6,2,111.49,222.98
6111,3070,410,4,252.36,1009.44
6112,3070,25,3,324.51,973.53
6113,3071,343,1,74.24,74.24
6114,3072,214,3,450.17,1350.51
6115,3073,328,2,197.04,394.08
6116,3073,399,5,370.09,1850.45
6117,3074,75,1,260.74,260.74
6118,3075,437,4,148.53,594.12
6119,3075,127,3,251.41,754.23
6120,3076,239,2,473.87,947.74
6121,3077,187,2,47.79,95.58
6122,3077,15,4,48.28,193.12
6123,3078,94,1,5.02,5.02
6124,3078,222,3,38.96,116.88
6125,3079,332,4,330.45,1321.8
6126,3079,375,5,245.18,1225.9
6127,3079,232,3,187.34,562.02
6128,3080,204,3,56.72,170.16
6129,3080,152,2,496.18,992.36
6130,3081,380,2,440.48,880.96
6131,3082,156,4,26.53,106.12
6132,3082,214,1,7.83,7.83
6133,3083,127,4,264.15,1056.6
6134,3083,490,3,42.83,128.49
6135,3083,456,5,306.73,1533.65
6136,3084,74,1,203.92,203.92
6137,3084,408,1,212.74,212.74
6138,3085,106,3,413.45,1240.35
6139,3086,95,5,351.47,1757.35
6140,3086,168,3,73.49,220.47
6141,3086,275,3,376.94,1130.82
6142,3087,408,1,103.79,103.79
6143,3087,289,3,486.04,1458.12
6144,3087,60,2,431.08,862.16
6145,3088,397,2,371.74,743.48
6146,3088,362,1,209.45,209.45
6147,3089,349,2,26.6,53.2
6148,3090,467,2,133.78,267.56
6149,3090,27,5,373.0,1865.0
6150,3090,102,5,168.72,843.6
6151,3091,283,4,168.51,674.04
6152,3091,425,3,220.97,662.91
6153,3092,160,1,84.44,84.44
6154,3092,420,2,469.04,938.08
6155,3093,109,3,412.92,1238.76
6156,3093,394,2,15.66,31.32
6157,3093,12,3,362.49,1087.47
6158,3094,277,4,34.95,139.8
6159,3094,410,1,379.68,379.68
6160,3095,164,3,147.59,442.77
6161,3096,332,3,108.01,324.03
6162,3097,440,1,112.8,112.8
6163,3097,296,3,162.91,488.73
6164,3098,337,5,54.56,272.8
6165,3098,193,5,361.45,1807.25
6166,3098,214,5,117.81,589.05
6167,3099,257,5,13.78,68.9
6168,3099,247,4,346.34,1385.36
6169,3100,370,5,463.93,2319.65
6170,3101,287,4,395.03,1580.12
6171,3101,59,4,206.23,824.92
6172,3102,209,2,19.34,38.68
6173,3102,217,3,347.25,1041.75
6174,3103,446,4,214.23,856.92
6175,3104,152,2,324.04,648.08
6176,3105,120,4,89.08,356.32
6177,3106,498,4,444.27,1777.08
6178,3106,249,4,319.8,1279.2
6179,3107,322,3,26.82,80.46
6180,3107,301,5,453.82,2269.1
6181,3107,490,3,297.7,893.1
6182,3108,91,4,424.5,1698.0
6183,3109,466,4,297.66,1190.64
6184,3109,82,4,86.02,344.08
6185,3110,480,2,464.88,929.76
6186,3110,410,4,128.83,515.32
6187,3111,53,4,98.96,395.84
6188,3112,391,2,398.28,796.56
6189,3112,290,2,426.07,852.14
6190,3113,444,1,422.47,422.47
6191,3114,350,2,433.58,867.16
6192,3114,268,4,164.04,656.16
6193,3114,304,1,357.77,357.77
6194,3115,407,3,72.94,218.82
6195,3115,256,4,107.36,429.44
6196,3116,285,3,186.18,558.54
6197,3117,469,5,364.16,1820.8
6198,3117,8,2,22.02,44.04
6199,3118,174,4,107.21,428.84
6200,3118,202,1,164.62,164.62
6201,3118,176,1,19.13,19.13
6202,3119,262,4,459.82,1839.28
6203,3119,330,2,325.83,651.66
6204,3119,430,3,52.2,156.6
6205,3120,16,4,287.91,1151.64
6206,3120,359,3,55.78,167.34
6207,3121,476,2,411.69,823.38
6208,3122,65,3,352.71,1058.13
6209,3122,24,1,202.9,202.9
6210,3123,315,1,274.32,274.32
6211,3123,204,4,208.41,833.64
6212,3124,414,3,243.19,729.57
6213,3124,371,1,458.48,458.48
6214,3125,390,2,244.75,489.5
6215,3126,308,3,150.01,450.03
6216,3126,360,4,144.05,576.2
6217,3127,141,2,147.87,295.74
6218,3127,98,1,178.55,178.55
6219,3127,352,2,435.78,871.56
6220,3128,445,3,119.59,358.77
6221,3128,386,3,48.9,146.7
6222,3128,104,3,339.19,1017.57
6223,3129,219,4,134.62,538.48
6224,3130,162,3,448.23,1344.69
6225,3130,138,4,214.1,856.4
6226,3131,356,4,171.33,685.32
6227,3131,195,5,269.02,1345.1
6228,3132,353,3,294.58,883.74
6229,3133,19,4,454.65,1818.6
6230,3133,202,4,350.91,1403.64
6231,3134,332,1,94.65,94.65
6232,3134,395,4,57.04,228.16
6233,3134,363,1,181.31,181.31
6234,3135,370,2,433.23,866.46
6235,3135,188,3,44.4,133.2
6236,3135,161,1,186.03,186.03
6237,3136,92,1,245.59,245.59
6238,3136,280,1,254.12,254.12
6239,3137,409,4,18.08,72.32
6240,3138,128,4,347.23,1388.92
6241,3138,15,4,231.78,927.12
6242,3139,91,3,53.06,159.18
6243,3140,53,1,433.42,433.42
6244,3140,52,5,220.09,1100.45
6245,3140,170,2,255.08,510.16
6246,3141,66,4,119.24,476.96
6247,3142,118,2,368.04,736.08
6248,3142,172,5,76.4,382.0
6249,3142,132,4,338.58,1354.32
6250,3143,470,1,349.83,349.83
6251,3144,485,4,53.85,215.4
6252,3144,427,1,386.49,386.49
6253,3144,254,1,342.07,342.07
6254,3145,28,4,137.63,550.52
6255,3145,273,2,101.45,202.9
6256,3145,398,2,65.79,131.58
6257,3146,56,4,389.41,1557.64
6258,3146,325,4,433.18,1732.72
6259,3147,490,5,473.35,2366.75
6260,3147,64,5,487.7,2438.5
6261,3148,358,1,162.39,162.39
6262,3149,452,2,402.62,805.24
6263,3149,130,3,20.05,60.15
6264,3150,487,1,175.23,175.23
6265,3150,454,1,483.88,483.88
6266,3151,395,1,21.41,21.41
6267,3151,488,3,83.01,249.03
6268,3151,498,1,113.44,113.44
6269,3152,15,5,438.68,2193.4
6270,3152,27,3,399.56,1198.68
6271,3153,124,1,447.36,447.36
6272,3153,446,2,186.95,373.9
6273,3153,227,5,129.31,646.55
6274,3154,162,1,68.71,68.71
6275,3155,457,3,471.02,1413.06
6276,3156,78,4,398.91,1595.64
6277,3156,271,1,493.65,493.65
6278,3156,476,5,329.29,1646.45
6279,3157,226,1,400.93,400.93
6280,3157,408,4,125.63,502.52
6281,3158,111,2,413.81,827.62
6282,3159,26,2,191.12,382.24
6283,3159,461,3,359.52,1078.56
6284,3160,394,2,358.52,717.04
6285,3161,51,5,98.05,490.25
6286,3161,278,5,360.32,1801.6
6287,3161,498,3,451.99,1355.97
6288,3162,432,4,389.45,1557.8
6289,3163,153,4,160.12,640.48
6290,3163,133,1,83.78,83.78
6291,3163,445,2,98.51,197.02
6292,3164,215,5,384.95,1924.75
6293,3164,206,2,278.35,556.7
6294,3164,88,2,237.4,474.8
6295,3165,39,5,473.83,2369.15
6296,3166,86,3,333.29,999.87
6297,3167,180,3,211.3,633.9
6298,3167,194,1,382.07,382.07
6299,3167,393,3,312.94,938.82
6300,3168,135,3,206.43,619.29
6301,3168,9,5,378.73,1893.65
6302,3168,481,2,10.32,20.64
6303,3169,275,2,425.19,850.38
6304,3169,152,1,152.36,152.36
6305,3170,448,4,385.49,1541.96
6306,3170,303,5,110.77,553.85
6307,3171,385,4,93.9,375.6
6308,3171,107,4,185.19,740.76
6309,3172,205,2,242.7,485.4
6310,3172,417,4,219.05,876.2
6311,3173,377,5,112.62,563.1
6312,3173,484,2,425.47,850.94
6313,3174,91,4,156.12,624.48
6314,3175,122,3,221.39,664.17
6315,3175,5,4,423.61,1694.44
6316,3175,340,2,217.46,434.92
6317,3176,9,1,330.9,330.9
6318,3177,297,4,320.99,1283.96
6319,3178,226,1,467.34,467.34
6320,3178,189,1,366.94,366.94
6321,3179,148,5,143.48,717.4
6322,3179,215,4,490.73,1962.92
6323,3179,393,1,81.37,81.37
6324,3180,247,3,449.9,1349.7
6325,3180,365,2,7.02,14.04
6326,3180,312,2,364.17,728.34
6327,3181,333,2,422.58,845.16
6328,3182,435,5,74.89,374.45
6329,3182,392,1,331.12,331.12
6330,3183,315,1,251.2,251.2
6331,3183,103,3,365.43,1096.29
6332,3183,98,5,324.13,1620.65
6333,3184,265,5,279.41,1397.05
6334,3185,494,2,483.65,967.3
6335,3185,265,3,371.78,1115.34
6336,3185,393,5,110.74,553.7
6337,3186,381,3,117.55,352.65
6338,3186,6,1,9.81,9.81
6339,3186,281,1,166.05,166.05
6340,3187,123,2,200.22,400.44
6341,3187,48,2,142.49,284.98
6342,3187,405,3,105.03,315.09
6343,3188,153,1,46.56,46.56
6344,3189,367,4,409.71,1638.84
6345,3189,266,1,349.69,349.69
6346,3190,11,5,435.99,2179.95
6347,3190,155,5,85.96,429.8
6348,3191,408,5,216.83,1084.15
6349,3191,34,3,216.96,650.88
6350,3192,183,2,43.86,87.72
6351,3192,26,2,247.95,495.9
6352,3193,488,4,233.02,932.08
6353,3194,109,4,433.93,1735.72
6354,3194,437,2,335.67,671.34
6355,3195,269,4,12.08,48.32
6356,3195,485,4,342.5,1370.0
6357,3196,308,2,223.97,447.94
6358,3197,444,2,63.33,126.66
6359,3198,19,5,201.85,1009.25
6360,3198,479,3,252.3,756.9
6361,3199,467,5,336.45,1682.25
6362,3200,397,5,120.44,602.2
6363,3200,352,5,199.45,997.25
6364,3201,416,4,151.96,607.84
6365,3202,55,3,340.28,1020.84
6366,3202,23,3,143.98,431.94
6367,3202,4,3,216.51,649.53
6368,3203,325,1,415.93,415.93
6369,3204,285,2,9.93,19.86
6370,3205,323,5,360.28,1801.4
6371,3205,149,5,177.63,888.15
6372,3206,285,4,146.58,586.32
6373,3206,414,4,201.26,805.04
6374,3207,323,5,265.04,1325.2
6375,3207,62,4,116.58,466.32
6376,3207,462,2,251.52,503.04
6377,3208,447,4,301.03,1204.12
6378,3209,165,4,486.3,1945.2
6379,3209,158,4,164.92,659.68
6380,3209,46,1,403.41,403.41
6381,3210,80,2,116.26,232.52
6382,3211,461,4,124.05,496.2
6383,3211,353,2,466.48,932.96
6384,3211,343,3,25.5,76.5
6385,3212,112,1,134.38,134.38
6386,3212,450,2,310.53,621.06
6387,3212,454,5,490.09,2450.45
6388,3213,55,4,155.95,623.8
6389,3213,347,1,388.97,388.97
6390,3213,93,5,328.91,1644.55
6391,3214,286,3,98.67,296.01
6392,3214,260,1,49.94,49.94
6393,3214,36,4,359.61,1438.44
6394,3215,213,3,43.11,129.33
6395,3215,492,5,235.72,1178.6
6396,3216,160,4,45.3,181.2
6397,3216,475,2,487.76,975.52
6398,3216,303,2,98.57,197.14
6399,3217,360,3,428.4,1285.2
6400,3218,97,1,255.4,255.4
6401,3218,118,4,461.27,1845.08
6402,3219,217,1,378.6,378.6
6403,3220,62,1,146.61,146.61
6404,3220,347,1,189.97,189.97
6405,3220,500,4,317.21,1268.84
6406,3221,306,1,320.64,320.64
6407,3221,359,2,154.74,309.48
6408,3221,219,4,497.38,1989.52
6409,3222,302,3,222.34,667.02
6410,3223,438,5,492.49,2462.45
6411,3223,344,2,14.06,28.12
6412,3224,114,1,289.57,289.57
6413,3224,489,1,12.53,12.53
6414,3224,362,1,359.75,359.75
6415,3225,468,2,393.19,786.38
6416,3226,121,5,291.28,1456.4
6417,3227,308,2,110.11,220.22
6418,3227,418,5,381.12,1905.6
6419,3227,246,3,80.19,240.57
6420,3228,445,1,469.22,469.22
6421,3228,73,3,402.41,1207.23
6422,3229,266,4,407.34,1629.36
6423,3229,104,2,447.45,894.9
6424,3229,246,2,410.78,821.56
6425,3230,338,4,174.46,697.84
6426,3231,167,2,348.34,696.68
6427,3232,124,5,327.48,1637.4
6428,3233,164,1,280.7,280.7
6429,3233,486,2,487.27,974.54
6430,3234,166,5,312.9,1564.5
6431,3234,162,1,31.41,31.41
6432,3234,450,3,485.79,1457.37
6433,3235,204,2,321.95,643.9
6434,3235,60,4,19.39,77.56
6435,3236,308,2,170.1,340.2
6436,3236,150,5,259.81,1299.05
6437,3236,74,4,375.59,1502.36
6438,3237,21,1,475.58,475.58
6439,3238,339,1,211.1,211.1
6440,3239,497,3,315.05,945.15
6441,3239,209,3,73.79,221.37
6442,3239,495,5,445.47,2227.35
6443,3240,29,4,104.54,418.16
6444,3240,463,3,353.3,1059.9
6445,3241,448,1,141.54,141.54
6446,3242,259,2,93.19,186.38
6447,3242,438,5,267.47,1337.35
6448,3243,424,1,481.27,481.27
6449,3244,144,4,410.0,1640.0
6450,3244,352,3,196.42,589.26
6451,3244,318,1,388.83,388.83
6452,3245,24,4,153.26,613.04
6453,3245,245,4,412.09,1648.36
6454,3246,493,4,156.96,627.84
6455,3247,199,4,167.59,670.36
6456,3248,33,1,180.9,180.9
6457,3248,2,1,362.23,362.23
6458,3249,94,1,281.79,281.79
6459,3249,117,3,101.08,303.24
6460,3249,262,3,19.77,59.31
6461,3250,360,2,236.62,473.24
6462,3250,308,3,229.47,688.41
6463,3250,257,4,85.49,341.96
6464,3251,30,4,104.29,417.16
6465,3252,27,4,159.37,637.48
6466,3253,402,4,209.48,837.92
6467,3253,205,2,269.27,538.54
6468,3254,225,4,442.8,1771.2
6469,3254,270,4,118.52,474.08
6470,3254,277,4,104.84,419.36
6471,3255,35,5,386.83,1934.15
6472,3256,465,2,137.52,275.04
6473,3257,361,2,244.17,488.34
6474,3258,384,1,407.39,407.39
6475,3259,229,1,386.86,386.86
6476,3260,467,5,205.01,1025.05
6477,3261,273,4,137.69,550.76
6478,3261,109,3,368.28,1104.84
6479,3262,113,1,425.72,425.72
6480,3263,203,1,106.02,106.02
6481,3263,386,2,139.66,279.32
6482,3264,473,3,309.34,928.02
6483,3265,329,5,276.35,1381.75
6484,3266,266,3,426.33,1278.99
6485,3266,375,2,323.47,646.94
6486,3267,337,4,25.36,101.44
6487,3267,100,4,374.79,1499.16
6488,3268,253,1,88.91,88.91
6489,3269,340,5,330.04,1650.2
6490,3270,182,1,288.4,288.4
6491,3270,484,2,237.73,475.46
6492,3270,324,4,190.75,763.0
6493,3271,227,5,229.61,1148.05
6494,3272,108,4,488.26,1953.04
6495,3272,425,3,340.8,1022.4
6496,3272,338,5,487.53,2437.65
6497,3273,237,4,92.46,369.84
6498,3273,233,2,60.29,120.58
6499,3274,20,5,296.89,1484.45
6500,3274,14,1,385.05,385.05
6501,3275,205,3,312.52,937.56
6502,3275,248,5,463.37,2316.85
6503,3276,41,4,209.05,836.2
6504,3276,139,2,391.2,782.4
6505,3276,245,3,226.44,679.32
6506,3277,5,5,143.05,715.25
6507,3277,304,5,444.67,2223.35
6508,3277,2,2,88.83,177.66
6509,3278,298,3,234.93,704.79
6510,3278,474,4,100.06,400.24
6511,3278,210,1,329.04,329.04
6512,3279,289,1,370.14,370.14
6513,3280,327,5,83.16,415.8
6514,3281,335,5,388.3,1941.5
6515,3282,412,1,24.71,24.71
6516,3282,495,4,222.45,889.8
6517,3282,433,4,174.04,696.16
6518,3283,145,5,15.38,76.9
6519,3284,325,2,221.34,442.68
6520,3284,82,4,472.86,1891.44
6521,3284,449,4,403.24,1612.96
6522,3285,420,5,150.55,752.75
6523,3285,186,3,248.53,745.59
6524,3285,395,5,451.36,2256.8
6525,3286,263,5,50.27,251.35
6526,3286,26,3,269.5,808.5
6527,3287,169,5,295.59,1477.95
6528,3287,54,3,242.22,726.66
6529,3288,405,2,441.57,883.14
6530,3288,244,5,290.34,1451.7
6531,3289,408,5,55.6,278.0
6532,3289,166,2,459.22,918.44
6533,3290,54,2,440.49,880.98
6534,3291,380,4,246.85,987.4
6535,3292,470,5,223.24,1116.2
6536,3292,409,4,361.16,1444.64
6537,3293,128,4,92.27,369.08
6538,3294,82,4,407.83,1631.32
6539,3295,500,1,184.79,184.79
6540,3296,128,2,294.37,588.74
6541,3297,364,5,189.24,946.2
6542,3297,22,1,273.38,273.38
6543,3298,483,4,389.14,1556.56
6544,3298,24,4,227.09,908.36
6545,3298,141,1,415.85,415.85
6546,3299,394,4,405.99,1623.96
6547,3299,44,4,316.81,1267.24
6548,3300,108,2,456.83,913.66
6549,3301,483,3,403.6,1210.8
6550,3301,104,2,412.0,824.0
6551,3301,228,3,18.13,54.39
6552,3302,10,3,409.57,1228.71
6553,3302,471,2,56.0,112.0
6554,3302,103,1,171.53,171.53
6555,3303,77,2,94.19,188.38
6556,3303,262,1,216.64,216.64
6557,3304,209,1,149.55,149.55
6558,3304,454,2,112.43,224.86
6559,3304,493,5,209.63,1048.15
6560,3305,117,5,82.84,414.2
6561,3306,71,3,48.08,144.24
6562,3307,320,5,30.27,151.35
6563,3308,326,5,490.42,2452.1
6564,3308,188,1,433.57,433.57
6565,3308,256,1,447.89,447.89
6566,3309,197,1,142.46,142.46
6567,3309,131,5,77.51,387.55
6568,3309,294,1,127.1,127.1
6569,3310,211,4,85.91,343.64
6570,3310,385,2,265.12,530.24
6571,3310,350,2,219.24,438.48
6572,3311,370,5,99.92,499.6
6573,3311,29,5,273.43,1367.15
6574,3312,74,5,131.29,656.45
6575,3313,230,3,431.98,1295.94
6576,3313,180,1,232.01,232.01
6577,3314,340,3,263.35,790.05
6578,3315,474,4,136.8,547.2
6579,3315,290,5,475.04,2375.2
6580,3315,113,2,450.84,901.68
6581,3316,168,3,497.52,1492.56
6582,3317,309,4,287.01,1148.04
6583,3317,385,5,19.05,95.25
6584,3317,417,2,75.3,150.6
6585,3318,450,2,24.91,49.82
6586,3318,310,3,96.02,288.06
6587,3318,185,5,203.01,1015.05
6588,3319,139,2,472.95,945.9
6589,3320,473,5,72.29,361.45
6590,3320,167,5,336.62,1683.1
6591,3321,101,4,164.79,659.16
6592,3321,180,3,43.17,129.51
6593,3321,231,2,491.94,983.88
6594,3322,180,4,346.89,1387.56
6595,3323,191,4,468.03,1872.12
6596,3324,472,2,272.58,545.16
6597,3324,334,2,311.73,623.46
6598,3324,117,3,240.34,721.02
6599,3325,452,1,342.38,342.38
6600,3326,466,1,164.39,164.39
6601,3326,304,3,139.77,419.31
6602,3326,462,3,334.59,1003.77
6603,3327,177,1,310.13,310.13
6604,3328,55,5,219.34,1096.7
6605,3328,319,3,350.57,1051.71
6606,3329,87,2,269.68,539.36
6607,3330,251,5,483.5,2417.5
6608,3330,117,5,467.19,2335.95
6609,3330,445,2,285.65,571.3
6610,3331,300,4,121.79,487.16
6611,3332,500,1,458.85,458.85
6612,3332,162,3,484.22,1452.66
6613,3332,227,5,199.83,999.15
6614,3333,38,3,341.84,1025.52
6615,3334,16,1,492.89,492.89
6616,3335,350,1,459.44,459.44
6617,3335,471,1,96.19,96.19
6618,3336,272,2,299.71,599.42
6619,3336,452,2,191.84,383.68
6620,3337,392,3,498.1,1494.3
6621,3337,447,3,403.24,1209.72
6622,3337,271,5,208.64,1043.2
6623,3338,7,5,47.56,237.8
6624,3339,249,3,51.22,153.66
6625,3339,412,4,41.79,167.16
6626,3340,227,1,338.88,338.88
6627,3340,267,1,467.57,467.57
6628,3341,279,1,362.19,362.19
6629,3341,68,5,420.1,2100.5
6630,3342,280,1,323.13,323.13
6631,3342,299,3,218.87,656.61
6632,3343,347,2,494.73,989.46
6633,3344,166,5,65.95,329.75
6634,3345,312,3,386.4,1159.2
6635,3346,385,2,410.57,821.14
6636,3347,68,5,130.82,654.1
6637,3348,85,4,484.43,1937.72
6638,3348,80,5,41.25,206.25
6639,3348,235,4,110.67,442.68
6640,3349,443,3,227.01,681.03
6641,3350,39,3,133.7,401.1
6642,3350,396,3,108.72,326.16
6643,3351,115,5,325.8,1629.0
6644,3351,376,4,337.66,1350.64
6645,3352,494,1,193.44,193.44
6646,3352,148,1,434.95,434.95
6647,3352,174,3,304.52,913.56
6648,3353,285,5,476.08,2380.4
6649,3354,58,3,469.44,1408.32
6650,3354,20,3,468.19,1404.57
6651,3354,345,1,399.82,399.82
6652,3355,83,1,388.33,388.33
6653,3355,219,3,274.45,823.35
6654,3356,186,4,159.18,636.72
6655,3356,453,3,387.37,1162.11
6656,3356,198,4,42.44,169.76
6657,3357,77,2,67.89,135.78
6658,3357,125,5,262.67,1313.35
6659,3358,3,2,400.24,800.48
6660,3359,155,2,339.64,679.28
6661,3359,55,1,117.5,117.5
6662,3360,331,1,373.94,373.94
6663,3360,118,2,122.68,245.36
6664,3360,487,4,72.04,288.16
6665,3361,134,2,454.84,909.68
6666,3361,287,4,228.37,913.48
6667,3362,130,2,424.26,848.52
6668,3362,228,4,396.08,1584.32
6669,3362,243,4,124.44,497.76
6670,3363,183,5,259.47,1297.35
6671,3363,148,5,68.1,340.5
6672,3364,352,1,283.81,283.81
6673,3364,11,1,298.87,298.87
6674,3364,208,4,287.75,1151.0
6675,3365,13,1,487.92,487.92
6676,3365,480,2,122.03,244.06
6677,3366,349,1,265.94,265.94
6678,3366,325,2,357.15,714.3
6679,3366,255,5,358.05,1790.25
6680,3367,214,2,154.14,308.28
6681,3367,413,1,451.31,451.31
6682,3367,131,1,347.92,347.92
6683,3368,154,3,263.87,791.61
6684,3368,144,5,338.75,1693.75
6685,3368,190,3,493.2,1479.6
6686,3369,205,3,435.31,1305.93
6687,3370,324,2,89.37,178.74
6688,3370,195,2,79.14,158.28
6689,3371,387,5,347.17,1735.85
6690,3372,191,5,233.44,1167.2
6691,3372,267,2,256.98,513.96
6692,3373,108,5,140.95,704.75
6693,3374,237,1,473.78,473.78
6694,3374,33,1,308.52,308.52
6695,3375,205,4,96.51,386.04
6696,3375,245,4,257.27,1029.08
6697,3375,492,2,357.26,714.52
6698,3376,339,3,265.67,797.01
6699,3376,455,2,362.84,725.68
6700,3376,142,5,298.92,1494.6
6701,3377,386,3,152.27,456.81
6702,3377,372,1,224.96,224.96
6703,3377,162,4,47.04,188.16
6704,3378,392,5,398.16,1990.8
6705,3379,134,4,144.58,578.32
6706,3379,130,2,168.22,336.44
6707,3379,273,4,264.81,1059.24
6708,3380,288,4,367.4,1469.6
6709,3380,170,3,186.94,560.82
6710,3380,19,3,15.91,47.73
6711,3381,223,4,333.64,1334.56
6712,3381,159,3,286.08,858.24
6713,3381,197,3,433.35,1300.05
6714,3382,1,3,101.12,303.36
6715,3382,434,3,298.07,894.21
6716,3383,428,5,85.99,429.95
6717,3383,398,2,37.08,74.16
6718,3384,492,4,219.41,877.64
6719,3384,125,4,437.95,1751.8
6720,3385,49,5,345.83,1729.15
6721,3385,203,1,431.86,431.86
6722,3386,285,5,26.0,130.0
6723,3387,66,2,208.59,417.18
6724,3388,398,3,39.7,119.1
6725,3389,177,1,86.3,86.3
6726,3390,24,2,188.17,376.34
6727,3391,156,4,365.12,1460.48
6728,3392,487,3,366.4,1099.2
6729,3392,162,2,445.43,890.86
6730,3393,26,5,394.62,1973.1
6731,3394,423,4,13.97,55.88
6732,3394,13,3,484.24,1452.72
6733,3394,353,1,71.41,71.41
6734,3395,277,5,255.58,1277.9
6735,3395,400,3,263.08,789.24
6736,3395,348,2,424.01,848.02
6737,3396,221,1,305.35,305.35
6738,3397,319,2,436.02,872.04
6739,3397,422,5,362.29,1811.45
6740,3398,180,3,428.52,1285.56
6741,3399,244,3,229.82,689.46
6742,3399,206,5,355.36,1776.8
6743,3399,429,2,444.03,888.06
6744,3400,69,2,305.2,610.4
6745,3400,380,3,412.86,1238.58
6746,3401,2,3,139.45,418.35
6747,3401,470,1,163.09,163.09
6748,3401,72,3,50.19,150.57
6749,3402,88,4,276.47,1105.88
6750,3403,260,1,34.77,34.77
6751,3403,268,4,458.72,1834.88
6752,3404,382,3,464.36,1393.08
6753,3405,494,1,126.58,126.58
6754,3405,462,5,491.75,2458.75
6755,3406,309,2,367.89,735.78
6756,3406,330,1,447.82,447.82
6757,3406,400,1,192.77,192.77
6758,3407,381,5,124.1,620.5
6759,3408,413,5,484.57,2422.85
6760,3409,255,1,24.78,24.78
6761,3409,327,2,423.24,846.48
6762,3410,236,1,22.34,22.34
6763,3410,100,2,155.19,310.38
6764,3410,453,3,422.88,1268.64
6765,3411,127,1,337.97,337.97
6766,3411,328,5,71.77,358.85
6767,3411,196,2,160.31,320.62
6768,3412,429,2,398.39,796.78
6769,3413,300,4,277.2,1108.8
6770,3413,308,1,165.75,165.75
6771,3414,38,4,172.47,689.88
6772,3415,21,3,165.47,496.41
6773,3415,432,5,124.57,622.85
6774,3416,24,1,71.98,71.98
6775,3416,196,5,183.91,919.55
6776,3416,333,3,140.27,420.81
6777,3417,255,4,128.13,512.52
6778,3417,208,4,20.86,83.44
6779,3417,472,2,40.83,81.66
6780,3418,55,3,96.54,289.62
6781,3419,462,3,327.31,981.93
6782,3419,111,2,146.88,293.76
6783,3420,451,3,169.29,507.87
6784,3421,85,1,52.76,52.76
6785,3422,282,5,203.64,1018.2
6786,3422,110,5,73.52,367.6
6787,3422,121,4,124.13,496.52
6788,3423,139,4,257.44,1029.76
6789,3423,196,4,89.51,358.04
6790,3424,253,2,489.26,978.52
6791,3424,386,1,447.57,447.57
6792,3424,177,5,344.42,1722.1
6793,3425,27,3,261.8,785.4
6794,3425,340,2,451.83,903.66
6795,3425,191,2,265.91,531.82
6796,3426,193,1,442.93,442.93
6797,3427,460,3,442.31,1326.93
6798,3428,440,2,485.67,971.34
6799,3428,94,3,87.52,262.56
6800,3428,485,3,133.9,401.7
6801,3429,401,4,403.93,1615.72
6802,3430,320,4,369.98,1479.92
6803,3431,88,3,150.63,451.89
6804,3432,172,4,362.03,1448.12
6805,3432,401,1,485.01,485.01
6806,3432,121,4,29.86,119.44
6807,3433,436,5,46.32,231.6
6808,3433,271,1,443.09,443.09
6809,3433,353,2,143.46,286.92
6810,3434,11,1,213.16,213.16
6811,3434,40,5,150.23,751.15
6812,3435,131,5,247.02,1235.1
6813,3435,23,4,176.52,706.08
6814,3435,291,2,109.22,218.44
6815,3436,266,5,125.31,626.55
6816,3436,421,3,196.91,590.73
6817,3436,363,4,441.12,1764.48
6818,3437,489,3,76.86,230.58
6819,3438,411,1,106.8,106.8
6820,3439,411,2,404.82,809.64
6821,3439,216,2,32.65,65.3
6822,3440,199,3,171.77,515.31
6823,3441,163,2,402.81,805.62
6824,3441,214,3,263.56,790.68
6825,3441,146,3,86.2,258.6
6826,3442,164,1,220.92,220.92
6827,3443,238,3,141.49,424.47
6828,3443,445,2,333.36,666.72
6829,3443,147,2,409.92,819.84
6830,3444,123,5,224.32,1121.6
6831,3444,380,4,166.55,666.2
6832,3444,466,2,285.89,571.78
6833,3445,224,2,264.16,528.32
6834,3446,276,5,79.2,396.0
6835,3447,415,2,181.38,362.76
6836,3448,237,2,84.18,168.36
6837,3448,151,5,427.6,2138.0
6838,3448,355,2,220.67,441.34
6839,3449,264,1,291.27,291.27
6840,3449,438,3,409.67,1229.01
6841,3449,28,4,235.27,941.08
6842,3450,20,4,180.85,723.4
6843,3451,95,1,195.96,195.96
6844,3451,252,4,410.49,1641.96
6845,3451,203,1,480.38,480.38
6846,3452,384,3,403.93,1211.79
6847,3452,448,2,404.84,809.68
6848,3452,179,3,246.98,740.94
6849,3453,341,5,22.14,110.7
6850,3453,324,2,450.84,901.68
6851,3453,191,4,300.98,1203.92
6852,3454,17,5,200.69,1003.45
6853,3454,371,5,248.65,1243.25
6854,3455,403,5,220.76,1103.8
6855,3455,164,4,365.96,1463.84
6856,3456,237,5,19.25,96.25
6857,3456,469,4,406.67,1626.68
6858,3457,16,2,461.68,923.36
6859,3457,118,3,251.83,755.49
6860,3458,43,4,297.6,1190.4
6861,3458,464,5,422.12,2110.6
6862,3459,225,1,369.38,369.38
6863,3459,310,4,421.44,1685.76
6864,3460,370,2,497.11,994.22
6865,3461,318,5,430.31,2151.55
6866,3461,73,2,11.19,22.38
6867,3461,391,2,453.99,907.98
6868,3462,8,3,160.69,482.07
6869,3462,482,3,124.71,374.13
6870,3462,486,4,9.74,38.96
6871,3463,303,2,183.8,367.6
6872,3463,379,2,247.04,494.08
6873,3463,216,1,147.2,147.2
6874,3464,197,1,464.5,464.5
6875,3465,471,3,263.42,790.26
6876,3465,323,2,483.86,967.72
6877,3465,367,3,304.63,913.89
6878,3466,472,3,284.81,854.43
6879,3466,20,3,54.55,163.65
6880,3467,46,5,269.23,1346.15
6881,3467,340,5,24.6,123.0
6882,3467,461,3,347.69,1043.07
6883,3468,58,5,375.19,1875.95
6884,3469,477,3,337.89,1013.67
6885,3470,470,1,288.16,288.16
6886,3470,430,1,397.55,397.55
6887,3471,429,2,168.41,336.82
6888,3472,24,1,151.75,151.75
6889,3473,448,5,276.54,1382.7
6890,3474,148,1,307.34,307.34
6891,3474,44,3,173.01,519.03
6892,3475,229,3,482.49,1447.47
6893,3475,29,1,125.31,125.31
6894,3476,312,3,193.17,579.51
6895,3476,193,3,199.3,597.9
6896,3477,307,2,23.85,47.7
6897,3477,141,5,348.07,1740.35
6898,3477,407,4,6.8,27.2
6899,3478,73,4,48.54,194.16
6900,3479,19,5,158.3,791.5
6901,3479,143,1,484.44,484.44
6902,3480,256,2,473.73,947.46
6903,3481,298,4,31.78,127.12
6904,3481,266,3,274.74,824.22
6905,3481,490,5,422.45,2112.25
6906,3482,438,3,190.92,572.76
6907,3482,421,1,104.54,104.54
6908,3483,29,5,172.49,862.45
6909,3483,493,3,242.81,728.43
6910,3483,492,4,466.27,1865.08
6911,3484,114,5,243.25,1216.25
6912,3485,312,1,49.6,49.6
6913,3485,287,4,472.78,1891.12
6914,3485,79,4,184.76,739.04
6915,3486,477,5,454.17,2270.85
6916,3486,110,2,238.47,476.94
6917,3486,213,2,163.9,327.8
6918,3487,300,3,254.67,764.01
6919,3487,312,5,151.25,756.25
6920,3488,341,2,404.08,808.16
6921,3488,179,2,431.04,862.08
6922,3488,258,4,148.85,595.4
6923,3489,51,5,50.9,254.5
6924,3489,269,5,199.25,996.25
6925,3490,57,2,362.9,725.8
6926,3490,379,4,354.39,1417.56
6927,3490,84,1,337.69,337.69
6928,3491,265,1,149.61,149.61
6929,3491,223,4,173.34,693.36
6930,3491,371,4,392.4,1569.6
6931,3492,98,3,292.75,878.25
6932,3492,297,3,17.87,53.61
6933,3493,258,5,203.08,1015.4
6934,3493,174,4,72.94,291.76
6935,3493,285,4,38.91,155.64
6936,3494,194,4,66.13,264.52
6937,3494,294,5,162.06,810.3
6938,3494,151,1,114.07,114.07
6939,3495,308,4,172.33,689.32
6940,3496,94,2,193.38,386.76
6941,3497,139,4,429.44,1717.76
6942,3497,254,5,90.91,454.55
6943,3497,76,2,51.89,103.78
6944,3498,467,4,222.92,891.68
6945,3498,273,2,277.5,555.0
6946,3499,109,2,308.13,616.26
6947,3499,482,3,370.62,1111.86
6948,3499,278,1,436.92,436.92
6949,3500,487,5,52.21,261.05
6950,3500,395,2,79.44,158.88
6951,3500,114,4,28.48,113.92
6952,3501,101,1,60.74,60.74
6953,3501,156,4,60.79,243.16
6954,3502,370,2,378.07,756.14
6955,3502,18,5,185.22,926.1
6956,3503,155,5,36.9,184.5
6957,3504,238,1,428.73,428.73
6958,3504,234,1,162.73,162.73
6959,3505,298,4,483.42,1933.68
6960,3506,440,4,389.41,1557.64
6961,3507,476,2,81.92,163.84
6962,3507,88,5,11.42,57.1
6963,3508,180,5,112.31,561.55
6964,3508,251,2,74.77,149.54
6965,3508,62,5,92.93,464.65
6966,3509,193,5,257.08,1285.4
6967,3510,354,1,359.31,359.31
6968,3510,462,3,310.63,931.89
6969,3510,31,1,206.92,206.92
6970,3511,239,4,201.43,805.72
6971,3511,364,1,482.72,482.72
6972,3512,100,5,120.51,602.55
6973,3512,461,4,313.92,1255.68
6974,3513,357,3,327.35,982.05
6975,3513,338,5,204.13,1020.65
6976,3514,149,5,244.88,1224.4
6977,3515,232,4,97.47,389.88
6978,3516,250,4,411.78,1647.12
6979,3517,459,3,222.47,667.41
6980,3517,56,4,493.49,1973.96
6981,3518,84,3,482.33,1446.99
6982,3518,481,2,485.26,970.52
6983,3519,172,2,411.89,823.78
6984,3519,107,1,33.29,33.29
6985,3520,43,2,214.25,428.5
6986,3521,105,4,114.11,456.44
6987,3521,308,4,492.93,1971.72
6988,3521,7,2,212.31,424.62
6989,3522,283,2,322.03,644.06
6990,3522,273,4,32.91,131.64
6991,3522,402,3,411.49,1234.47
6992,3523,177,5,279.03,1395.15
6993,3523,168,1,184.0,184.0
6994,3523,318,4,51.35,205.4
6995,3524,21,4,204.4,817.6
6996,3524,133,3,254.74,764.22
6997,3525,3,1,457.02,457.02
6998,3525,92,2,100.16,200.32
6999,3525,266,2,357.6,715.2
7000,3526,20,2,214.57,429.14
7001,3526,308,3,245.32,735.96
7002,3526,486,4,476.29,1905.16
7003,3527,201,3,171.95,515.85
7004,3527,53,5,354.59,1772.95
7005,3528,292,5,118.24,591.2
7006,3528,101,2,302.64,605.28
7007,3529,471,1,295.54,295.54
7008,3529,439,4,6.34,25.36
7009,3530,155,4,443.65,1774.6
7010,3530,331,4,121.27,485.08
7011,3530,334,2,207.73,415.46
7012,3531,22,2,360.44,720.88
7013,3531,73,5,205.31,1026.55
7014,3531,150,1,346.96,346.96
7015,3532,431,5,212.58,1062.9
7016,3532,359,1,440.26,440.26
7017,3532,477,1,167.57,167.57
7018,3533,125,4,124.92,499.68
7019,3533,459,4,172.8,691.2
7020,3534,384,5,453.01,2265.05
7021,3534,249,2,350.58,701.16
7022,3535,317,5,112.45,562.25
7023,3535,99,4,124.41,497.64
7024,3536,320,4,269.29,1077.16
7025,3537,342,2,216.2,432.4
7026,3537,455,1,303.37,303.37
7027,3538,172,1,387.31,387.31
7028,3539,325,5,214.66,1073.3
7029,3539,428,4,47.74,190.96
7030,3540,54,1,474.55,474.55
7031,3541,46,2,263.32,526.64
7032,3542,208,5,317.3,1586.5
7033,3543,462,1,364.37,364.37
7034,3544,98,2,39.56,79.12
7035,3544,277,5,95.08,475.4
7036,3545,437,4,6.82,27.28
7037,3545,255,5,302.8,1514.0
7038,3546,500,2,304.24,608.48
7039,3547,438,2,175.95,351.9
7040,3547,26,3,330.94,992.82
7041,3547,317,2,124.46,248.92
7042,3548,36,4,494.4,1977.6
7043,3548,143,1,457.87,457.87
7044,3548,201,1,64.82,64.82
7045,3549,43,1,162.2,162.2
7046,3549,197,4,232.01,928.04
7047,3550,129,3,419.3,1257.9
7048,3551,484,2,369.5,739.0
7049,3551,231,4,370.96,1483.84
7050,3552,164,5,14.88,74.4
7051,3552,165,1,181.96,181.96
7052,3552,187,5,188.76,943.8
7053,3553,63,3,19.83,59.49
7054,3553,180,2,210.85,421.7
7055,3554,114,3,74.18,222.54
7056,3554,284,3,223.59,670.77
7057,3554,431,4,254.73,1018.92
7058,3555,462,5,196.56,982.8
7059,3555,455,4,306.59,1226.36
7060,3556,154,4,234.13,936.52
7061,3557,58,5,94.29,471.45
7062,3558,197,1,176.88,176.88
7063,3559,58,5,225.84,1129.2
7064,3559,136,1,300.04,300.04
7065,3559,391,4,87.56,350.24
7066,3560,56,2,306.01,612.02
7067,3560,137,2,205.7,411.4
7068,3560,437,3,344.36,1033.08
7069,3561,116,5,47.04,235.2
7070,3562,394,3,421.51,1264.53
7071,3562,493,5,340.46,1702.3
7072,3563,25,5,20.51,102.55
7073,3563,411,3,244.6,733.8
7074,3564,71,3,415.37,1246.11
7075,3564,56,5,241.47,1207.35
7076,3564,298,4,81.77,327.08
7077,3565,173,3,231.46,694.38
7078,3566,233,4,209.61,838.44
7079,3566,239,1,308.36,308.36
7080,3566,178,1,72.24,72.24
7081,3567,365,2,228.57,457.14
7082,3567,419,2,250.6,501.2
7083,3567,445,3,7.86,23.58
7084,3568,27,5,154.35,771.75
7085,3568,301,1,396.61,396.61
7086,3568,107,2,383.57,767.14
7087,3569,367,2,477.61,955.22
7088,3570,74,2,349.87,699.74
7089,3570,275,3,136.41,409.23
7090,3570,204,4,185.85,743.4
7091,3571,235,5,27.08,135.4
7092,3571,316,5,481.62,2408.1
7093,3571,136,2,468.5,937.0
7094,3572,483,1,321.78,321.78
7095,3572,302,5,14.1,70.5
7096,3573,354,2,360.89,721.78
7097,3573,409,3,470.83,1412.49
7098,3573,58,5,359.02,1795.1
7099,3574,375,4,137.14,548.56
7100,3575,406,4,492.71,1970.84
7101,3576,14,4,319.08,1276.32
7102,3576,320,1,347.66,347.66
7103,3577,23,2,438.52,877.04
7104,3577,306,3,214.88,644.64
7105,3577,353,2,339.8,679.6
7106,3578,410,3,125.14,375.42
7107,3579,386,4,445.73,1782.92
7108,3579,137,1,127.57,127.57
7109,3579,154,3,6.98,20.94
7110,3580,484,5,348.63,1743.15
7111,3580,30,1,115.42,115.42
7112,3580,245,4,103.76,415.04
7113,3581,481,5,110.6,553.0
7114,3582,110,5,465.24,2326.2
7115,3582,4,2,457.79,915.58
7116,3583,406,2,164.93,329.86
7117,3584,301,4,280.25,1121.0
7118,3584,397,5,44.17,220.85
7119,3585,385,1,55.57,55.57
7120,3586,247,4,354.13,1416.52
7121,3586,322,5,193.21,966.05
7122,3587,87,4,67.61,270.44
7123,3587,492,4,338.44,1353.76
7124,3588,398,5,188.16,940.8
7125,3588,342,4,473.34,1893.36
7126,3588,18,5,373.67,1868.35
7127,3589,402,4,348.26,1393.04
7128,3589,291,2,340.35,680.7
7129,3590,419,5,377.5,1887.5
7130,3590,156,2,259.32,518.64
7131,3590,35,5,294.1,1470.5
7132,3591,197,4,327.47,1309.88
7133,3591,50,1,157.02,157.02
7134,3592,253,5,257.33,1286.65
7135,3593,403,5,93.29,466.45
7136,3593,235,3,241.13,723.39
7137,3594,45,5,403.02,2015.1
7138,3595,494,5,339.55,1697.75
7139,3595,235,4,115.48,461.92
7140,3596,474,2,43.57,87.14
7141,3596,250,1,337.76,337.76
7142,3596,72,5,388.66,1943.3
7143,3597,237,5,57.99,289.95
7144,3597,398,1,403.94,403.94
7145,3597,275,1,8.97,8.97
7146,3598,280,2,27.76,55.52
7147,3598,221,1,472.59,472.59
7148,3599,475,4,482.63,1930.52
7149,3599,289,5,416.17,2080.85
7150,3599,480,3,389.33,1167.99
7151,3600,498,1,219.55,219.55
7152,3600,98,3,485.14,1455.42
7153,3600,344,4,104.62,418.48
7154,3601,232,1,26.61,26.61
7155,3601,97,2,139.41,278.82
7156,3601,299,2,412.17,824.34
7157,3602,434,5,379.5,1897.5
7158,3603,342,5,334.39,1671.95
7159,3603,386,3,334.93,1004.79
7160,3603,251,2,436.58,873.16
7161,3604,129,5,179.81,899.05
7162,3604,252,5,430.64,2153.2
7163,3604,408,1,282.89,282.89
7164,3605,375,3,88.06,264.18
7165,3606,191,1,298.88,298.88
7166,3607,471,3,131.61,394.83
7167,3607,61,3,391.61,1174.83
7168,3607,38,3,248.34,745.02
7169,3608,328,1,114.97,114.97
7170,3608,442,5,448.3,2241.5
7171,3609,458,5,143.41,717.05
7172,3609,487,5,233.15,1165.75
7173,3610,278,4,279.51,1118.04
7174,3611,188,2,55.98,111.96
7175,3611,311,3,71.54,214.62
7176,3612,151,1,167.64,167.64
7177,3612,122,5,137.34,686.7
7178,3613,343,2,193.12,386.24
7179,3613,24,5,374.12,1870.6
7180,3613,348,5,94.2,471.0
7181,3614,327,5,332.22,1661.1
7182,3615,273,3,60.6,181.8
7183,3615,330,1,81.04,81.04
7184,3615,196,2,245.9,491.8
7185,3616,367,3,465.6,1396.8
7186,3617,451,2,438.35,876.7
7187,3618,101,5,135.83,679.15
7188,3618,226,5,266.48,1332.4
7189,3619,236,3,68.0,204.0
7190,3620,368,4,411.35,1645.4
7191,3620,257,1,333.62,333.62
7192,3620,85,4,289.11,1156.44
7193,3621,117,2,383.43,766.86
7194,3621,43,5,40.35,201.75
7195,3622,214,3,98.97,296.91
7196,3622,6,5,299.5,1497.5
7197,3623,205,2,71.62,143.24
7198,3624,206,1,333.92,333.92
7199,3624,318,1,290.73,290.73
7200,3624,474,4,66.53,266.12
7201,3625,408,5,111.08,555.4
7202,3625,344,1,153.9,153.9
7203,3626,323,5,241.27,1206.35
7204,3626,172,2,43.2,86.4
7205,3627,477,5,22.85,114.25
7206,3627,34,1,155.13,155.13
7207,3628,257,2,186.15,372.3
7208,3628,329,5,396.83,1984.15
7209,3629,216,5,188.83,944.15
7210,3630,242,3,461.98,1385.94
7211,3630,409,5,318.79,1593.95
7212,3630,18,2,43.17,86.34
7213,3631,169,2,464.71,929.42
7214,3631,31,2,300.61,601.22
7215,3632,161,5,83.5,417.5
7216,3632,260,3,447.2,1341.6
7217,3633,254,5,129.05,645.25
7218,3633,478,5,428.22,2141.1
7219,3634,275,5,490.24,2451.2
7220,3634,482,1,262.29,262.29
7221,3635,202,4,135.99,543.96
7222,3635,456,5,353.31,1766.55
7223,3636,331,5,355.74,1778.7
7224,3636,194,2,176.07,352.14
7225,3637,298,3,126.99,380.97
7226,3637,330,5,346.94,1734.7
7227,3637,399,5,113.92,569.6
7228,3638,115,2,367.15,734.3
7229,3639,220,2,424.12,848.24
7230,3640,125,3,388.39,1165.17
7231,3640,432,1,398.02,398.02
7232,3640,264,2,433.58,867.16
7233,3641,231,3,177.79,533.37
7234,3642,350,3,168.77,506.31
7235,3642,116,3,435.23,1305.69
7236,3643,494,5,305.55,1527.75
7237,3643,178,2,346.74,693.48
7238,3643,354,5,269.22,1346.1
7239,3644,453,2,280.77,561.54
7240,3644,366,3,57.61,172.83
7241,3645,118,3,429.91,1289.73
7242,3645,90,2,343.43,686.86
7243,3646,188,3,402.32,1206.96
7244,3646,390,3,350.84,1052.52
7245,3646,173,3,305.86,917.58
7246,3647,175,5,464.38,2321.9
7247,3647,196,2,440.24,880.48
7248,3647,461,5,109.48,547.4
7249,3648,82,4,19.26,77.04
7250,3648,463,4,165.5,662.0
7251,3649,32,3,422.06,1266.18
7252,3650,53,5,359.22,1796.1
7253,3651,346,1,427.67,427.67
7254,3652,460,2,269.31,538.62
7255,3652,263,5,210.2,1051.0
7256,3652,145,4,160.49,641.96
7257,3653,386,5,473.19,2365.95
7258,3653,321,3,487.96,1463.88
7259,3653,469,1,301.72,301.72
7260,3654,408,4,366.53,1466.12
7261,3654,384,3,245.05,735.15
7262,3655,129,2,17.22,34.44
7263,3655,320,3,457.48,1372.44
7264,3655,31,3,214.97,644.91
7265,3656,257,2,302.82,605.64
7266,3656,15,5,33.2,166.0
7267,3656,210,5,327.99,1639.95
7268,3657,26,5,266.29,1331.45
7269,3658,179,5,412.85,2064.25
7270,3659,118,3,33.0,99.0
7271,3659,237,1,296.28,296.28
7272,3660,58,3,102.37,307.11
7273,3661,242,3,72.41,217.23
7274,3661,284,4,206.94,827.76
7275,3661,407,4,18.73,74.92
7276,3662,325,1,421.25,421.25
7277,3663,76,4,285.94,1143.76
7278,3664,99,5,274.96,1374.8
7279,3664,286,4,326.83,1307.32
7280,3665,221,5,480.12,2400.6
7281,3666,362,1,328.5,328.5
7282,3667,368,5,423.32,2116.6
7283,3668,315,4,65.47,261.88
7284,3668,132,2,482.78,965.56
7285,3668,146,5,112.99,564.95
7286,3669,221,5,192.35,961.75
7287,3670,102,1,185.38,185.38
7288,3670,69,1,447.18,447.18
7289,3671,163,4,460.93,1843.72
7290,3671,329,5,72.34,361.7
7291,3672,272,4,179.59,718.36
7292,3672,460,3,423.34,1270.02
7293,3673,242,4,259.61,1038.44
7294,3673,405,5,108.28,541.4
7295,3673,85,2,163.96,327.92
7296,3674,456,5,64.84,324.2
7297,3674,437,5,463.08,2315.4
7298,3675,476,5,498.99,2494.95
7299,3675,424,2,215.52,431.04
7300,3675,36,4,200.19,800.76
7301,3676,205,5,210.23,1051.15
7302,3676,477,5,129.83,649.15
7303,3677,472,2,303.62,607.24
7304,3678,381,3,305.26,915.78
7305,3678,7,4,238.16,952.64
7306,3678,123,3,483.33,1449.99
7307,3679,139,5,176.57,882.85
7308,3679,94,5,373.35,1866.75
7309,3679,469,1,142.31,142.31
7310,3680,327,1,14.45,14.45
7311,3681,204,3,17.5,52.5
7312,3681,166,3,231.78,695.34
7313,3681,124,5,413.7,2068.5
7314,3682,247,4,115.45,461.8
7315,3682,166,3,77.42,232.26
7316,3682,417,5,454.74,2273.7
7317,3683,272,4,467.45,1869.8
7318,3683,216,3,387.69,1163.07
7319,3683,105,4,420.68,1682.72
7320,3684,240,5,120.83,604.15
7321,3685,76,4,334.47,1337.88
7322,3685,305,3,142.23,426.69
7323,3685,293,4,220.74,882.96
7324,3686,454,2,396.21,792.42
7325,3687,269,4,241.82,967.28
7326,3687,252,3,293.07,879.21
7327,3688,112,4,329.3,1317.2
7328,3688,255,1,20.52,20.52
7329,3689,386,5,415.91,2079.55
7330,3690,147,5,488.47,2442.35
7331,3690,19,4,154.18,616.72
7332,3690,322,1,226.2,226.2
7333,3691,184,5,476.39,2381.95
7334,3692,57,1,344.0,344.0
7335,3693,329,5,9.75,48.75
7336,3694,63,4,203.14,812.56
7337,3695,256,3,133.46,400.38
7338,3696,438,4,295.43,1181.72
7339,3696,222,1,108.07,108.07
7340,3697,279,4,51.79,207.16
7341,3698,109,5,295.75,1478.75
7342,3698,300,2,166.81,333.62
7343,3698,280,5,272.95,1364.75
7344,3699,424,5,493.2,2466.0
7345,3700,38,1,255.97,255.97
7346,3700,283,1,107.6,107.6
7347,3700,483,2,468.05,936.1
7348,3701,409,2,318.28,636.56
7349,3702,162,3,40.59,121.77
7350,3702,226,5,439.03,2195.15
7351,3703,249,3,137.72,413.16
7352,3703,70,5,122.27,611.35
7353,3703,488,4,262.02,1048.08
7354,3704,4,3,381.79,1145.37
7355,3704,250,3,8.53,25.59
7356,3704,159,4,433.6,1734.4
7357,3705,267,4,354.76,1419.04
7358,3706,117,2,232.07,464.14
7359,3706,260,5,18.87,94.35
7360,3706,487,5,52.55,262.75
7361,3707,41,1,167.95,167.95
7362,3707,167,5,352.27,1761.35
7363,3707,12,1,455.21,455.21
7364,3708,361,5,265.61,1328.05
7365,3708,268,5,73.36,366.8
7366,3708,165,4,33.97,135.88
7367,3709,18,1,490.49,490.49
7368,3709,214,4,314.25,1257.0
7369,3709,462,5,352.33,1761.65
7370,3710,300,3,461.71,1385.13
7371,3710,282,3,181.16,543.48
7372,3711,204,3,166.86,500.58
7373,3711,157,3,384.23,1152.69
7374,3712,43,2,258.89,517.78
7375,3712,113,3,25.54,76.62
7376,3712,263,2,155.15,310.3
7377,3713,366,1,307.19,307.19
7378,3713,321,3,399.16,1197.48
7379,3713,440,2,473.82,947.64
7380,3714,143,1,259.38,259.38
7381,3714,60,5,260.69,1303.45
7382,3715,203,1,328.73,328.73
7383,3716,56,4,448.11,1792.44
7384,3716,359,1,78.27,78.27
7385,3716,214,3,68.7,206.1
7386,3717,127,1,268.29,268.29
7387,3718,470,4,139.04,556.16
7388,3719,85,2,216.76,433.52
7389,3720,456,2,382.06,764.12
7390,3721,9,1,493.83,493.83
7391,3721,142,2,327.14,654.28
7392,3721,394,5,432.97,2164.85
7393,3722,114,5,170.9,854.5
7394,3722,61,3,30.99,92.97
7395,3723,8,4,30.15,120.6
7396,3724,492,1,261.97,261.97
7397,3724,339,2,403.38,806.76
7398,3725,250,4,137.82,551.28
7399,3725,300,1,47.16,47.16
7400,3725,408,3,157.54,472.62
7401,3726,381,3,12.94,38.82
7402,3726,30,5,436.26,2181.3
7403,3726,489,5,11.39,56.95
7404,3727,280,4,454.88,1819.52
7405,3727,272,2,387.67,775.34
7406,3727,34,5,202.18,1010.9
7407,3728,423,5,44.37,221.85
7408,3728,466,3,110.12,330.36
7409,3728,89,2,41.36,82.72
7410,3729,319,1,101.75,101.75
7411,3729,287,3,270.29,810.87
7412,3729,466,2,60.93,121.86
7413,3730,498,3,207.73,623.19
7414,3731,356,2,214.29,428.58
7415,3732,315,5,465.82,2329.1
7416,3732,14,2,289.51,579.02
7417,3733,456,3,290.11,870.33
7418,3733,374,4,157.95,631.8
7419,3733,363,4,410.74,1642.96
7420,3734,36,4,126.65,506.6
7421,3734,218,1,327.0,327.0
7422,3735,15,2,113.6,227.2
7423,3735,100,3,310.37,931.11
7424,3736,435,5,367.25,1836.25
7425,3736,208,4,411.36,1645.44
7426,3736,185,4,358.49,1433.96
7427,3737,145,4,174.05,696.2
7428,3737,159,4,104.98,419.92
7429,3737,62,4,304.0,1216.0
7430,3738,56,3,396.76,1190.28
7431,3738,379,3,178.62,535.86
7432,3738,79,5,411.55,2057.75
7433,3739,466,5,27.24,136.2
7434,3740,101,2,396.26,792.52
7435,3740,49,4,265.07,1060.28
7436,3741,388,4,154.67,618.68
7437,3741,489,2,329.96,659.92
7438,3741,143,3,389.91,1169.73
7439,3742,459,5,393.06,1965.3
7440,3743,371,4,22.9,91.6
7441,3743,83,4,338.38,1353.52
7442,3743,218,4,180.48,721.92
7443,3744,440,4,156.86,627.44
7444,3745,76,3,456.88,1370.64
7445,3745,458,1,93.04,93.04
7446,3745,233,4,305.2,1220.8
7447,3746,408,1,382.0,382.0
7448,3746,388,5,79.85,399.25
7449,3746,301,4,301.47,1205.88
7450,3747,120,3,322.9,968.7
7451,3747,364,4,104.92,419.68
7452,3747,348,2,151.2,302.4
7453,3748,430,1,234.17,234.17
7454,3749,4,1,180.61,180.61
7455,3749,289,3,149.32,447.96
7456,3749,113,1,134.87,134.87
7457,3750,432,2,442.42,884.84
7458,3750,35,5,410.09,2050.45
7459,3750,177,3,429.22,1287.66
7460,3751,256,2,435.8,871.6
7461,3752,163,5,435.14,2175.7
7462,3752,291,2,61.1,122.2
7463,3753,481,1,59.82,59.82
7464,3753,334,3,150.32,450.96
7465,3754,365,4,302.58,1210.32
7466,3754,393,3,119.41,358.23
7467,3755,359,1,239.35,239.35
7468,3756,436,2,351.98,703.96
7469,3757,64,1,194.87,194.87
7470,3757,326,4,205.96,823.84
7471,3758,81,4,140.56,562.24
7472,3758,366,1,107.69,107.69
7473,3759,222,2,45.66,91.32
7474,3760,288,5,247.98,1239.9
7475,3760,438,3,213.2,639.6
7476,3761,11,3,432.78,1298.34
7477,3762,57,3,95.94,287.82
7478,3762,85,1,118.51,118.51
7479,3762,161,1,432.38,432.38
7480,3763,103,4,69.69,278.76
7481,3763,177,1,14.35,14.35
7482,3764,486,4,312.65,1250.6
7483,3764,428,2,168.04,336.08
7484,3765,480,4,226.99,907.96
7485,3765,28,5,209.1,1045.5
7486,3765,119,3,283.87,851.61
7487,3766,396,3,344.6,1033.8
7488,3766,305,1,336.58,336.58
7489,3766,108,5,319.47,1597.35
7490,3767,234,2,27.22,54.44
7491,3768,30,5,456.79,2283.95
7492,3769,248,3,118.63,355.89
7493,3769,119,4,463.47,1853.88
7494,3770,117,5,360.83,1804.15
7495,3770,250,2,22.71,45.42
7496,3770,420,3,52.11,156.33
7497,3771,259,1,118.76,118.76
7498,3772,468,1,64.86,64.86
7499,3773,412,2,90.86,181.72
7500,3774,433,2,80.21,160.42
7501,3774,337,5,497.99,2489.95
7502,3774,335,1,399.3,399.3
7503,3775,454,4,489.06,1956.24
7504,3775,442,4,140.15,560.6
7505,3776,428,5,378.98,1894.9
7506,3776,31,5,250.09,1250.45
7507,3777,90,2,256.89,513.78
7508,3777,291,1,57.41,57.41
7509,3777,201,5,55.61,278.05
7510,3778,49,5,157.42,787.1
7511,3778,415,3,268.73,806.19
7512,3779,355,1,171.6,171.6
7513,3779,464,4,70.41,281.64
7514,3780,166,3,57.46,172.38
7515,3781,28,3,498.61,1495.83
7516,3782,238,1,457.37,457.37
7517,3782,332,4,356.07,1424.28
7518,3782,279,3,182.72,548.16
7519,3783,68,5,35.56,177.8
7520,3783,171,3,396.25,1188.75
7521,3783,324,5,453.89,2269.45
7522,3784,85,1,377.93,377.93
7523,3785,376,5,284.38,1421.9
7524,3786,365,5,464.74,2323.7
7525,3787,143,1,458.49,458.49
7526,3787,368,3,115.98,347.94
7527,3788,268,5,12.84,64.2
7528,3789,127,4,204.22,816.88
7529,3790,194,5,485.65,2428.25
7530,3790,83,2,47.2,94.4
7531,3790,92,3,285.93,857.79
7532,3791,28,2,240.65,481.3
7533,3791,476,3,232.29,696.87
7534,3792,107,1,332.07,332.07
7535,3792,259,5,275.14,1375.7
7536,3793,444,4,226.92,907.68
7537,3794,270,1,153.79,153.79
7538,3795,80,5,209.18,1045.9
7539,3796,224,4,101.76,407.04
7540,3796,275,4,50.99,203.96
7541,3797,135,4,255.85,1023.4
7542,3798,81,4,317.78,1271.12
7543,3798,402,2,50.78,101.56
7544,3798,247,3,289.97,869.91
7545,3799,221,3,224.62,673.86
7546,3799,25,3,97.04,291.12
7547,3800,118,2,254.21,508.42
7548,3800,427,3,409.48,1228.44
7549,3801,143,1,61.61,61.61
7550,3801,220,3,18.43,55.29
7551,3801,350,5,265.52,1327.6
7552,3802,51,5,353.63,1768.15
7553,3803,435,4,154.3,617.2
7554,3803,98,1,184.86,184.86
7555,3804,438,1,493.92,493.92
7556,3804,230,2,211.55,423.1
7557,3804,39,3,360.05,1080.15
7558,3805,54,1,431.4,431.4
7559,3805,1,1,450.8,450.8
7560,3805,482,2,379.07,758.14
7561,3806,85,2,253.94,507.88
7562,3806,244,1,97.18,97.18
7563,3806,377,5,488.96,2444.8
7564,3807,363,2,402.32,804.64
7565,3808,199,3,320.44,961.32
7566,3809,246,5,422.92,2114.6
7567,3809,350,5,297.37,1486.85
7568,3810,303,4,129.65,518.6
7569,3810,388,2,80.25,160.5
7570,3811,209,1,214.66,214.66
7571,3811,288,5,495.73,2478.65
7572,3812,414,2,296.2,592.4
7573,3812,227,2,413.65,827.3
7574,3812,124,3,249.96,749.88
7575,3813,458,5,404.57,2022.85
7576,3813,296,4,463.06,1852.24
7577,3813,163,2,399.04,798.08
7578,3814,62,5,400.92,2004.6
7579,3814,213,4,346.76,1387.04
7580,3815,425,1,198.09,198.09
7581,3815,163,5,355.36,1776.8
7582,3816,233,3,117.85,353.55
7583,3817,165,1,445.36,445.36
7584,3818,140,1,492.79,492.79
7585,3818,212,2,119.17,238.34
7586,3818,244,4,318.61,1274.44
7587,3819,143,3,380.5,1141.5
7588,3820,183,1,266.6,266.6
7589,3820,292,3,222.99,668.97
7590,3821,402,5,438.28,2191.4
7591,3821,62,1,97.19,97.19
7592,3822,324,1,246.95,246.95
7593,3822,92,1,457.84,457.84
7594,3822,37,4,346.68,1386.72
7595,3823,160,4,60.26,241.04
7596,3823,339,2,170.11,340.22
7597,3824,45,4,493.92,1975.68
7598,3824,82,1,227.54,227.54
7599,3825,403,4,179.8,719.2
7600,3825,217,2,498.43,996.86
7601,3826,172,2,149.21,298.42
7602,3826,48,2,428.47,856.94
7603,3827,201,1,388.19,388.19
7604,3828,263,1,306.82,306.82
7605,3828,38,1,108.07,108.07
7606,3828,265,4,257.13,1028.52
7607,3829,306,5,171.0,855.0
7608,3829,3,1,217.1,217.1
7609,3830,20,5,276.59,1382.95
7610,3831,31,1,162.63,162.63
7611,3831,428,2,282.65,565.3
7612,3831,89,5,283.44,1417.2
7613,3832,149,5,390.04,1950.2
7614,3832,327,4,189.71,758.84
7615,3832,474,1,488.53,488.53
7616,3833,68,2,93.64,187.28
7617,3833,449,5,370.09,1850.45
7618,3833,196,3,411.51,1234.53
7619,3834,421,4,306.77,1227.08
7620,3834,463,1,115.32,115.32
7621,3835,409,1,464.17,464.17
7622,3836,21,5,279.64,1398.2
7623,3837,272,5,195.91,979.55
7624,3837,5,2,272.1,544.2
7625,3837,16,3,213.09,639.27
7626,3838,320,2,67.72,135.44
7627,3838,12,3,342.37,1027.11
7628,3839,100,3,118.04,354.12
7629,3840,59,1,147.01,147.01
7630,3841,167,3,110.08,330.24
7631,3842,242,3,191.6,574.8
7632,3842,212,4,110.77,443.08
7633,3843,313,5,496.83,2484.15
7634,3843,441,2,107.42,214.84
7635,3843,1,3,182.97,548.91
7636,3844,309,5,78.82,394.1
7637,3845,417,1,362.16,362.16
7638,3846,492,5,247.14,1235.7
7639,3846,360,4,368.8,1475.2
7640,3847,382,4,420.15,1680.6
7641,3847,89,3,65.55,196.65
7642,3847,383,3,262.78,788.34
7643,3848,270,4,148.47,593.88
7644,3848,208,2,383.32,766.64
7645,3848,377,4,253.44,1013.76
7646,3849,378,5,10.69,53.45
7647,3849,105,3,283.06,849.18
7648,3849,253,3,241.72,725.16
7649,3850,80,4,266.97,1067.88
7650,3851,79,4,339.59,1358.36
7651,3851,332,5,397.04,1985.2
7652,3851,468,3,48.34,145.02
7653,3852,23,4,262.15,1048.6
7654,3852,148,5,56.09,280.45
7655,3853,223,5,334.67,1673.35
7656,3853,418,2,168.66,337.32
7657,3854,29,5,78.94,394.7
7658,3854,406,2,44.0,88.0
7659,3855,314,4,452.07,1808.28
7660,3855,381,2,199.05,398.1
7661,3855,470,3,324.51,973.53
7662,3856,496,5,202.95,1014.75
7663,3856,441,2,141.32,282.64
7664,3857,381,5,427.15,2135.75
7665,3857,378,4,308.39,1233.56
7666,3857,103,3,498.61,1495.83
7667,3858,56,3,432.04,1296.12
7668,3858,137,5,192.18,960.9
7669,3858,118,2,132.61,265.22
7670,3859,261,5,263.45,1317.25
7671,3859,438,1,219.61,219.61
7672,3859,433,4,92.46,369.84
7673,3860,46,5,412.71,2063.55
7674,3860,497,2,185.69,371.38
7675,3860,142,2,86.8,173.6
7676,3861,187,4,207.82,831.28
7677,3861,314,5,18.75,93.75
7678,3862,34,1,338.0,338.0
7679,3863,236,1,222.28,222.28
7680,3863,69,1,365.85,365.85
7681,3864,428,3,315.78,947.34
7682,3865,291,1,378.01,378.01
7683,3866,400,3,80.74,242.22
7684,3866,319,4,204.94,819.76
7685,3867,104,5,211.78,1058.9
7686,3868,52,2,459.0,918.0
7687,3869,383,5,321.14,1605.7
7688,3869,246,2,212.31,424.62
7689,3870,124,2,237.83,475.66
7690,3870,299,2,279.23,558.46
7691,3870,306,4,460.65,1842.6
7692,3871,353,2,261.55,523.1
7693,3871,39,1,273.26,273.26
7694,3871,274,4,304.77,1219.08
7695,3872,237,1,334.2,334.2
7696,3873,8,5,485.53,2427.65
7697,3874,108,2,124.7,249.4
7698,3875,324,4,257.88,1031.52
7699,3875,394,2,369.84,739.68
7700,3876,83,5,338.11,1690.55
7701,3877,479,4,97.31,389.24
7702,3878,209,5,26.85,134.25
7703,3878,241,5,417.65,2088.25
7704,3878,340,1,90.32,90.32
7705,3879,95,3,236.09,708.27
7706,3879,205,2,448.42,896.84
7707,3879,204,3,405.16,1215.48
7708,3880,91,1,60.78,60.78
7709,3880,232,5,406.93,2034.65
7710,3881,240,5,433.73,2168.65
7711,3881,330,5,296.1,1480.5
7712,3881,295,1,284.59,284.59
7713,3882,402,1,20.04,20.04
7714,3882,14,5,233.97,1169.85
7715,3883,186,5,179.02,895.1
7716,3883,55,2,348.39,696.78
7717,3883,446,2,310.88,621.76
7718,3884,78,2,56.88,113.76
7719,3884,391,5,37.38,186.9
7720,3885,292,5,221.92,1109.6
7721,3885,159,4,185.21,740.84
7722,3885,257,3,211.63,634.89
7723,3886,269,4,312.2,1248.8
7724,3886,446,5,143.0,715.0
7725,3887,250,3,166.18,498.54
7726,3887,159,5,56.55,282.75
7727,3887,456,1,353.77,353.77
7728,3888,145,4,278.45,1113.8
7729,3888,186,1,351.81,351.81
7730,3888,376,4,52.82,211.28
7731,3889,216,2,171.48,342.96
7732,3890,466,5,14.82,74.1
7733,3890,256,2,175.49,350.98
7734,3890,60,3,127.91,383.73
7735,3891,177,4,180.65,722.6
7736,3891,314,3,311.71,935.13
7737,3891,2,5,382.22,1911.1
7738,3892,139,3,498.84,1496.52
7739,3893,383,5,43.58,217.9
7740,3893,490,5,64.77,323.85
7741,3893,70,3,207.87,623.61
7742,3894,290,3,342.64,1027.92
7743,3894,38,4,280.37,1121.48
7744,3895,235,4,151.9,607.6
7745,3895,245,4,238.69,954.76
7746,3895,262,4,12.41,49.64
7747,3896,126,2,228.49,456.98
7748,3896,59,5,298.86,1494.3
7749,3897,342,2,106.27,212.54
7750,3897,131,1,57.18,57.18
7751,3897,433,5,348.82,1744.1
7752,3898,405,5,174.99,874.95
7753,3898,199,3,249.4,748.2
7754,3899,239,1,424.63,424.63
7755,3899,442,5,451.16,2255.8
7756,3900,381,4,116.62,466.48
7757,3900,40,3,156.94,470.82
7758,3901,216,1,280.25,280.25
7759,3902,306,5,288.85,1444.25
7760,3903,347,3,5.33,15.99
7761,3904,160,4,296.86,1187.44
7762,3904,340,4,465.58,1862.32
7763,3904,6,3,160.59,481.77
7764,3905,146,3,265.72,797.16
7765,3906,479,2,340.82,681.64
7766,3907,474,1,20.05,20.05
7767,3908,115,5,164.87,824.35
7768,3909,361,5,370.12,1850.6
7769,3909,365,4,295.93,1183.72
7770,3909,251,4,108.93,435.72
7771,3910,21,1,223.91,223.91
7772,3910,142,5,216.78,1083.9
7773,3911,416,3,224.66,673.98
7774,3911,169,5,138.66,693.3
7775,3911,22,4,272.83,1091.32
7776,3912,214,4,97.07,388.28
7777,3912,355,1,395.93,395.93
7778,3913,418,4,270.03,1080.12
7779,3914,138,5,20.14,100.7
7780,3914,92,3,216.47,649.41
7781,3914,89,3,344.03,1032.09
7782,3915,308,2,257.66,515.32
7783,3915,463,3,93.36,280.08
7784,3915,333,4,444.1,1776.4
7785,3916,490,3,29.54,88.62
7786,3917,473,4,257.52,1030.08
7787,3917,26,5,473.7,2368.5
7788,3917,273,5,286.43,1432.15
7789,3918,290,4,454.97,1819.88
7790,3919,225,2,342.82,685.64
7791,3919,364,5,275.63,1378.15
7792,3920,18,2,226.19,452.38
7793,3921,179,2,476.67,953.34
7794,3922,397,1,105.4,105.4
7795,3922,488,3,286.48,859.44
7796,3923,93,1,197.13,197.13
7797,3924,165,4,476.58,1906.32
7798,3925,316,2,222.56,445.12
7799,3925,414,4,169.59,678.36
7800,3925,411,4,497.83,1991.32
7801,3926,104,5,420.99,2104.95
7802,3926,313,2,203.53,407.06
7803,3926,93,3,156.59,469.77
7804,3927,424,3,277.59,832.77
7805,3928,43,4,262.54,1050.16
7806,3928,248,4,13.34,53.36
7807,3928,166,1,213.29,213.29
7808,3929,376,3,74.05,222.15
7809,3929,47,4,69.51,278.04
7810,3929,155,5,433.39,2166.95
7811,3930,332,2,211.06,422.12
7812,3930,333,1,249.58,249.58
7813,3930,473,5,283.36,1416.8
7814,3931,250,1,147.12,147.12
7815,3932,363,1,437.8,437.8
7816,3933,407,4,231.72,926.88
7817,3933,380,3,476.56,1429.68
7818,3933,267,4,335.39,1341.56
7819,3934,380,3,33.58,100.74
7820,3934,83,5,336.37,1681.85
7821,3934,365,3,163.19,489.57
7822,3935,434,2,463.37,926.74
7823,3935,395,1,358.69,358.69
7824,3935,264,5,380.36,1901.8
7825,3936,434,4,76.97,307.88
7826,3937,287,5,384.46,1922.3
7827,3938,343,2,23.93,47.86
7828,3939,68,2,58.31,116.62
7829,3940,304,5,265.17,1325.85
7830,3940,158,3,425.19,1275.57
7831,3941,371,1,341.17,341.17
7832,3941,469,4,173.05,692.2
7833,3941,197,2,265.4,530.8
7834,3942,199,3,174.67,524.01
7835,3943,363,5,44.76,223.8
7836,3943,427,2,38.65,77.3
7837,3944,457,1,51.14,51.14
7838,3945,50,3,132.8,398.4
7839,3946,155,1,160.35,160.35
7840,3946,326,5,147.6,738.0
7841,3946,328,3,393.27,1179.81
7842,3947,203,5,150.17,750.85
7843,3947,456,3,170.07,510.21
7844,3948,138,5,222.69,1113.45
7845,3948,440,5,103.5,517.5
7846,3948,145,4,441.52,1766.08
7847,3949,20,1,482.48,482.48
7848,3949,223,2,285.95,571.9
7849,3949,64,1,296.21,296.21
7850,3950,71,3,76.09,228.27
7851,3951,397,4,326.05,1304.2
7852,3951,367,2,8.43,16.86
7853,3951,46,4,493.1,1972.4
7854,3952,128,4,416.18,1664.72
7855,3953,380,1,321.5,321.5
7856,3953,102,4,259.92,1039.68
7857,3953,326,5,363.28,1816.4
7858,3954,61,4,412.61,1650.44
7859,3954,167,1,284.61,284.61
7860,3954,146,1,34.37,34.37
7861,3955,1,1,48.31,48.31
7862,3955,441,2,99.75,199.5
7863,3955,491,1,258.21,258.21
7864,3956,149,1,96.28,96.28
7865,3956,460,4,374.34,1497.36
7866,3957,404,1,262.27,262.27
7867,3957,424,1,222.62,222.62
7868,3957,220,5,206.58,1032.9
7869,3958,482,4,216.02,864.08
7870,3958,262,3,442.29,1326.87
7871,3958,456,5,425.83,2129.15
7872,3959,138,1,475.75,475.75
7873,3959,288,5,89.21,446.05
7874,3960,327,3,151.83,455.49
7875,3961,23,4,498.35,1993.4
7876,3961,471,2,40.4,80.8
7877,3962,324,4,476.18,1904.72
7878,3962,13,4,358.98,1435.92
7879,3963,238,1,157.86,157.86
7880,3963,168,2,356.08,712.16
7881,3964,113,2,6.93,13.86
7882,3964,257,3,328.78,986.34
7883,3965,460,3,172.48,517.44
7884,3965,54,4,111.06,444.24
7885,3966,165,4,83.51,334.04
7886,3967,156,3,257.72,773.16
7887,3967,468,3,432.87,1298.61
7888,3968,447,1,213.1,213.1
7889,3968,202,4,71.97,287.88
7890,3969,250,2,258.34,516.68
7891,3969,262,1,447.86,447.86
7892,3969,323,4,245.22,980.88
7893,3970,116,4,320.02,1280.08
7894,3971,362,1,419.47,419.47
7895,3972,283,1,411.7,411.7
7896,3972,96,2,132.54,265.08
7897,3972,144,1,369.06,369.06
7898,3973,79,5,476.46,2382.3
7899,3974,309,5,54.18,270.9
7900,3975,9,1,385.78,385.78
7901,3975,494,3,436.28,1308.84
7902,3975,43,4,410.72,1642.88
7903,3976,99,1,387.85,387.85
7904,3976,55,5,300.97,1504.85
7905,3977,63,3,105.08,315.24
7906,3977,263,1,413.61,413.61
7907,3978,479,1,344.86,344.86
7908,3979,235,3,192.93,578.79
7909,3980,12,3,145.08,435.24
7910,3980,154,5,451.81,2259.05
7911,3980,137,2,61.57,123.14
7912,3981,387,4,131.33,525.32
7913,3981,448,1,491.74,491.74
7914,3982,263,2,283.77,567.54
7915,3982,160,4,328.81,1315.24
7916,3982,155,2,73.88,147.76
7917,3983,312,4,66.83,267.32
7918,3984,400,1,82.14,82.14
7919,3985,105,1,200.97,200.97
7920,3985,381,3,340.62,1021.86
7921,3986,156,1,438.83,438.83
7922,3986,386,3,144.43,433.29
7923,3987,433,3,455.96,1367.88
7924,3987,29,2,213.35,426.7
7925,3987,79,1,490.5,490.5
7926,3988,22,3,285.31,855.93
7927,3988,31,5,128.5,642.5
7928,3988,355,2,337.23,674.46
7929,3989,386,2,90.61,181.22
7930,3990,457,5,427.65,2138.25
7931,3990,225,2,373.79,747.58
7932,3990,170,4,18.8,75.2
7933,3991,110,3,440.22,1320.66
7934,3991,420,1,440.34,440.34
7935,3991,222,2,148.36,296.72
7936,3992,431,5,497.19,2485.95
7937,3993,224,5,259.21,1296.05
7938,3994,392,2,311.85,623.7
7939,3994,417,2,279.05,558.1
7940,3994,258,5,147.43,737.15
7941,3995,470,5,12.16,60.8
7942,3996,341,4,284.1,1136.4
7943,3996,88,3,459.63,1378.89
7944,3997,209,1,145.04,145.04
7945,3998,301,4,327.57,1310.28
7946,3998,366,2,397.31,794.62
7947,3999,423,4,436.92,1747.68
7948,3999,142,5,348.49,1742.45
7949,3999,156,2,111.59,223.18
7950,4000,121,3,240.37,721.11
7951,4001,80,4,242.92,971.68
7952,4001,45,4,130.22,520.88
7953,4002,461,4,349.33,1397.32
7954,4003,411,3,37.24,111.72
7955,4004,272,2,436.66,873.32
7956,4004,188,2,488.97,977.94
7957,4004,244,3,19.7,59.1
7958,4005,239,2,469.71,939.42
7959,4005,235,3,452.56,1357.68
7960,4005,426,2,448.8,897.6
7961,4006,320,4,249.02,996.08
7962,4007,316,3,206.06,618.18
7963,4008,241,5,354.89,1774.45
7964,4009,42,2,381.82,763.64
7965,4009,394,3,238.7,716.1
7966,4010,466,2,336.85,673.7
7967,4010,42,4,341.73,1366.92
7968,4010,422,1,373.36,373.36
7969,4011,105,5,116.95,584.75
7970,4012,481,1,208.65,208.65
7971,4013,257,4,471.93,1887.72
7972,4014,65,3,150.72,452.16
7973,4014,182,5,374.78,1873.9
7974,4014,258,2,461.18,922.36
7975,4015,260,2,126.13,252.26
7976,4015,189,4,235.63,942.52
7977,4015,76,4,324.72,1298.88
7978,4016,246,3,118.77,356.31
7979,4016,90,4,33.62,134.48
7980,4017,198,2,269.37,538.74
7981,4018,290,3,202.79,608.37
7982,4018,268,5,459.12,2295.6
7983,4018,361,2,407.36,814.72
7984,4019,294,4,333.3,1333.2
7985,4020,468,4,299.46,1197.84
7986,4020,458,3,349.07,1047.21
7987,4021,24,4,176.75,707.0
7988,4021,49,3,361.78,1085.34
7989,4022,109,1,495.43,495.43
7990,4022,28,4,171.97,687.88
7991,4023,182,1,450.57,450.57
7992,4024,289,2,222.17,444.34
7993,4024,468,1,54.62,54.62
7994,4024,219,5,14.46,72.3
7995,4025,434,2,261.0,522.0
7996,4026,274,1,472.57,472.57
7997,4026,378,1,311.11,311.11
7998,4026,54,5,471.9,2359.5
7999,4027,278,3,10.79,32.37
8000,4027,189,1,79.21,79.21
8001,4028,252,3,16.36,49.08
8002,4028,239,3,24.71,74.13
8003,4028,237,5,239.71,1198.55
8004,4029,192,2,493.17,986.34
8005,4030,389,2,456.8,913.6
8006,4031,73,4,330.06,1320.24
8007,4031,57,4,264.51,1058.04
8008,4031,499,1,296.72,296.72
8009,4032,102,4,146.7,586.8
8010,4033,190,5,427.21,2136.05
8011,4034,496,1,188.87,188.87
8012,4034,132,4,478.89,1915.56
8013,4035,245,1,275.89,275.89
8014,4036,325,4,397.37,1589.48
8015,4037,227,4,403.57,1614.28
8016,4038,262,3,449.26,1347.78
8017,4038,104,5,41.88,209.4
8018,4038,346,1,107.01,107.01
8019,4039,312,1,271.87,271.87
8020,4039,336,2,99.21,198.42
8021,4039,449,5,9.51,47.55
8022,4040,381,3,438.78,1316.34
8023,4040,396,3,205.01,615.03
8024,4041,187,4,65.57,262.28
8025,4042,307,5,490.85,2454.25
8026,4043,330,3,306.86,920.58
8027,4043,304,2,69.7,139.4
8028,4044,284,4,271.02,1084.08
8029,4044,123,4,431.28,1725.12
8030,4045,454,3,350.01,1050.03
8031,4045,47,3,211.26,633.78
8032,4046,126,2,71.53,143.06
8033,4046,75,4,278.44,1113.76
8034,4046,27,4,268.32,1073.28
8035,4047,28,4,160.65,642.6
8036,4047,96,2,431.46,862.92
8037,4048,304,2,96.81,193.62
8038,4049,359,3,331.13,993.39
8039,4049,446,3,23.62,70.86
8040,4049,323,2,451.33,902.66
8041,4050,68,1,337.03,337.03
8042,4051,347,1,63.72,63.72
8043,4051,300,1,299.05,299.05
8044,4052,215,1,491.01,491.01
8045,4052,445,1,301.45,301.45
8046,4053,102,3,181.05,543.15
8047,4054,379,5,390.33,1951.65
8048,4054,171,1,331.35,331.35
8049,4055,272,1,267.71,267.71
8050,4055,320,5,168.0,840.0
8051,4055,154,1,73.69,73.69
8052,4056,131,1,429.59,429.59
8053,4056,359,4,31.58,126.32
8054,4056,199,3,374.87,1124.61
8055,4057,299,3,96.7,290.1
8056,4057,298,2,230.9,461.8
8057,4058,306,3,400.25,1200.75
8058,4058,228,3,411.06,1233.18
8059,4058,121,1,214.19,214.19
8060,4059,44,2,337.71,675.42
8061,4059,245,3,264.45,793.35
8062,4060,357,4,427.21,1708.84
8063,4061,453,2,414.45,828.9
8064,4061,361,3,132.43,397.29
8065,4061,73,5,291.45,1457.25
8066,4062,18,3,345.9,1037.7
8067,4062,295,5,135.72,678.6
8068,4063,323,1,142.62,142.62
8069,4063,78,2,280.89,561.78
8070,4064,322,2,31.79,63.58
8071,4064,248,1,486.46,486.46
8072,4065,303,4,96.76,387.04
8073,4065,331,1,258.68,258.68
8074,4066,374,4,402.61,1610.44
8075,4066,470,1,73.42,73.42
8076,4067,48,1,388.77,388.77
8077,4068,270,2,489.61,979.22
8078,4069,25,3,22.94,68.82
8079,4069,330,1,63.97,63.97
8080,4070,65,2,404.47,808.94
8081,4070,155,2,364.67,729.34
8082,4071,224,4,67.82,271.28
8083,4071,36,3,419.53,1258.59
8084,4071,131,4,20.03,80.12
8085,4072,260,5,40.19,200.95
8086,4073,454,4,235.25,941.0
8087,4074,206,3,232.5,697.5
8088,4074,13,1,438.14,438.14
8089,4074,13,2,340.56,681.12
8090,4075,459,2,89.08,178.16
8091,4075,425,1,273.89,273.89
8092,4075,86,5,146.92,734.6
8093,4076,390,3,474.76,1424.28
8094,4076,136,1,258.3,258.3
8095,4077,309,4,241.16,964.64
8096,4077,332,4,50.22,200.88
8097,4077,315,1,469.08,469.08
8098,4078,64,2,319.55,639.1
8099,4078,473,4,485.95,1943.8
8100,4079,29,1,21.38,21.38
8101,4079,55,5,407.28,2036.4
8102,4079,480,4,66.58,266.32
8103,4080,232,5,220.54,1102.7
8104,4081,200,3,67.61,202.83
8105,4081,255,5,300.43,1502.15
8106,4081,444,2,16.64,33.28
8107,4082,116,5,93.53,467.65
8108,4083,459,3,376.35,1129.05
8109,4083,438,5,74.67,373.35
8110,4083,406,3,191.77,575.31
8111,4084,490,1,235.66,235.66
8112,4085,425,3,88.14,264.42
8113,4085,215,4,376.83,1507.32
8114,4086,464,2,253.44,506.88
8115,4087,91,4,344.16,1376.64
8116,4087,315,1,161.97,161.97
8117,4087,133,3,460.48,1381.44
8118,4088,33,2,102.1,204.2
8119,4089,56,4,127.78,511.12
8120,4089,110,3,434.82,1304.46
8121,4090,323,4,213.02,852.08
8122,4091,499,2,476.99,953.98
8123,4092,20,3,481.15,1443.45
8124,4092,124,2,344.01,688.02
8125,4092,324,1,117.46,117.46
8126,4093,228,1,260.51,260.51
8127,4093,315,5,8.8,44.0
8128,4094,180,5,495.66,2478.3
8129,4094,360,2,178.6,357.2
8130,4094,80,1,329.89,329.89
8131,4095,115,1,382.5,382.5
8132,4095,339,3,103.17,309.51
8133,4096,329,5,493.38,2466.9
8134,4096,404,2,142.98,285.96
8135,4097,353,5,273.89,1369.45
8136,4097,248,3,134.59,403.77
8137,4097,37,3,189.54,568.62
8138,4098,348,4,261.09,1044.36
8139,4098,211,3,246.4,739.2
8140,4098,35,1,452.5,452.5
8141,4099,252,1,391.38,391.38
8142,4100,316,5,177.82,889.1
8143,4100,129,1,376.4,376.4
8144,4101,339,2,312.07,624.14
8145,4101,48,5,463.47,2317.35
8146,4101,89,3,174.88,524.64
8147,4102,425,4,335.5,1342.0
8148,4102,49,4,20.45,81.8
8149,4102,482,1,388.25,388.25
8150,4103,336,4,47.93,191.72
8151,4103,239,1,297.29,297.29
8152,4104,401,3,487.35,1462.05
8153,4104,423,5,70.83,354.15
8154,4104,341,4,204.76,819.04
8155,4105,207,4,62.3,249.2
8156,4105,90,3,256.95,770.85
8157,4105,66,5,104.62,523.1
8158,4106,38,2,218.84,437.68
8159,4106,432,4,213.37,853.48
8160,4106,216,3,136.37,409.11
8161,4107,157,3,407.88,1223.64
8162,4107,189,2,129.77,259.54
8163,4107,234,2,98.88,197.76
8164,4108,379,1,377.79,377.79
8165,4108,251,4,192.54,770.16
8166,4109,369,2,429.81,859.62
8167,4109,483,1,328.3,328.3
8168,4110,31,5,148.3,741.5
8169,4110,262,1,63.56,63.56
8170,4110,145,5,449.13,2245.65
8171,4111,430,5,255.11,1275.55
8172,4111,121,2,193.98,387.96
8173,4112,305,3,30.25,90.75
8174,4112,275,4,212.64,850.56
8175,4112,271,2,406.23,812.46
8176,4113,17,4,498.6,1994.4
8177,4114,167,1,373.45,373.45
8178,4114,358,3,81.27,243.81
8179,4115,463,4,166.07,664.28
8180,4115,328,2,70.84,141.68
8181,4116,307,2,27.9,55.8
8182,4116,396,3,336.34,1009.02
8183,4117,123,1,112.27,112.27
8184,4117,14,1,357.99,357.99
8185,4117,333,1,448.27,448.27
8186,4118,249,1,116.43,116.43
8187,4118,387,5,467.88,2339.4
8188,4119,218,5,231.75,1158.75
8189,4119,255,1,471.15,471.15
8190,4120,116,2,211.25,422.5
8191,4121,225,5,268.33,1341.65
8192,4121,490,3,184.8,554.4
8193,4121,22,3,311.58,934.74
8194,4122,429,1,225.67,225.67
8195,4123,352,1,451.47,451.47
8196,4123,85,3,93.93,281.79
8197,4124,192,3,231.25,693.75
8198,4124,78,2,311.54,623.08
8199,4124,328,5,123.59,617.95
8200,4125,66,2,205.6,411.2
8201,4126,224,2,297.91,595.82
8202,4127,5,5,392.66,1963.3
8203,4128,94,2,232.26,464.52
8204,4128,476,2,177.97,355.94
8205,4128,266,4,175.78,703.12
8206,4129,208,5,394.04,1970.2
8207,4130,153,5,110.52,552.6
8208,4130,339,2,448.12,896.24
8209,4130,453,4,356.71,1426.84
8210,4131,319,2,254.37,508.74
8211,4132,243,4,475.3,1901.2
8212,4132,284,5,301.42,1507.1
8213,4132,481,4,129.13,516.52
8214,4133,182,5,259.67,1298.35
8215,4133,477,2,279.05,558.1
8216,4133,179,1,145.97,145.97
8217,4134,39,1,267.16,267.16
8218,4134,131,5,285.98,1429.9
8219,4134,279,5,278.56,1392.8
8220,4135,131,1,266.39,266.39
8221,4135,429,4,341.8,1367.2
8222,4136,387,1,382.71,382.71
8223,4136,363,2,463.35,926.7
8224,4137,190,1,408.57,408.57
8225,4137,179,2,127.9,255.8
8226,4138,133,4,413.32,1653.28
8227,4138,104,4,361.35,1445.4
8228,4138,186,1,160.48,160.48
8229,4139,100,3,246.74,740.22
8230,4140,450,3,420.67,1262.01
8231,4140,115,5,119.16,595.8
8232,4141,197,3,151.9,455.7
8233,4141,262,1,397.55,397.55
8234,4141,460,5,399.3,1996.5
8235,4142,235,2,363.27,726.54
8236,4142,351,5,228.52,1142.6
8237,4143,144,5,116.44,582.2
8238,4144,314,1,167.02,167.02
8239,4144,414,5,457.2,2286.0
8240,4144,327,1,345.03,345.03
8241,4145,183,3,489.47,1468.41
8242,4145,353,4,353.13,1412.52
8243,4146,175,1,386.76,386.76
8244,4146,43,3,402.36,1207.08
8245,4147,327,3,202.25,606.75
8246,4148,312,2,222.94,445.88
8247,4148,336,4,193.38,773.52
8248,4148,117,4,367.61,1470.44
8249,4149,38,2,300.64,601.28
8250,4149,33,1,114.0,114.0
8251,4149,334,2,72.87,145.74
8252,4150,100,4,61.01,244.04
8253,4150,99,2,460.94,921.88
8254,4151,469,1,120.05,120.05
8255,4151,29,4,22.68,90.72
8256,4152,441,4,195.74,782.96
8257,4152,387,5,372.25,1861.25
8258,4152,409,5,203.34,1016.7
8259,4153,21,5,67.75,338.75
8260,4154,134,4,357.06,1428.24
8261,4154,398,1,306.56,306.56
8262,4154,484,5,158.59,792.95
8263,4155,411,3,312.43,937.29
8264,4155,410,4,251.11,1004.44
8265,4155,172,1,315.8,315.8
8266,4156,222,4,85.72,342.88
8267,4156,103,4,65.62,262.48
8268,4156,184,2,397.27,794.54
8269,4157,260,1,13.32,13.32
8270,4157,254,2,114.3,228.6
8271,4157,478,2,192.73,385.46
8272,4158,437,3,32.19,96.57
8273,4158,16,3,318.27,954.81
8274,4158,403,5,303.89,1519.45
8275,4159,221,1,239.34,239.34
8276,4160,15,2,491.72,983.44
8277,4160,197,1,8.06,8.06
8278,4160,119,2,171.45,342.9
8279,4161,158,5,383.45,1917.25
8280,4162,142,5,264.3,1321.5
8281,4162,314,3,169.57,508.71
8282,4163,27,3,356.61,1069.83
8283,4163,105,2,93.6,187.2
8284,4163,477,3,205.48,616.44
8285,4164,308,5,7.21,36.05
8286,4164,163,4,38.68,154.72
8287,4165,118,3,417.89,1253.67
8288,4165,120,5,166.62,833.1
8289,4166,180,3,414.38,1243.14
8290,4166,356,4,14.93,59.72
8291,4167,430,4,467.32,1869.28
8292,4167,462,4,423.02,1692.08
8293,4167,289,5,43.95,219.75
8294,4168,251,3,230.29,690.87
8295,4169,168,2,96.38,192.76
8296,4169,253,1,23.25,23.25
8297,4170,224,5,459.71,2298.55
8298,4170,373,2,168.1,336.2
8299,4171,264,5,249.3,1246.5
8300,4171,227,3,20.91,62.73
8301,4171,304,3,151.12,453.36
8302,4172,438,4,469.44,1877.76
8303,4172,275,4,420.75,1683.0
8304,4173,278,2,205.54,411.08
8305,4173,400,3,436.88,1310.64
8306,4173,305,3,342.61,1027.83
8307,4174,229,2,356.94,713.88
8308,4174,474,4,160.04,640.16
8309,4174,67,3,47.59,142.77
8310,4175,300,4,485.17,1940.68
8311,4175,27,3,443.98,1331.94
8312,4175,441,2,448.83,897.66
8313,4176,338,3,138.89,416.67
8314,4176,92,1,146.91,146.91
8315,4177,397,1,433.62,433.62
8316,4177,213,5,359.21,1796.05
8317,4178,7,4,288.5,1154.0
8318,4178,182,1,374.44,374.44
8319,4179,479,2,484.63,969.26
8320,4179,8,3,189.1,567.3
8321,4180,311,1,406.54,406.54
8322,4180,82,1,323.61,323.61
8323,4181,485,1,225.01,225.01
8324,4181,213,5,133.38,666.9
8325,4181,143,1,375.26,375.26
8326,4182,74,3,424.4,1273.2
8327,4182,366,1,43.94,43.94
8328,4182,471,1,362.88,362.88
8329,4183,349,4,184.4,737.6
8330,4183,439,4,309.27,1237.08
8331,4184,239,1,127.23,127.23
8332,4185,148,2,93.03,186.06
8333,4185,24,3,11.28,33.84
8334,4186,342,1,379.59,379.59
8335,4186,303,5,143.79,718.95
8336,4186,472,2,92.45,184.9
8337,4187,436,2,143.84,287.68
8338,4187,385,3,242.21,726.63
8339,4187,86,1,192.93,192.93
8340,4188,212,3,251.09,753.27
8341,4188,258,5,262.33,1311.65
8342,4189,157,3,369.02,1107.06
8343,4189,95,1,472.89,472.89
8344,4190,493,5,416.0,2080.0
8345,4190,175,3,200.4,601.2
8346,4190,301,5,217.76,1088.8
8347,4191,176,4,491.09,1964.36
8348,4191,180,1,470.23,470.23
8349,4192,57,1,147.62,147.62
8350,4192,312,2,382.55,765.1
8351,4193,457,1,299.42,299.42
8352,4194,393,2,407.46,814.92
8353,4195,355,5,16.41,82.05
8354,4195,373,4,275.03,1100.12
8355,4196,317,4,60.82,243.28
8356,4196,164,2,107.72,215.44
8357,4196,187,3,192.81,578.43
8358,4197,43,2,491.26,982.52
8359,4197,431,3,86.15,258.45
8360,4197,402,3,213.91,641.73
8361,4198,490,3,440.94,1322.82
8362,4199,217,3,177.1,531.3
8363,4200,401,3,84.84,254.52
8364,4200,499,2,328.45,656.9
8365,4200,256,5,27.94,139.7
8366,4201,300,1,498.31,498.31
8367,4202,279,4,415.69,1662.76
8368,4202,337,3,404.06,1212.18
8369,4202,326,2,24.53,49.06
8370,4203,379,2,431.79,863.58
8371,4204,296,5,62.0,310.0
8372,4204,158,1,182.79,182.79
8373,4204,314,1,270.57,270.57
8374,4205,264,2,373.49,746.98
8375,4205,335,4,411.85,1647.4
8376,4206,314,5,341.17,1705.85
8377,4207,375,5,423.69,2118.45
8378,4208,222,3,283.87,851.61
8379,4208,382,4,445.15,1780.6
8380,4209,252,5,332.34,1661.7
8381,4209,391,5,183.84,919.2
8382,4210,154,4,332.76,1331.04
8383,4211,467,1,244.28,244.28
8384,4211,421,2,417.47,834.94
8385,4211,123,5,318.95,1594.75
8386,4212,268,2,428.73,857.46
8387,4212,55,2,200.05,400.1
8388,4213,128,1,330.61,330.61
8389,4214,242,3,280.25,840.75
8390,4214,240,3,168.6,505.8
8391,4214,311,4,312.74,1250.96
8392,4215,372,1,364.8,364.8
8393,4215,444,4,34.37,137.48
8394,4215,124,3,367.63,1102.89
8395,4216,244,4,37.89,151.56
8396,4216,42,1,147.0,147.0
8397,4216,330,3,283.1,849.3
8398,4217,293,1,158.0,158.0
8399,4217,472,3,436.01,1308.03
8400,4218,52,1,265.06,265.06
8401,4218,57,4,143.81,575.24
8402,4219,138,4,85.61,342.44
8403,4219,443,4,332.61,1330.44
8404,4220,336,3,206.28,618.84
8405,4220,159,3,117.7,353.1
8406,4220,426,3,163.72,491.16
8407,4221,300,2,471.8,943.6
8408,4221,432,4,338.11,1352.44
8409,4221,94,2,440.16,880.32
8410,4222,452,5,315.98,1579.9
8411,4222,169,3,6.78,20.34
8412,4222,192,4,264.15,1056.6
8413,4223,102,2,107.07,214.14
8414,4223,159,1,239.63,239.63
8415,4223,30,2,269.81,539.62
8416,4224,161,5,482.16,2410.8
8417,4224,397,1,453.53,453.53
8418,4224,38,3,174.68,524.04
8419,4225,173,3,321.61,964.83
8420,4225,76,3,308.45,925.35
8421,4226,349,1,202.13,202.13
8422,4226,235,1,396.93,396.93
8423,4227,384,1,113.72,113.72
8424,4227,30,5,220.58,1102.9
8425,4228,65,2,419.28,838.56
8426,4228,169,3,29.08,87.24
8427,4228,256,3,147.24,441.72
8428,4229,456,4,318.89,1275.56
8429,4229,88,1,8.9,8.9
8430,4229,205,3,119.3,357.9
8431,4230,66,3,274.84,824.52
8432,4230,496,2,217.11,434.22
8433,4230,353,4,253.17,1012.68
8434,4231,98,3,296.17,888.51
8435,4232,328,2,419.42,838.84
8436,4232,170,2,459.75,919.5
8437,4233,279,4,210.05,840.2
8438,4233,115,3,7.26,21.78
8439,4233,267,5,25.63,128.15
8440,4234,27,5,402.77,2013.85
8441,4234,116,3,78.06,234.18
8442,4235,426,1,429.27,429.27
8443,4236,252,4,238.51,954.04
8444,4237,107,4,325.84,1303.36
8445,4238,422,1,100.48,100.48
8446,4238,81,5,258.29,1291.45
8447,4238,219,4,252.54,1010.16
8448,4239,142,3,148.98,446.94
8449,4239,466,2,415.83,831.66
8450,4240,360,5,350.04,1750.2
8451,4241,265,1,110.08,110.08
8452,4241,487,4,428.03,1712.12
8453,4241,273,3,259.6,778.8
8454,4242,209,5,144.88,724.4
8455,4243,299,5,296.57,1482.85
8456,4243,269,5,18.55,92.75
8457,4243,255,3,458.8,1376.4
8458,4244,489,2,330.42,660.84
8459,4244,229,5,195.86,979.3
8460,4244,208,2,367.19,734.38
8461,4245,374,5,328.74,1643.7
8462,4245,284,4,71.09,284.36
8463,4246,274,4,184.24,736.96
8464,4246,156,4,369.65,1478.6
8465,4247,185,1,196.15,196.15
8466,4247,364,1,292.09,292.09
8467,4248,131,2,151.64,303.28
8468,4249,327,5,287.44,1437.2
8469,4249,223,1,259.82,259.82
8470,4250,297,5,186.22,931.1
8471,4250,213,4,332.9,1331.6
8472,4251,126,3,274.05,822.15
8473,4251,349,4,92.53,370.12
8474,4251,67,5,352.52,1762.6
8475,4252,430,5,14.93,74.65
8476,4252,484,2,200.61,401.22
8477,4252,235,5,153.29,766.45
8478,4253,338,1,204.55,204.55
8479,4253,159,2,333.31,666.62
8480,4253,281,4,120.52,482.08
8481,4254,150,3,175.87,527.61
8482,4254,189,4,482.96,1931.84
8483,4255,385,3,119.59,358.77
8484,4256,439,4,159.3,637.2
8485,4257,454,3,232.86,698.58
8486,4258,278,1,498.25,498.25
8487,4258,363,3,393.35,1180.05
8488,4258,383,5,156.53,782.65
8489,4259,137,3,197.59,592.77
8490,4259,78,3,20.2,60.6
8491,4260,383,5,466.59,2332.95
8492,4260,276,2,91.34,182.68
8493,4260,376,4,348.34,1393.36
8494,4261,40,3,247.9,743.7
8495,4261,378,3,284.0,852.0
8496,4262,8,2,53.35,106.7
8497,4263,188,5,451.6,2258.0
8498,4263,360,4,382.78,1531.12
8499,4264,60,1,16.52,16.52
8500,4264,182,5,296.44,1482.2
8501,4265,105,3,68.3,204.9
8502,4265,390,2,325.93,651.86
8503,4265,195,3,176.31,528.93
8504,4266,300,4,119.51,478.04
8505,4267,234,3,446.27,1338.81
8506,4267,378,3,260.93,782.79
8507,4268,242,5,469.87,2349.35
8508,4269,121,5,385.33,1926.65
8509,4270,495,2,404.29,808.58
8510,4271,241,2,135.1,270.2
8511,4272,390,2,498.29,996.58
8512,4273,446,4,297.48,1189.92
8513,4274,224,3,422.25,1266.75
8514,4274,263,1,339.43,339.43
8515,4275,440,1,119.91,119.91
8516,4276,286,3,56.79,170.37
8517,4276,369,1,188.73,188.73
8518,4277,44,1,112.13,112.13
8519,4277,449,2,169.44,338.88
8520,4278,401,2,148.54,297.08
8521,4278,314,1,85.88,85.88
8522,4279,37,3,197.43,592.29
8523,4280,148,5,25.73,128.65
8524,4280,482,3,314.75,944.25
8525,4280,407,2,426.1,852.2
8526,4281,484,5,447.0,2235.0
8527,4281,431,3,433.08,1299.24
8528,4282,201,3,273.99,821.97
8529,4282,395,5,356.45,1782.25
8530,4283,221,3,9.47,28.41
8531,4284,407,1,369.97,369.97
8532,4284,26,1,88.98,88.98
8533,4285,399,4,88.0,352.0
8534,4285,330,3,161.1,483.3
8535,4286,257,1,178.53,178.53
8536,4286,495,1,400.3,400.3
8537,4286,129,4,449.12,1796.48
8538,4287,500,5,64.5,322.5
8539,4287,464,1,443.24,443.24
8540,4287,355,3,310.36,931.08
8541,4288,105,5,73.78,368.9
8542,4289,183,5,66.91,334.55
8543,4289,470,4,224.59,898.36
8544,4289,46,4,249.5,998.0
8545,4290,370,3,360.58,1081.74
8546,4290,294,5,341.51,1707.55
8547,4290,386,4,87.59,350.36
8548,4291,70,5,316.94,1584.7
8549,4291,360,5,124.04,620.2
8550,4292,220,4,427.47,1709.88
8551,4293,247,4,61.27,245.08
8552,4294,398,2,140.12,280.24
8553,4294,381,4,313.08,1252.32
8554,4295,236,1,481.75,481.75
8555,4295,345,2,72.71,145.42
8556,4296,30,2,383.78,767.56
8557,4297,125,2,277.27,554.54
8558,4297,95,1,442.44,442.44
8559,4298,30,5,265.22,1326.1
8560,4298,5,5,341.89,1709.45
8561,4298,345,2,445.3,890.6
8562,4299,76,4,444.26,1777.04
8563,4300,181,2,487.71,975.42
8564,4301,493,3,489.0,1467.0
8565,4301,493,1,310.45,310.45
8566,4301,366,1,270.5,270.5
8567,4302,26,5,141.25,706.25
8568,4303,459,1,420.81,420.81
8569,4303,468,1,241.77,241.77
8570,4304,211,3,242.77,728.31
8571,4304,385,1,378.15,378.15
8572,4305,55,5,477.24,2386.2
8573,4305,33,3,163.58,490.74
8574,4306,187,5,219.58,1097.9
8575,4306,242,2,70.65,141.3
8576,4307,455,4,61.91,247.64
8577,4307,220,1,147.69,147.69
8578,4308,269,3,141.97,425.91
8579,4308,349,5,53.72,268.6
8580,4308,56,3,457.93,1373.79
8581,4309,4,2,451.22,902.44
8582,4309,474,5,165.11,825.55
8583,4310,46,3,449.58,1348.74
8584,4310,457,2,245.21,490.42
8585,4310,183,1,389.62,389.62
8586,4311,440,1,416.24,416.24
8587,4311,361,3,394.39,1183.17
8588,4311,152,4,371.59,1486.36
8589,4312,254,1,139.56,139.56
8590,4313,318,4,322.88,1291.52
8591,4313,132,2,20.56,41.12
8592,4314,141,4,487.99,1951.96
8593,4315,325,1,305.06,305.06
8594,4316,295,1,251.74,251.74
8595,4317,227,1,330.32,330.32
8596,4317,464,2,225.12,450.24
8597,4318,24,4,255.01,1020.04
8598,4318,490,4,402.27,1609.08
8599,4318,68,4,448.17,1792.68
8600,4319,232,2,62.58,125.16
8601,4319,366,4,91.14,364.56
8602,4319,79,5,292.98,1464.9
8603,4320,176,4,256.24,1024.96
8604,4320,484,3,412.92,1238.76
8605,4320,221,2,173.63,347.26
8606,4321,127,1,488.41,488.41
8607,4321,337,1,69.6,69.6
8608,4321,44,4,22.89,91.56
8609,4322,227,3,80.31,240.93
8610,4322,55,5,146.93,734.65
8611,4323,256,5,348.53,1742.65
8612,4323,335,2,341.69,683.38
8613,4323,380,5,380.4,1902.0
8614,4324,201,4,459.08,1836.32
8615,4325,335,3,265.98,797.94
8616,4326,80,4,437.15,1748.6
8617,4326,53,3,50.21,150.63
8618,4326,237,1,144.53,144.53
8619,4327,312,1,240.2,240.2
8620,4328,384,3,390.17,1170.51
8621,4328,265,5,478.69,2393.45
8622,4328,107,1,363.16,363.16
8623,4329,79,4,130.53,522.12
8624,4329,461,3,193.44,580.32
8625,4329,478,3,148.34,445.02
8626,4330,66,5,61.14,305.7
8627,4331,301,1,473.64,473.64
8628,4331,254,2,39.88,79.76
8629,4332,176,5,431.3,2156.5
8630,4332,64,2,110.08,220.16
8631,4333,293,3,265.61,796.83
8632,4333,149,3,468.54,1405.62
8633,4334,235,3,278.32,834.96
8634,4335,134,2,237.07,474.14
8635,4336,371,4,63.55,254.2
8636,4336,345,1,456.58,456.58
8637,4336,155,2,314.98,629.96
8638,4337,244,2,268.26,536.52
8639,4338,63,5,261.59,1307.95
8640,4338,364,2,363.49,726.98
8641,4338,101,1,393.64,393.64
8642,4339,238,5,28.05,140.25
8643,4339,28,4,495.09,1980.36
8644,4340,366,2,49.75,99.5
8645,4341,445,1,189.93,189.93
8646,4342,215,1,446.5,446.5
8647,4342,347,1,154.03,154.03
8648,4342,265,4,38.86,155.44
8649,4343,378,1,106.92,106.92
8650,4343,197,4,179.57,718.28
8651,4343,400,3,485.58,1456.74
8652,4344,495,5,200.95,1004.75
8653,4344,177,2,276.31,552.62
8654,4344,443,5,256.8,1284.0
8655,4345,255,3,161.45,484.35
8656,4345,430,1,37.52,37.52
8657,4346,487,1,10.79,10.79
8658,4346,288,1,286.86,286.86
8659,4347,132,3,451.7,1355.1
8660,4347,354,4,101.7,406.8
8661,4348,386,1,484.87,484.87
8662,4348,436,1,231.55,231.55
8663,4349,316,5,299.21,1496.05
8664,4349,196,3,186.2,558.6
8665,4349,412,1,151.96,151.96
8666,4350,468,2,170.67,341.34
8667,4350,373,1,260.4,260.4
8668,4351,245,3,321.55,964.65
8669,4351,467,2,247.98,495.96
8670,4351,148,5,86.9,434.5
8671,4352,243,1,304.08,304.08
8672,4353,266,5,100.5,502.5
8673,4353,52,4,494.79,1979.16
8674,4353,110,3,209.27,627.81
8675,4354,353,5,16.61,83.05
8676,4355,204,2,429.52,859.04
8677,4356,188,4,231.58,926.32
8678,4356,442,2,22.65,45.3
8679,4356,86,4,259.97,1039.88
8680,4357,463,4,362.71,1450.84
8681,4357,427,3,433.28,1299.84
8682,4357,161,5,97.37,486.85
8683,4358,59,2,456.3,912.6
8684,4358,56,5,317.79,1588.95
8685,4359,480,5,126.18,630.9
8686,4359,234,4,342.43,1369.72
8687,4359,155,1,93.17,93.17
8688,4360,146,1,35.22,35.22
8689,4360,268,2,498.59,997.18
8690,4361,101,1,36.77,36.77
8691,4361,422,5,38.51,192.55
8692,4361,161,3,134.03,402.09
8693,4362,312,4,487.15,1948.6
8694,4362,380,2,472.49,944.98
8695,4363,191,5,180.22,901.1
8696,4364,197,2,435.21,870.42
8697,4364,66,1,313.67,313.67
8698,4365,409,1,447.23,447.23
8699,4366,181,4,240.06,960.24
8700,4366,81,1,90.04,90.04
8701,4366,480,3,91.29,273.87
8702,4367,13,3,322.7,968.1
8703,4367,120,4,199.0,796.0
8704,4368,446,4,93.59,374.36
8705,4368,159,5,255.54,1277.7
8706,4369,116,5,143.5,717.5
8707,4369,239,2,367.32,734.64
8708,4369,345,5,469.72,2348.6
8709,4370,266,2,58.41,116.82
8710,4371,448,4,170.81,683.24
8711,4371,130,1,226.48,226.48
8712,4371,473,3,233.78,701.34
8713,4372,93,2,250.98,501.96
8714,4372,273,1,96.9,96.9
8715,4372,434,1,91.97,91.97
8716,4373,260,5,425.35,2126.75
8717,4374,344,5,47.47,237.35
8718,4374,219,3,251.23,753.69
8719,4374,338,2,275.8,551.6
8720,4375,415,5,28.57,142.85
8721,4375,353,1,256.15,256.15
8722,4376,417,3,166.02,498.06
8723,4377,360,5,483.73,2418.65
8724,4377,464,2,247.16,494.32
8725,4378,155,2,431.42,862.84
8726,4378,69,4,240.39,961.56
8727,4378,404,4,456.32,1825.28
8728,4379,92,5,99.01,495.05
8729,4380,235,3,427.84,1283.52
8730,4381,402,5,337.15,1685.75
8731,4381,266,1,468.97,468.97
8732,4382,497,1,433.34,433.34
8733,4382,135,4,78.11,312.44
8734,4382,389,5,34.93,174.65
8735,4383,116,2,411.4,822.8
8736,4384,323,3,402.15,1206.45
8737,4385,260,4,327.82,1311.28
8738,4386,470,4,18.24,72.96
8739,4386,445,5,51.54,257.7
8740,4386,283,4,139.37,557.48
8741,4387,403,4,261.0,1044.0
8742,4388,301,4,275.09,1100.36
8743,4389,173,2,462.2,924.4
8744,4390,282,4,91.18,364.72
8745,4391,399,4,91.23,364.92
8746,4391,366,5,395.08,1975.4
8747,4392,108,4,273.43,1093.72
8748,4392,149,1,312.62,312.62
8749,4392,262,1,493.1,493.1
8750,4393,97,3,482.88,1448.64
8751,4393,469,5,95.08,475.4
8752,4393,16,3,312.75,938.25
8753,4394,134,4,355.08,1420.32
8754,4395,468,1,178.1,178.1
8755,4395,98,3,238.71,716.13
8756,4395,480,4,52.27,209.08
8757,4396,38,3,149.96,449.88
8758,4397,485,4,137.03,548.12
8759,4397,200,5,493.61,2468.05
8760,4397,311,3,407.97,1223.91
8761,4398,86,3,149.34,448.02
8762,4398,339,4,282.75,1131.0
8763,4399,194,1,189.31,189.31
8764,4399,348,2,304.76,609.52
8765,4399,262,4,115.38,461.52
8766,4400,439,4,22.49,89.96
8767,4400,335,4,438.75,1755.0
8768,4400,255,2,68.35,136.7
8769,4401,444,2,245.13,490.26
8770,4401,461,4,143.38,573.52
8771,4402,309,1,333.64,333.64
8772,4402,448,1,147.58,147.58
8773,4403,71,3,234.26,702.78
8774,4403,108,4,274.03,1096.12
8775,4404,102,4,412.55,1650.2
8776,4404,249,2,362.88,725.76
8777,4405,223,1,393.13,393.13
8778,4405,432,5,278.34,1391.7
8779,4405,148,3,399.02,1197.06
8780,4406,403,4,427.52,1710.08
8781,4407,433,5,8.44,42.2
8782,4408,351,4,453.34,1813.36
8783,4408,418,4,271.57,1086.28
8784,4408,251,3,344.88,1034.64
8785,4409,214,2,478.84,957.68
8786,4409,192,5,265.25,1326.25
8787,4409,188,1,194.35,194.35
8788,4410,412,2,342.58,685.16
8789,4411,178,4,391.97,1567.88
8790,4411,133,5,44.64,223.2
8791,4412,210,3,171.1,513.3
8792,4412,288,3,487.17,1461.51
8793,4413,443,2,365.97,731.94
8794,4413,244,3,171.66,514.98
8795,4414,394,4,123.09,492.36
8796,4415,353,3,499.88,1499.64
8797,4416,41,4,135.37,541.48
8798,4416,466,4,189.15,756.6
8799,4416,126,2,155.43,310.86
8800,4417,161,4,465.57,1862.28
8801,4417,142,2,294.32,588.64
8802,4418,449,2,365.2,730.4
8803,4418,125,3,373.74,1121.22
8804,4419,420,2,149.79,299.58
8805,4420,292,1,133.63,133.63
8806,4420,308,3,76.64,229.92
8807,4420,329,3,446.33,1338.99
8808,4421,130,1,36.18,36.18
8809,4421,126,1,405.01,405.01
8810,4422,455,1,354.75,354.75
8811,4423,15,3,74.21,222.63
8812,4424,428,3,449.13,1347.39
8813,4425,21,5,250.45,1252.25
8814,4425,129,5,347.34,1736.7
8815,4425,381,2,267.15,534.3
8816,4426,351,5,227.31,1136.55
8817,4427,215,3,352.62,1057.86
8818,4427,257,1,193.95,193.95
8819,4428,343,3,172.95,518.85
8820,4428,10,3,46.92,140.76
8821,4429,449,5,107.04,535.2
8822,4429,51,1,124.5,124.5
8823,4429,260,4,96.26,385.04
8824,4430,479,4,493.71,1974.84
8825,4430,409,5,198.78,993.9
8826,4431,188,1,379.14,379.14
8827,4431,88,2,71.08,142.16
8828,4432,146,2,245.6,491.2
8829,4432,409,4,130.77,523.08
8830,4432,130,5,228.42,1142.1
8831,4433,85,2,312.2,624.4
8832,4434,257,3,292.15,876.45
8833,4435,485,1,206.48,206.48
8834,4435,55,3,226.73,680.19
8835,4435,88,3,323.94,971.82
8836,4436,22,3,363.59,1090.77
8837,4436,124,2,218.82,437.64
8838,4437,314,3,499.12,1497.36
8839,4438,357,3,9.77,29.31
8840,4438,432,3,361.98,1085.94
8841,4438,1,1,231.2,231.2
8842,4439,303,3,280.57,841.71
8843,4439,8,3,424.99,1274.97
8844,4440,345,5,174.42,872.1
8845,4440,35,4,248.28,993.12
8846,4441,312,5,87.39,436.95
8847,4442,488,5,56.84,284.2
8848,4442,309,2,396.66,793.32
8849,4442,105,5,293.0,1465.0
8850,4443,398,1,108.44,108.44
8851,4444,23,5,332.41,1662.05
8852,4444,218,1,402.64,402.64
8853,4444,236,4,440.49,1761.96
8854,4445,454,2,160.03,320.06
8855,4445,140,4,67.66,270.64
8856,4446,414,4,402.88,1611.52
8857,4446,118,1,365.38,365.38
8858,4446,152,5,155.9,779.5
8859,4447,400,3,326.34,979.02
8860,4447,26,3,251.46,754.38
8861,4448,371,4,254.4,1017.6
8862,4448,257,2,460.39,920.78
8863,4448,289,4,423.18,1692.72
8864,4449,263,5,418.68,2093.4
8865,4449,457,2,140.84,281.68
8866,4449,284,4,230.69,922.76
8867,4450,426,2,188.43,376.86
8868,4451,223,4,5.5,22.0
8869,4451,483,4,473.66,1894.64
8870,4452,177,1,195.55,195.55
8871,4453,213,3,66.84,200.52
8872,4454,328,1,261.58,261.58
8873,4454,20,2,431.89,863.78
8874,4455,96,1,341.89,341.89
8875,4455,242,1,10.9,10.9
8876,4455,216,5,434.87,2174.35
8877,4456,103,4,22.97,91.88
8878,4456,460,1,353.26,353.26
8879,4456,329,2,63.07,126.14
8880,4457,451,1,171.4,171.4
8881,4457,357,5,260.94,1304.7
8882,4458,348,3,493.97,1481.91
8883,4458,89,3,374.42,1123.26
8884,4459,473,1,258.97,258.97
8885,4459,359,3,268.87,806.61
8886,4459,289,5,369.8,1849.0
8887,4460,475,3,311.86,935.58
8888,4460,345,4,120.7,482.8
8889,4461,170,5,244.21,1221.05
8890,4462,117,5,331.34,1656.7
8891,4462,174,2,485.86,971.72
8892,4463,144,1,388.05,388.05
8893,4464,195,2,361.37,722.74
8894,4464,489,1,421.76,421.76
8895,4465,124,1,434.2,434.2
8896,4465,479,5,92.96,464.8
8897,4466,6,2,60.14,120.28
8898,4466,427,2,326.26,652.52
8899,4467,211,4,290.18,1160.72
8900,4468,8,2,64.0,128.0
8901,4468,131,5,250.79,1253.95
8902,4469,415,4,378.98,1515.92
8903,4469,172,5,260.0,1300.0
8904,4470,65,5,47.48,237.4
8905,4471,302,2,207.63,415.26
8906,4472,159,1,140.01,140.01
8907,4472,272,5,17.22,86.1
8908,4472,188,3,127.4,382.2
8909,4473,388,1,20.35,20.35
8910,4474,97,1,6.27,6.27
8911,4475,169,5,412.04,2060.2
8912,4475,73,1,62.52,62.52
8913,4476,420,4,443.48,1773.92
8914,4476,450,1,193.21,193.21
8915,4476,289,4,386.74,1546.96
8916,4477,421,2,412.48,824.96
8917,4477,297,4,41.0,164.0
8918,4478,364,4,210.47,841.88
8919,4478,279,1,77.95,77.95
8920,4479,479,2,424.37,848.74
8921,4479,492,3,279.89,839.67
8922,4480,404,3,11.13,33.39
8923,4480,439,1,203.49,203.49
8924,4480,460,2,146.04,292.08
8925,4481,397,4,22.49,89.96
8926,4482,443,3,99.41,298.23
8927,4482,458,3,9.76,29.28
8928,4482,77,4,366.84,1467.36
8929,4483,177,4,87.14,348.56
8930,4484,476,3,219.22,657.66
8931,4484,444,4,350.57,1402.28
8932,4485,446,5,484.51,2422.55
8933,4486,216,1,476.6,476.6
8934,4486,278,3,83.96,251.88
8935,4486,249,4,438.63,1754.52
8936,4487,199,1,417.6,417.6
8937,4487,187,1,139.89,139.89
8938,4488,61,4,462.54,1850.16
8939,4488,280,4,248.26,993.04
8940,4488,326,2,77.19,154.38
8941,4489,175,2,77.24,154.48
8942,4490,114,5,464.17,2320.85
8943,4491,331,3,292.74,878.22
8944,4491,457,3,431.12,1293.36
8945,4492,2,3,389.57,1168.71
8946,4493,89,5,90.03,450.15
8947,4494,225,4,224.71,898.84
8948,4495,64,3,367.5,1102.5
8949,4496,103,2,16.92,33.84
8950,4497,153,4,101.69,406.76
8951,4497,66,5,448.67,2243.35
8952,4497,442,5,385.78,1928.9
8953,4498,462,3,100.19,300.57
8954,4498,27,1,138.39,138.39
8955,4499,193,5,82.76,413.8
8956,4500,372,3,74.85,224.55
8957,4501,428,1,419.02,419.02
8958,4501,8,4,214.02,856.08
8959,4501,232,1,185.69,185.69
8960,4502,193,4,213.11,852.44
8961,4503,267,3,348.65,1045.95
8962,4504,30,1,498.01,498.01
8963,4505,75,1,494.95,494.95
8964,4506,302,5,365.36,1826.8
8965,4507,219,1,246.54,246.54
8966,4507,292,2,293.56,587.12
8967,4507,290,3,75.53,226.59
8968,4508,210,1,365.42,365.42
8969,4509,12,2,92.0,184.0
8970,4510,100,5,498.09,2490.45
8971,4510,79,5,172.62,863.1
8972,4510,405,5,139.75,698.75
8973,4511,369,2,45.18,90.36
8974,4512,276,5,103.78,518.9
8975,4512,10,1,212.25,212.25
8976,4512,288,2,402.0,804.0
8977,4513,212,4,9.92,39.68
8978,4513,263,3,416.03,1248.09
8979,4514,204,2,12.88,25.76
8980,4514,203,4,401.11,1604.44
8981,4514,257,2,136.12,272.24
8982,4515,179,1,464.78,464.78
8983,4516,301,1,40.81,40.81
8984,4516,303,2,325.66,651.32
8985,4517,334,2,134.54,269.08
8986,4518,302,2,218.98,437.96
8987,4518,476,3,80.24,240.72
8988,4519,223,3,286.12,858.36
8989,4519,31,1,331.92,331.92
8990,4519,413,3,133.3,399.9
8991,4520,352,5,354.31,1771.55
8992,4520,344,5,348.15,1740.75
8993,4521,254,2,166.1,332.2
8994,4521,45,5,67.98,339.9
8995,4522,222,2,139.52,279.04
8996,4523,72,4,65.79,263.16
8997,4524,261,5,352.61,1763.05
8998,4525,362,2,36.81,73.62
8999,4525,117,3,385.3,1155.9
9000,4526,197,3,99.21,297.63
9001,4526,473,4,468.82,1875.28
9002,4527,97,1,231.53,231.53
9003,4528,151,3,329.49,988.47
9004,4528,68,3,56.18,168.54
9005,4529,194,5,250.44,1252.2
9006,4530,219,4,156.02,624.08
9007,4530,497,3,265.86,797.58
9008,4531,403,4,160.21,640.84
9009,4531,108,1,80.69,80.69
9010,4532,472,4,26.35,105.4
9011,4532,157,3,458.74,1376.22
9012,4533,29,2,167.41,334.82
9013,4533,96,3,166.08,498.24
9014,4533,143,1,349.83,349.83
9015,4534,183,1,67.67,67.67
9016,4534,242,1,9.87,9.87
9017,4535,381,3,419.54,1258.62
9018,4535,66,3,49.09,147.27
9019,4535,148,3,381.4,1144.2
9020,4536,351,1,342.98,342.98
9021,4537,371,5,91.56,457.8
9022,4537,102,5,22.7,113.5
9023,4537,407,2,331.59,663.18
9024,4538,191,2,331.42,662.84
9025,4538,251,3,465.82,1397.46
9026,4538,287,2,355.21,710.42
9027,4539,266,1,86.55,86.55
9028,4539,370,4,234.05,936.2
9029,4540,177,3,129.8,389.4
9030,4540,240,2,379.5,759.0
9031,4541,236,3,64.99,194.97
9032,4541,413,4,104.16,416.64
9033,4541,125,3,95.2,285.6
9034,4542,389,4,77.69,310.76
9035,4542,255,3,362.23,1086.69
9036,4543,361,1,174.21,174.21
9037,4544,65,3,414.1,1242.3
9038,4545,294,5,221.12,1105.6
9039,4546,49,4,240.85,963.4
9040,4546,170,2,418.07,836.14
9041,4546,328,5,307.11,1535.55
9042,4547,79,1,36.04,36.04
9043,4547,89,3,469.08,1407.24
9044,4548,283,5,267.58,1337.9
9045,4548,484,5,315.4,1577.0
9046,4548,75,2,280.83,561.66
9047,4549,332,3,56.56,169.68
9048,4549,412,3,419.95,1259.85
9049,4550,179,4,391.02,1564.08
9050,4550,307,2,376.46,752.92
9051,4550,473,3,427.04,1281.12
9052,4551,401,4,271.45,1085.8
9053,4551,452,5,386.7,1933.5
9054,4552,91,4,236.59,946.36
9055,4552,363,4,325.18,1300.72
9056,4552,406,3,256.22,768.66
9057,4553,170,4,19.75,79.0
9058,4553,156,3,174.38,523.14
9059,4553,343,3,277.67,833.01
9060,4554,302,5,68.16,340.8
9061,4554,373,5,321.59,1607.95
9062,4555,374,2,186.29,372.58
9063,4555,60,5,23.29,116.45
9064,4556,453,4,284.88,1139.52
9065,4557,356,2,67.38,134.76
9066,4557,347,4,295.07,1180.28
9067,4558,346,4,387.0,1548.0
9068,4559,499,3,411.65,1234.95
9069,4560,392,4,73.1,292.4
9070,4560,459,3,348.77,1046.31
9071,4561,84,5,390.45,1952.25
9072,4561,24,5,121.77,608.85
9073,4562,274,2,9.88,19.76
9074,4562,54,5,415.35,2076.75
9075,4563,247,2,155.96,311.92
9076,4564,126,4,34.41,137.64
9077,4564,338,1,292.46,292.46
9078,4565,180,4,101.92,407.68
9079,4566,476,3,211.96,635.88
9080,4567,278,2,430.19,860.38
9081,4567,377,3,134.31,402.93
9082,4567,391,1,499.14,499.14
9083,4568,362,4,450.01,1800.04
9084,4568,39,3,410.05,1230.15
9085,4569,354,1,385.41,385.41
9086,4570,223,1,382.46,382.46
9087,4571,191,3,349.83,1049.49
9088,4572,231,4,398.67,1594.68
9089,4572,322,5,314.27,1571.35
9090,4573,250,4,248.45,993.8
9091,4573,140,2,294.64,589.28
9092,4574,259,3,385.34,1156.02
9093,4574,185,5,449.36,2246.8
9094,4574,65,4,282.45,1129.8
9095,4575,202,1,220.19,220.19
9096,4575,193,3,153.4,460.2
9097,4576,485,3,448.37,1345.11
9098,4577,139,1,498.08,498.08
9099,4577,22,1,402.65,402.65
9100,4578,151,1,300.73,300.73
9101,4578,422,4,300.06,1200.24
9102,4578,434,5,385.73,1928.65
9103,4579,38,3,185.73,557.19
9104,4580,224,2,364.29,728.58
9105,4580,420,5,227.15,1135.75
9106,4580,231,4,461.95,1847.8
9107,4581,446,1,471.23,471.23
9108,4582,434,1,121.02,121.02
9109,4582,229,5,461.88,2309.4
9110,4582,183,3,171.02,513.06
9111,4583,174,3,187.4,562.2
9112,4583,201,2,324.82,649.64
9113,4584,436,3,287.91,863.73
9114,4584,192,3,189.96,569.88
9115,4585,225,5,10.12,50.6
9116,4585,312,4,92.41,369.64
9117,4586,15,4,196.52,786.08
9118,4586,200,1,184.84,184.84
9119,4587,296,5,405.11,2025.55
9120,4587,450,4,98.68,394.72
9121,4588,247,5,97.06,485.3
9122,4588,98,2,36.23,72.46
9123,4588,112,3,375.73,1127.19
9124,4589,103,2,7.54,15.08
9125,4590,447,4,146.19,584.76
9126,4591,220,1,377.53,377.53
9127,4591,174,1,93.64,93.64
9128,4592,16,2,286.87,573.74
9129,4592,100,1,54.03,54.03
9130,4593,25,3,356.37,1069.11
9131,4594,230,3,148.49,445.47
9132,4594,392,3,223.79,671.37
9133,4594,283,1,337.28,337.28
9134,4595,479,3,411.86,1235.58
9135,4596,464,3,144.69,434.07
9136,4596,295,2,70.55,141.1
9137,4597,181,4,342.1,1368.4
9138,4597,488,2,200.51,401.02
9139,4598,465,2,351.94,703.88
9140,4598,62,3,425.91,1277.73
9141,4598,182,4,21.51,86.04
9142,4599,321,4,282.36,1129.44
9143,4599,307,3,135.36,406.08
9144,4600,111,4,414.6,1658.4
9145,4600,96,2,393.4,786.8
9146,4600,112,5,263.22,1316.1
9147,4601,351,4,134.04,536.16
9148,4601,406,1,459.0,459.0
9149,4602,69,2,151.24,302.48
9150,4603,357,4,133.98,535.92
9151,4603,44,3,233.04,699.12
9152,4603,67,1,185.14,185.14
9153,4604,406,5,435.55,2177.75
9154,4605,318,3,101.99,305.97
9155,4605,114,3,365.59,1096.77
9156,4606,210,4,168.37,673.48
9157,4607,391,1,292.15,292.15
9158,4607,270,3,65.19,195.57
9159,4607,214,2,137.41,274.82
9160,4608,9,4,146.88,587.52
9161,4608,219,3,462.46,1387.38
9162,4608,371,2,220.27,440.54
9163,4609,349,2,400.18,800.36
9164,4609,325,4,228.64,914.56
9165,4609,174,1,71.35,71.35
9166,4610,197,5,355.38,1776.9
9167,4610,257,2,365.34,730.68
9168,4611,476,3,312.18,936.54
9169,4611,83,4,392.53,1570.12
9170,4611,298,1,88.08,88.08
9171,4612,474,5,340.61,1703.05
9172,4612,383,4,472.2,1888.8
9173,4613,56,2,463.93,927.86
9174,4613,10,3,194.69,584.07
9175,4614,189,2,191.75,383.5
9176,4614,154,3,127.39,382.17
9177,4615,211,4,352.61,1410.44
9178,4615,334,1,313.17,313.17
9179,4615,297,5,181.92,909.6
9180,4616,132,4,198.13,792.52
9181,4616,59,3,82.24,246.72
9182,4616,285,4,113.47,453.88
9183,4617,320,5,94.94,474.7
9184,4617,220,2,492.7,985.4
9185,4618,308,4,81.09,324.36
9186,4619,133,1,282.32,282.32
9187,4619,460,5,233.72,1168.6
9188,4619,288,1,427.09,427.09
9189,4620,316,1,236.6,236.6
9190,4621,451,5,197.58,987.9
9191,4622,183,1,369.07,369.07
9192,4622,185,2,114.91,229.82
9193,4623,451,3,117.28,351.84
9194,4623,495,4,358.9,1435.6
9195,4624,10,4,353.86,1415.44
9196,4624,479,3,449.05,1347.15
9197,4625,408,3,91.4,274.2
9198,4625,245,3,168.78,506.34
9199,4626,279,4,360.65,1442.6
9200,4626,419,1,467.42,467.42
9201,4627,267,4,180.56,722.24
9202,4627,456,1,412.73,412.73
9203,4628,171,5,15.54,77.7
9204,4629,452,2,191.91,383.82
9205,4629,146,2,219.49,438.98
9206,4629,276,2,89.97,179.94
9207,4630,315,2,453.64,907.28
9208,4630,19,3,366.55,1099.65
9209,4631,160,3,150.32,450.96
9210,4632,95,5,94.0,470.0
9211,4632,62,1,403.64,403.64
9212,4632,412,5,230.8,1154.0
9213,4633,248,4,22.65,90.6
9214,4634,285,5,6.38,31.9
9215,4634,227,2,482.17,964.34
9216,4634,183,5,156.78,783.9
9217,4635,480,5,362.58,1812.9
9218,4635,32,2,343.32,686.64
9219,4635,462,1,300.14,300.14
9220,4636,248,5,22.86,114.3
9221,4637,92,2,41.63,83.26
9222,4637,488,1,395.83,395.83
9223,4637,189,5,157.66,788.3
9224,4638,252,1,127.33,127.33
9225,4638,247,4,362.3,1449.2
9226,4638,351,5,297.96,1489.8
9227,4639,435,2,26.48,52.96
9228,4640,274,4,393.69,1574.76
9229,4640,176,3,473.88,1421.64
9230,4641,240,5,338.94,1694.7
9231,4641,262,2,174.71,349.42
9232,4641,84,5,308.17,1540.85
9233,4642,166,2,65.0,130.0
9234,4642,265,3,245.51,736.53
9235,4643,242,1,401.95,401.95
9236,4643,434,2,119.19,238.38
9237,4643,308,3,350.58,1051.74
9238,4644,489,4,267.44,1069.76
9239,4644,276,4,150.18,600.72
9240,4645,171,3,67.36,202.08
9241,4645,134,1,124.99,124.99
9242,4646,378,4,499.72,1998.88
9243,4646,193,5,70.99,354.95
9244,4646,228,4,462.54,1850.16
9245,4647,177,1,265.54,265.54
9246,4647,231,2,155.84,311.68
9247,4647,386,1,361.09,361.09
9248,4648,459,3,85.93,257.79
9249,4649,486,2,148.67,297.34
9250,4649,65,2,112.3,224.6
9251,4649,86,1,166.69,166.69
9252,4650,340,5,59.26,296.3
9253,4650,203,5,70.08,350.4
9254,4651,40,5,382.11,1910.55
9255,4651,402,3,394.64,1183.92
9256,4651,114,3,179.67,539.01
9257,4652,300,4,445.71,1782.84
9258,4653,8,1,224.25,224.25
9259,4654,51,5,43.91,219.55
9260,4655,339,2,370.78,741.56
9261,4655,357,1,34.69,34.69
9262,4656,252,5,440.76,2203.8
9263,4657,315,1,341.16,341.16
9264,4658,241,3,314.46,943.38
9265,4659,378,4,130.33,521.32
9266,4659,410,5,317.07,1585.35
9267,4659,299,5,420.03,2100.15
9268,4660,260,5,249.86,1249.3
9269,4660,448,3,367.92,1103.76
9270,4661,84,4,287.66,1150.64
9271,4661,345,4,424.07,1696.28
9272,4661,76,3,238.63,715.89
9273,4662,480,3,79.18,237.54
9274,4662,103,4,415.19,1660.76
9275,4663,133,5,91.31,456.55
9276,4663,338,1,12.58,12.58
9277,4664,337,2,164.25,328.5
9278,4664,92,2,278.1,556.2
9279,4665,184,2,464.39,928.78
9280,4665,200,5,216.91,1084.55
9281,4665,343,5,378.38,1891.9
9282,4666,115,5,399.01,1995.05
9283,4666,117,5,442.28,2211.4
9284,4667,346,2,242.96,485.92
9285,4667,325,1,497.49,497.49
9286,4668,468,1,35.23,35.23
9287,4668,439,4,227.92,911.68
9288,4668,486,5,70.16,350.8
9289,4669,284,1,334.11,334.11
9290,4669,134,3,5.97,17.91
9291,4669,268,1,410.77,410.77
9292,4670,235,1,300.05,300.05
9293,4670,50,2,271.7,543.4
9294,4671,181,5,88.8,444.0
9295,4671,90,4,99.29,397.16
9296,4671,43,1,347.08,347.08
9297,4672,337,3,210.41,631.23
9298,4672,180,1,448.54,448.54
9299,4672,31,1,385.96,385.96
9300,4673,302,5,125.93,629.65
9301,4673,137,1,123.85,123.85
9302,4673,329,4,461.74,1846.96
9303,4674,438,4,454.43,1817.72
9304,4674,456,4,422.1,1688.4
9305,4675,397,3,162.35,487.05
9306,4676,409,5,296.88,1484.4
9307,4677,444,4,194.34,777.36
9308,4677,334,5,48.87,244.35
9309,4677,328,4,170.58,682.32
9310,4678,183,3,21.3,63.9
9311,4679,329,3,475.93,1427.79
9312,4680,455,3,452.58,1357.74
9313,4680,342,2,474.56,949.12
9314,4681,281,4,219.02,876.08
9315,4681,171,5,19.97,99.85
9316,4681,214,4,151.14,604.56
9317,4682,215,5,8.19,40.95
9318,4683,152,3,412.13,1236.39
9319,4684,212,5,28.24,141.2
9320,4685,247,4,132.73,530.92
9321,4686,333,2,369.55,739.1
9322,4687,156,3,326.27,978.81
9323,4687,330,1,160.8,160.8
9324,4688,191,1,435.26,435.26
9325,4688,484,3,434.75,1304.25
9326,4688,341,3,186.3,558.9
9327,4689,130,4,94.21,376.84
9328,4690,378,2,90.27,180.54
9329,4691,62,1,477.34,477.34
9330,4692,149,1,466.4,466.4
9331,4692,460,1,399.22,399.22
9332,4693,173,1,96.8,96.8
9333,4694,208,3,277.88,833.64
9334,4695,186,2,339.83,679.66
9335,4695,415,4,231.42,925.68
9336,4696,399,5,495.1,2475.5
9337,4696,270,5,159.02,795.1
9338,4697,434,1,149.03,149.03
9339,4697,252,2,184.09,368.18
9340,4698,4,3,173.04,519.12
9341,4698,402,1,265.97,265.97
9342,4698,234,2,77.91,155.82
9343,4699,407,2,204.66,409.32
9344,4699,250,2,251.75,503.5
9345,4700,101,5,263.85,1319.25
9346,4700,14,3,369.11,1107.33
9347,4701,233,3,48.74,146.22
9348,4701,448,4,340.54,1362.16
9349,4701,131,3,436.54,1309.62
9350,4702,115,4,451.22,1804.88
9351,4702,215,2,75.93,151.86
9352,4703,461,3,394.65,1183.95
9353,4704,47,2,448.34,896.68
9354,4704,350,5,228.46,1142.3
9355,4704,470,2,289.83,579.66
9356,4705,107,5,404.85,2024.25
9357,4705,98,4,188.19,752.76
9358,4705,5,1,103.41,103.41
9359,4706,148,2,135.14,270.28
9360,4707,308,4,363.38,1453.52
9361,4707,235,3,397.16,1191.48
9362,4708,154,1,193.11,193.11
9363,4708,487,3,225.02,675.06
9364,4708,92,3,363.42,1090.26
9365,4709,62,3,243.75,731.25
9366,4710,485,2,482.77,965.54
9367,4710,486,3,473.23,1419.69
9368,4710,356,2,295.44,590.88
9369,4711,183,2,436.77,873.54
9370,4711,433,2,428.8,857.6
9371,4711,379,2,222.32,444.64
9372,4712,393,3,54.59,163.77
9373,4712,322,2,272.47,544.94
9374,4712,311,1,20.74,20.74
9375,4713,164,1,49.35,49.35
9376,4713,339,3,117.43,352.29
9377,4714,125,4,276.63,1106.52
9378,4714,271,4,180.4,721.6
9379,4715,362,4,423.15,1692.6
9380,4715,397,1,31.48,31.48
9381,4716,352,5,93.17,465.85
9382,4717,398,1,172.0,172.0
9383,4717,442,1,168.88,168.88
9384,4717,139,1,130.5,130.5
9385,4718,44,1,315.57,315.57
9386,4718,285,4,258.51,1034.04
9387,4719,441,3,305.05,915.15
9388,4719,186,2,285.46,570.92
9389,4720,408,2,393.54,787.08
9390,4721,413,3,167.68,503.04
9391,4721,10,5,275.21,1376.05
9392,4722,478,5,389.58,1947.9
9393,4722,333,1,143.94,143.94
9394,4722,229,2,411.01,822.02
9395,4723,180,5,416.04,2080.2
9396,4724,352,1,193.32,193.32
9397,4725,404,3,170.21,510.63
9398,4726,353,1,458.07,458.07
9399,4727,464,2,414.65,829.3
9400,4727,361,1,119.42,119.42
9401,4728,49,4,166.71,666.84
9402,4728,419,3,13.43,40.29
9403,4729,327,5,291.37,1456.85
9404,4729,193,5,425.91,2129.55
9405,4730,416,2,196.62,393.24
9406,4730,76,5,279.28,1396.4
9407,4730,460,3,485.51,1456.53
9408,4731,110,1,291.8,291.8
9409,4732,402,4,410.55,1642.2
9410,4732,73,2,59.08,118.16
9411,4733,380,4,374.55,1498.2
9412,4733,168,5,294.64,1473.2
9413,4734,146,5,19.88,99.4
9414,4734,30,3,298.41,895.23
9415,4734,337,3,154.75,464.25
9416,4735,243,3,220.62,661.86
9417,4735,109,4,297.72,1190.88
9418,4735,160,1,381.48,381.48
9419,4736,240,1,100.24,100.24
9420,4736,175,2,428.64,857.28
9421,4736,458,2,497.33,994.66
9422,4737,465,5,149.13,745.65
9423,4737,136,1,455.45,455.45
9424,4738,14,1,14.21,14.21
9425,4738,189,5,285.54,1427.7
9426,4738,156,1,198.31,198.31
9427,4739,64,5,46.04,230.2
9428,4740,497,5,61.24,306.2
9429,4740,10,2,302.32,604.64
9430,4741,484,5,55.87,279.35
9431,4741,66,1,396.06,396.06
9432,4741,101,5,377.53,1887.65
9433,4742,402,1,319.47,319.47
9434,4742,7,1,203.04,203.04
9435,4742,459,1,204.89,204.89
9436,4743,391,3,40.04,120.12
9437,4744,157,3,236.03,708.09
9438,4744,220,1,337.82,337.82
9439,4744,368,1,491.81,491.81
9440,4745,169,2,163.87,327.74
9441,4745,376,2,483.64,967.28
9442,4746,85,2,271.68,543.36
9443,4747,46,5,180.45,902.25
9444,4747,401,2,273.27,546.54
9445,4748,265,3,487.93,1463.79
9446,4748,297,5,243.9,1219.5
9447,4749,472,3,488.74,1466.22
9448,4750,142,2,221.87,443.74
9449,4750,274,4,52.16,208.64
9450,4751,56,4,101.3,405.2
9451,4752,439,5,59.3,296.5
9452,4753,369,4,320.75,1283.0
9453,4754,202,2,496.6,993.2
9454,4755,278,1,317.84,317.84
9455,4756,13,5,378.84,1894.2
9456,4756,343,2,317.54,635.08
9457,4756,117,3,149.0,447.0
9458,4757,143,1,287.21,287.21
9459,4757,173,4,71.91,287.64
9460,4757,128,5,464.85,2324.25
9461,4758,80,4,499.25,1997.0
9462,4759,411,2,26.43,52.86
9463,4759,102,2,95.97,191.94
9464,4760,86,1,83.4,83.4
9465,4760,30,5,19.39,96.95
9466,4760,171,4,93.74,374.96
9467,4761,125,2,246.67,493.34
9468,4761,232,5,165.19,825.95
9469,4762,310,4,351.07,1404.28
9470,4763,326,4,367.49,1469.96
9471,4764,486,2,204.18,408.36
9472,4764,208,4,115.25,461.0
9473,4764,87,1,390.09,390.09
9474,4765,212,3,492.22,1476.66
9475,4766,400,5,451.95,2259.75
9476,4766,1,1,220.51,220.51
9477,4766,490,4,445.02,1780.08
9478,4767,204,5,122.98,614.9
9479,4768,457,1,274.41,274.41
9480,4768,102,2,166.07,332.14
9481,4768,351,3,229.73,689.19
9482,4769,140,2,309.6,619.2
9483,4769,296,4,413.23,1652.92
9484,4769,84,4,69.37,277.48
9485,4770,34,4,51.34,205.36
9486,4770,483,5,432.31,2161.55
9487,4770,191,3,76.32,228.96
9488,4771,129,5,280.07,1400.35
9489,4772,78,3,447.24,1341.72
9490,4772,56,3,228.52,685.56
9491,4772,395,3,66.32,198.96
9492,4773,86,4,257.08,1028.32
9493,4774,445,3,74.7,224.1
9494,4774,424,2,447.28,894.56
9495,4774,95,2,468.39,936.78
9496,4775,215,3,115.74,347.22
9497,4775,426,4,423.58,1694.32
9498,4775,51,3,499.6,1498.8
9499,4776,244,5,164.02,820.1
9500,4777,77,4,267.44,1069.76
9501,4777,350,5,448.39,2241.95
9502,4778,69,4,352.5,1410.0
9503,4778,179,3,45.26,135.78
9504,4778,332,3,333.1,999.3
9505,4779,79,2,442.02,884.04
9506,4779,388,4,467.43,1869.72
9507,4779,298,3,48.81,146.43
9508,4780,209,5,253.28,1266.4
9509,4781,269,5,337.5,1687.5
9510,4781,67,1,47.72,47.72
9511,4781,209,2,207.58,415.16
9512,4782,403,2,108.29,216.58
9513,4783,55,5,382.15,1910.75
9514,4783,101,1,450.21,450.21
9515,4783,21,1,206.38,206.38
9516,4784,196,4,449.93,1799.72
9517,4784,276,3,305.19,915.57
9518,4785,299,2,131.74,263.48
9519,4786,195,1,124.66,124.66
9520,4787,10,5,405.42,2027.1
9521,4787,218,2,221.62,443.24
9522,4788,11,1,449.86,449.86
9523,4788,260,1,329.94,329.94
9524,4789,378,3,204.1,612.3
9525,4789,50,2,474.55,949.1
9526,4789,391,3,147.44,442.32
9527,4790,67,1,147.55,147.55
9528,4790,488,5,15.18,75.9
9529,4791,44,1,379.79,379.79
9530,4791,318,4,279.94,1119.76
9531,4792,286,5,207.51,1037.55
9532,4793,88,3,276.62,829.86
9533,4793,224,3,213.92,641.76
9534,4793,127,4,328.72,1314.88
9535,4794,432,5,119.69,598.45
9536,4794,279,1,400.15,400.15
9537,4794,415,2,386.61,773.22
9538,4795,225,4,482.31,1929.24
9539,4795,148,4,37.16,148.64
9540,4796,407,5,139.72,698.6
9541,4796,449,3,204.17,612.51
9542,4797,428,3,255.22,765.66
9543,4797,251,3,336.2,1008.6
9544,4797,99,4,296.76,1187.04
9545,4798,403,4,210.06,840.24
9546,4798,471,1,114.25,114.25
9547,4799,16,1,193.38,193.38
9548,4799,388,5,52.62,263.1
9549,4800,198,2,161.86,323.72
9550,4800,196,2,199.25,398.5
9551,4801,282,3,460.17,1380.51
9552,4802,26,3,329.46,988.38
9553,4803,199,3,285.49,856.47
9554,4803,274,1,372.19,372.19
9555,4803,481,4,262.29,1049.16
9556,4804,485,5,207.54,1037.7
9557,4805,169,2,22.99,45.98
9558,4805,89,4,110.57,442.28
9559,4806,357,5,273.16,1365.8
9560,4807,373,1,416.18,416.18
9561,4808,134,5,460.04,2300.2
9562,4808,478,4,496.82,1987.28
9563,4808,267,5,124.57,622.85
9564,4809,170,3,447.26,1341.78
9565,4809,486,4,79.13,316.52
9566,4810,413,1,246.9,246.9
9567,4810,417,3,214.68,644.04
9568,4810,317,4,302.12,1208.48
9569,4811,234,2,432.17,864.34
9570,4811,202,2,483.39,966.78
9571,4812,119,4,378.09,1512.36
9572,4812,322,3,273.15,819.45
9573,4812,301,1,121.91,121.91
9574,4813,417,3,313.37,940.11
9575,4813,242,2,342.43,684.86
9576,4814,118,5,186.7,933.5
9577,4814,374,5,136.74,683.7
9578,4815,288,5,297.85,1489.25
9579,4816,154,2,279.78,559.56
9580,4817,65,2,138.67,277.34
9581,4817,399,4,104.86,419.44
9582,4818,201,2,180.35,360.7
9583,4818,50,4,117.13,468.52
9584,4818,128,3,159.72,479.16
9585,4819,322,1,285.94,285.94
9586,4820,300,2,24.91,49.82
9587,4820,413,1,144.37,144.37
9588,4821,30,3,106.69,320.07
9589,4822,447,2,31.19,62.38
9590,4822,413,3,418.39,1255.17
9591,4822,267,3,132.1,396.3
9592,4823,316,4,233.22,932.88
9593,4823,429,2,362.33,724.66
9594,4823,492,2,55.91,111.82
9595,4824,93,3,295.93,887.79
9596,4825,5,4,474.72,1898.88
9597,4826,175,2,389.25,778.5
9598,4827,15,2,70.63,141.26
9599,4827,145,2,472.27,944.54
9600,4827,135,5,274.93,1374.65
9601,4828,72,1,317.36,317.36
9602,4829,232,1,460.08,460.08
9603,4830,379,3,409.12,1227.36
9604,4831,444,3,367.6,1102.8
9605,4831,206,5,390.68,1953.4
9606,4831,474,1,229.28,229.28
9607,4832,265,2,362.83,725.66
9608,4832,119,2,396.43,792.86
9609,4833,145,5,225.88,1129.4
9610,4834,316,2,20.75,41.5
9611,4834,147,2,416.71,833.42
9612,4834,146,1,256.43,256.43
9613,4835,172,1,237.36,237.36
9614,4835,5,3,270.63,811.89
9615,4835,70,2,481.13,962.26
9616,4836,330,1,210.26,210.26
9617,4836,121,1,235.73,235.73
9618,4837,455,3,326.21,978.63
9619,4838,115,5,210.84,1054.2
9620,4839,497,1,426.88,426.88
9621,4839,121,1,80.69,80.69
9622,4839,227,2,303.93,607.86
9623,4840,113,5,467.52,2337.6
9624,4840,293,3,51.2,153.6
9625,4840,240,4,271.28,1085.12
9626,4841,471,5,371.11,1855.55
9627,4842,255,1,24.45,24.45
9628,4843,294,4,371.01,1484.04
9629,4844,184,2,284.3,568.6
9630,4844,228,2,68.59,137.18
9631,4844,54,5,304.8,1524.0
9632,4845,26,3,161.74,485.22
9633,4846,338,3,84.97,254.91
9634,4846,385,2,297.68,595.36
9635,4847,96,2,440.44,880.88
9636,4847,35,4,173.27,693.08
9637,4847,251,1,102.52,102.52
9638,4848,434,4,134.8,539.2
9639,4849,26,1,221.36,221.36
9640,4850,218,2,104.09,208.18
9641,4850,475,3,300.49,901.47
9642,4850,143,3,366.85,1100.55
9643,4851,229,1,382.39,382.39
9644,4851,20,3,88.21,264.63
9645,4852,411,3,364.59,1093.77
9646,4853,250,5,499.48,2497.4
9647,4854,202,3,55.45,166.35
9648,4854,101,2,438.42,876.84
9649,4855,88,2,271.97,543.94
9650,4855,455,3,354.34,1063.02
9651,4855,296,5,101.68,508.4
9652,4856,496,5,414.43,2072.15
9653,4857,204,2,121.79,243.58
9654,4858,204,2,239.59,479.18
9655,4858,380,5,297.0,1485.0
9656,4858,34,4,186.51,746.04
9657,4859,376,2,99.3,198.6
9658,4859,327,5,467.57,2337.85
9659,4860,94,5,464.7,2323.5
9660,4861,158,2,165.85,331.7
9661,4861,479,4,332.46,1329.84
9662,4862,291,2,336.14,672.28
9663,4863,402,4,75.01,300.04
9664,4864,449,2,384.84,769.68
9665,4864,71,5,249.99,1249.95
9666,4865,189,5,386.87,1934.35
9667,4865,375,3,238.2,714.6
9668,4866,274,3,347.23,1041.69
9669,4866,161,5,75.69,378.45
9670,4866,248,3,199.11,597.33
9671,4867,487,2,448.44,896.88
9672,4867,78,3,219.3,657.9
9673,4867,69,1,79.27,79.27
9674,4868,153,1,203.63,203.63
9675,4868,226,2,282.34,564.68
9676,4868,456,1,38.34,38.34
9677,4869,270,5,107.08,535.4
9678,4870,392,2,50.37,100.74
9679,4871,3,5,351.24,1756.2
9680,4871,174,4,130.81,523.24
9681,4872,128,3,20.35,61.05
9682,4872,110,2,328.84,657.68
9683,4873,377,5,208.66,1043.3
9684,4873,225,4,78.87,315.48
9685,4873,237,3,129.89,389.67
9686,4874,318,3,307.41,922.23
9687,4874,495,3,260.86,782.58
9688,4875,392,1,122.11,122.11
9689,4875,367,2,316.15,632.3
9690,4875,20,1,75.83,75.83
9691,4876,391,4,219.43,877.72
9692,4876,227,2,345.52,691.04
9693,4876,341,3,130.59,391.77
9694,4877,226,3,163.63,490.89
9695,4878,23,3,314.01,942.03
9696,4878,367,2,45.75,91.5
9697,4879,309,5,181.27,906.35
9698,4879,165,1,42.11,42.11
9699,4880,452,4,374.85,1499.4
9700,4881,341,3,123.08,369.24
9701,4881,376,4,395.79,1583.16
9702,4882,364,4,238.48,953.92
9703,4883,47,2,137.2,274.4
9704,4884,5,3,316.7,950.1
9705,4884,187,5,366.68,1833.4
9706,4885,279,3,247.51,742.53
9707,4885,56,2,286.14,572.28
9708,4886,275,2,128.67,257.34
9709,4886,487,4,444.45,1777.8
9710,4887,461,1,266.16,266.16
9711,4887,178,3,180.98,542.94
9712,4887,177,4,417.63,1670.52
9713,4888,175,3,175.53,526.59
9714,4888,61,5,164.13,820.65
9715,4888,283,3,384.59,1153.77
9716,4889,418,5,372.43,1862.15
9717,4889,150,5,69.86,349.3
9718,4889,61,1,496.83,496.83
9719,4890,158,3,350.75,1052.25
9720,4891,258,2,453.31,906.62
9721,4892,23,3,313.68,941.04
9722,4892,304,4,248.71,994.84
9723,4892,45,3,305.95,917.85
9724,4893,245,3,465.39,1396.17
9725,4893,217,1,176.85,176.85
9726,4894,389,5,491.97,2459.85
9727,4894,412,5,37.2,186.0
9728,4895,323,4,283.42,1133.68
9729,4896,183,1,154.79,154.79
9730,4896,474,2,78.96,157.92
9731,4897,460,2,491.83,983.66
9732,4898,321,5,118.64,593.2
9733,4899,245,1,329.64,329.64
9734,4899,413,5,325.51,1627.55
9735,4899,141,1,418.25,418.25
9736,4900,241,3,453.21,1359.63
9737,4900,183,2,243.37,486.74
9738,4900,365,1,150.29,150.29
9739,4901,186,5,112.08,560.4
9740,4901,282,3,245.5,736.5
9741,4901,40,2,44.31,88.62
9742,4902,55,3,408.41,1225.23
9743,4903,41,3,366.43,1099.29
9744,4903,171,2,316.69,633.38
9745,4903,146,1,385.13,385.13
9746,4904,396,4,371.14,1484.56
9747,4904,64,3,22.87,68.61
9748,4905,305,1,361.67,361.67
9749,4905,116,1,133.08,133.08
9750,4905,308,2,482.68,965.36
9751,4906,84,3,494.01,1482.03
9752,4907,186,1,363.69,363.69
9753,4908,371,3,229.15,687.45
9754,4908,415,5,376.11,1880.55
9755,4909,45,3,138.31,414.93
9756,4909,358,3,188.14,564.42
9757,4909,436,1,359.59,359.59
9758,4910,299,3,433.56,1300.68
9759,4911,315,4,416.96,1667.84
9760,4911,240,2,369.78,739.56
9761,4912,338,2,327.22,654.44
9762,4913,213,5,234.83,1174.15
9763,4913,445,4,338.21,1352.84
9764,4913,176,3,19.03,57.09
9765,4914,197,1,392.98,392.98
9766,4914,326,1,429.67,429.67
9767,4914,132,4,396.66,1586.64
9768,4915,197,4,252.03,1008.12
9769,4915,475,3,37.49,112.47
9770,4915,42,3,37.02,111.06
9771,4916,461,5,289.51,1447.55
9772,4917,179,2,468.44,936.88
9773,4917,11,3,378.22,1134.66
9774,4917,211,5,32.49,162.45
9775,4918,262,2,484.03,968.06
9776,4918,172,1,217.39,217.39
9777,4919,32,4,275.85,1103.4
9778,4920,212,1,328.52,328.52
9779,4921,446,1,169.42,169.42
9780,4921,318,5,228.98,1144.9
9781,4921,36,3,276.51,829.53
9782,4922,383,5,20.42,102.1
9783,4922,44,1,495.42,495.42
9784,4923,95,1,76.77,76.77
9785,4923,373,2,359.9,719.8
9786,4923,96,1,308.55,308.55
9787,4924,280,5,290.5,1452.5
9788,4925,95,2,209.44,418.88
9789,4926,262,3,469.91,1409.73
9790,4927,423,5,408.75,2043.75
9791,4927,33,3,88.55,265.65
9792,4928,215,2,20.53,41.06
9793,4928,389,1,54.57,54.57
9794,4928,284,1,129.68,129.68
9795,4929,38,1,448.74,448.74
9796,4929,359,3,148.14,444.42
9797,4930,312,3,252.42,757.26
9798,4930,352,4,82.0,328.0
9799,4930,336,1,468.35,468.35
9800,4931,79,5,22.1,110.5
9801,4932,408,3,421.23,1263.69
9802,4932,292,5,168.79,843.95
9803,4933,8,2,213.65,427.3
9804,4934,277,1,197.9,197.9
9805,4934,297,2,81.14,162.28
9806,4935,177,4,492.12,1968.48
9807,4936,500,1,88.5,88.5
9808,4937,71,1,98.3,98.3
9809,4938,40,3,223.87,671.61
9810,4938,139,2,367.55,735.1
9811,4938,218,1,400.58,400.58
9812,4939,428,4,236.81,947.24
9813,4939,438,3,354.84,1064.52
9814,4940,365,1,53.4,53.4
9815,4940,353,4,310.54,1242.16
9816,4940,385,1,453.75,453.75
9817,4941,295,5,112.04,560.2
9818,4941,258,2,421.52,843.04
9819,4941,229,1,361.14,361.14
9820,4942,184,5,274.3,1371.5
9821,4943,185,2,133.82,267.64
9822,4943,466,1,435.96,435.96
9823,4944,133,1,123.88,123.88
9824,4945,249,4,201.3,805.2
9825,4945,191,4,473.27,1893.08
9826,4946,429,3,38.17,114.51
9827,4946,434,2,374.04,748.08
9828,4947,239,4,391.86,1567.44
9829,4948,49,1,292.15,292.15
9830,4948,208,5,12.5,62.5
9831,4949,274,5,110.91,554.55
9832,4949,366,2,18.65,37.3
9833,4950,306,2,375.6,751.2
9834,4951,257,3,495.98,1487.94
9835,4951,372,1,328.08,328.08
9836,4952,147,5,255.72,1278.6
9837,4952,455,4,6.26,25.04
9838,4952,304,4,280.2,1120.8
9839,4953,260,4,17.18,68.72
9840,4954,481,3,299.35,898.05
9841,4954,366,4,470.82,1883.28
9842,4954,203,4,150.32,601.28
9843,4955,15,2,370.53,741.06
9844,4955,328,4,445.99,1783.96
9845,4956,6,5,353.56,1767.8
9846,4956,118,3,156.66,469.98
9847,4956,284,1,360.7,360.7
9848,4957,457,3,408.56,1225.68
9849,4958,452,5,230.8,1154.0
9850,4958,432,5,266.79,1333.95
9851,4958,274,3,239.62,718.86
9852,4959,157,4,120.73,482.92
9853,4960,101,5,112.98,564.9
9854,4961,150,1,59.48,59.48
9855,4961,233,3,375.12,1125.36
9856,4962,328,1,61.41,61.41
9857,4962,215,3,153.34,460.02
9858,4963,226,3,219.06,657.18
9859,4964,80,1,289.49,289.49
9860,4964,409,4,461.8,1847.2
9861,4964,77,2,485.19,970.38
9862,4965,84,2,70.53,141.06
9863,4965,170,1,96.31,96.31
9864,4965,285,5,258.69,1293.45
9865,4966,224,3,27.29,81.87
9866,4967,217,3,263.19,789.57
9867,4967,481,4,367.58,1470.32
9868,4968,176,2,149.17,298.34
9869,4968,157,4,44.1,176.4
9870,4968,199,4,444.55,1778.2
9871,4969,296,1,270.67,270.67
9872,4970,16,2,432.86,865.72
9873,4970,190,2,84.84,169.68
9874,4970,366,5,239.47,1197.35
9875,4971,170,5,195.61,978.05
9876,4971,243,2,183.24,366.48
9877,4971,258,4,72.91,291.64
9878,4972,72,1,111.22,111.22
9879,4973,473,1,196.07,196.07
9880,4974,294,5,309.12,1545.6
9881,4974,296,1,195.72,195.72
9882,4974,141,4,205.71,822.84
9883,4975,247,5,191.16,955.8
9884,4976,206,4,206.25,825.0
9885,4976,270,5,399.64,1998.2
9886,4977,380,1,59.79,59.79
9887,4978,39,1,417.96,417.96
9888,4978,43,4,332.59,1330.36
9889,4979,470,2,113.35,226.7
9890,4980,297,1,101.77,101.77
9891,4980,152,4,258.97,1035.88
9892,4980,254,5,163.55,817.75
9893,4981,151,3,448.01,1344.03
9894,4982,381,5,203.79,1018.95
9895,4982,446,4,326.11,1304.44
9896,4982,5,3,268.6,805.8
9897,4983,443,4,177.32,709.28
9898,4983,154,1,148.18,148.18
9899,4984,24,2,471.03,942.06
9900,4984,148,4,490.79,1963.16
9901,4985,409,1,481.13,481.13
9902,4985,380,5,433.66,2168.3
9903,4986,138,1,427.41,427.41
9904,4986,364,3,392.47,1177.41
9905,4986,407,1,491.75,491.75
9906,4987,166,1,351.54,351.54
9907,4988,116,5,420.92,2104.6
9908,4989,380,4,358.02,1432.08
9909,4990,387,4,109.1,436.4
9910,4990,363,4,275.81,1103.24
9911,4991,455,1,340.45,340.45
9912,4991,353,1,168.83,168.83
9913,4992,301,1,476.77,476.77
9914,4992,78,5,199.06,995.3
9915,4993,371,1,99.21,99.21
9916,4994,383,2,252.16,504.32
9917,4994,299,5,128.67,643.35
9918,4995,10,3,34.58,103.74
9919,4996,301,4,310.96,1243.84
9920,4996,446,4,277.51,1110.04
9921,4997,62,3,191.29,573.87
9922,4998,217,4,447.86,1791.44
9923,4998,184,1,278.08,278.08
9924,4999,257,2,409.01,818.02
9925,5000,149,5,102.55,512.75
9926,5000,148,2,116.8,233.6
9927,5000,448,1,319.91,319.91
9928,5001,15,2,112.41,224.82
9929,5001,35,5,58.48,292.4
9930,5001,291,3,261.68,785.04
9931,5002,389,5,295.18,1475.9
9932,5003,17,5,107.36,536.8
9933,5003,204,5,158.53,792.65
9934,5003,143,1,342.72,342.72
9935,5004,300,1,240.7,240.7
9936,5005,97,4,433.51,1734.04
9937,5006,110,3,388.57,1165.71
9938,5007,339,3,302.2,906.6
9939,5007,16,4,84.97,339.88
9940,5008,117,3,40.58,121.74
9941,5008,492,2,80.84,161.68
9942,5009,195,5,103.91,519.55
9943,5009,125,5,360.08,1800.4
9944,5010,88,4,492.65,1970.6
9945,5010,10,2,373.25,746.5
9946,5011,381,1,88.38,88.38
9947,5011,402,1,347.07,347.07
9948,5011,315,2,33.44,66.88
9949,5012,62,3,283.29,849.87
9950,5013,18,2,348.22,696.44
9951,5013,140,3,219.98,659.94
9952,5013,126,5,299.47,1497.35
9953,5014,2,3,187.15,561.45
9954,5015,382,4,285.37,1141.48
9955,5016,130,4,314.92,1259.68
9956,5016,332,5,83.44,417.2
9957,5017,423,5,57.26,286.3
9958,5018,435,1,195.09,195.09
9959,5018,393,4,117.97,471.88
9960,5018,419,2,185.57,371.14
9961,5019,292,4,306.04,1224.16
9962,5019,396,1,266.39,266.39
9963,5019,90,3,371.44,1114.32
9964,5020,466,3,412.92,1238.76
9965,5021,149,1,438.92,438.92
9966,5021,269,2,473.75,947.5
9967,5022,194,1,193.15,193.15
9968,5023,72,4,244.22,976.88
9969,5023,343,2,478.1,956.2
9970,5024,391,1,325.17,325.17
9971,5024,490,2,437.98,875.96
9972,5024,143,4,6.32,25.28
9973,5025,116,4,497.36,1989.44
9974,5026,239,4,6.03,24.12
9975,5027,62,1,31.77,31.77
9976,5028,191,1,363.74,363.74
9977,5029,306,2,138.1,276.2
9978,5029,277,2,436.77,873.54
9979,5030,243,4,146.34,585.36
9980,5031,61,1,53.46,53.46
9981,5031,414,3,484.32,1452.96
9982,5032,141,1,301.81,301.81
9983,5032,444,5,52.49,262.45
9984,5032,56,3,463.71,1391.13
9985,5033,25,5,84.47,422.35
9986,5033,366,1,110.35,110.35
9987,5033,156,3,309.9,929.7
9988,5034,79,5,116.78,583.9
9989,5035,347,1,143.06,143.06
9990,5035,122,1,253.89,253.89
9991,5035,5,1,214.09,214.09
9992,5036,456,4,148.14,592.56
9993,5036,86,1,172.38,172.38
9994,5037,389,2,413.09,826.18
9995,5037,470,3,331.79,995.37
9996,5037,171,2,86.98,173.96
9997,5038,98,2,451.51,903.02
9998,5039,166,1,310.06,310.06
9999,5039,435,5,231.52,1157.6
10000,5039,161,5,143.42,717.1
10001,5040,397,1,231.65,231.65
10002,5041,315,3,135.04,405.12
10003,5041,496,1,292.57,292.57
10004,5041,40,2,480.74,961.48
10005,5042,148,4,417.34,1669.36
10006,5043,335,3,14.93,44.79
10007,5043,436,4,346.47,1385.88
10008,5043,321,3,407.62,1222.86
10009,5044,290,3,238.14,714.42
10010,5044,322,5,237.28,1186.4
10011,5044,148,4,464.51,1858.04
10012,5045,427,2,243.56,487.12
10013,5045,104,1,191.85,191.85
10014,5046,283,5,194.46,972.3
10015,5046,317,1,226.39,226.39
10016,5046,452,5,428.62,2143.1
10017,5047,56,5,459.33,2296.65
10018,5047,196,3,216.75,650.25
10019,5048,203,1,86.37,86.37
10020,5048,164,2,158.35,316.7
10021,5048,1,5,410.65,2053.25
10022,5049,250,3,426.35,1279.05
10023,5050,50,1,327.98,327.98
10024,5051,77,5,160.55,802.75
10025,5051,142,4,144.85,579.4
10026,5051,51,3,465.22,1395.66
10027,5052,136,5,228.77,1143.85
10028,5053,131,5,327.79,1638.95
10029,5054,145,5,312.0,1560.0
10030,5055,346,2,348.28,696.56
10031,5056,431,2,151.88,303.76
10032,5057,48,2,100.73,201.46
10033,5057,413,5,117.65,588.25
10034,5057,448,2,281.76,563.52
10035,5058,18,3,346.04,1038.12
10036,5059,280,2,183.04,366.08
10037,5059,134,4,132.06,528.24
10038,5059,277,4,8.35,33.4
10039,5060,341,5,197.88,989.4
10040,5061,345,4,482.33,1929.32
10041,5061,260,2,364.12,728.24
10042,5062,129,5,255.77,1278.85
10043,5062,210,4,363.01,1452.04
10044,5063,44,4,331.83,1327.32
10045,5064,193,3,61.96,185.88
10046,5064,365,3,38.75,116.25
10047,5064,399,5,495.15,2475.75
10048,5065,234,2,422.09,844.18
10049,5066,224,3,303.71,911.13
10050,5066,209,2,403.93,807.86
10051,5066,169,2,347.8,695.6
10052,5067,455,2,245.03,490.06
10053,5067,423,1,189.98,189.98
10054,5067,445,1,73.58,73.58
10055,5068,282,4,486.17,1944.68
10056,5068,291,3,192.17,576.51
10057,5068,191,3,68.95,206.85
10058,5069,173,5,350.67,1753.35
10059,5070,317,1,458.67,458.67
10060,5070,472,3,27.18,81.54
10061,5070,231,5,305.76,1528.8
10062,5071,346,1,392.08,392.08
10063,5071,67,4,12.8,51.2
10064,5071,478,3,236.48,709.44
10065,5072,500,5,319.53,1597.65
10066,5072,41,1,340.28,340.28
10067,5072,118,4,184.42,737.68
10068,5073,15,2,191.46,382.92
10069,5073,197,3,56.92,170.76
10070,5073,178,5,117.21,586.05
10071,5074,317,3,72.47,217.41
10072,5074,376,4,296.19,1184.76
10073,5075,242,5,124.02,620.1
10074,5075,81,2,198.0,396.0
10075,5075,200,4,467.77,1871.08
10076,5076,367,1,204.11,204.11
10077,5076,204,1,466.42,466.42
10078,5076,60,2,263.92,527.84
10079,5077,88,3,371.63,1114.89
10080,5077,65,2,248.88,497.76
10081,5078,149,1,78.12,78.12
10082,5078,161,1,225.45,225.45
10083,5079,324,3,252.67,758.01
10084,5079,271,4,366.21,1464.84
10085,5079,306,4,80.76,323.04
10086,5080,148,1,163.19,163.19
10087,5080,462,5,99.92,499.6
10088,5080,388,5,334.07,1670.35
10089,5081,473,3,266.68,800.04
10090,5082,427,5,165.03,825.15
10091,5082,350,5,298.38,1491.9
10092,5083,357,4,118.26,473.04
10093,5084,340,2,234.41,468.82
10094,5085,368,3,375.82,1127.46
10095,5086,67,4,451.89,1807.56
10096,5086,102,4,269.99,1079.96
10097,5086,116,1,249.87,249.87
10098,5087,18,3,112.21,336.63
10099,5087,357,5,109.42,547.1
10100,5087,226,2,99.83,199.66
10101,5088,370,5,312.05,1560.25
10102,5089,38,5,199.15,995.75
10103,5089,307,2,445.25,890.5
10104,5089,437,4,117.1,468.4
10105,5090,71,5,401.84,2009.2
10106,5090,139,1,63.44,63.44
10107,5091,222,3,75.86,227.58
10108,5091,436,3,37.61,112.83
10109,5092,287,3,287.83,863.49
10110,5092,214,3,121.89,365.67
10111,5093,415,1,221.92,221.92
10112,5093,302,2,143.32,286.64
10113,5093,424,2,36.54,73.08
10114,5094,40,2,61.57,123.14
10115,5095,477,5,360.89,1804.45
10116,5095,333,1,98.78,98.78
10117,5095,486,5,348.37,1741.85
10118,5096,77,1,353.41,353.41
10119,5096,298,2,300.39,600.78
10120,5096,156,1,357.9,357.9
10121,5097,260,1,147.32,147.32
10122,5097,395,1,237.05,237.05
10123,5097,213,4,252.35,1009.4
10124,5098,126,2,432.37,864.74
10125,5098,161,4,70.46,281.84
10126,5098,152,3,102.79,308.37
10127,5099,95,1,478.58,478.58
10128,5099,210,2,30.78,61.56
10129,5100,203,1,426.63,426.63
10130,5101,57,4,466.61,1866.44
10131,5102,296,2,198.78,397.56
10132,5103,246,1,55.1,55.1
10133,5103,436,5,305.96,1529.8
10134,5103,138,3,31.41,94.23
10135,5104,63,2,68.11,136.22
10136,5104,497,3,295.38,886.14
10137,5104,123,1,249.63,249.63
10138,5105,500,3,463.84,1391.52
10139,5106,185,1,230.47,230.47
10140,5106,337,4,486.78,1947.12
10141,5106,477,4,63.16,252.64
10142,5107,61,2,316.63,633.26
10143,5108,62,3,82.81,248.43
10144,5108,499,3,385.94,1157.82
10145,5108,167,5,477.22,2386.1
10146,5109,270,5,220.44,1102.2
10147,5109,158,1,280.72,280.72
10148,5110,475,3,467.64,1402.92
10149,5110,381,1,344.6,344.6
10150,5110,391,2,319.36,638.72
10151,5111,342,3,175.21,525.63
10152,5111,361,1,242.67,242.67
10153,5112,448,4,425.56,1702.24
10154,5112,392,2,194.39,388.78
10155,5113,237,3,454.45,1363.35
10156,5113,374,1,21.36,21.36
10157,5113,193,3,42.62,127.86
10158,5114,355,1,108.72,108.72
10159,5114,487,3,242.06,726.18
10160,5115,489,3,260.54,781.62
10161,5116,447,1,187.76,187.76
10162,5117,263,1,441.05,441.05
10163,5118,391,2,423.08,846.16
10164,5118,38,5,57.28,286.4
10165,5118,261,4,493.5,1974.0
10166,5119,110,3,498.56,1495.68
10167,5120,55,1,77.93,77.93
10168,5121,59,2,423.35,846.7
10169,5121,59,1,446.76,446.76
10170,5121,448,5,403.13,2015.65
10171,5122,299,2,81.52,163.04
10172,5123,457,5,223.15,1115.75
10173,5123,200,2,130.35,260.7
10174,5124,128,3,32.62,97.86
10175,5125,423,1,8.89,8.89
10176,5125,468,5,263.18,1315.9
10177,5126,120,3,332.73,998.19
10178,5126,228,2,301.44,602.88
10179,5126,168,2,146.01,292.02
10180,5127,200,2,185.17,370.34
10181,5128,58,4,207.41,829.64
10182,5128,437,2,234.56,469.12
10183,5129,3,3,173.21,519.63
10184,5130,441,3,275.68,827.04
10185,5131,55,3,462.37,1387.11
10186,5131,347,5,455.88,2279.4
10187,5131,321,1,104.24,104.24
10188,5132,288,1,378.02,378.02
10189,5133,137,1,258.98,258.98
10190,5134,124,2,31.53,63.06
10191,5134,455,2,431.44,862.88
10192,5134,54,2,193.65,387.3
10193,5135,321,4,257.05,1028.2
10194,5135,324,4,493.6,1974.4
10195,5136,452,5,182.41,912.05
10196,5137,136,5,78.54,392.7
10197,5138,480,4,107.98,431.92
10198,5138,296,2,171.58,343.16
10199,5139,189,1,209.95,209.95
10200,5139,354,4,430.01,1720.04
10201,5139,126,1,77.6,77.6
10202,5140,252,2,363.94,727.88
10203,5140,177,2,62.96,125.92
10204,5140,483,4,377.17,1508.68
10205,5141,309,2,476.66,953.32
10206,5141,463,2,201.23,402.46
10207,5142,279,4,326.79,1307.16
10208,5143,468,4,450.41,1801.64
10209,5143,172,3,159.13,477.39
10210,5144,372,3,376.11,1128.33
10211,5144,266,5,368.8,1844.0
10212,5145,108,2,158.18,316.36
10213,5145,277,1,34.31,34.31
10214,5146,242,1,158.37,158.37
10215,5147,494,2,363.53,727.06
10216,5148,115,4,401.7,1606.8
10217,5148,5,5,108.07,540.35
10218,5149,470,1,121.63,121.63
10219,5149,360,1,304.89,304.89
10220,5149,107,5,89.11,445.55
10221,5150,496,4,362.13,1448.52
10222,5151,106,1,11.07,11.07
10223,5151,372,2,90.11,180.22
10224,5151,137,5,328.73,1643.65
10225,5152,69,1,260.31,260.31
10226,5153,484,1,83.99,83.99
10227,5153,61,5,282.19,1410.95
10228,5154,457,2,354.38,708.76
10229,5155,457,3,466.5,1399.5
10230,5155,1,3,31.3,93.9
10231,5156,145,4,103.31,413.24
10232,5156,221,5,148.2,741.0
10233,5157,402,2,54.06,108.12
10234,5158,362,4,409.73,1638.92
10235,5158,97,2,220.37,440.74
10236,5159,287,3,498.66,1495.98
10237,5159,222,1,468.45,468.45
10238,5159,489,3,464.98,1394.94
10239,5160,258,5,298.35,1491.75
10240,5160,472,2,274.86,549.72
10241,5160,142,2,115.06,230.12
10242,5161,401,4,466.15,1864.6
10243,5161,365,5,282.55,1412.75
10244,5161,232,3,143.27,429.81
10245,5162,195,5,190.35,951.75
10246,5162,363,1,405.1,405.1
10247,5163,333,5,348.31,1741.55
10248,5163,425,5,28.27,141.35
10249,5164,84,4,338.85,1355.4
10250,5164,272,3,102.83,308.49
10251,5164,487,1,400.22,400.22
10252,5165,386,1,122.01,122.01
10253,5166,97,5,471.59,2357.95
10254,5167,61,1,244.7,244.7
10255,5167,377,1,388.25,388.25
10256,5167,472,5,163.87,819.35
10257,5168,198,1,446.66,446.66
10258,5168,408,2,434.56,869.12
10259,5168,391,3,44.62,133.86
10260,5169,459,1,493.61,493.61
10261,5169,208,2,386.56,773.12
10262,5169,86,3,284.18,852.54
10263,5170,160,5,98.85,494.25
10264,5170,462,5,182.68,913.4
10265,5171,345,4,79.43,317.72
10266,5171,129,5,66.72,333.6
10267,5171,371,2,385.68,771.36
10268,5172,300,3,108.68,326.04
10269,5173,164,1,196.8,196.8
10270,5174,66,2,257.97,515.94
10271,5174,241,2,458.79,917.58
10272,5175,129,3,267.89,803.67
10273,5176,480,3,70.07,210.21
10274,5177,92,1,316.34,316.34
10275,5177,224,5,80.2,401.0
10276,5178,443,3,208.39,625.17
10277,5178,162,1,36.0,36.0
10278,5178,1,1,486.54,486.54
10279,5179,51,1,468.33,468.33
10280,5179,220,2,225.12,450.24
10281,5179,422,3,394.93,1184.79
10282,5180,384,4,7.69,30.76
10283,5180,302,5,106.09,530.45
10284,5181,354,2,118.17,236.34
10285,5182,101,2,161.21,322.42
10286,5182,285,4,300.98,1203.92
10287,5182,265,1,373.86,373.86
10288,5183,471,1,130.52,130.52
10289,5183,468,5,408.28,2041.4
10290,5184,84,5,217.1,1085.5
10291,5184,167,5,46.92,234.6
10292,5184,26,3,306.47,919.41
10293,5185,228,5,223.2,1116.0
10294,5185,207,1,489.39,489.39
10295,5185,368,4,332.07,1328.28
10296,5186,267,5,323.33,1616.65
10297,5186,314,1,299.55,299.55
10298,5187,27,2,348.36,696.72
10299,5188,276,4,13.93,55.72
10300,5189,187,3,494.96,1484.88
10301,5190,157,1,114.58,114.58
10302,5190,43,3,250.5,751.5
10303,5190,216,5,187.14,935.7
10304,5191,276,1,225.83,225.83
10305,5192,338,5,165.13,825.65
10306,5192,281,1,8.09,8.09
10307,5193,255,4,118.09,472.36
10308,5193,369,4,274.85,1099.4
10309,5193,56,2,67.01,134.02
10310,5194,163,4,435.47,1741.88
10311,5195,43,5,368.12,1840.6
10312,5195,185,2,70.71,141.42
10313,5196,326,3,34.89,104.67
10314,5197,203,2,241.34,482.68
10315,5197,297,2,231.68,463.36
10316,5197,394,3,449.6,1348.8
10317,5198,319,5,312.37,1561.85
10318,5198,27,5,179.53,897.65
10319,5198,229,5,166.58,832.9
10320,5199,238,4,21.2,84.8
10321,5200,459,2,231.59,463.18
10322,5200,214,4,131.91,527.64
10323,5200,252,5,79.46,397.3
10324,5201,227,3,215.2,645.6
10325,5202,298,2,323.62,647.24
10326,5203,243,1,174.11,174.11
10327,5203,143,2,132.71,265.42
10328,5203,159,4,173.41,693.64
10329,5204,395,3,393.13,1179.39
10330,5204,391,3,325.72,977.16
10331,5204,396,2,346.0,692.0
10332,5205,136,4,378.86,1515.44
10333,5206,43,5,18.27,91.35
10334,5206,389,4,176.27,705.08
10335,5206,337,5,432.05,2160.25
10336,5207,402,5,380.21,1901.05
10337,5208,140,5,425.17,2125.85
10338,5208,111,2,389.43,778.86
10339,5208,107,1,205.68,205.68
10340,5209,376,5,205.11,1025.55
10341,5210,355,2,306.41,612.82
10342,5210,81,1,364.64,364.64
10343,5210,69,5,482.16,2410.8
10344,5211,488,1,19.71,19.71
10345,5211,267,4,33.26,133.04
10346,5212,151,3,170.6,511.8
10347,5212,242,1,342.19,342.19
10348,5212,340,1,191.23,191.23
10349,5213,347,4,251.28,1005.12
10350,5213,290,4,126.53,506.12
10351,5214,252,4,27.33,109.32
10352,5215,122,3,49.83,149.49
10353,5216,236,4,220.77,883.08
10354,5217,353,1,19.09,19.09
10355,5218,281,5,266.61,1333.05
10356,5218,59,3,140.62,421.86
10357,5219,112,4,220.51,882.04
10358,5219,118,5,449.64,2248.2
10359,5220,406,3,113.27,339.81
10360,5221,66,2,336.42,672.84
10361,5221,421,4,449.95,1799.8
10362,5221,388,4,110.61,442.44
10363,5222,449,3,233.64,700.92
10364,5222,187,1,165.34,165.34
10365,5223,202,2,105.65,211.3
10366,5223,431,4,361.52,1446.08
10367,5224,365,3,69.16,207.48
10368,5224,102,1,301.82,301.82
10369,5224,407,5,372.27,1861.35
10370,5225,462,2,225.11,450.22
10371,5225,49,2,351.76,703.52
10372,5226,55,5,366.67,1833.35
10373,5227,69,3,430.51,1291.53
10374,5227,273,2,286.91,573.82
10375,5227,77,5,120.14,600.7
10376,5228,38,1,480.11,480.11
10377,5228,53,4,429.37,1717.48
10378,5229,66,2,425.89,851.78
10379,5230,5,1,457.47,457.47
10380,5231,255,4,72.3,289.2
10381,5231,51,4,254.23,1016.92
10382,5231,320,2,386.45,772.9
10383,5232,121,4,430.1,1720.4
10384,5232,37,4,226.74,906.96
10385,5233,80,3,209.36,628.08
10386,5234,140,5,470.47,2352.35
10387,5235,214,2,308.17,616.34
10388,5235,175,5,373.05,1865.25
10389,5236,12,4,245.42,981.68
10390,5236,277,5,330.98,1654.9
10391,5236,105,1,359.62,359.62
10392,5237,110,2,89.44,178.88
10393,5237,68,1,227.35,227.35
10394,5237,70,1,50.76,50.76
10395,5238,70,4,275.69,1102.76
10396,5238,432,5,432.04,2160.2
10397,5239,459,5,112.55,562.75
10398,5240,308,5,194.59,972.95
10399,5240,248,1,465.59,465.59
10400,5241,169,3,251.82,755.46
10401,5241,161,3,490.19,1470.57
10402,5241,489,5,368.05,1840.25
10403,5242,257,5,210.68,1053.4
10404,5242,190,5,262.88,1314.4
10405,5243,17,3,454.24,1362.72
10406,5244,500,1,355.5,355.5
10407,5244,16,2,346.26,692.52
10408,5244,74,5,279.54,1397.7
10409,5245,350,2,81.66,163.32
10410,5246,22,3,438.7,1316.1
10411,5246,71,4,426.83,1707.32
10412,5246,249,2,447.6,895.2
10413,5247,413,3,174.69,524.07
10414,5247,54,5,156.17,780.85
10415,5247,415,2,452.33,904.66
10416,5248,356,4,75.92,303.68
10417,5248,87,1,126.54,126.54
10418,5248,461,5,222.46,1112.3
10419,5249,487,2,462.57,925.14
10420,5249,348,2,357.26,714.52
10421,5249,496,3,297.29,891.87
10422,5250,64,2,462.54,925.08
10423,5250,478,1,378.17,378.17
10424,5251,3,2,55.69,111.38
10425,5251,374,2,233.04,466.08
10426,5251,483,3,124.81,374.43
10427,5252,104,4,492.33,1969.32
10428,5252,222,4,197.09,788.36
10429,5253,141,5,231.3,1156.5
10430,5254,318,3,436.03,1308.09
10431,5254,61,5,97.03,485.15
10432,5255,119,1,110.64,110.64
10433,5255,397,3,226.47,679.41
10434,5256,163,2,407.43,814.86
10435,5256,403,3,352.64,1057.92
10436,5256,51,5,233.39,1166.95
10437,5257,160,1,498.95,498.95
10438,5257,432,2,347.7,695.4
10439,5257,14,4,379.83,1519.32
10440,5258,368,2,290.02,580.04
10441,5258,47,1,331.98,331.98
10442,5259,446,4,180.46,721.84
10443,5259,433,4,399.16,1596.64
10444,5260,284,5,67.13,335.65
10445,5261,61,5,51.79,258.95
10446,5261,212,3,308.81,926.43
10447,5262,36,4,365.93,1463.72
10448,5263,186,2,441.06,882.12
10449,5264,131,2,35.35,70.7
10450,5264,91,1,483.83,483.83
10451,5264,99,5,41.25,206.25
10452,5265,248,1,199.76,199.76
10453,5265,318,5,280.05,1400.25
10454,5265,498,4,235.76,943.04
10455,5266,405,5,109.38,546.9
10456,5266,464,4,456.21,1824.84
10457,5267,303,2,124.75,249.5
10458,5268,57,1,483.91,483.91
10459,5269,428,3,129.94,389.82
10460,5269,368,2,243.34,486.68
10461,5270,237,3,344.29,1032.87
10462,5270,356,2,76.15,152.3
10463,5271,334,3,354.88,1064.64
10464,5272,25,2,394.55,789.1
10465,5273,284,2,120.32,240.64
10466,5273,447,3,25.23,75.69
10467,5274,333,4,316.17,1264.68
10468,5274,65,4,263.16,1052.64
10469,5274,399,3,237.92,713.76
10470,5275,234,3,21.77,65.31
10471,5276,276,2,335.51,671.02
10472,5276,349,3,84.66,253.98
10473,5276,284,5,274.18,1370.9
10474,5277,484,4,141.78,567.12
10475,5277,300,5,390.56,1952.8
10476,5277,385,2,405.41,810.82
10477,5278,257,4,183.19,732.76
10478,5278,372,1,411.43,411.43
10479,5278,490,4,171.27,685.08
10480,5279,169,5,335.86,1679.3
10481,5279,1,1,216.56,216.56
10482,5280,242,4,381.5,1526.0
10483,5281,116,2,37.62,75.24
10484,5281,43,5,244.26,1221.3
10485,5282,5,5,291.76,1458.8
10486,5283,409,4,423.98,1695.92
10487,5283,40,2,414.77,829.54
10488,5284,198,4,105.6,422.4
10489,5284,416,5,209.04,1045.2
10490,5284,366,5,287.55,1437.75
10491,5285,403,4,139.43,557.72
10492,5285,121,1,82.05,82.05
10493,5286,444,4,284.11,1136.44
10494,5287,302,4,434.68,1738.72
10495,5288,199,5,389.24,1946.2
10496,5288,256,4,21.62,86.48
10497,5288,91,1,286.16,286.16
10498,5289,210,3,104.14,312.42
10499,5289,125,1,29.32,29.32
10500,5289,493,5,14.11,70.55
10501,5290,39,3,327.05,981.15
10502,5290,450,5,167.98,839.9
10503,5290,470,5,163.3,816.5
10504,5291,263,4,166.77,667.08
10505,5292,486,2,395.34,790.68
10506,5292,486,3,417.22,1251.66
10507,5292,304,5,470.92,2354.6
10508,5293,124,4,260.98,1043.92
10509,5294,46,2,121.74,243.48
10510,5294,96,4,496.27,1985.08
10511,5295,407,4,11.17,44.68
10512,5295,60,3,385.7,1157.1
10513,5295,145,4,261.62,1046.48
10514,5296,364,4,297.15,1188.6
10515,5296,190,1,462.43,462.43
10516,5296,331,1,363.02,363.02
10517,5297,401,3,250.06,750.18
10518,5298,327,3,350.59,1051.77
10519,5298,459,4,134.44,537.76
10520,5298,24,1,490.66,490.66
10521,5299,157,3,176.47,529.41
10522,5299,438,1,118.1,118.1
10523,5300,454,5,114.62,573.1
10524,5301,426,3,214.39,643.17
10525,5301,464,3,400.41,1201.23
10526,5301,479,1,447.22,447.22
10527,5302,488,3,150.33,450.99
10528,5302,116,2,389.58,779.16
10529,5303,208,5,364.01,1820.05
10530,5303,320,3,244.49,733.47
10531,5303,70,3,173.54,520.62
10532,5304,190,1,41.12,41.12
10533,5305,377,4,317.13,1268.52
10534,5305,308,1,399.83,399.83
10535,5305,432,2,74.25,148.5
10536,5306,300,5,89.1,445.5
10537,5306,348,1,99.67,99.67
10538,5306,319,1,265.21,265.21
10539,5307,397,1,465.55,465.55
10540,5307,433,2,248.54,497.08
10541,5308,500,5,297.74,1488.7
10542,5309,412,4,119.92,479.68
10543,5310,153,4,385.47,1541.88
10544,5310,374,2,72.75,145.5
10545,5311,158,4,353.94,1415.76
10546,5312,373,1,266.35,266.35
10547,5312,337,2,136.86,273.72
10548,5312,164,5,47.25,236.25
10549,5313,387,3,139.17,417.51
10550,5313,59,1,340.13,340.13
10551,5314,363,4,413.77,1655.08
10552,5314,277,1,355.73,355.73
10553,5315,10,2,414.99,829.98
10554,5315,338,1,466.36,466.36
10555,5316,392,1,378.1,378.1
10556,5316,70,3,20.87,62.61
10557,5317,255,3,296.19,888.57
10558,5317,46,1,199.39,199.39
10559,5318,178,3,107.66,322.98
10560,5318,418,5,37.06,185.3
10561,5318,446,1,15.03,15.03
10562,5319,206,2,172.96,345.92
10563,5319,341,1,452.47,452.47
10564,5320,104,3,437.79,1313.37
10565,5320,61,2,367.56,735.12
10566,5320,412,3,36.31,108.93
10567,5321,195,5,403.26,2016.3
10568,5321,98,3,34.38,103.14
10569,5322,28,4,367.57,1470.28
10570,5323,231,4,360.61,1442.44
10571,5324,170,3,447.91,1343.73
10572,5325,171,1,276.13,276.13
10573,5325,275,4,243.37,973.48
10574,5325,227,2,108.16,216.32
10575,5326,439,5,467.95,2339.75
10576,5326,6,1,160.45,160.45
10577,5326,17,2,485.29,970.58
10578,5327,401,4,173.12,692.48
10579,5327,54,5,51.45,257.25
10580,5328,475,3,215.99,647.97
10581,5328,204,3,472.61,1417.83
10582,5329,469,2,112.6,225.2
10583,5329,338,1,485.19,485.19
10584,5330,444,4,22.84,91.36
10585,5331,115,3,10.72,32.16
10586,5331,304,2,433.2,866.4
10587,5332,498,1,498.62,498.62
10588,5332,12,3,120.23,360.69
10589,5332,100,3,445.16,1335.48
10590,5333,103,3,274.67,824.01
10591,5333,195,2,444.76,889.52
10592,5334,102,1,72.0,72.0
10593,5334,374,1,421.56,421.56
10594,5335,336,5,132.24,661.2
10595,5336,363,1,128.17,128.17
10596,5336,286,3,486.34,1459.02
10597,5336,365,4,128.17,512.68
10598,5337,168,1,9.07,9.07
10599,5338,149,1,464.57,464.57
10600,5339,216,3,479.36,1438.08
10601,5339,35,3,354.03,1062.09
10602,5339,332,4,84.2,336.8
10603,5340,155,1,164.13,164.13
10604,5340,298,4,8.5,34.0
10605,5340,340,5,219.6,1098.0
10606,5341,285,3,174.96,524.88
10607,5342,423,4,59.96,239.84
10608,5342,92,2,414.29,828.58
10609,5342,26,1,374.03,374.03
10610,5343,93,1,171.62,171.62
10611,5344,306,3,237.71,713.13
10612,5344,369,3,393.5,1180.5
10613,5344,417,3,249.08,747.24
10614,5345,268,3,292.56,877.68
10615,5345,175,1,478.37,478.37
10616,5345,23,1,252.43,252.43
10617,5346,98,5,185.94,929.7
10618,5347,16,2,103.23,206.46
10619,5347,126,5,303.8,1519.0
10620,5347,244,1,85.75,85.75
10621,5348,271,2,314.05,628.1
10622,5348,133,4,148.27,593.08
10623,5349,245,1,447.03,447.03
10624,5349,182,3,265.4,796.2
10625,5349,205,4,461.13,1844.52
10626,5350,73,3,155.79,467.37
10627,5351,421,5,71.72,358.6
10628,5351,476,1,212.04,212.04
10629,5352,107,1,436.52,436.52
10630,5353,59,5,384.12,1920.6
10631,5353,295,3,360.97,1082.91
10632,5354,122,3,103.37,310.11
10633,5354,128,4,398.43,1593.72
10634,5355,135,3,391.64,1174.92
10635,5355,97,5,177.57,887.85
10636,5356,450,1,110.14,110.14
10637,5357,227,3,230.28,690.84
10638,5358,311,5,405.43,2027.15
10639,5358,425,4,425.06,1700.24
10640,5359,221,3,354.8,1064.4
10641,5360,375,3,413.44,1240.32
10642,5360,281,5,5.36,26.8
10643,5360,206,5,21.64,108.2
10644,5361,17,5,467.61,2338.05
10645,5361,95,3,206.08,618.24
10646,5362,124,4,458.7,1834.8
10647,5362,308,4,438.96,1755.84
10648,5362,307,4,187.65,750.6
10649,5363,71,5,257.96,1289.8
10650,5363,284,1,8.3,8.3
10651,5364,227,3,65.88,197.64
10652,5364,203,5,80.59,402.95
10653,5364,357,5,107.69,538.45
10654,5365,171,1,332.41,332.41
10655,5365,241,1,400.39,400.39
10656,5365,218,5,73.74,368.7
10657,5366,146,2,171.53,343.06
10658,5367,388,4,49.47,197.88
10659,5367,193,2,29.1,58.2
10660,5368,36,3,89.69,269.07
10661,5368,219,1,340.74,340.74
10662,5369,306,3,165.01,495.03
10663,5369,281,1,271.95,271.95
10664,5370,199,4,70.67,282.68
10665,5370,479,3,82.05,246.15
10666,5370,25,5,78.17,390.85
10667,5371,176,5,328.52,1642.6
10668,5372,364,2,118.0,236.0
10669,5372,268,4,210.16,840.64
10670,5372,217,3,185.32,555.96
10671,5373,22,3,486.99,1460.97
10672,5374,44,4,92.97,371.88
10673,5374,307,1,192.48,192.48
10674,5374,106,2,164.51,329.02
10675,5375,361,4,462.78,1851.12
10676,5375,258,4,457.42,1829.68
10677,5375,209,5,56.11,280.55
10678,5376,228,2,193.18,386.36
10679,5376,453,3,202.49,607.47
10680,5377,206,2,421.88,843.76
10681,5378,300,1,119.18,119.18
10682,5379,206,5,240.04,1200.2
10683,5379,63,1,17.2,17.2
10684,5379,210,4,449.74,1798.96
10685,5380,447,3,252.69,758.07
10686,5380,235,2,87.51,175.02
10687,5380,480,5,37.33,186.65
10688,5381,128,2,357.03,714.06
10689,5382,158,2,227.86,455.72
10690,5382,140,2,371.67,743.34
10691,5383,394,5,419.91,2099.55
10692,5384,139,5,232.82,1164.1
10693,5384,8,3,384.67,1154.01
10694,5384,429,2,441.89,883.78
10695,5385,116,5,241.39,1206.95
10696,5385,492,1,249.78,249.78
10697,5385,459,1,342.92,342.92
10698,5386,221,1,329.84,329.84
10699,5386,45,4,198.38,793.52
10700,5386,66,2,335.51,671.02
10701,5387,15,3,412.34,1237.02
10702,5387,7,2,378.08,756.16
10703,5388,109,5,270.18,1350.9
10704,5388,275,4,279.55,1118.2
10705,5389,45,1,194.43,194.43
10706,5389,172,2,9.46,18.92
10707,5389,168,5,144.33,721.65
10708,5390,477,2,114.36,228.72
10709,5390,208,1,497.75,497.75
10710,5391,10,1,158.19,158.19
10711,5392,233,2,67.92,135.84
10712,5392,413,5,405.68,2028.4
10713,5392,62,3,450.28,1350.84
10714,5393,1,2,165.61,331.22
10715,5393,452,4,225.59,902.36
10716,5393,247,2,79.95,159.9
10717,5394,137,1,416.92,416.92
10718,5395,275,2,417.08,834.16
10719,5396,280,4,456.2,1824.8
10720,5397,137,3,84.13,252.39
10721,5397,467,2,485.46,970.92
10722,5398,391,2,495.28,990.56
10723,5398,341,1,395.23,395.23
10724,5399,29,5,373.09,1865.45
10725,5399,297,4,410.85,1643.4
10726,5400,301,4,263.08,1052.32
10727,5401,211,1,317.71,317.71
10728,5401,120,4,250.24,1000.96
10729,5401,74,4,163.77,655.08
10730,5402,475,3,343.29,1029.87
10731,5402,357,3,306.27,918.81
10732,5403,305,4,156.54,626.16
10733,5403,267,4,488.15,1952.6
10734,5403,491,2,467.6,935.2
10735,5404,391,4,475.51,1902.04
10736,5404,28,4,115.43,461.72
10737,5405,131,3,23.13,69.39
10738,5405,129,3,121.69,365.07
10739,5405,40,5,157.03,785.15
10740,5406,283,1,328.6,328.6
10741,5406,213,3,99.48,298.44
10742,5406,133,3,133.89,401.67
10743,5407,370,2,198.14,396.28
10744,5408,398,5,334.06,1670.3
10745,5408,83,2,367.25,734.5
10746,5408,276,1,356.08,356.08
10747,5409,314,4,95.0,380.0
10748,5409,394,5,51.55,257.75
10749,5409,146,4,319.88,1279.52
10750,5410,255,4,448.18,1792.72
10751,5411,109,1,340.43,340.43
10752,5412,494,2,114.42,228.84
10753,5412,382,5,42.56,212.8
10754,5412,104,5,446.51,2232.55
10755,5413,372,3,439.78,1319.34
10756,5413,100,1,10.35,10.35
10757,5413,252,2,173.47,346.94
10758,5414,75,5,83.72,418.6
10759,5414,475,3,499.4,1498.2
10760,5415,73,2,281.56,563.12
10761,5415,300,1,388.19,388.19
10762,5416,355,1,230.62,230.62
10763,5416,420,5,226.32,1131.6
10764,5416,325,5,372.47,1862.35
10765,5417,480,4,113.54,454.16
10766,5418,245,3,465.68,1397.04
10767,5418,178,1,9.91,9.91
10768,5419,212,4,392.77,1571.08
10769,5419,287,3,177.45,532.35
10770,5420,263,4,7.91,31.64
10771,5420,27,1,247.21,247.21
10772,5421,57,1,431.46,431.46
10773,5421,299,3,276.93,830.79
10774,5422,140,4,56.72,226.88
10775,5423,305,2,394.93,789.86
10776,5423,382,2,251.79,503.58
10777,5424,442,1,474.19,474.19
10778,5425,394,3,178.42,535.26
10779,5425,292,1,143.14,143.14
10780,5425,445,4,386.49,1545.96
10781,5426,59,3,343.7,1031.1
10782,5426,244,2,433.43,866.86
10783,5427,295,4,447.21,1788.84
10784,5427,62,3,22.83,68.49
10785,5427,210,1,298.45,298.45
10786,5428,33,4,169.14,676.56
10787,5429,243,1,323.71,323.71
10788,5429,478,1,192.32,192.32
10789,5430,492,1,298.27,298.27
10790,5430,340,5,298.98,1494.9
10791,5431,290,3,182.91,548.73
10792,5431,265,3,49.59,148.77
10793,5431,472,3,119.04,357.12
10794,5432,414,5,207.58,1037.9
10795,5433,275,4,75.34,301.36
10796,5433,432,5,220.76,1103.8
10797,5433,450,4,250.19,1000.76
10798,5434,494,1,412.87,412.87
10799,5435,145,4,122.5,490.0
10800,5435,413,1,389.3,389.3
10801,5436,8,5,241.54,1207.7
10802,5437,62,1,317.12,317.12
10803,5438,149,2,407.88,815.76
10804,5438,113,2,200.29,400.58
10805,5438,141,1,421.17,421.17
10806,5439,308,2,7.19,14.38
10807,5439,132,4,444.4,1777.6
10808,5439,446,1,244.84,244.84
10809,5440,267,5,153.46,767.3
10810,5440,431,1,317.58,317.58
10811,5440,396,4,31.31,125.24
10812,5441,38,2,370.69,741.38
10813,5441,346,5,30.14,150.7
10814,5442,130,4,151.16,604.64
10815,5443,390,5,228.66,1143.3
10816,5443,77,1,98.65,98.65
10817,5443,390,3,286.82,860.46
10818,5444,338,5,11.79,58.95
10819,5444,99,2,483.33,966.66
10820,5445,394,1,107.26,107.26
10821,5446,77,1,203.3,203.3
10822,5447,143,4,359.38,1437.52
10823,5448,323,1,126.8,126.8
10824,5449,422,2,436.01,872.02
10825,5449,485,3,226.72,680.16
10826,5450,74,4,242.67,970.68
10827,5450,338,3,6.6,19.8
10828,5450,344,5,167.44,837.2
10829,5451,433,3,473.93,1421.79
10830,5451,269,4,16.63,66.52
10831,5451,222,2,377.16,754.32
10832,5452,14,5,470.59,2352.95
10833,5453,152,4,182.13,728.52
10834,5453,136,1,23.04,23.04
10835,5454,28,4,107.28,429.12
10836,5454,194,3,39.34,118.02
10837,5454,309,2,363.31,726.62
10838,5455,246,4,293.48,1173.92
10839,5456,293,3,488.32,1464.96
10840,5456,368,3,446.12,1338.36
10841,5456,341,5,66.88,334.4
10842,5457,397,1,244.42,244.42
10843,5458,77,3,81.08,243.24
10844,5458,486,4,387.49,1549.96
10845,5459,203,1,277.37,277.37
10846,5459,100,4,103.45,413.8
10847,5459,415,4,313.67,1254.68
10848,5460,6,3,375.05,1125.15
10849,5460,15,3,212.33,636.99
10850,5460,160,4,450.07,1800.28
10851,5461,23,2,407.76,815.52
10852,5461,95,1,220.64,220.64
10853,5461,112,4,276.34,1105.36
10854,5462,44,2,244.96,489.92
10855,5463,413,3,186.93,560.79
10856,5463,334,5,21.59,107.95
10857,5463,346,3,139.36,418.08
10858,5464,481,5,365.58,1827.9
10859,5464,160,4,7.87,31.48
10860,5464,35,2,379.51,759.02
10861,5465,362,5,85.19,425.95
10862,5466,178,3,396.08,1188.24
10863,5467,340,3,241.09,723.27
10864,5467,500,5,302.75,1513.75
10865,5468,432,2,392.27,784.54
10866,5469,130,3,475.58,1426.74
10867,5469,325,2,5.97,11.94
10868,5469,307,1,80.25,80.25
10869,5470,35,2,369.39,738.78
10870,5470,69,1,458.5,458.5
10871,5471,284,5,10.55,52.75
10872,5472,199,3,389.92,1169.76
10873,5472,33,2,133.61,267.22
10874,5473,328,1,300.28,300.28
10875,5473,333,3,325.96,977.88
10876,5474,229,5,25.33,126.65
10877,5475,472,4,399.25,1597.0
10878,5476,258,4,12.6,50.4
10879,5476,372,1,489.54,489.54
10880,5477,135,2,339.37,678.74
10881,5478,120,3,449.08,1347.24
10882,5478,279,3,423.97,1271.91
10883,5479,116,5,331.93,1659.65
10884,5479,363,3,399.48,1198.44
10885,5480,445,1,162.78,162.78
10886,5480,257,4,80.26,321.04
10887,5480,226,1,340.2,340.2
10888,5481,29,1,307.12,307.12
10889,5481,191,3,75.42,226.26
10890,5482,126,3,17.45,52.35
10891,5482,309,4,114.47,457.88
10892,5482,305,3,344.12,1032.36
10893,5483,225,3,377.57,1132.71
10894,5483,60,2,27.08,54.16
10895,5483,167,2,188.26,376.52
10896,5484,195,5,198.86,994.3
10897,5485,463,2,93.35,186.7
10898,5485,80,5,498.33,2491.65
10899,5486,271,4,382.02,1528.08
10900,5486,464,3,229.01,687.03
10901,5487,164,2,90.86,181.72
10902,5487,488,4,414.4,1657.6
10903,5487,28,3,32.5,97.5
10904,5488,328,1,442.19,442.19
10905,5488,264,3,227.65,682.95
10906,5488,218,5,150.57,752.85
10907,5489,275,1,156.77,156.77
10908,5489,171,3,482.18,1446.54
10909,5490,441,2,275.79,551.58
10910,5490,285,3,258.76,776.28
10911,5490,354,1,221.86,221.86
10912,5491,335,4,472.67,1890.68
10913,5491,438,5,457.81,2289.05
10914,5491,174,3,392.52,1177.56
10915,5492,493,5,425.11,2125.55
10916,5492,398,4,365.79,1463.16
10917,5493,20,4,71.79,287.16
10918,5493,412,5,218.16,1090.8
10919,5494,264,3,488.19,1464.57
10920,5494,132,4,427.61,1710.44
10921,5495,420,4,105.8,423.2
10922,5496,498,2,229.98,459.96
10923,5496,497,2,140.41,280.82
10924,5496,461,5,248.74,1243.7
10925,5497,152,1,339.88,339.88
10926,5497,319,4,426.61,1706.44
10927,5497,266,1,125.97,125.97
10928,5498,174,3,321.75,965.25
10929,5499,44,2,131.29,262.58
10930,5500,294,5,333.38,1666.9
10931,5501,189,5,5.73,28.65
10932,5501,15,5,251.64,1258.2
10933,5501,171,2,238.01,476.02
10934,5502,327,3,84.78,254.34
10935,5503,320,1,240.54,240.54
10936,5503,117,1,399.68,399.68
10937,5503,438,2,7.03,14.06
10938,5504,386,3,348.07,1044.21
10939,5504,134,1,110.06,110.06
10940,5505,469,2,70.46,140.92
10941,5506,379,2,175.27,350.54
10942,5506,29,2,139.02,278.04
10943,5507,332,4,151.7,606.8
10944,5507,445,1,219.59,219.59
10945,5508,162,2,317.66,635.32
10946,5508,464,2,388.31,776.62
10947,5508,184,5,320.05,1600.25
10948,5509,185,5,276.94,1384.7
10949,5509,30,2,368.0,736.0
10950,5510,497,2,424.15,848.3
10951,5510,119,5,203.3,1016.5
10952,5511,213,4,333.27,1333.08
10953,5511,246,3,80.11,240.33
10954,5511,101,5,446.81,2234.05
10955,5512,469,3,53.22,159.66
10956,5512,20,4,241.2,964.8
10957,5512,228,1,342.22,342.22
10958,5513,373,5,104.76,523.8
10959,5514,182,5,332.68,1663.4
10960,5514,227,5,194.89,974.45
10961,5514,466,2,261.84,523.68
10962,5515,152,4,94.61,378.44
10963,5516,78,1,421.34,421.34
10964,5517,84,5,487.64,2438.2
10965,5517,220,5,88.24,441.2
10966,5517,456,4,377.62,1510.48
10967,5518,462,3,241.86,725.58
10968,5519,231,2,377.98,755.96
10969,5519,28,5,334.68,1673.4
10970,5520,72,4,344.28,1377.12
10971,5521,18,1,365.63,365.63
10972,5521,63,1,250.55,250.55
10973,5521,269,2,420.25,840.5
10974,5522,152,3,24.65,73.95
10975,5522,138,3,408.94,1226.82
10976,5523,74,5,12.48,62.4
10977,5524,356,5,461.78,2308.9
10978,5525,451,1,313.93,313.93
10979,5525,202,2,87.86,175.72
10980,5525,334,3,422.11,1266.33
10981,5526,206,1,354.53,354.53
10982,5526,274,2,341.3,682.6
10983,5526,493,1,410.69,410.69
10984,5527,390,1,109.56,109.56
10985,5527,462,2,465.37,930.74
10986,5528,70,2,481.2,962.4
10987,5528,433,3,50.43,151.29
10988,5528,361,5,124.19,620.95
10989,5529,147,2,171.89,343.78
10990,5530,408,1,318.46,318.46
10991,5530,378,5,426.47,2132.35
10992,5530,188,3,69.02,207.06
10993,5531,500,2,415.34,830.68
10994,5531,50,1,73.56,73.56
10995,5531,454,5,484.59,2422.95
10996,5532,450,1,47.01,47.01
10997,5532,58,4,325.55,1302.2
10998,5533,458,5,12.55,62.75
10999,5533,128,4,294.25,1177.0
11000,5534,148,5,142.71,713.55
11001,5534,172,3,268.62,805.86
11002,5534,476,1,423.37,423.37
11003,5535,142,3,361.16,1083.48
11004,5535,93,4,322.02,1288.08
11005,5536,357,4,258.56,1034.24
11006,5536,163,2,365.52,731.04
11007,5537,398,3,358.64,1075.92
11008,5537,210,4,257.25,1029.0
11009,5538,128,5,313.19,1565.95
11010,5538,226,5,482.68,2413.4
11011,5539,157,2,376.64,753.28
11012,5539,220,3,421.67,1265.01
11013,5540,195,3,237.66,712.98
11014,5541,361,4,106.36,425.44
11015,5541,348,3,410.63,1231.89
11016,5542,228,3,402.51,1207.53
11017,5543,121,5,249.03,1245.15
11018,5543,101,1,280.95,280.95
11019,5543,68,3,293.1,879.3
11020,5544,156,3,246.8,740.4
11021,5545,324,1,13.81,13.81
11022,5546,127,5,344.24,1721.2
11023,5547,457,4,386.65,1546.6
11024,5547,342,4,462.75,1851.0
11025,5548,321,1,446.31,446.31
11026,5549,413,4,260.33,1041.32
11027,5549,121,2,257.33,514.66
11028,5549,310,4,282.99,1131.96
11029,5550,23,2,13.18,26.36
11030,5550,387,5,232.4,1162.0
11031,5550,318,2,143.15,286.3
11032,5551,154,1,454.78,454.78
11033,5552,459,4,33.58,134.32
11034,5552,368,1,98.19,98.19
11035,5553,71,2,485.45,970.9
11036,5554,174,3,152.18,456.54
11037,5554,431,4,269.78,1079.12
11038,5555,206,4,114.9,459.6
11039,5555,37,1,228.8,228.8
11040,5555,51,5,381.85,1909.25
11041,5556,329,5,43.67,218.35
11042,5557,321,3,73.89,221.67
11043,5558,131,4,34.13,136.52
11044,5558,382,3,51.92,155.76
11045,5559,411,3,149.14,447.42
11046,5559,319,5,435.15,2175.75
11047,5559,23,2,329.89,659.78
11048,5560,473,5,131.07,655.35
11049,5560,239,3,82.09,246.27
11050,5560,176,3,301.83,905.49
11051,5561,397,2,93.78,187.56
11052,5561,239,3,238.96,716.88
11053,5561,152,1,217.96,217.96
11054,5562,417,2,289.57,579.14
11055,5562,470,3,279.64,838.92
11056,5563,398,3,265.28,795.84
11057,5563,380,3,212.96,638.88
11058,5564,345,3,209.21,627.63
11059,5564,401,1,435.79,435.79
11060,5564,308,3,141.62,424.86
11061,5565,446,3,498.82,1496.46
11062,5565,160,1,17.28,17.28
11063,5566,207,4,69.24,276.96
11064,5567,484,2,426.83,853.66
11065,5567,419,5,164.56,822.8
11066,5567,170,5,461.04,2305.2
11067,5568,40,5,79.9,399.5
11068,5568,304,1,10.11,10.11
11069,5568,23,4,346.4,1385.6
11070,5569,361,2,362.06,724.12
11071,5570,258,3,249.14,747.42
11072,5571,439,3,364.12,1092.36
11073,5571,306,4,204.84,819.36
11074,5571,84,5,297.34,1486.7
11075,5572,356,2,360.18,720.36
11076,5572,334,1,400.61,400.61
11077,5573,367,2,152.26,304.52
11078,5573,178,1,21.39,21.39
11079,5573,220,3,223.84,671.52
11080,5574,308,3,86.84,260.52
11081,5575,362,4,375.68,1502.72
11082,5575,324,1,207.76,207.76
11083,5576,254,2,159.85,319.7
11084,5576,41,1,161.24,161.24
11085,5577,357,5,113.51,567.55
11086,5578,129,5,209.61,1048.05
11087,5579,236,5,211.25,1056.25
11088,5579,27,5,494.12,2470.6
11089,5579,11,3,6.98,20.94
11090,5580,96,4,41.34,165.36
11091,5581,385,1,27.43,27.43
11092,5582,205,1,63.37,63.37
11093,5582,471,5,484.94,2424.7
11094,5582,61,3,175.71,527.13
11095,5583,119,1,226.91,226.91
11096,5583,280,1,260.54,260.54
11097,5584,357,4,142.75,571.0
11098,5584,10,5,156.97,784.85
11099,5584,108,4,332.74,1330.96
11100,5585,67,3,412.14,1236.42
11101,5585,25,3,391.22,1173.66
11102,5585,69,5,429.64,2148.2
11103,5586,74,2,470.55,941.1
11104,5586,186,4,487.33,1949.32
11105,5586,112,2,470.62,941.24
11106,5587,166,3,55.94,167.82
11107,5587,418,2,301.87,603.74
11108,5587,339,3,365.04,1095.12
11109,5588,151,4,386.23,1544.92
11110,5589,220,5,466.29,2331.45
11111,5589,450,3,16.49,49.47
11112,5589,357,3,33.4,100.2
11113,5590,264,5,75.15,375.75
11114,5590,162,1,349.2,349.2
11115,5590,448,4,431.03,1724.12
11116,5591,354,1,405.35,405.35
11117,5591,123,1,116.93,116.93
11118,5591,311,3,48.19,144.57
11119,5592,233,2,152.22,304.44
11120,5593,451,3,408.02,1224.06
11121,5593,443,4,439.4,1757.6
11122,5593,370,4,147.13,588.52
11123,5594,250,1,428.25,428.25
11124,5594,419,5,305.72,1528.6
11125,5595,123,2,136.87,273.74
11126,5595,120,3,481.2,1443.6
11127,5596,422,4,416.31,1665.24
11128,5596,354,1,228.62,228.62
11129,5597,484,1,93.5,93.5
11130,5598,283,2,336.14,672.28
11131,5598,393,5,469.72,2348.6
11132,5598,84,1,74.0,74.0
11133,5599,348,2,193.65,387.3
11134,5599,457,5,37.01,185.05
11135,5600,453,3,134.14,402.42
11136,5600,327,1,440.25,440.25
11137,5601,121,2,49.75,99.5
11138,5601,334,5,105.36,526.8
11139,5602,220,2,212.06,424.12
11140,5602,392,2,381.65,763.3
11141,5602,3,3,321.61,964.83
11142,5603,190,4,432.6,1730.4
11143,5604,190,3,374.13,1122.39
11144,5604,57,3,130.61,391.83
11145,5604,238,4,345.06,1380.24
11146,5605,212,5,189.48,947.4
11147,5605,484,5,174.98,874.9
11148,5605,162,1,452.56,452.56
11149,5606,166,1,283.39,283.39
11150,5606,167,3,192.36,577.08
11151,5607,177,4,294.25,1177.0
11152,5607,486,2,453.17,906.34
11153,5607,186,4,118.64,474.56
11154,5608,500,2,102.26,204.52
11155,5608,75,2,483.21,966.42
11156,5609,62,1,459.66,459.66
11157,5609,11,1,160.6,160.6
11158,5609,484,5,252.82,1264.1
11159,5610,20,4,319.14,1276.56
11160,5610,488,1,132.63,132.63
11161,5610,434,3,17.15,51.45
11162,5611,265,5,295.42,1477.1
11163,5611,469,3,491.24,1473.72
11164,5612,377,5,192.63,963.15
11165,5612,389,4,28.3,113.2
11166,5612,250,4,362.63,1450.52
11167,5613,229,5,48.69,243.45
11168,5613,159,4,414.91,1659.64
11169,5614,205,4,203.42,813.68
11170,5615,19,2,82.2,164.4
11171,5616,416,2,87.17,174.34
11172,5617,474,3,271.67,815.01
11173,5617,301,5,391.35,1956.75
11174,5617,352,4,400.8,1603.2
11175,5618,40,1,105.62,105.62
11176,5618,461,3,367.87,1103.61
11177,5619,346,5,22.1,110.5
11178,5619,485,4,339.59,1358.36
11179,5619,174,4,443.33,1773.32
11180,5620,211,2,290.32,580.64
11181,5620,464,4,420.34,1681.36
11182,5620,419,5,412.79,2063.95
11183,5621,139,1,271.3,271.3
11184,5621,187,2,132.44,264.88
11185,5622,269,1,153.52,153.52
11186,5622,8,2,459.91,919.82
11187,5623,236,5,274.19,1370.95
11188,5624,290,2,380.11,760.22
11189,5624,286,4,278.76,1115.04
11190,5624,467,2,361.99,723.98
11191,5625,422,1,98.5,98.5
11192,5625,329,2,277.56,555.12
11193,5625,233,5,464.22,2321.1
11194,5626,62,4,423.39,1693.56
11195,5626,206,3,212.06,636.18
11196,5627,496,3,290.51,871.53
11197,5627,362,3,236.33,708.99
11198,5628,214,1,435.96,435.96
11199,5629,77,4,347.89,1391.56
11200,5629,81,2,56.56,113.12
11201,5630,132,4,138.36,553.44
11202,5630,302,5,301.74,1508.7
11203,5631,9,2,430.05,860.1
11204,5631,131,1,273.12,273.12
11205,5631,393,1,156.75,156.75
11206,5632,21,4,35.44,141.76
11207,5633,428,5,323.42,1617.1
11208,5633,234,3,13.34,40.02
11209,5634,241,1,398.95,398.95
11210,5634,295,1,395.65,395.65
11211,5635,228,5,87.31,436.55
11212,5635,266,3,98.68,296.04
11213,5635,36,4,181.92,727.68
11214,5636,244,5,373.6,1868.0
11215,5636,101,2,324.46,648.92
11216,5637,100,4,410.02,1640.08
11217,5637,368,5,472.48,2362.4
11218,5637,315,5,402.32,2011.6
11219,5638,400,5,480.13,2400.65
11220,5638,491,4,423.01,1692.04
11221,5639,138,1,445.33,445.33
11222,5639,19,1,218.44,218.44
11223,5640,357,1,345.24,345.24
11224,5641,315,1,422.14,422.14
11225,5641,97,5,29.91,149.55
11226,5641,14,3,258.84,776.52
11227,5642,178,5,43.75,218.75
11228,5643,2,3,118.33,354.99
11229,5643,126,4,372.08,1488.32
11230,5644,255,2,439.8,879.6
11231,5644,132,2,137.6,275.2
11232,5645,384,5,206.87,1034.35
11233,5645,286,2,123.31,246.62
11234,5646,5,3,411.64,1234.92
11235,5646,266,4,341.38,1365.52
11236,5646,186,4,321.96,1287.84
11237,5647,89,2,32.63,65.26
11238,5647,494,5,167.95,839.75
11239,5648,481,5,433.39,2166.95
11240,5648,234,3,229.85,689.55
11241,5649,307,1,173.86,173.86
11242,5649,367,5,300.31,1501.55
11243,5649,16,3,52.9,158.7
11244,5650,362,5,56.46,282.3
11245,5651,162,3,9.64,28.92
11246,5652,191,4,214.19,856.76
11247,5652,110,4,476.5,1906.0
11248,5653,166,3,353.36,1060.08
11249,5653,336,1,390.88,390.88
11250,5654,274,5,317.77,1588.85
11251,5654,439,3,362.91,1088.73
11252,5654,235,5,232.82,1164.1
11253,5655,142,2,216.21,432.42
11254,5655,207,5,465.13,2325.65
11255,5655,224,2,46.6,93.2
11256,5656,365,4,75.09,300.36
11257,5656,210,5,418.28,2091.4
11258,5656,64,5,489.11,2445.55
11259,5657,405,5,350.86,1754.3
11260,5657,410,4,226.7,906.8
11261,5658,284,1,299.64,299.64
11262,5658,44,5,83.52,417.6
11263,5658,108,2,445.52,891.04
11264,5659,282,5,103.82,519.1
11265,5659,277,5,383.04,1915.2
11266,5660,359,5,77.23,386.15
11267,5660,154,4,71.98,287.92
11268,5661,410,2,382.77,765.54
11269,5662,197,1,154.3,154.3
11270,5662,302,4,154.19,616.76
11271,5662,90,5,31.61,158.05
11272,5663,209,3,363.18,1089.54
11273,5663,462,5,120.47,602.35
11274,5663,242,3,447.03,1341.09
11275,5664,176,5,497.74,2488.7
11276,5664,300,2,369.23,738.46
11277,5664,90,4,5.0,20.0
11278,5665,429,2,109.31,218.62
11279,5666,263,2,166.98,333.96
11280,5666,122,5,125.35,626.75
11281,5667,304,5,373.95,1869.75
11282,5667,126,1,407.68,407.68
11283,5668,53,1,290.43,290.43
11284,5669,141,2,467.66,935.32
11285,5669,323,4,122.31,489.24
11286,5670,385,5,168.34,841.7
11287,5671,401,4,417.66,1670.64
11288,5671,237,1,392.3,392.3
11289,5672,195,3,458.06,1374.18
11290,5672,434,4,108.81,435.24
11291,5672,420,4,305.26,1221.04
11292,5673,8,1,34.7,34.7
11293,5674,480,5,280.58,1402.9
11294,5675,152,5,378.63,1893.15
11295,5675,363,2,213.31,426.62
11296,5675,301,5,221.42,1107.1
11297,5676,238,5,221.18,1105.9
11298,5677,414,4,412.6,1650.4
11299,5677,112,4,321.24,1284.96
11300,5678,353,2,385.98,771.96
11301,5678,168,3,186.76,560.28
11302,5678,121,3,316.98,950.94
11303,5679,18,4,254.67,1018.68
11304,5679,43,5,434.73,2173.65
11305,5680,39,3,436.69,1310.07
11306,5680,174,5,242.21,1211.05
11307,5681,472,3,235.14,705.42
11308,5681,74,3,276.22,828.66
11309,5681,114,1,442.63,442.63
11310,5682,219,1,410.5,410.5
11311,5683,125,1,107.7,107.7
11312,5683,416,5,227.27,1136.35
11313,5684,268,4,454.31,1817.24
11314,5684,487,2,413.24,826.48
11315,5684,385,1,132.33,132.33
11316,5685,69,5,421.36,2106.8
11317,5686,462,4,40.42,161.68
11318,5686,224,2,343.64,687.28
11319,5686,391,5,227.16,1135.8
11320,5687,124,2,215.78,431.56
11321,5688,348,3,386.97,1160.91
11322,5689,407,4,477.08,1908.32
11323,5690,231,2,461.89,923.78
11324,5690,243,1,450.13,450.13
11325,5691,95,1,57.9,57.9
11326,5691,129,5,219.87,1099.35
11327,5691,68,4,47.17,188.68
11328,5692,106,4,143.89,575.56
11329,5692,399,1,99.19,99.19
11330,5692,167,5,148.71,743.55
11331,5693,79,5,257.27,1286.35
11332,5693,487,2,104.98,209.96
11333,5693,480,5,140.09,700.45
11334,5694,258,3,394.38,1183.14
11335,5695,56,5,401.31,2006.55
11336,5696,44,3,313.39,940.17
11337,5696,438,5,470.77,2353.85
11338,5697,187,5,299.2,1496.0
11339,5697,487,5,342.07,1710.35
11340,5698,364,3,217.23,651.69
11341,5698,457,2,84.02,168.04
11342,5699,29,2,437.16,874.32
11343,5700,241,4,66.33,265.32
11344,5701,335,2,215.11,430.22
11345,5702,42,1,7.31,7.31
11346,5702,189,5,86.93,434.65
11347,5703,32,2,415.34,830.68
11348,5703,299,4,276.16,1104.64
11349,5703,215,3,214.15,642.45
11350,5704,177,1,357.6,357.6
11351,5704,61,2,208.84,417.68
11352,5705,109,1,109.35,109.35
11353,5705,450,4,128.09,512.36
11354,5705,448,4,37.34,149.36
11355,5706,155,5,169.76,848.8
11356,5707,79,5,312.23,1561.15
11357,5707,500,2,453.24,906.48
11358,5708,201,1,190.68,190.68
11359,5709,57,4,35.34,141.36
11360,5710,368,4,149.7,598.8
11361,5710,418,2,201.02,402.04
11362,5710,2,2,53.56,107.12
11363,5711,328,2,73.04,146.08
11364,5711,397,4,368.72,1474.88
11365,5711,320,5,366.32,1831.6
11366,5712,190,3,320.74,962.22
11367,5712,146,2,288.14,576.28
11368,5713,373,1,235.31,235.31
11369,5713,18,3,496.29,1488.87
11370,5713,479,5,257.34,1286.7
11371,5714,433,5,417.3,2086.5
11372,5715,342,2,440.79,881.58
11373,5715,162,4,187.37,749.48
11374,5715,114,3,138.14,414.42
11375,5716,358,3,275.52,826.56
11376,5716,374,1,60.0,60.0
11377,5716,55,1,435.71,435.71
11378,5717,476,3,304.14,912.42
11379,5717,142,4,115.21,460.84
11380,5717,408,5,78.02,390.1
11381,5718,285,2,315.94,631.88
11382,5719,17,1,464.29,464.29
11383,5720,316,2,328.87,657.74
11384,5720,469,1,136.43,136.43
11385,5721,100,3,140.59,421.77
11386,5722,347,1,21.44,21.44
11387,5722,367,5,172.31,861.55
11388,5723,355,4,149.48,597.92
11389,5724,194,5,159.26,796.3
11390,5724,156,1,30.91,30.91
11391,5724,5,2,206.28,412.56
11392,5725,448,2,209.42,418.84
11393,5725,371,3,463.6,1390.8
11394,5726,171,3,442.39,1327.17
11395,5726,27,4,301.17,1204.68
11396,5727,51,4,30.73,122.92
11397,5727,145,1,383.48,383.48
11398,5728,109,2,122.19,244.38
11399,5728,19,1,396.67,396.67
11400,5729,206,2,362.89,725.78
11401,5729,369,4,359.73,1438.92
11402,5729,444,1,118.46,118.46
11403,5730,53,1,36.23,36.23
11404,5730,431,5,400.02,2000.1
11405,5730,494,4,31.06,124.24
11406,5731,263,5,464.68,2323.4
11407,5731,129,4,491.64,1966.56
11408,5732,141,4,73.92,295.68
11409,5732,317,1,316.1,316.1
11410,5733,151,5,209.21,1046.05
11411,5734,76,3,127.2,381.6
11412,5734,206,1,470.71,470.71
11413,5734,96,5,223.49,1117.45
11414,5735,489,4,130.93,523.72
11415,5735,265,1,105.0,105.0
11416,5736,254,3,323.84,971.52
11417,5736,54,5,43.21,216.05
11418,5737,46,4,458.48,1833.92
11419,5737,23,4,414.45,1657.8
11420,5738,313,1,307.44,307.44
11421,5738,207,3,306.65,919.95
11422,5738,5,2,146.41,292.82
11423,5739,276,2,320.83,641.66
11424,5739,475,2,32.42,64.84
11425,5739,271,4,235.8,943.2
11426,5740,346,2,275.66,551.32
11427,5740,342,3,42.09,126.27
11428,5741,410,3,89.84,269.52
11429,5741,359,1,326.58,326.58
11430,5742,113,1,369.14,369.14
11431,5742,19,3,377.37,1132.11
11432,5743,352,5,497.01,2485.05
11433,5743,469,3,443.72,1331.16
11434,5743,247,3,108.73,326.19
11435,5744,448,3,18.91,56.73
11436,5744,24,5,378.68,1893.4
11437,5744,391,5,229.07,1145.35
11438,5745,291,4,143.11,572.44
11439,5746,144,4,327.77,1311.08
11440,5746,20,3,208.46,625.38
11441,5746,132,1,424.69,424.69
11442,5747,61,4,158.53,634.12
11443,5748,329,2,426.1,852.2
11444,5748,459,4,436.23,1744.92
11445,5749,488,3,341.99,1025.97
11446,5749,184,4,348.83,1395.32
11447,5749,179,4,390.43,1561.72
11448,5750,404,3,488.61,1465.83
11449,5751,284,5,487.14,2435.7
11450,5751,3,5,435.73,2178.65
11451,5751,449,2,484.43,968.86
11452,5752,106,3,104.66,313.98
11453,5752,246,4,34.47,137.88
11454,5753,159,5,364.2,1821.0
11455,5753,194,4,276.65,1106.6
11456,5753,319,3,349.37,1048.11
11457,5754,286,4,442.5,1770.0
11458,5755,156,3,426.7,1280.1
11459,5756,205,3,377.85,1133.55
11460,5756,351,4,213.26,853.04
11461,5757,280,2,34.6,69.2
11462,5757,185,2,50.17,100.34
11463,5757,452,3,41.38,124.14
11464,5758,280,3,371.11,1113.33
11465,5758,62,5,215.22,1076.1
11466,5758,254,4,219.7,878.8
11467,5759,76,2,244.26,488.52
11468,5759,373,2,170.05,340.1
11469,5760,115,2,333.47,666.94
11470,5761,192,5,365.05,1825.25
11471,5761,494,5,222.74,1113.7
11472,5761,143,4,89.92,359.68
11473,5762,185,2,425.8,851.6
11474,5762,457,3,17.63,52.89
11475,5762,254,4,243.66,974.64
11476,5763,450,3,282.16,846.48
11477,5763,161,5,486.45,2432.25
11478,5763,438,4,306.26,1225.04
11479,5764,16,3,283.43,850.29
11480,5764,350,5,212.41,1062.05
11481,5764,181,5,439.08,2195.4
11482,5765,304,5,187.52,937.6
11483,5765,319,2,37.11,74.22
11484,5765,330,2,187.93,375.86
11485,5766,98,1,157.49,157.49
11486,5766,189,3,140.39,421.17
11487,5767,64,3,6.6,19.8
11488,5768,155,1,90.78,90.78
11489,5768,234,3,417.81,1253.43
11490,5769,170,1,185.14,185.14
11491,5770,474,2,92.71,185.42
11492,5770,322,5,244.9,1224.5
11493,5770,408,2,142.04,284.08
11494,5771,417,1,53.78,53.78
11495,5771,79,2,498.77,997.54
11496,5772,142,3,152.85,458.55
11497,5772,439,4,326.76,1307.04
11498,5773,124,3,225.97,677.91
11499,5773,83,4,7.18,28.72
11500,5774,142,4,270.75,1083.0
11501,5774,36,5,34.86,174.3
11502,5775,311,4,68.88,275.52
11503,5776,18,4,180.07,720.28
11504,5776,190,1,368.91,368.91
11505,5776,419,1,443.08,443.08
11506,5777,147,5,245.67,1228.35
11507,5777,367,2,499.3,998.6
11508,5777,487,3,5.66,16.98
11509,5778,408,4,262.16,1048.64
11510,5779,254,5,162.4,812.0
11511,5779,178,2,421.14,842.28
11512,5780,225,5,406.8,2034.0
11513,5780,165,2,63.79,127.58
11514,5780,114,3,334.66,1003.98
11515,5781,146,4,143.49,573.96
11516,5781,14,4,457.45,1829.8
11517,5781,369,3,493.1,1479.3
11518,5782,253,1,302.06,302.06
11519,5783,426,1,18.7,18.7
11520,5784,180,3,426.25,1278.75
11521,5784,419,3,407.0,1221.0
11522,5785,235,5,403.13,2015.65
11523,5785,453,3,300.95,902.85
11524,5786,491,1,8.47,8.47
11525,5786,51,3,102.5,307.5
11526,5786,140,1,374.56,374.56
11527,5787,179,3,149.53,448.59
11528,5787,360,1,306.45,306.45
11529,5787,131,2,111.14,222.28
11530,5788,114,5,183.93,919.65
11531,5788,320,2,50.32,100.64
11532,5789,64,4,30.07,120.28
11533,5789,224,1,367.97,367.97
11534,5789,381,2,52.78,105.56
11535,5790,447,3,447.36,1342.08
11536,5790,430,4,384.95,1539.8
11537,5791,179,1,386.73,386.73
11538,5792,40,1,65.69,65.69
11539,5792,232,4,327.8,1311.2
11540,5792,348,1,151.62,151.62
11541,5793,148,2,77.61,155.22
11542,5793,9,2,170.5,341.0
11543,5793,248,4,196.91,787.64
11544,5794,481,2,385.63,771.26
11545,5794,364,3,103.03,309.09
11546,5794,449,4,74.9,299.6
11547,5795,246,2,387.82,775.64
11548,5795,349,4,142.07,568.28
11549,5796,461,4,309.86,1239.44
11550,5797,376,1,139.72,139.72
11551,5798,258,5,187.57,937.85
11552,5798,468,1,479.07,479.07
11553,5798,202,3,374.56,1123.68
11554,5799,54,1,149.04,149.04
11555,5800,370,2,65.65,131.3
11556,5800,55,3,44.15,132.45
11557,5801,186,2,373.72,747.44
11558,5801,454,5,334.7,1673.5
11559,5802,398,5,453.04,2265.2
11560,5802,445,1,77.24,77.24
11561,5802,364,4,63.45,253.8
11562,5803,499,3,422.37,1267.11
11563,5803,122,3,199.84,599.52
11564,5803,283,2,373.96,747.92
11565,5804,121,1,471.31,471.31
11566,5804,268,3,461.65,1384.95
11567,5804,107,4,193.71,774.84
11568,5805,382,3,374.13,1122.39
11569,5806,329,4,81.77,327.08
11570,5806,331,4,5.63,22.52
11571,5807,149,3,290.73,872.19
11572,5807,87,3,499.28,1497.84
11573,5808,434,3,446.03,1338.09
11574,5809,179,2,255.95,511.9
11575,5809,410,3,146.24,438.72
11576,5810,443,1,197.25,197.25
11577,5811,408,2,281.49,562.98
11578,5811,267,3,457.84,1373.52
11579,5812,67,3,350.28,1050.84
11580,5812,281,2,383.37,766.74
11581,5813,47,3,419.14,1257.42
11582,5813,351,4,36.37,145.48
11583,5813,164,5,8.59,42.95
11584,5814,61,5,274.64,1373.2
11585,5815,273,4,23.58,94.32
11586,5816,23,3,306.09,918.27
11587,5817,203,3,221.17,663.51
11588,5817,133,5,398.94,1994.7
11589,5818,456,2,242.13,484.26
11590,5818,451,2,378.66,757.32
11591,5819,46,5,85.47,427.35
11592,5819,280,3,309.57,928.71
11593,5820,454,1,138.65,138.65
11594,5821,119,5,352.69,1763.45
11595,5821,289,4,301.61,1206.44
11596,5822,456,3,411.68,1235.04
11597,5822,478,3,326.04,978.12
11598,5822,288,2,311.36,622.72
11599,5823,87,4,51.41,205.64
11600,5823,80,2,370.22,740.44
11601,5824,360,3,208.61,625.83
11602,5825,316,1,104.44,104.44
11603,5826,152,4,405.45,1621.8
11604,5827,68,5,74.18,370.9
11605,5828,132,4,421.1,1684.4
11606,5828,427,5,113.66,568.3
11607,5829,464,2,235.05,470.1
11608,5830,213,4,281.63,1126.52
11609,5830,85,2,290.75,581.5
11610,5830,120,4,429.75,1719.0
11611,5831,69,2,459.97,919.94
11612,5831,157,1,288.74,288.74
11613,5832,239,5,95.56,477.8
11614,5832,458,1,349.7,349.7
11615,5832,181,4,376.46,1505.84
11616,5833,474,5,162.95,814.75
11617,5833,416,3,379.87,1139.61
11618,5834,125,5,145.95,729.75
11619,5834,369,5,427.39,2136.95
11620,5835,265,3,477.5,1432.5
11621,5835,154,5,70.83,354.15
11622,5835,83,3,258.01,774.03
11623,5836,461,4,385.29,1541.16
11624,5837,195,4,495.9,1983.6
11625,5837,486,3,285.28,855.84
11626,5837,463,4,248.31,993.24
11627,5838,95,3,283.01,849.03
11628,5839,178,4,99.23,396.92
11629,5839,342,5,106.98,534.9
11630,5840,298,4,389.23,1556.92
11631,5840,419,5,359.82,1799.1
11632,5841,402,5,364.84,1824.2
11633,5841,120,1,443.62,443.62
11634,5841,175,4,432.43,1729.72
11635,5842,229,1,383.39,383.39
11636,5843,408,1,390.21,390.21
11637,5843,206,2,249.62,499.24
11638,5843,167,1,237.94,237.94
11639,5844,164,2,231.78,463.56
11640,5844,355,5,165.54,827.7
11641,5844,338,3,322.2,966.6
11642,5845,426,1,178.17,178.17
11643,5845,148,4,450.37,1801.48
11644,5845,301,2,221.79,443.58
11645,5846,309,3,377.42,1132.26
11646,5846,50,4,474.58,1898.32
11647,5847,33,4,296.54,1186.16
11648,5847,189,2,401.2,802.4
11649,5847,454,1,22.24,22.24
11650,5848,420,2,337.42,674.84
11651,5849,422,3,180.42,541.26
11652,5849,224,3,347.95,1043.85
11653,5850,71,2,426.48,852.96
11654,5850,338,1,38.83,38.83
11655,5850,207,2,26.92,53.84
11656,5851,32,4,477.79,1911.16
11657,5851,209,2,102.07,204.14
11658,5852,259,3,311.69,935.07
11659,5852,328,2,13.9,27.8
11660,5852,90,5,94.09,470.45
11661,5853,386,4,81.5,326.0
11662,5853,21,3,233.2,699.6
11663,5853,57,2,165.47,330.94
11664,5854,135,2,31.91,63.82
11665,5855,45,1,425.68,425.68
11666,5855,295,4,199.13,796.52
11667,5855,156,5,90.52,452.6
11668,5856,47,5,128.94,644.7
11669,5856,494,4,443.75,1775.0
11670,5856,36,2,234.67,469.34
11671,5857,296,2,309.79,619.58
11672,5857,499,3,190.05,570.15
11673,5857,155,1,128.76,128.76
11674,5858,296,1,271.79,271.79
11675,5858,32,5,119.91,599.55
11676,5859,239,3,252.89,758.67
11677,5860,381,3,354.92,1064.76
11678,5860,101,4,412.21,1648.84
11679,5860,6,2,224.36,448.72
11680,5861,300,2,385.05,770.1
11681,5862,248,5,156.22,781.1
11682,5863,173,3,415.52,1246.56
11683,5863,298,4,449.96,1799.84
11684,5864,145,3,323.38,970.14
11685,5864,500,5,394.36,1971.8
11686,5865,215,4,145.05,580.2
11687,5865,166,2,16.1,32.2
11688,5866,229,5,405.47,2027.35
11689,5867,491,4,481.31,1925.24
11690,5867,24,1,132.51,132.51
11691,5868,218,4,429.99,1719.96
11692,5868,467,3,356.65,1069.95
11693,5869,462,1,370.11,370.11
11694,5870,84,2,464.46,928.92
11695,5870,179,4,305.81,1223.24
11696,5870,413,3,319.64,958.92
11697,5871,430,4,477.29,1909.16
11698,5871,370,1,146.08,146.08
11699,5871,150,5,302.37,1511.85
11700,5872,180,3,174.64,523.92
11701,5873,103,3,413.78,1241.34
11702,5873,41,2,36.96,73.92
11703,5873,430,4,490.6,1962.4
11704,5874,379,1,117.14,117.14
11705,5874,109,1,272.79,272.79
11706,5874,65,4,498.87,1995.48
11707,5875,71,4,353.92,1415.68
11708,5875,403,1,43.73,43.73
11709,5876,444,5,240.11,1200.55
11710,5877,85,5,464.2,2321.0
11711,5878,340,4,72.93,291.72
11712,5879,240,2,170.69,341.38
11713,5879,51,4,485.8,1943.2
11714,5880,431,2,326.7,653.4
11715,5880,102,3,463.99,1391.97
11716,5881,250,2,228.3,456.6
11717,5881,413,5,440.26,2201.3
11718,5881,126,1,292.66,292.66
11719,5882,302,5,457.24,2286.2
11720,5882,27,1,34.13,34.13
11721,5883,258,4,419.23,1676.92
11722,5883,493,2,375.6,751.2
11723,5884,29,4,21.13,84.52
11724,5884,202,5,286.99,1434.95
11725,5884,219,3,177.0,531.0
11726,5885,109,3,30.53,91.59
11727,5885,48,1,427.73,427.73
11728,5886,164,4,60.68,242.72
11729,5887,225,2,210.94,421.88
11730,5888,146,4,62.69,250.76
11731,5888,222,1,223.09,223.09
11732,5889,224,3,134.01,402.03
11733,5890,413,3,490.17,1470.51
11734,5890,449,1,65.43,65.43
11735,5891,401,2,424.65,849.3
11736,5891,7,5,387.52,1937.6
11737,5892,440,4,499.24,1996.96
11738,5892,167,3,119.86,359.58
11739,5893,406,1,167.16,167.16
11740,5893,383,3,363.27,1089.81
11741,5894,390,4,59.01,236.04
11742,5894,287,2,368.56,737.12
11743,5895,140,5,15.27,76.35
11744,5896,72,5,95.0,475.0
11745,5896,322,5,419.2,2096.0
11746,5897,268,4,278.67,1114.68
11747,5897,245,5,353.9,1769.5
11748,5897,469,1,326.21,326.21
11749,5898,171,4,236.23,944.92
11750,5898,81,1,397.81,397.81
11751,5899,6,5,477.23,2386.15
11752,5899,102,2,351.4,702.8
11753,5900,59,5,311.92,1559.6
11754,5901,467,5,9.99,49.95
11755,5901,160,5,364.87,1824.35
11756,5902,455,4,346.77,1387.08
11757,5902,488,4,70.34,281.36
11758,5902,38,5,380.07,1900.35
11759,5903,192,1,32.38,32.38
11760,5903,42,5,328.93,1644.65
11761,5903,358,3,446.14,1338.42
11762,5904,248,5,114.4,572.0
11763,5905,381,5,421.73,2108.65
11764,5906,155,2,102.35,204.7
11765,5907,473,4,400.06,1600.24
11766,5907,263,2,245.38,490.76
11767,5908,143,3,122.74,368.22
11768,5909,122,2,375.57,751.14
11769,5910,310,5,436.18,2180.9
11770,5911,497,1,309.41,309.41
11771,5911,275,4,111.92,447.68
11772,5911,205,1,241.37,241.37
11773,5912,86,2,151.58,303.16
11774,5912,192,4,249.09,996.36
11775,5912,358,5,8.45,42.25
11776,5913,418,5,40.94,204.7
11777,5914,26,1,62.35,62.35
11778,5914,478,3,100.36,301.08
11779,5914,452,2,304.59,609.18
11780,5915,398,2,13.07,26.14
11781,5915,152,2,41.13,82.26
11782,5915,155,4,167.14,668.56
11783,5916,130,2,302.72,605.44
11784,5916,58,1,209.47,209.47
11785,5917,231,2,444.37,888.74
11786,5918,321,4,468.75,1875.0
11787,5918,353,5,396.76,1983.8
11788,5919,96,3,439.4,1318.2
11789,5920,35,1,36.09,36.09
11790,5920,132,2,210.49,420.98
11791,5920,152,1,151.67,151.67
11792,5921,396,1,458.62,458.62
11793,5922,485,4,105.68,422.72
11794,5923,203,3,416.77,1250.31
11795,5924,88,5,218.83,1094.15
11796,5924,214,2,402.86,805.72
11797,5925,403,4,299.0,1196.0
11798,5926,160,2,304.12,608.24
11799,5926,111,3,283.38,850.14
11800,5926,253,2,446.65,893.3
11801,5927,91,5,402.25,2011.25
11802,5927,180,2,39.96,79.92
11803,5927,265,4,163.32,653.28
11804,5928,16,2,253.46,506.92
11805,5928,153,5,335.71,1678.55
11806,5928,384,4,263.58,1054.32
11807,5929,124,2,117.8,235.6
11808,5929,302,4,293.93,1175.72
11809,5930,301,4,206.53,826.12
11810,5930,463,2,396.25,792.5
11811,5931,61,2,257.67,515.34
11812,5932,125,1,100.15,100.15
11813,5933,145,1,144.96,144.96
11814,5933,478,2,296.33,592.66
11815,5934,264,5,156.13,780.65
11816,5934,235,4,12.01,48.04
11817,5935,274,5,274.51,1372.55
11818,5935,235,2,23.87,47.74
11819,5936,109,5,52.94,264.7
11820,5936,3,5,312.81,1564.05
11821,5937,408,5,411.98,2059.9
11822,5937,74,1,301.06,301.06
11823,5937,154,2,40.53,81.06
11824,5938,237,1,192.9,192.9
11825,5939,64,4,279.48,1117.92
11826,5939,400,2,314.94,629.88
11827,5939,230,3,120.18,360.54
11828,5940,242,5,452.02,2260.1
11829,5940,214,1,401.24,401.24
11830,5940,366,2,497.3,994.6
11831,5941,373,4,251.56,1006.24
11832,5941,185,5,293.47,1467.35
11833,5942,393,2,457.63,915.26
11834,5943,461,1,262.92,262.92
11835,5943,97,5,453.35,2266.75
11836,5943,299,2,243.44,486.88
11837,5944,198,1,150.25,150.25
11838,5945,62,5,178.07,890.35
11839,5945,16,5,275.92,1379.6
11840,5945,458,4,441.97,1767.88
11841,5946,357,5,117.99,589.95
11842,5947,401,5,154.24,771.2
11843,5947,411,4,27.9,111.6
11844,5947,352,4,137.62,550.48
11845,5948,410,1,441.29,441.29
11846,5948,95,2,53.53,107.06
11847,5948,138,4,400.46,1601.84
11848,5949,55,4,75.62,302.48
11849,5949,75,3,86.54,259.62
11850,5949,315,4,143.28,573.12
11851,5950,449,5,43.25,216.25
11852,5950,272,1,356.59,356.59
11853,5951,61,1,191.33,191.33
11854,5951,416,5,350.74,1753.7
11855,5952,418,2,233.81,467.62
11856,5952,493,4,373.65,1494.6
11857,5953,395,3,132.03,396.09
11858,5953,256,3,92.33,276.99
11859,5954,320,4,74.18,296.72
11860,5954,124,1,82.63,82.63
11861,5955,167,2,141.32,282.64
11862,5955,77,1,70.39,70.39
11863,5955,439,3,309.74,929.22
11864,5956,134,2,194.51,389.02
11865,5956,52,4,37.27,149.08
11866,5956,307,3,14.15,42.45
11867,5957,159,1,102.22,102.22
11868,5957,190,1,156.99,156.99
11869,5958,52,2,221.83,443.66
11870,5958,386,5,314.12,1570.6
11871,5958,291,1,122.31,122.31
11872,5959,232,5,393.4,1967.0
11873,5960,118,5,14.61,73.05
11874,5960,369,2,105.74,211.48
11875,5961,472,3,6.88,20.64
11876,5961,357,5,297.94,1489.7
11877,5961,499,3,360.41,1081.23
11878,5962,362,2,165.08,330.16
11879,5962,370,4,420.61,1682.44
11880,5963,200,1,355.93,355.93
11881,5963,402,2,69.62,139.24
11882,5964,430,5,253.79,1268.95
11883,5964,141,2,383.09,766.18
11884,5965,446,2,165.1,330.2
11885,5965,103,4,276.42,1105.68
11886,5966,14,3,397.2,1191.6
11887,5966,229,1,444.88,444.88
11888,5967,187,4,152.99,611.96
11889,5967,229,3,357.73,1073.19
11890,5968,293,3,230.6,691.8
11891,5968,110,5,142.6,713.0
11892,5969,391,1,424.71,424.71
11893,5969,409,3,90.84,272.52
11894,5970,417,1,316.89,316.89
11895,5970,152,3,484.28,1452.84
11896,5970,159,1,183.53,183.53
11897,5971,58,2,203.54,407.08
11898,5972,464,4,227.35,909.4
11899,5972,63,2,90.63,181.26
11900,5973,193,2,294.25,588.5
11901,5974,277,3,424.42,1273.26
11902,5975,409,5,20.7,103.5
11903,5976,108,4,64.18,256.72
11904,5977,174,3,304.47,913.41
11905,5977,432,2,141.66,283.32
11906,5977,232,3,124.7,374.1
11907,5978,26,1,184.68,184.68
11908,5979,78,2,443.24,886.48
11909,5980,359,5,124.79,623.95
11910,5980,161,4,354.13,1416.52
11911,5981,322,3,150.4,451.2
11912,5981,323,2,416.51,833.02
11913,5981,231,2,259.31,518.62
11914,5982,26,1,476.86,476.86
11915,5982,474,1,219.41,219.41
11916,5982,416,4,25.15,100.6
11917,5983,452,5,451.54,2257.7
11918,5984,249,2,416.57,833.14
11919,5984,81,3,456.9,1370.7
11920,5984,36,2,219.94,439.88
11921,5985,141,4,375.01,1500.04
11922,5986,190,5,131.33,656.65
11923,5986,129,4,246.32,985.28
11924,5987,481,5,80.27,401.35
11925,5987,364,4,408.25,1633.0
11926,5988,150,5,278.99,1394.95
11927,5988,332,4,233.07,932.28
11928,5988,178,1,330.05,330.05
11929,5989,95,5,297.09,1485.45
11930,5989,451,5,368.17,1840.85
11931,5989,225,3,290.64,871.92
11932,5990,453,4,93.0,372.0
11933,5990,263,3,347.77,1043.31
11934,5991,272,2,485.05,970.1
11935,5992,285,2,376.55,753.1
11936,5992,430,4,465.93,1863.72
11937,5992,476,3,62.38,187.14
11938,5993,109,5,72.26,361.3
11939,5993,258,5,23.91,119.55
11940,5993,338,1,463.49,463.49
11941,5994,64,4,320.46,1281.84
11942,5994,50,5,281.66,1408.3
11943,5995,446,5,323.91,1619.55
11944,5995,381,5,466.68,2333.4
11945,5996,374,5,297.02,1485.1
11946,5996,447,3,399.73,1199.19
11947,5996,490,1,246.32,246.32
11948,5997,335,3,489.46,1468.38
11949,5997,271,3,213.36,640.08
11950,5998,132,3,325.57,976.71
11951,5998,196,2,457.11,914.22
11952,5998,377,5,201.94,1009.7
11953,5999,117,3,181.35,544.05
11954,5999,234,1,60.16,60.16
11955,5999,229,5,414.6,2073.0
11956,6000,459,3,163.07,489.21
11957,6000,250,5,458.45,2292.25
11958,6000,200,2,214.46,428.92
11959,6001,53,3,489.85,1469.55
11960,6001,196,4,152.18,608.72
11961,6002,256,4,269.03,1076.12
11962,6002,303,2,234.14,468.28
11963,6002,300,3,444.26,1332.78
11964,6003,427,1,106.33,106.33
11965,6003,446,4,188.46,753.84
11966,6004,135,1,421.12,421.12
11967,6004,179,5,218.59,1092.95
11968,6005,180,2,29.56,59.12
11969,6005,71,4,167.92,671.68
11970,6005,383,3,383.79,1151.37
11971,6006,96,3,458.67,1376.01
11972,6006,177,1,50.01,50.01
11973,6006,411,1,452.69,452.69
11974,6007,329,1,229.41,229.41
11975,6007,402,2,9.53,19.06
11976,6007,100,1,190.29,190.29
11977,6008,442,4,228.27,913.08
11978,6008,428,5,459.49,2297.45
11979,6008,309,2,287.96,575.92
11980,6009,191,1,105.23,105.23
11981,6009,145,4,432.12,1728.48
11982,6010,290,3,425.48,1276.44
11983,6011,386,3,96.68,290.04
11984,6011,290,5,210.94,1054.7
11985,6012,410,1,257.78,257.78
11986,6013,307,3,319.78,959.34
11987,6013,214,3,298.84,896.52
11988,6013,422,3,122.04,366.12
11989,6014,495,5,302.66,1513.3
11990,6014,39,4,410.38,1641.52
11991,6015,314,1,17.86,17.86
11992,6015,204,5,484.84,2424.2
11993,6016,474,5,390.93,1954.65
11994,6016,72,4,317.14,1268.56
11995,6016,321,3,87.14,261.42
11996,6017,10,4,494.02,1976.08
11997,6018,73,5,388.38,1941.9
11998,6018,169,3,395.87,1187.61
11999,6018,32,5,381.76,1908.8
12000,6019,71,1,243.54,243.54
12001,6019,115,3,130.51,391.53
12002,6020,261,2,15.76,31.52
12003,6020,435,5,446.11,2230.55
12004,6021,409,1,22.88,22.88
12005,6022,204,3,466.16,1398.48
12006,6022,8,2,118.73,237.46
12007,6022,281,3,12.67,38.01
12008,6023,493,2,357.43,714.86
12009,6023,13,5,430.48,2152.4
12010,6023,309,5,368.86,1844.3
12011,6024,143,4,170.84,683.36
12012,6025,283,1,176.4,176.4
12013,6025,178,5,193.23,966.15
12014,6025,170,4,460.66,1842.64
12015,6026,309,1,161.06,161.06
12016,6026,367,2,434.25,868.5
12017,6026,36,4,132.97,531.88
12018,6027,26,3,259.48,778.44
12019,6027,477,5,391.56,1957.8
12020,6027,182,3,205.15,615.45
12021,6028,401,5,404.17,2020.85
12022,6029,131,4,43.62,174.48
12023,6030,335,3,382.6,1147.8
12024,6030,184,1,495.8,495.8
12025,6030,438,4,422.0,1688.0
12026,6031,275,1,290.22,290.22
12027,6031,485,1,462.77,462.77
12028,6031,464,2,437.86,875.72
12029,6032,316,5,384.2,1921.0
12030,6032,142,2,213.36,426.72
12031,6033,395,4,345.3,1381.2
12032,6033,111,3,192.01,576.03
12033,6033,245,3,476.49,1429.47
12034,6034,253,2,481.1,962.2
12035,6034,63,2,307.18,614.36
12036,6035,466,4,485.63,1942.52
12037,6036,415,1,323.91,323.91
12038,6037,329,3,365.12,1095.36
12039,6038,214,1,159.82,159.82
12040,6038,246,5,409.42,2047.1
12041,6038,123,1,74.56,74.56
12042,6039,125,1,63.64,63.64
12043,6040,350,2,360.17,720.34
12044,6040,384,1,224.35,224.35
12045,6040,256,3,44.87,134.61
12046,6041,414,3,335.02,1005.06
12047,6041,407,5,191.48,957.4
12048,6041,231,4,8.78,35.12
12049,6042,99,3,274.21,822.63
12050,6042,406,1,202.55,202.55
12051,6043,308,4,62.89,251.56
12052,6043,10,5,221.61,1108.05
12053,6044,163,5,78.4,392.0
12054,6044,489,2,365.05,730.1
12055,6045,493,3,165.69,497.07
12056,6045,489,5,246.16,1230.8
12057,6046,96,5,295.29,1476.45
12058,6047,474,2,344.67,689.34
12059,6047,250,3,141.33,423.99
12060,6047,494,4,209.84,839.36
12061,6048,246,3,349.0,1047.0
12062,6048,444,3,466.68,1400.04
12063,6048,247,1,205.59,205.59
12064,6049,207,2,367.45,734.9
12065,6050,100,5,220.88,1104.4
12066,6050,396,1,412.28,412.28
12067,6050,219,1,422.78,422.78
12068,6051,205,1,368.83,368.83
12069,6052,151,5,94.22,471.1
12070,6052,491,5,174.36,871.8
12071,6053,209,2,214.09,428.18
12072,6054,259,2,257.45,514.9
12073,6054,267,2,175.76,351.52
12074,6054,408,3,289.23,867.69
12075,6055,139,3,191.37,574.11
12076,6055,84,3,165.51,496.53
12077,6055,207,1,450.52,450.52
12078,6056,397,4,11.92,47.68
12079,6056,278,2,499.14,998.28
12080,6056,296,1,319.74,319.74
12081,6057,84,2,164.22,328.44
12082,6057,268,2,33.36,66.72
12083,6057,73,4,463.06,1852.24
12084,6058,397,4,308.05,1232.2
12085,6058,19,3,197.48,592.44
12086,6058,172,5,67.04,335.2
12087,6059,56,1,497.27,497.27
12088,6059,468,5,197.74,988.7
12089,6059,146,2,471.28,942.56
12090,6060,349,3,234.14,702.42
12091,6060,269,5,158.16,790.8
12092,6061,450,1,286.71,286.71
12093,6062,184,3,266.73,800.19
12094,6062,286,5,417.25,2086.25
12095,6062,354,5,32.2,161.0
12096,6063,125,4,493.44,1973.76
12097,6063,422,3,446.16,1338.48
12098,6063,435,5,297.32,1486.6
12099,6064,207,2,470.77,941.54
12100,6064,350,3,114.37,343.11
12101,6065,139,1,160.72,160.72
12102,6066,242,2,389.61,779.22
12103,6066,441,4,235.73,942.92
12104,6066,470,3,68.97,206.91
12105,6067,343,3,365.16,1095.48
12106,6067,361,1,385.49,385.49
12107,6068,143,1,317.8,317.8
12108,6068,110,2,387.7,775.4
12109,6069,223,2,253.6,507.2
12110,6070,115,5,23.26,116.3
12111,6071,222,1,398.33,398.33
12112,6071,455,1,74.3,74.3
12113,6071,129,1,143.21,143.21
12114,6072,107,3,428.84,1286.52
12115,6073,452,4,65.0,260.0
12116,6073,180,1,356.15,356.15
12117,6073,345,1,96.22,96.22
12118,6074,178,1,194.79,194.79
12119,6074,164,2,204.36,408.72
12120,6074,114,5,496.18,2480.9
12121,6075,409,3,27.62,82.86
12122,6076,206,4,159.31,637.24
12123,6077,487,1,236.33,236.33
12124,6077,439,5,314.48,1572.4
12125,6078,58,3,276.71,830.13
12126,6078,485,4,412.44,1649.76
12127,6079,334,5,153.14,765.7
12128,6080,27,3,72.46,217.38
12129,6080,60,3,268.85,806.55
12130,6080,450,4,57.26,229.04
12131,6081,329,2,90.3,180.6
12132,6082,122,2,171.9,343.8
12133,6082,443,4,432.21,1728.84
12134,6083,264,2,195.05,390.1
12135,6083,308,3,129.92,389.76
12136,6083,337,2,153.07,306.14
12137,6084,204,3,159.88,479.64
12138,6084,213,4,485.96,1943.84
12139,6084,357,1,488.2,488.2
12140,6085,79,5,432.36,2161.8
12141,6085,489,1,495.28,495.28
12142,6085,65,1,436.47,436.47
12143,6086,273,5,264.15,1320.75
12144,6087,118,5,169.01,845.05
12145,6087,103,3,161.86,485.58
12146,6088,451,3,167.07,501.21
12147,6089,219,2,358.98,717.96
12148,6090,242,4,442.22,1768.88
12149,6091,444,1,101.25,101.25
12150,6091,103,2,166.55,333.1
12151,6091,116,4,182.05,728.2
12152,6092,461,2,235.17,470.34
12153,6092,50,2,52.92,105.84
12154,6092,201,3,424.98,1274.94
12155,6093,298,3,273.39,820.17
12156,6094,477,4,104.36,417.44
12157,6095,159,2,89.53,179.06
12158,6095,376,2,316.79,633.58
12159,6095,244,1,389.82,389.82
12160,6096,162,3,250.71,752.13
12161,6097,141,5,474.18,2370.9
12162,6097,29,2,448.8,897.6
12163,6098,338,2,455.53,911.06
12164,6098,78,3,487.67,1463.01
12165,6098,458,3,405.69,1217.07
12166,6099,161,3,267.48,802.44
12167,6099,151,1,407.65,407.65
12168,6099,223,5,382.83,1914.15
12169,6100,350,3,189.11,567.33
12170,6100,372,3,442.56,1327.68
12171,6100,10,1,245.93,245.93
12172,6101,272,4,131.79,527.16
12173,6101,8,3,368.0,1104.0
12174,6101,29,4,69.81,279.24
12175,6102,288,2,104.96,209.92
12176,6102,42,3,122.14,366.42
12177,6102,319,4,198.53,794.12
12178,6103,287,5,323.43,1617.15
12179,6103,297,2,239.13,478.26
12180,6104,90,1,115.98,115.98
12181,6105,195,2,462.66,925.32
12182,6106,229,5,64.98,324.9
12183,6106,86,1,425.04,425.04
12184,6106,212,3,232.56,697.68
12185,6107,117,2,494.56,989.12
12186,6107,7,1,103.12,103.12
12187,6107,22,5,462.96,2314.8
12188,6108,45,5,259.65,1298.25
12189,6108,481,3,59.81,179.43
12190,6109,292,3,78.31,234.93
12191,6110,115,4,224.85,899.4
12192,6110,298,1,249.87,249.87
12193,6110,58,3,104.77,314.31
12194,6111,489,3,322.86,968.58
12195,6112,483,1,76.74,76.74
12196,6112,379,1,66.62,66.62
12197,6113,136,1,123.0,123.0
12198,6114,120,5,36.98,184.9
12199,6114,26,2,284.55,569.1
12200,6114,15,3,89.73,269.19
12201,6115,18,4,249.75,999.0
12202,6115,325,1,426.8,426.8
12203,6116,61,4,106.5,426.0
12204,6117,190,5,283.21,1416.05
12205,6117,14,5,377.85,1889.25
12206,6118,387,5,445.1,2225.5
12207,6118,356,3,463.03,1389.09
12208,6119,392,1,324.16,324.16
12209,6120,401,1,343.44,343.44
12210,6120,482,1,139.99,139.99
12211,6121,436,2,387.72,775.44
12212,6121,310,1,321.0,321.0
12213,6121,73,4,38.92,155.68
12214,6122,368,2,250.19,500.38
12215,6122,238,3,76.19,228.57
12216,6122,477,2,305.52,611.04
12217,6123,107,4,245.91,983.64
12218,6123,414,1,94.18,94.18
12219,6123,348,1,241.81,241.81
12220,6124,432,3,309.13,927.39
12221,6124,363,2,459.81,919.62
12222,6125,33,3,261.8,785.4
12223,6125,460,3,208.37,625.11
12224,6125,60,2,376.16,752.32
12225,6126,400,2,164.63,329.26
12226,6127,468,1,459.64,459.64
12227,6127,46,5,122.53,612.65
12228,6128,170,2,11.56,23.12
12229,6128,160,2,384.26,768.52
12230,6129,149,2,305.78,611.56
12231,6129,355,1,118.3,118.3
12232,6130,183,4,305.39,1221.56
12233,6130,100,1,99.48,99.48
12234,6130,126,2,389.45,778.9
12235,6131,55,1,458.26,458.26
12236,6131,104,4,131.33,525.32
12237,6131,406,1,250.7,250.7
12238,6132,241,1,402.51,402.51
12239,6132,253,4,31.97,127.88
12240,6133,277,2,181.17,362.34
12241,6134,323,2,42.11,84.22
12242,6134,474,2,89.31,178.62
12243,6135,480,4,454.92,1819.68
12244,6135,494,2,170.32,340.64
12245,6135,200,1,495.06,495.06
12246,6136,314,3,211.21,633.63
12247,6136,60,4,344.5,1378.0
12248,6136,214,5,86.94,434.7
12249,6137,88,2,342.51,685.02
12250,6138,437,3,197.24,591.72
12251,6138,326,4,63.12,252.48
12252,6138,90,3,69.6,208.8
12253,6139,223,3,168.68,506.04
12254,6139,98,5,491.05,2455.25
12255,6139,407,2,236.08,472.16
12256,6140,170,4,492.85,1971.4
12257,6141,223,1,167.15,167.15
12258,6141,185,4,254.33,1017.32
12259,6142,364,3,23.36,70.08
12260,6142,161,4,73.13,292.52
12261,6142,446,5,196.8,984.0
12262,6143,318,1,54.05,54.05
12263,6144,370,1,24.12,24.12
12264,6144,294,5,242.86,1214.3
12265,6145,137,5,446.82,2234.1
12266,6146,421,3,281.14,843.42
12267,6146,441,1,89.84,89.84
12268,6147,140,4,476.17,1904.68
12269,6148,322,4,81.95,327.8
12270,6148,170,3,36.88,110.64
12271,6149,97,4,480.48,1921.92
12272,6149,192,1,307.1,307.1
12273,6150,49,4,431.12,1724.48
12274,6151,472,1,55.33,55.33
12275,6151,57,5,117.37,586.85
12276,6152,179,5,440.41,2202.05
12277,6153,295,4,386.08,1544.32
12278,6153,279,4,390.43,1561.72
12279,6153,90,1,440.88,440.88
12280,6154,438,1,481.22,481.22
12281,6155,364,5,150.69,753.45
12282,6155,70,1,329.68,329.68
12283,6156,50,1,62.0,62.0
12284,6156,203,3,11.32,33.96
12285,6156,131,5,452.72,2263.6
12286,6157,164,5,396.97,1984.85
12287,6158,301,1,351.51,351.51
12288,6158,214,1,289.03,289.03
12289,6158,327,1,399.39,399.39
12290,6159,58,5,278.29,1391.45
12291,6159,182,5,482.76,2413.8
12292,6159,205,3,50.45,151.35
12293,6160,467,2,369.75,739.5
12294,6161,180,1,140.22,140.22
12295,6161,195,4,353.3,1413.2
12296,6161,208,4,470.34,1881.36
12297,6162,256,2,334.1,668.2
12298,6162,357,3,69.73,209.19
12299,6162,109,5,310.68,1553.4
12300,6163,311,2,117.05,234.1
12301,6163,46,2,78.74,157.48
12302,6163,400,3,335.75,1007.25
12303,6164,184,3,198.78,596.34
12304,6165,11,4,16.32,65.28
12305,6166,82,1,371.99,371.99
12306,6166,56,1,198.35,198.35
12307,6167,60,1,268.25,268.25
12308,6168,391,4,129.3,517.2
12309,6168,199,3,40.98,122.94
12310,6169,318,5,483.64,2418.2
12311,6170,340,5,44.33,221.65
12312,6170,342,3,359.0,1077.0
12313,6171,107,4,139.53,558.12
12314,6171,58,2,323.02,646.04
12315,6172,67,3,56.77,170.31
12316,6172,340,2,323.25,646.5
12317,6173,68,1,197.39,197.39
12318,6173,369,1,210.93,210.93
12319,6173,83,1,479.62,479.62
12320,6174,436,2,285.75,571.5
12321,6174,384,1,455.59,455.59
12322,6175,438,1,25.54,25.54
12323,6175,2,1,68.59,68.59
12324,6176,181,2,136.1,272.2
12325,6176,459,2,157.02,314.04
12326,6177,197,1,286.09,286.09
12327,6177,22,4,318.97,1275.88
12328,6178,343,5,105.15,525.75
12329,6178,54,1,344.42,344.42
12330,6178,279,4,323.21,1292.84
12331,6179,121,1,265.04,265.04
12332,6179,22,3,222.8,668.4
12333,6179,312,1,261.14,261.14
12334,6180,37,5,197.99,989.95
12335,6180,398,2,62.85,125.7
12336,6181,64,5,307.36,1536.8
12337,6181,315,3,133.03,399.09
12338,6182,417,2,129.17,258.34
12339,6183,129,2,245.44,490.88
12340,6183,61,2,290.91,581.82
12341,6184,230,5,67.35,336.75
12342,6185,61,2,419.5,839.0
12343,6185,76,5,233.04,1165.2
12344,6186,107,3,43.22,129.66
12345,6187,196,5,296.21,1481.05
12346,6187,245,4,291.75,1167.0
12347,6187,46,4,42.95,171.8
12348,6188,349,2,492.14,984.28
12349,6188,338,5,168.64,843.2
12350,6188,45,5,478.06,2390.3
12351,6189,433,5,156.49,782.45
12352,6190,273,4,178.11,712.44
12353,6191,244,3,61.09,183.27
12354,6192,358,3,397.02,1191.06
12355,6192,377,2,191.48,382.96
12356,6193,130,3,113.44,340.32
12357,6193,167,2,433.68,867.36
12358,6194,206,3,89.74,269.22
12359,6195,264,5,478.87,2394.35
12360,6195,375,4,245.7,982.8
12361,6196,10,2,246.93,493.86
12362,6197,349,2,407.42,814.84
12363,6198,467,1,128.29,128.29
12364,6198,444,2,121.58,243.16
12365,6198,157,2,307.51,615.02
12366,6199,132,4,219.58,878.32
12367,6200,410,2,457.0,914.0
12368,6201,70,4,137.7,550.8
12369,6201,334,4,208.78,835.12
12370,6201,223,5,380.39,1901.95
12371,6202,117,2,217.08,434.16
12372,6202,483,4,412.0,1648.0
12373,6202,170,1,248.2,248.2
12374,6203,169,5,318.47,1592.35
12375,6204,138,4,461.33,1845.32
12376,6204,159,1,247.36,247.36
12377,6204,172,1,363.46,363.46
12378,6205,175,1,15.89,15.89
12379,6205,139,5,124.9,624.5
12380,6205,472,5,37.95,189.75
12381,6206,108,4,145.97,583.88
12382,6206,348,5,418.98,2094.9
12383,6206,97,2,206.75,413.5
12384,6207,297,5,211.01,1055.05
12385,6207,91,2,489.68,979.36
12386,6208,172,1,397.73,397.73
12387,6209,31,1,139.05,139.05
12388,6209,250,2,398.07,796.14
12389,6209,300,5,394.81,1974.05
12390,6210,409,4,154.89,619.56
12391,6211,493,1,421.31,421.31
12392,6212,480,2,189.71,379.42
12393,6212,264,3,458.07,1374.21
12394,6213,408,1,71.25,71.25
12395,6213,454,5,101.9,509.5
12396,6214,125,3,367.25,1101.75
12397,6214,183,1,46.46,46.46
12398,6215,366,5,59.8,299.0
12399,6215,214,2,349.37,698.74
12400,6215,58,3,408.38,1225.14
12401,6216,283,5,131.11,655.55
12402,6217,500,5,290.59,1452.95
12403,6218,151,2,285.03,570.06
12404,6218,368,5,297.85,1489.25
12405,6218,369,5,58.24,291.2
12406,6219,171,3,377.62,1132.86
12407,6220,177,5,417.04,2085.2
12408,6220,266,3,319.57,958.71
12409,6220,188,3,261.52,784.56
12410,6221,385,3,250.72,752.16
12411,6221,156,5,412.2,2061.0
12412,6222,307,2,241.09,482.18
12413,6223,386,3,17.75,53.25
12414,6223,476,2,52.89,105.78
12415,6224,249,1,270.5,270.5
12416,6224,430,1,166.92,166.92
12417,6224,470,2,61.73,123.46
12418,6225,215,4,332.5,1330.0
12419,6225,401,3,113.32,339.96
12420,6226,149,1,123.37,123.37
12421,6226,415,5,180.52,902.6
12422,6226,300,4,220.56,882.24
12423,6227,181,2,178.05,356.1
12424,6228,268,1,210.12,210.12
12425,6229,229,1,432.59,432.59
12426,6230,220,3,166.97,500.91
12427,6230,209,5,145.18,725.9
12428,6230,224,5,8.76,43.8
12429,6231,500,4,395.01,1580.04
12430,6232,392,2,366.02,732.04
12431,6232,79,4,424.08,1696.32
12432,6232,269,4,39.34,157.36
12433,6233,288,3,278.63,835.89
12434,6233,125,2,43.19,86.38
12435,6233,194,4,359.22,1436.88
12436,6234,105,2,491.52,983.04
12437,6234,48,2,94.99,189.98
12438,6234,337,5,322.22,1611.1
12439,6235,170,3,87.4,262.2
12440,6235,472,2,6.17,12.34
12441,6235,316,2,204.49,408.98
12442,6236,170,2,260.43,520.86
12443,6236,493,3,318.77,956.31
12444,6237,199,5,273.4,1367.0
12445,6237,209,4,492.66,1970.64
12446,6237,148,5,202.61,1013.05
12447,6238,329,5,78.33,391.65
12448,6238,30,2,285.3,570.6
12449,6238,144,5,190.93,954.65
12450,6239,333,2,227.51,455.02
12451,6240,323,1,401.37,401.37
12452,6240,233,3,323.33,969.99
12453,6241,279,5,303.01,1515.05
12454,6241,418,1,80.08,80.08
12455,6242,448,2,95.84,191.68
12456,6242,316,2,200.07,400.14
12457,6243,9,5,180.99,904.95
12458,6244,62,4,169.7,678.8
12459,6244,150,4,155.51,622.04
12460,6245,388,2,27.86,55.72
12461,6245,21,5,175.82,879.1
12462,6246,29,4,470.28,1881.12
12463,6246,362,5,203.69,1018.45
12464,6246,138,4,173.85,695.4
12465,6247,486,2,276.75,553.5
12466,6247,260,2,286.75,573.5
12467,6248,408,1,245.58,245.58
12468,6248,317,4,112.25,449.0
12469,6249,419,3,208.37,625.11
12470,6249,258,4,484.76,1939.04
12471,6249,92,5,251.73,1258.65
12472,6250,494,1,128.0,128.0
12473,6250,441,4,242.76,971.04
12474,6251,356,2,5.34,10.68
12475,6251,227,3,188.41,565.23
12476,6251,180,5,25.81,129.05
12477,6252,178,2,103.88,207.76
12478,6252,425,3,232.0,696.0
12479,6252,287,1,258.06,258.06
12480,6253,124,1,27.88,27.88
12481,6253,309,2,207.03,414.06
12482,6254,104,2,476.31,952.62
12483,6254,20,4,364.07,1456.28
12484,6255,89,2,285.93,571.86
12485,6255,379,1,461.82,461.82
12486,6256,414,3,161.83,485.49
12487,6256,201,2,10.48,20.96
12488,6256,205,3,68.87,206.61
12489,6257,310,1,345.02,345.02
12490,6257,445,5,427.13,2135.65
12491,6258,485,1,328.15,328.15
12492,6259,133,4,189.47,757.88
12493,6260,349,3,144.16,432.48
12494,6261,210,2,336.0,672.0
12495,6261,72,4,499.91,1999.64
12496,6262,46,4,10.59,42.36
12497,6262,406,5,439.01,2195.05
12498,6263,436,3,185.9,557.7
12499,6263,439,4,97.91,391.64
12500,6263,241,4,167.7,670.8
12501,6264,51,2,105.17,210.34
12502,6264,49,3,175.81,527.43
12503,6264,173,3,218.08,654.24
12504,6265,472,4,378.49,1513.96
12505,6266,459,5,340.41,1702.05
12506,6267,483,5,378.1,1890.5
12507,6267,298,3,401.19,1203.57
12508,6267,65,3,384.85,1154.55
12509,6268,176,5,294.71,1473.55
12510,6268,35,3,358.27,1074.81
12511,6269,146,4,477.38,1909.52
12512,6269,326,2,416.02,832.04
12513,6269,343,2,142.14,284.28
12514,6270,264,2,162.97,325.94
12515,6270,205,2,204.22,408.44
12516,6271,397,1,68.82,68.82
12517,6272,343,2,404.73,809.46
12518,6272,324,2,257.97,515.94
12519,6273,176,3,40.38,121.14
12520,6273,1,1,376.27,376.27
12521,6274,411,4,27.22,108.88
12522,6274,469,2,164.89,329.78
12523,6275,488,1,343.36,343.36
12524,6275,141,5,90.26,451.3
12525,6276,460,3,398.1,1194.3
12526,6276,147,2,290.19,580.38
12527,6277,385,3,426.6,1279.8
12528,6278,389,5,383.23,1916.15
12529,6279,386,1,254.3,254.3
12530,6279,157,4,228.85,915.4
12531,6279,208,2,98.62,197.24
12532,6280,430,5,308.05,1540.25
12533,6280,124,4,156.34,625.36
12534,6280,239,4,11.2,44.8
12535,6281,15,1,347.19,347.19
12536,6281,438,5,161.71,808.55
12537,6281,237,4,405.28,1621.12
12538,6282,43,3,111.42,334.26
12539,6282,160,4,183.25,733.0
12540,6283,330,1,369.22,369.22
12541,6283,422,4,81.18,324.72
12542,6283,348,1,255.0,255.0
12543,6284,118,5,443.04,2215.2
12544,6285,245,5,116.69,583.45
12545,6285,16,4,301.82,1207.28
12546,6286,310,5,307.64,1538.2
12547,6286,9,5,257.95,1289.75
12548,6287,324,1,311.3,311.3
12549,6287,447,3,30.96,92.88
12550,6287,460,1,29.17,29.17
12551,6288,244,5,323.92,1619.6
12552,6289,420,3,199.75,599.25
12553,6290,423,2,197.71,395.42
12554,6290,35,4,476.72,1906.88
12555,6290,480,1,354.47,354.47
12556,6291,348,3,462.18,1386.54
12557,6291,310,2,430.23,860.46
12558,6291,375,2,397.35,794.7
12559,6292,484,5,301.66,1508.3
12560,6293,498,4,16.0,64.0
12561,6293,481,4,130.95,523.8
12562,6293,189,3,439.17,1317.51
12563,6294,42,4,391.59,1566.36
12564,6294,485,2,470.82,941.64
12565,6294,369,4,122.21,488.84
12566,6295,499,5,115.01,575.05
12567,6296,232,3,377.31,1131.93
12568,6296,70,2,146.4,292.8
12569,6296,312,1,174.75,174.75
12570,6297,284,2,377.83,755.66
12571,6298,460,5,25.63,128.15
12572,6299,398,3,349.34,1048.02
12573,6300,321,3,205.17,615.51
12574,6301,16,3,199.96,599.88
12575,6302,441,3,240.75,722.25
12576,6302,297,3,181.87,545.61
12577,6302,453,4,263.05,1052.2
12578,6303,427,4,253.27,1013.08
12579,6303,370,1,15.56,15.56
12580,6303,182,3,381.56,1144.68
12581,6304,487,4,436.07,1744.28
12582,6304,91,1,283.06,283.06
12583,6305,381,4,384.72,1538.88
12584,6305,41,1,74.46,74.46
12585,6305,423,2,143.57,287.14
12586,6306,115,3,107.63,322.89
12587,6306,119,3,178.01,534.03
12588,6306,71,4,347.28,1389.12
12589,6307,50,5,483.65,2418.25
12590,6307,148,5,232.26,1161.3
12591,6308,222,1,488.15,488.15
12592,6308,144,3,105.57,316.71
12593,6309,304,2,30.85,61.7
12594,6309,3,1,482.68,482.68
12595,6309,77,2,362.83,725.66
12596,6310,132,2,32.87,65.74
12597,6310,42,2,258.52,517.04
12598,6310,497,1,13.96,13.96
12599,6311,195,4,152.81,611.24
12600,6311,59,4,213.98,855.92
12601,6312,199,3,332.88,998.64
12602,6312,337,4,72.78,291.12
12603,6312,87,3,144.21,432.63
12604,6313,78,2,220.29,440.58
12605,6314,86,3,396.61,1189.83
12606,6315,59,3,450.24,1350.72
12607,6315,448,2,216.56,433.12
12608,6316,83,2,190.34,380.68
12609,6316,414,2,87.63,175.26
12610,6317,24,1,81.79,81.79
12611,6317,202,1,30.0,30.0
12612,6318,365,5,142.29,711.45
12613,6318,219,4,358.16,1432.64
12614,6319,494,4,187.8,751.2
12615,6320,416,5,184.74,923.7
12616,6320,141,5,457.1,2285.5
12617,6321,461,5,189.79,948.95
12618,6321,322,5,345.47,1727.35
12619,6322,89,5,322.86,1614.3
12620,6323,327,3,393.4,1180.2
12621,6323,21,5,53.3,266.5
12622,6323,337,4,324.07,1296.28
12623,6324,74,3,303.37,910.11
12624,6324,393,2,131.14,262.28
12625,6325,345,5,22.41,112.05
12626,6325,479,5,472.48,2362.4
12627,6325,73,5,293.97,1469.85
12628,6326,291,4,362.19,1448.76
12629,6326,252,3,497.41,1492.23
12630,6326,465,5,92.95,464.75
12631,6327,283,4,137.62,550.48
12632,6327,85,5,227.46,1137.3
12633,6328,117,1,81.48,81.48
12634,6329,394,5,315.2,1576.0
12635,6329,114,3,48.33,144.99
12636,6329,369,3,246.76,740.28
12637,6330,35,1,132.32,132.32
12638,6331,487,2,360.41,720.82
12639,6332,163,5,313.58,1567.9
12640,6332,15,3,133.12,399.36
12641,6332,352,5,234.44,1172.2
12642,6333,395,1,189.78,189.78
12643,6333,448,1,97.61,97.61
12644,6333,205,1,88.33,88.33
12645,6334,460,2,86.06,172.12
12646,6335,53,5,230.07,1150.35
12647,6336,395,1,86.61,86.61
12648,6336,58,4,146.09,584.36
12649,6337,214,4,293.91,1175.64
12650,6337,101,2,221.91,443.82
12651,6338,111,4,112.85,451.4
12652,6339,132,4,72.87,291.48
12653,6339,304,3,52.65,157.95
12654,6340,36,3,455.1,1365.3
12655,6341,419,4,154.25,617.0
12656,6341,476,1,41.64,41.64
12657,6342,387,3,398.67,1196.01
12658,6342,3,4,231.94,927.76
12659,6342,176,4,120.86,483.44
12660,6343,256,4,137.19,548.76
12661,6344,109,3,314.78,944.34
12662,6344,214,1,157.15,157.15
12663,6345,162,5,397.38,1986.9
12664,6345,495,1,140.23,140.23
12665,6345,322,4,413.43,1653.72
12666,6346,483,3,17.25,51.75
12667,6346,488,1,113.83,113.83
12668,6347,270,5,417.03,2085.15
12669,6348,453,2,139.36,278.72
12670,6348,331,3,332.64,997.92
12671,6349,236,2,337.27,674.54
12672,6350,468,1,204.98,204.98
12673,6350,169,5,247.55,1237.75
12674,6350,275,2,55.88,111.76
12675,6351,191,5,490.87,2454.35
12676,6351,389,5,245.93,1229.65
12677,6351,387,3,404.31,1212.93
12678,6352,442,3,272.64,817.92
12679,6352,461,5,146.77,733.85
12680,6353,88,4,492.74,1970.96
12681,6354,225,5,253.62,1268.1
12682,6354,55,5,247.05,1235.25
12683,6355,350,4,254.88,1019.52
12684,6356,263,2,456.91,913.82
12685,6357,432,2,73.63,147.26
12686,6357,475,4,146.97,587.88
12687,6358,13,2,179.96,359.92
12688,6358,363,5,69.66,348.3
12689,6358,93,5,354.86,1774.3
12690,6359,89,1,267.05,267.05
12691,6360,338,1,319.1,319.1
12692,6361,420,1,250.68,250.68
12693,6362,420,5,78.19,390.95
12694,6362,353,1,242.74,242.74
12695,6363,48,4,30.21,120.84
12696,6363,68,3,260.61,781.83
12697,6364,167,5,367.48,1837.4
12698,6364,480,3,116.14,348.42
12699,6364,27,3,378.2,1134.6
12700,6365,382,3,151.9,455.7
12701,6365,188,5,116.09,580.45
12702,6365,353,5,352.9,1764.5
12703,6366,233,1,326.64,326.64
12704,6366,378,3,58.9,176.7
12705,6366,267,3,94.02,282.06
12706,6367,3,3,171.37,514.11
12707,6367,313,3,481.93,1445.79
12708,6368,256,5,54.65,273.25
12709,6368,394,2,74.14,148.28
12710,6368,433,3,325.35,976.05
12711,6369,132,5,31.1,155.5
12712,6369,47,4,200.49,801.96
12713,6370,7,5,14.21,71.05
12714,6371,215,5,8.11,40.55
12715,6372,162,5,43.19,215.95
12716,6372,238,2,332.62,665.24
12717,6372,458,5,240.73,1203.65
12718,6373,23,5,379.24,1896.2
12719,6373,444,3,371.15,1113.45
12720,6373,76,5,347.14,1735.7
12721,6374,405,1,426.34,426.34
12722,6375,84,4,228.62,914.48
12723,6375,375,1,264.87,264.87
12724,6376,293,3,112.24,336.72
12725,6376,137,1,346.31,346.31
12726,6376,309,3,286.22,858.66
12727,6377,158,1,47.22,47.22
12728,6377,176,2,404.78,809.56
12729,6378,222,5,333.79,1668.95
12730,6379,252,5,368.07,1840.35
12731,6380,97,4,436.49,1745.96
12732,6381,20,2,476.94,953.88
12733,6381,182,2,217.44,434.88
12734,6381,497,3,479.7,1439.1
12735,6382,349,3,425.56,1276.68
12736,6382,290,4,251.61,1006.44
12737,6383,215,3,165.76,497.28
12738,6383,52,3,131.03,393.09
12739,6384,136,3,35.49,106.47
12740,6384,194,5,388.93,1944.65
12741,6385,258,1,231.82,231.82
12742,6386,99,1,84.79,84.79
12743,6386,435,5,46.48,232.4
12744,6387,316,4,489.15,1956.6
12745,6388,235,1,111.86,111.86
12746,6388,36,4,406.57,1626.28
12747,6389,120,1,132.53,132.53
12748,6389,285,4,226.79,907.16
12749,6389,492,5,419.05,2095.25
12750,6390,490,3,270.64,811.92
12751,6390,447,3,480.19,1440.57
12752,6390,257,3,289.84,869.52
12753,6391,136,2,230.59,461.18
12754,6391,286,3,24.86,74.58
12755,6391,424,3,319.52,958.56
12756,6392,474,3,347.52,1042.56
12757,6392,252,1,102.02,102.02
12758,6392,199,5,170.32,851.6
12759,6393,475,1,259.24,259.24
12760,6393,500,3,266.77,800.31
12761,6393,428,5,379.54,1897.7
12762,6394,391,3,64.3,192.9
12763,6394,325,4,362.52,1450.08
12764,6394,343,5,9.69,48.45
12765,6395,278,2,35.44,70.88
12766,6395,373,1,336.1,336.1
12767,6396,227,3,65.02,195.06
12768,6396,44,1,406.29,406.29
12769,6397,377,4,346.73,1386.92
12770,6398,488,4,451.34,1805.36
12771,6399,132,1,213.82,213.82
12772,6399,158,3,324.59,973.77
12773,6399,442,3,174.41,523.23
12774,6400,149,3,264.91,794.73
12775,6400,318,3,49.43,148.29
12776,6401,408,5,15.81,79.05
12777,6402,24,2,23.27,46.54
12778,6402,141,3,378.73,1136.19
12779,6402,477,4,69.75,279.0
12780,6403,161,4,7.55,30.2
12781,6404,184,3,291.08,873.24
12782,6404,475,1,309.8,309.8
12783,6405,154,3,365.61,1096.83
12784,6405,324,2,76.24,152.48
12785,6406,400,1,251.44,251.44
12786,6406,95,3,368.58,1105.74
12787,6406,264,4,32.09,128.36
12788,6407,155,1,447.26,447.26
12789,6407,407,2,437.56,875.12
12790,6407,296,1,396.19,396.19
12791,6408,175,2,331.49,662.98
12792,6408,383,1,55.04,55.04
12793,6409,51,5,253.02,1265.1
12794,6410,228,1,261.88,261.88
12795,6410,39,4,448.32,1793.28
12796,6410,29,5,401.86,2009.3
12797,6411,11,3,129.07,387.21
12798,6412,467,2,403.78,807.56
12799,6413,391,5,227.17,1135.85
12800,6414,431,3,374.28,1122.84
12801,6415,488,3,488.13,1464.39
12802,6415,363,5,296.14,1480.7
12803,6415,92,3,246.89,740.67
12804,6416,482,3,443.69,1331.07
12805,6416,262,5,75.91,379.55
12806,6417,461,5,110.29,551.45
12807,6417,177,4,167.9,671.6
12808,6418,127,1,415.4,415.4
12809,6419,332,1,297.31,297.31
12810,6419,422,2,148.45,296.9
12811,6420,428,3,484.75,1454.25
12812,6420,286,1,437.5,437.5
12813,6420,180,3,195.63,586.89
12814,6421,309,4,278.79,1115.16
12815,6421,25,2,401.43,802.86
12816,6422,261,5,77.24,386.2
12817,6422,9,4,101.91,407.64
12818,6423,24,5,232.08,1160.4
12819,6424,461,5,386.16,1930.8
12820,6424,135,3,402.54,1207.62
12821,6424,85,5,54.32,271.6
12822,6425,286,4,46.75,187.0
12823,6426,167,1,295.3,295.3
12824,6426,104,1,432.2,432.2
12825,6426,458,4,346.52,1386.08
12826,6427,72,2,438.91,877.82
12827,6427,282,1,91.32,91.32
12828,6427,59,2,198.14,396.28
12829,6428,227,5,161.41,807.05
12830,6429,138,1,60.55,60.55
12831,6429,352,1,109.96,109.96
12832,6429,459,3,42.0,126.0
12833,6430,122,4,488.93,1955.72
12834,6430,6,3,287.76,863.28
12835,6431,397,1,466.51,466.51
12836,6432,2,5,132.71,663.55
12837,6433,159,4,123.19,492.76
12838,6433,443,1,189.48,189.48
12839,6434,152,4,433.43,1733.72
12840,6434,337,3,469.3,1407.9
12841,6434,99,4,58.22,232.88
12842,6435,32,4,473.0,1892.0
12843,6435,331,4,330.95,1323.8
12844,6435,487,3,240.53,721.59
12845,6436,289,3,182.41,547.23
12846,6436,107,5,361.42,1807.1
12847,6437,94,3,94.08,282.24
12848,6437,300,5,386.75,1933.75
12849,6438,184,5,393.6,1968.0
12850,6439,244,3,235.0,705.0
12851,6440,63,2,42.08,84.16
12852,6440,342,3,55.17,165.51
12853,6440,423,1,25.24,25.24
12854,6441,213,4,479.04,1916.16
12855,6442,14,4,220.16,880.64
12856,6442,8,3,102.14,306.42
12857,6443,435,5,87.81,439.05
12858,6443,475,3,66.92,200.76
12859,6443,148,1,400.7,400.7
12860,6444,368,3,248.65,745.95
12861,6444,76,4,229.69,918.76
12862,6444,174,3,143.17,429.51
12863,6445,420,3,454.82,1364.46
12864,6446,128,1,284.84,284.84
12865,6447,179,3,24.35,73.05
12866,6447,300,1,381.42,381.42
12867,6448,451,1,364.26,364.26
12868,6449,186,2,438.91,877.82
12869,6449,221,5,106.98,534.9
12870,6450,144,3,192.5,577.5
12871,6450,364,2,333.22,666.44
12872,6450,489,2,316.91,633.82
12873,6451,16,1,66.81,66.81
12874,6451,398,2,366.9,733.8
12875,6451,423,4,280.82,1123.28
12876,6452,173,1,84.5,84.5
12877,6453,453,2,94.21,188.42
12878,6454,243,5,27.96,139.8
12879,6454,435,2,389.0,778.0
12880,6455,367,3,186.27,558.81
12881,6455,457,3,84.48,253.44
12882,6455,414,3,67.45,202.35
12883,6456,42,5,418.33,2091.65
12884,6457,337,2,142.52,285.04
12885,6457,215,2,201.77,403.54
12886,6457,174,1,116.18,116.18
12887,6458,96,4,463.49,1853.96
12888,6458,254,2,227.61,455.22
12889,6459,299,3,11.9,35.7
12890,6459,416,4,131.8,527.2
12891,6459,324,4,341.81,1367.24
12892,6460,377,2,258.72,517.44
12893,6461,176,3,165.05,495.15
12894,6462,378,4,202.91,811.64
12895,6462,348,5,48.3,241.5
12896,6462,178,5,92.85,464.25
12897,6463,128,5,499.92,2499.6
12898,6464,352,5,422.19,2110.95
12899,6464,485,3,8.67,26.01
12900,6464,15,2,46.66,93.32
12901,6465,419,2,440.68,881.36
12902,6466,340,4,194.57,778.28
12903,6466,347,5,141.2,706.0
12904,6466,142,1,494.43,494.43
12905,6467,30,4,81.87,327.48
12906,6468,105,4,344.42,1377.68
12907,6469,294,5,338.34,1691.7
12908,6469,328,2,165.51,331.02
12909,6469,83,4,104.86,419.44
12910,6470,113,5,309.58,1547.9
12911,6471,460,2,106.34,212.68
12912,6471,387,5,37.32,186.6
12913,6471,103,1,174.83,174.83
12914,6472,89,2,143.11,286.22
12915,6472,246,5,220.55,1102.75
12916,6472,368,4,178.7,714.8
12917,6473,163,1,183.45,183.45
12918,6474,393,2,32.67,65.34
12919,6474,432,1,228.56,228.56
12920,6475,33,4,178.48,713.92
12921,6475,62,4,80.14,320.56
12922,6475,259,3,133.14,399.42
12923,6476,315,2,342.16,684.32
12924,6476,263,5,417.74,2088.7
12925,6477,267,2,19.04,38.08
12926,6477,177,2,329.14,658.28
12927,6478,5,1,276.65,276.65
12928,6479,101,2,187.48,374.96
12929,6479,414,5,343.85,1719.25
12930,6479,198,5,264.27,1321.35
12931,6480,270,5,108.04,540.2
12932,6481,445,1,92.76,92.76
12933,6482,376,1,453.92,453.92
12934,6482,102,1,26.51,26.51
12935,6482,23,5,476.47,2382.35
12936,6483,202,3,384.15,1152.45
12937,6483,57,4,308.3,1233.2
12938,6483,7,5,473.67,2368.35
12939,6484,125,1,360.52,360.52
12940,6484,464,2,470.97,941.94
12941,6485,482,1,170.14,170.14
12942,6486,355,5,261.84,1309.2
12943,6487,19,1,360.86,360.86
12944,6488,326,1,479.37,479.37
12945,6488,64,5,86.33,431.65
12946,6489,36,4,174.77,699.08
12947,6490,167,3,99.19,297.57
12948,6490,109,3,363.06,1089.18
12949,6490,158,1,332.38,332.38
12950,6491,496,3,126.43,379.29
12951,6491,396,1,135.98,135.98
12952,6492,123,1,344.88,344.88
12953,6493,167,2,77.93,155.86
12954,6494,146,3,71.47,214.41
12955,6494,227,3,52.35,157.05
12956,6495,116,5,318.56,1592.8
12957,6495,206,4,194.46,777.84
12958,6495,287,3,457.2,1371.6
12959,6496,43,5,295.02,1475.1
12960,6496,196,3,254.14,762.42
12961,6497,262,5,153.28,766.4
12962,6497,371,1,362.53,362.53
12963,6498,275,5,92.44,462.2
12964,6498,93,4,246.51,986.04
12965,6498,354,4,244.81,979.24
12966,6499,430,4,394.02,1576.08
12967,6499,359,1,168.13,168.13
12968,6500,325,5,89.45,447.25
12969,6501,289,2,377.94,755.88
12970,6501,175,1,313.14,313.14
12971,6501,499,4,392.25,1569.0
12972,6502,340,2,367.35,734.7
12973,6502,290,3,151.15,453.45
12974,6502,71,4,76.58,306.32
12975,6503,154,2,169.23,338.46
12976,6503,78,1,464.62,464.62
12977,6504,177,2,219.5,439.0
12978,6504,405,4,170.72,682.88
12979,6504,404,4,128.23,512.92
12980,6505,425,4,494.85,1979.4
12981,6505,465,4,26.02,104.08
12982,6506,48,4,428.52,1714.08
12983,6507,142,1,354.94,354.94
12984,6507,316,1,258.19,258.19
12985,6508,31,3,320.1,960.3
12986,6509,399,5,324.57,1622.85
12987,6509,348,4,51.32,205.28
12988,6509,328,2,454.67,909.34
12989,6510,194,1,376.91,376.91
12990,6510,266,5,103.86,519.3
12991,6510,232,3,80.35,241.05
12992,6511,278,4,414.95,1659.8
12993,6511,253,5,175.86,879.3
12994,6511,269,4,70.6,282.4
12995,6512,262,2,288.84,577.68
12996,6513,164,2,361.48,722.96
12997,6514,320,1,30.88,30.88
12998,6514,383,5,426.01,2130.05
12999,6514,254,2,246.5,493.0
13000,6515,322,5,230.69,1153.45
13001,6515,224,1,138.5,138.5
13002,6516,364,5,290.31,1451.55
13003,6517,307,1,35.54,35.54
13004,6517,3,3,256.21,768.63
13005,6517,25,1,236.67,236.67
13006,6518,166,2,168.56,337.12
13007,6519,404,2,19.73,39.46
13008,6519,157,1,168.76,168.76
13009,6519,125,4,78.88,315.52
13010,6520,43,3,147.8,443.4
13011,6520,384,3,404.46,1213.38
13012,6521,77,5,229.77,1148.85
13013,6521,447,4,243.17,972.68
13014,6522,441,1,132.67,132.67
13015,6523,472,4,169.32,677.28
13016,6524,297,3,223.94,671.82
13017,6525,220,1,12.02,12.02
13018,6525,241,1,206.32,206.32
13019,6526,424,3,64.32,192.96
13020,6527,248,1,349.82,349.82
13021,6528,383,5,71.61,358.05
13022,6529,281,2,477.74,955.48
13023,6530,196,1,232.24,232.24
13024,6531,167,1,111.12,111.12
13025,6532,236,1,365.26,365.26
13026,6532,238,2,160.93,321.86
13027,6532,494,5,6.22,31.1
13028,6533,377,4,300.2,1200.8
13029,6533,72,5,19.4,97.0
13030,6533,383,4,200.62,802.48
13031,6534,340,3,379.4,1138.2
13032,6535,221,3,186.71,560.13
13033,6535,345,5,367.29,1836.45
13034,6535,387,2,13.63,27.26
13035,6536,402,4,52.29,209.16
13036,6536,257,2,463.04,926.08
13037,6536,403,2,102.28,204.56
13038,6537,161,2,92.87,185.74
13039,6537,367,5,260.37,1301.85
13040,6538,474,5,444.66,2223.3
13041,6538,158,5,302.58,1512.9
13042,6538,421,1,205.1,205.1
13043,6539,23,5,19.69,98.45
13044,6539,69,3,448.78,1346.34
13045,6539,114,2,317.79,635.58
13046,6540,24,4,394.42,1577.68
13047,6541,206,1,235.12,235.12
13048,6541,230,4,119.91,479.64
13049,6542,113,4,238.28,953.12
13050,6542,428,5,181.35,906.75
13051,6542,364,5,470.05,2350.25
13052,6543,157,2,447.63,895.26
13053,6543,330,5,18.85,94.25
13054,6544,439,3,117.64,352.92
13055,6544,37,4,193.41,773.64
13056,6544,449,4,409.38,1637.52
13057,6545,123,2,117.65,235.3
13058,6545,374,5,222.61,1113.05
13059,6546,273,3,430.34,1291.02
13060,6547,269,3,310.17,930.51
13061,6547,402,2,389.89,779.78
13062,6548,364,3,83.37,250.11
13063,6548,401,1,28.27,28.27
13064,6548,48,4,452.72,1810.88
13065,6549,360,2,324.78,649.56
13066,6549,317,3,140.11,420.33
13067,6550,277,5,370.91,1854.55
13068,6550,295,3,245.71,737.13
13069,6550,68,2,454.96,909.92
13070,6551,69,4,266.69,1066.76
13071,6552,157,1,155.91,155.91
13072,6553,279,4,197.71,790.84
13073,6554,205,3,82.56,247.68
13074,6554,400,1,109.02,109.02
13075,6554,7,1,463.9,463.9
13076,6555,19,4,82.06,328.24
13077,6555,33,3,308.18,924.54
13078,6556,468,2,182.6,365.2
13079,6557,117,4,391.79,1567.16
13080,6557,40,1,250.35,250.35
13081,6558,417,5,352.49,1762.45
13082,6558,21,2,316.06,632.12
13083,6559,389,5,474.18,2370.9
13084,6559,166,5,498.35,2491.75
13085,6559,169,4,433.01,1732.04
13086,6560,474,4,367.79,1471.16
13087,6560,161,3,485.04,1455.12
13088,6561,358,2,466.61,933.22
13089,6561,176,4,133.34,533.36
13090,6561,69,4,463.82,1855.28
13091,6562,185,4,219.19,876.76
13092,6563,403,5,154.21,771.05
13093,6563,56,5,81.08,405.4
13094,6563,117,5,79.7,398.5
13095,6564,147,1,10.12,10.12
13096,6564,158,4,15.76,63.04
13097,6564,170,5,165.52,827.6
13098,6565,347,1,184.65,184.65
13099,6565,66,4,402.94,1611.76
13100,6565,292,2,487.64,975.28
13101,6566,334,5,294.15,1470.75
13102,6567,180,3,268.09,804.27
13103,6567,159,5,279.09,1395.45
13104,6568,11,4,340.25,1361.0
13105,6568,346,3,100.02,300.06
13106,6569,73,4,309.57,1238.28
13107,6570,168,5,276.97,1384.85
13108,6571,442,1,49.7,49.7
13109,6571,483,5,379.04,1895.2
13110,6571,384,3,81.56,244.68
13111,6572,51,1,258.72,258.72
13112,6573,170,3,155.97,467.91
13113,6573,404,1,314.17,314.17
13114,6574,217,4,116.03,464.12
13115,6575,209,2,54.36,108.72
13116,6575,67,3,429.25,1287.75
13117,6575,402,2,302.19,604.38
13118,6576,276,1,314.32,314.32
13119,6576,203,3,63.51,190.53
13120,6576,388,3,250.38,751.14
13121,6577,312,4,378.39,1513.56
13122,6577,306,5,374.8,1874.0
13123,6577,393,5,279.41,1397.05
13124,6578,428,3,414.74,1244.22
13125,6579,86,4,93.87,375.48
13126,6579,215,5,400.75,2003.75
13127,6579,498,1,198.88,198.88
13128,6580,246,4,242.86,971.44
13129,6580,246,1,146.65,146.65
13130,6581,449,1,312.37,312.37
13131,6582,211,3,100.25,300.75
13132,6582,17,1,149.05,149.05
13133,6582,343,3,181.9,545.7
13134,6583,472,2,319.18,638.36
13135,6584,409,1,38.24,38.24
13136,6585,489,1,483.22,483.22
13137,6585,459,2,37.89,75.78
13138,6585,475,4,41.63,166.52
13139,6586,485,5,456.46,2282.3
13140,6587,437,4,374.13,1496.52
13141,6587,493,4,268.71,1074.84
13142,6587,361,1,173.57,173.57
13143,6588,12,4,364.57,1458.28
13144,6588,149,5,118.78,593.9
13145,6588,78,1,205.9,205.9
13146,6589,209,5,288.47,1442.35
13147,6589,197,2,77.13,154.26
13148,6589,413,3,65.49,196.47
13149,6590,145,1,32.82,32.82
13150,6590,187,1,404.75,404.75
13151,6591,117,5,477.16,2385.8
13152,6591,449,5,16.04,80.2
13153,6591,343,2,379.76,759.52
13154,6592,171,1,202.36,202.36
13155,6592,153,4,424.59,1698.36
13156,6593,226,4,233.8,935.2
13157,6594,480,3,10.57,31.71
13158,6594,176,1,320.01,320.01
13159,6594,359,2,38.0,76.0
13160,6595,293,2,40.51,81.02
13161,6595,276,1,243.46,243.46
13162,6595,153,5,318.49,1592.45
13163,6596,91,2,18.14,36.28
13164,6596,416,4,179.56,718.24
13165,6596,406,5,87.75,438.75
13166,6597,31,5,372.67,1863.35
13167,6597,81,2,255.07,510.14
13168,6597,361,5,26.4,132.0
13169,6598,281,1,233.06,233.06
13170,6598,233,5,63.34,316.7
13171,6598,364,2,105.5,211.0
13172,6599,87,5,345.93,1729.65
13173,6599,260,4,321.58,1286.32
13174,6599,202,5,336.13,1680.65
13175,6600,458,3,336.84,1010.52
13176,6600,275,4,130.68,522.72
13177,6601,309,2,297.53,595.06
13178,6602,339,2,257.2,514.4
13179,6602,381,4,279.25,1117.0
13180,6602,258,1,430.93,430.93
13181,6603,328,3,284.48,853.44
13182,6603,363,2,467.41,934.82
13183,6603,72,1,348.43,348.43
13184,6604,185,4,29.36,117.44
13185,6604,356,4,97.42,389.68
13186,6605,431,4,390.68,1562.72
13187,6606,261,3,246.9,740.7
13188,6606,291,4,292.77,1171.08
13189,6606,150,4,172.17,688.68
13190,6607,197,1,378.22,378.22
13191,6608,305,3,99.15,297.45
13192,6608,62,3,40.49,121.47
13193,6608,18,1,219.6,219.6
13194,6609,331,4,210.49,841.96
13195,6609,488,5,261.31,1306.55
13196,6610,445,5,29.97,149.85
13197,6611,494,5,237.05,1185.25
13198,6611,69,1,363.78,363.78
13199,6612,131,4,81.96,327.84
13200,6613,90,4,414.47,1657.88
13201,6613,55,5,83.48,417.4
13202,6614,498,4,74.7,298.8
13203,6615,441,4,405.06,1620.24
13204,6616,6,5,352.85,1764.25
13205,6616,383,4,371.87,1487.48
13206,6616,273,3,146.93,440.79
13207,6617,428,3,474.55,1423.65
13208,6618,465,5,435.3,2176.5
13209,6618,104,3,357.66,1072.98
13210,6618,189,5,217.9,1089.5
13211,6619,237,3,230.57,691.71
13212,6619,268,2,463.89,927.78
13213,6620,472,2,103.63,207.26
13214,6621,464,5,152.5,762.5
13215,6621,45,4,401.96,1607.84
13216,6621,391,1,409.56,409.56
13217,6622,191,4,483.9,1935.6
13218,6622,154,5,35.93,179.65
13219,6623,268,2,488.95,977.9
13220,6623,57,1,242.86,242.86
13221,6624,464,4,330.1,1320.4
13222,6624,70,2,253.66,507.32
13223,6625,120,2,299.59,599.18
13224,6625,30,1,153.49,153.49
13225,6626,207,5,173.66,868.3
13226,6627,425,3,109.39,328.17
13227,6627,338,5,147.6,738.0
13228,6627,353,2,329.85,659.7
13229,6628,338,2,272.52,545.04
13230,6628,342,2,73.35,146.7
13231,6629,2,1,422.32,422.32
13232,6629,60,2,156.62,313.24
13233,6630,463,2,385.61,771.22
13234,6630,214,4,411.07,1644.28
13235,6630,462,3,21.66,64.98
13236,6631,192,3,224.37,673.11
13237,6631,164,4,430.97,1723.88
13238,6631,65,3,53.21,159.63
13239,6632,300,3,478.37,1435.11
13240,6632,304,3,23.78,71.34
13241,6632,205,4,287.46,1149.84
13242,6633,256,4,191.54,766.16
13243,6633,181,3,328.6,985.8
13244,6634,394,2,301.13,602.26
13245,6634,145,3,284.34,853.02
13246,6634,168,1,169.84,169.84
13247,6635,24,3,332.44,997.32
13248,6636,406,5,22.59,112.95
13249,6636,411,1,279.96,279.96
13250,6636,230,1,223.23,223.23
13251,6637,110,5,368.78,1843.9
13252,6637,166,5,34.33,171.65
13253,6638,11,2,271.07,542.14
13254,6639,387,3,15.03,45.09
13255,6639,436,2,21.82,43.64
13256,6640,206,2,403.08,806.16
13257,6640,215,3,479.56,1438.68
13258,6641,361,3,335.48,1006.44
13259,6642,81,3,144.98,434.94
13260,6642,480,3,294.05,882.15
13261,6643,176,1,342.48,342.48
13262,6643,374,3,42.97,128.91
13263,6644,353,4,201.64,806.56
13264,6645,319,3,463.0,1389.0
13265,6646,459,5,424.61,2123.05
13266,6646,462,4,17.34,69.36
13267,6646,129,1,251.4,251.4
13268,6647,280,1,311.71,311.71
13269,6648,214,1,114.35,114.35
13270,6648,280,3,66.48,199.44
13271,6648,280,1,19.4,19.4
13272,6649,58,1,424.56,424.56
13273,6649,128,4,40.19,160.76
13274,6649,460,5,64.26,321.3
13275,6650,357,2,459.3,918.6
13276,6650,108,4,225.19,900.76
13277,6651,207,2,278.54,557.08
13278,6651,71,5,65.31,326.55
13279,6652,185,5,297.72,1488.6
13280,6652,366,4,218.72,874.88
13281,6653,450,5,86.76,433.8
13282,6653,466,4,332.92,1331.68
13283,6653,450,3,226.37,679.11
13284,6654,32,3,196.54,589.62
13285,6655,329,3,251.49,754.47
13286,6655,112,3,351.15,1053.45
13287,6656,169,5,490.1,2450.5
13288,6657,323,1,293.18,293.18
13289,6658,18,4,485.95,1943.8
13290,6658,379,5,429.11,2145.55
13291,6658,236,1,147.38,147.38
13292,6659,446,3,345.55,1036.65
13293,6660,400,2,60.95,121.9
13294,6660,82,3,339.89,1019.67
13295,6661,36,3,254.85,764.55
13296,6662,101,4,477.29,1909.16
13297,6662,434,4,185.79,743.16
13298,6662,260,4,478.36,1913.44
13299,6663,44,2,420.09,840.18
13300,6663,228,1,135.71,135.71
13301,6664,10,1,242.73,242.73
13302,6664,233,4,304.44,1217.76
13303,6664,126,2,282.78,565.56
13304,6665,125,3,250.54,751.62
13305,6665,498,4,374.06,1496.24
13306,6666,169,5,251.84,1259.2
13307,6667,490,1,386.34,386.34
13308,6668,458,3,275.38,826.14
13309,6668,65,3,354.18,1062.54
13310,6668,162,5,183.21,916.05
13311,6669,434,4,209.93,839.72
13312,6669,351,2,29.65,59.3
13313,6669,48,1,420.1,420.1
13314,6670,472,1,478.27,478.27
13315,6671,179,2,115.41,230.82
13316,6672,309,5,332.79,1663.95
13317,6673,228,2,491.7,983.4
13318,6674,104,3,29.38,88.14
13319,6674,253,3,429.66,1288.98
13320,6674,353,2,264.19,528.38
13321,6675,500,1,146.87,146.87
13322,6675,264,2,147.14,294.28
13323,6676,242,1,7.8,7.8
13324,6677,445,2,228.67,457.34
13325,6677,71,1,53.95,53.95
13326,6677,266,3,443.38,1330.14
13327,6678,184,3,465.06,1395.18
13328,6678,37,5,30.27,151.35
13329,6679,13,4,469.92,1879.68
13330,6680,394,4,12.23,48.92
13331,6680,431,5,420.75,2103.75
13332,6681,318,5,489.73,2448.65
13333,6681,245,1,439.59,439.59
13334,6682,494,4,293.5,1174.0
13335,6682,441,2,288.97,577.94
13336,6683,74,1,9.72,9.72
13337,6683,6,5,343.6,1718.0
13338,6683,103,2,212.93,425.86
13339,6684,491,4,286.61,1146.44
13340,6684,265,1,47.82,47.82
13341,6684,154,3,264.9,794.7
13342,6685,99,2,359.86,719.72
13343,6685,496,5,273.45,1367.25
13344,6685,428,1,118.17,118.17
13345,6686,313,1,365.81,365.81
13346,6686,412,1,283.14,283.14
13347,6686,12,4,170.32,681.28
13348,6687,160,2,318.67,637.34
13349,6687,57,2,270.98,541.96
13350,6688,188,5,312.22,1561.1
13351,6688,355,2,108.33,216.66
13352,6689,473,4,333.53,1334.12
13353,6689,89,1,347.86,347.86
13354,6690,395,5,59.47,297.35
13355,6690,8,3,160.99,482.97
13356,6690,369,2,122.28,244.56
13357,6691,6,5,248.59,1242.95
13358,6691,31,4,395.68,1582.72
13359,6691,40,5,110.94,554.7
13360,6692,341,1,178.26,178.26
13361,6692,494,2,63.05,126.1
13362,6693,111,1,370.42,370.42
13363,6694,138,5,280.79,1403.95
13364,6694,415,4,194.52,778.08
13365,6695,177,4,124.4,497.6
13366,6696,108,2,475.98,951.96
13367,6696,103,2,257.67,515.34
13368,6697,101,4,474.91,1899.64
13369,6697,369,4,444.3,1777.2
13370,6698,344,5,164.0,820.0
13371,6698,339,1,490.53,490.53
13372,6699,163,3,193.95,581.85
13373,6700,379,2,163.04,326.08
13374,6701,360,2,150.6,301.2
13375,6701,230,1,346.68,346.68
13376,6701,446,2,322.39,644.78
13377,6702,466,5,205.48,1027.4
13378,6702,148,5,133.26,666.3
13379,6703,290,3,387.77,1163.31
13380,6703,101,5,425.22,2126.1
13381,6703,311,5,389.43,1947.15
13382,6704,353,3,294.27,882.81
13383,6705,310,5,31.21,156.05
13384,6705,439,3,206.41,619.23
13385,6705,465,1,306.09,306.09
13386,6706,123,2,165.08,330.16
13387,6707,106,2,364.06,728.12
13388,6707,273,1,258.12,258.12
13389,6707,258,5,169.63,848.15
13390,6708,150,5,339.1,1695.5
13391,6708,480,4,171.64,686.56
13392,6709,424,1,409.8,409.8
13393,6709,140,1,497.59,497.59
13394,6710,415,1,98.26,98.26
13395,6711,250,3,496.51,1489.53
13396,6712,237,5,85.08,425.4
13397,6713,349,3,325.15,975.45
13398,6713,9,2,463.93,927.86
13399,6714,75,1,97.38,97.38
13400,6714,223,4,182.02,728.08
13401,6714,147,5,384.78,1923.9
13402,6715,239,4,197.72,790.88
13403,6715,204,4,34.87,139.48
13404,6715,12,4,349.85,1399.4
13405,6716,289,3,486.82,1460.46
13406,6716,396,5,144.85,724.25
13407,6717,343,2,373.85,747.7
13408,6718,209,4,179.25,717.0
13409,6718,455,2,485.42,970.84
13410,6719,187,2,288.5,577.0
13411,6719,332,1,116.86,116.86
13412,6719,334,3,398.86,1196.58
13413,6720,25,4,207.68,830.72
13414,6720,162,1,54.69,54.69
13415,6720,271,2,190.32,380.64
13416,6721,336,2,71.2,142.4
13417,6721,152,3,129.42,388.26
13418,6721,21,1,293.78,293.78
13419,6722,285,3,175.48,526.44
13420,6723,224,1,337.01,337.01
13421,6723,348,1,245.93,245.93
13422,6723,326,2,59.91,119.82
13423,6724,432,1,481.39,481.39
13424,6725,137,5,366.19,1830.95
13425,6725,453,5,420.95,2104.75
13426,6725,482,4,499.4,1997.6
13427,6726,443,2,309.62,619.24
13428,6726,169,5,425.04,2125.2
13429,6726,221,5,219.7,1098.5
13430,6727,483,3,464.44,1393.32
13431,6727,389,4,294.15,1176.6
13432,6727,321,4,51.21,204.84
13433,6728,51,3,257.84,773.52
13434,6729,291,5,39.8,199.0
13435,6729,182,1,313.57,313.57
13436,6729,260,3,159.26,477.78
13437,6730,458,2,97.91,195.82
13438,6730,213,2,181.32,362.64
13439,6731,283,1,326.67,326.67
13440,6731,397,5,292.23,1461.15
13441,6731,429,2,292.54,585.08
13442,6732,11,3,404.43,1213.29
13443,6732,88,3,255.3,765.9
13444,6733,370,5,147.44,737.2
13445,6734,92,4,307.49,1229.96
13446,6734,67,4,496.16,1984.64
13447,6734,34,2,437.91,875.82
13448,6735,30,1,132.47,132.47
13449,6735,267,4,406.91,1627.64
13450,6735,378,1,471.38,471.38
13451,6736,295,1,466.38,466.38
13452,6736,383,2,157.12,314.24
13453,6737,119,4,386.11,1544.44
13454,6737,161,5,181.86,909.3
13455,6738,286,1,225.16,225.16
13456,6739,274,3,40.83,122.49
13457,6739,301,4,170.01,680.04
13458,6740,182,2,252.77,505.54
13459,6740,298,1,326.02,326.02
13460,6741,365,2,396.58,793.16
13461,6741,235,2,375.72,751.44
13462,6741,21,2,338.73,677.46
13463,6742,13,5,317.61,1588.05
13464,6742,293,1,345.72,345.72
13465,6743,61,1,490.56,490.56
13466,6744,398,1,101.51,101.51
13467,6744,34,4,261.93,1047.72
13468,6744,402,4,6.55,26.2
13469,6745,99,5,14.26,71.3
13470,6745,494,4,292.52,1170.08
13471,6745,54,3,138.05,414.15
13472,6746,120,2,487.27,974.54
13473,6747,399,4,338.43,1353.72
13474,6747,392,2,46.15,92.3
13475,6748,485,1,350.87,350.87
13476,6748,1,4,240.38,961.52
13477,6749,450,4,404.72,1618.88
13478,6750,469,3,437.1,1311.3
13479,6750,444,4,124.44,497.76
13480,6751,286,3,95.81,287.43
13481,6751,156,2,96.06,192.12
13482,6751,37,3,67.64,202.92
13483,6752,35,1,132.21,132.21
13484,6752,356,2,286.99,573.98
13485,6753,147,5,167.08,835.4
13486,6753,160,1,117.13,117.13
13487,6754,162,1,163.9,163.9
13488,6754,203,5,66.97,334.85
13489,6755,388,5,218.14,1090.7
13490,6756,396,4,359.36,1437.44
13491,6756,476,5,17.47,87.35
13492,6756,415,2,265.89,531.78
13493,6757,190,2,310.01,620.02
13494,6757,210,5,382.57,1912.85
13495,6757,425,5,347.83,1739.15
13496,6758,385,3,107.85,323.55
13497,6758,127,1,42.48,42.48
13498,6758,438,2,103.45,206.9
13499,6759,129,5,472.76,2363.8
13500,6760,281,4,189.91,759.64
13501,6760,305,5,267.34,1336.7
13502,6761,484,1,300.49,300.49
13503,6762,395,1,361.96,361.96
13504,6762,26,5,209.12,1045.6
13505,6763,296,1,13.9,13.9
13506,6763,205,4,48.3,193.2
13507,6764,15,3,439.9,1319.7
13508,6764,118,2,125.58,251.16
13509,6764,373,5,170.27,851.35
13510,6765,458,5,177.73,888.65
13511,6765,37,3,458.93,1376.79
13512,6765,60,2,96.22,192.44
13513,6766,79,3,90.59,271.77
13514,6766,137,4,207.58,830.32
13515,6767,227,5,327.27,1636.35
13516,6767,328,3,204.71,614.13
13517,6767,304,3,384.33,1152.99
13518,6768,272,4,36.53,146.12
13519,6768,40,1,16.8,16.8
13520,6768,311,5,293.61,1468.05
13521,6769,308,1,365.78,365.78
13522,6769,91,3,463.46,1390.38
13523,6769,131,2,183.38,366.76
13524,6770,164,4,131.79,527.16
13525,6771,329,4,339.93,1359.72
13526,6771,103,1,346.78,346.78
13527,6771,146,3,310.24,930.72
13528,6772,116,4,60.95,243.8
13529,6773,44,3,448.36,1345.08
13530,6773,252,1,244.54,244.54
13531,6774,44,5,431.9,2159.5
13532,6774,294,3,461.12,1383.36
13533,6775,40,4,47.98,191.92
13534,6776,193,4,348.45,1393.8
13535,6777,71,2,67.79,135.58
13536,6777,458,3,331.41,994.23
13537,6777,254,2,138.36,276.72
13538,6778,424,2,191.47,382.94
13539,6778,314,5,159.1,795.5
13540,6778,496,2,421.46,842.92
13541,6779,400,3,19.39,58.17
13542,6780,371,5,194.96,974.8
13543,6780,270,2,115.39,230.78
13544,6780,78,3,468.39,1405.17
13545,6781,183,5,57.66,288.3
13546,6781,128,2,43.9,87.8
13547,6782,165,2,107.85,215.7
13548,6783,372,4,330.51,1322.04
13549,6784,299,3,288.24,864.72
13550,6785,376,2,270.83,541.66
13551,6785,106,5,150.38,751.9
13552,6785,430,5,88.07,440.35
13553,6786,181,4,381.63,1526.52
13554,6786,443,2,71.7,143.4
13555,6787,25,5,21.79,108.95
13556,6787,455,2,271.95,543.9
13557,6787,400,1,135.09,135.09
13558,6788,79,1,25.82,25.82
13559,6788,221,5,96.07,480.35
13560,6788,182,5,236.9,1184.5
13561,6789,99,3,149.3,447.9
13562,6789,387,4,153.01,612.04
13563,6789,117,3,152.59,457.77
13564,6790,444,1,316.84,316.84
13565,6790,64,1,419.75,419.75
13566,6790,208,4,230.58,922.32
13567,6791,495,5,447.05,2235.25
13568,6791,122,3,359.56,1078.68
13569,6791,105,1,79.78,79.78
13570,6792,464,5,174.25,871.25
13571,6793,301,1,349.68,349.68
13572,6794,399,4,239.36,957.44
13573,6794,463,4,28.75,115.0
13574,6795,448,3,319.13,957.39
13575,6796,182,1,28.63,28.63
13576,6797,160,4,88.12,352.48
13577,6797,113,2,191.49,382.98
13578,6798,38,4,470.56,1882.24
13579,6799,261,3,315.96,947.88
13580,6799,374,3,87.14,261.42
13581,6799,214,5,486.5,2432.5
13582,6800,456,1,341.68,341.68
13583,6800,265,2,338.05,676.1
13584,6801,336,1,431.56,431.56
13585,6801,294,4,37.96,151.84
13586,6802,223,2,248.19,496.38
13587,6803,243,1,267.0,267.0
13588,6803,444,1,139.44,139.44
13589,6804,263,5,304.42,1522.1
13590,6805,230,3,259.04,777.12
13591,6806,158,3,16.82,50.46
13592,6807,488,5,435.35,2176.75
13593,6807,281,4,374.3,1497.2
13594,6808,365,2,408.19,816.38
13595,6809,307,3,87.09,261.27
13596,6810,300,4,361.15,1444.6
13597,6810,382,1,208.42,208.42
13598,6811,385,1,274.29,274.29
13599,6811,399,1,413.55,413.55
13600,6812,234,4,453.4,1813.6
13601,6812,405,1,114.18,114.18
13602,6813,268,1,102.51,102.51
13603,6814,286,4,221.8,887.2
13604,6814,336,1,355.19,355.19
13605,6815,473,2,121.82,243.64
13606,6815,204,2,66.9,133.8
13607,6815,192,2,234.55,469.1
13608,6816,43,5,31.54,157.7
13609,6816,264,2,286.64,573.28
13610,6817,280,5,87.89,439.45
13611,6818,496,5,31.14,155.7
13612,6818,132,4,151.59,606.36
13613,6819,386,3,462.86,1388.58
13614,6819,377,1,185.22,185.22
13615,6820,310,5,50.67,253.35
13616,6820,94,5,212.33,1061.65
13617,6821,240,4,365.46,1461.84
13618,6822,301,3,303.04,909.12
13619,6822,245,5,211.56,1057.8
13620,6823,472,4,239.5,958.0
13621,6823,469,4,122.02,488.08
13622,6823,134,4,394.52,1578.08
13623,6824,284,4,107.99,431.96
13624,6824,356,1,309.36,309.36
13625,6824,12,1,47.5,47.5
13626,6825,217,3,70.38,211.14
13627,6825,262,5,146.8,734.0
13628,6825,158,1,189.17,189.17
13629,6826,112,3,395.1,1185.3
13630,6827,91,1,197.97,197.97
13631,6828,466,3,122.26,366.78
13632,6829,343,4,474.16,1896.64
13633,6829,106,4,485.62,1942.48
13634,6829,382,2,390.95,781.9
13635,6830,334,1,480.42,480.42
13636,6831,457,4,252.84,1011.36
13637,6831,471,4,60.74,242.96
13638,6832,500,3,392.31,1176.93
13639,6833,97,4,133.79,535.16
13640,6833,411,4,317.58,1270.32
13641,6834,14,2,426.97,853.94
13642,6834,45,5,53.57,267.85
13643,6834,51,3,386.39,1159.17
13644,6835,16,5,115.24,576.2
13645,6836,412,4,86.22,344.88
13646,6836,48,3,402.85,1208.55
13647,6837,146,2,297.98,595.96
13648,6838,255,2,163.03,326.06
13649,6838,328,4,74.62,298.48
13650,6838,4,2,170.66,341.32
13651,6839,87,4,48.73,194.92
13652,6839,13,3,329.98,989.94
13653,6839,105,4,388.96,1555.84
13654,6840,192,2,99.43,198.86
13655,6840,276,1,11.61,11.61
13656,6840,57,5,43.86,219.3
13657,6841,326,4,83.5,334.0
13658,6841,23,1,129.61,129.61
13659,6842,249,1,480.81,480.81
13660,6842,199,2,204.96,409.92
13661,6843,420,2,480.07,960.14
13662,6843,230,3,80.71,242.13
13663,6844,146,2,490.93,981.86
13664,6844,449,2,335.52,671.04
13665,6844,319,1,239.23,239.23
13666,6845,500,1,437.81,437.81
13667,6846,20,3,406.52,1219.56
13668,6846,112,3,287.68,863.04
13669,6847,496,3,466.98,1400.94
13670,6847,180,1,372.33,372.33
13671,6847,415,4,107.72,430.88
13672,6848,136,3,310.81,932.43
13673,6848,199,2,56.27,112.54
13674,6848,21,4,87.47,349.88
13675,6849,371,2,323.6,647.2
13676,6849,466,5,66.53,332.65
13677,6849,424,2,410.94,821.88
13678,6850,401,2,213.5,427.0
13679,6850,41,1,355.57,355.57
13680,6851,4,5,352.9,1764.5
13681,6851,166,2,106.35,212.7
13682,6852,105,2,267.29,534.58
13683,6853,301,2,167.72,335.44
13684,6853,338,3,361.23,1083.69
13685,6853,162,2,43.69,87.38
13686,6854,96,4,428.91,1715.64
13687,6855,267,5,491.77,2458.85
13688,6855,298,2,176.61,353.22
13689,6856,491,4,341.41,1365.64
13690,6856,385,4,428.41,1713.64
13691,6857,37,5,206.24,1031.2
13692,6858,144,2,337.52,675.04
13693,6859,169,5,430.85,2154.25
13694,6859,184,1,486.33,486.33
13695,6860,309,5,359.89,1799.45
13696,6860,56,5,461.93,2309.65
13697,6861,135,1,208.18,208.18
13698,6861,370,3,428.98,1286.94
13699,6862,496,2,257.21,514.42
13700,6862,287,1,214.63,214.63
13701,6862,486,1,385.29,385.29
13702,6863,167,5,15.33,76.65
13703,6863,374,2,207.13,414.26
13704,6864,58,5,212.3,1061.5
13705,6864,315,1,110.55,110.55
13706,6864,425,3,300.38,901.14
13707,6865,60,1,281.67,281.67
13708,6866,287,3,448.08,1344.24
13709,6866,95,3,377.01,1131.03
13710,6866,17,5,247.1,1235.5
13711,6867,443,1,41.78,41.78
13712,6867,419,3,370.37,1111.11
13713,6867,289,1,92.39,92.39
13714,6868,468,2,233.55,467.1
13715,6868,436,4,354.76,1419.04
13716,6868,29,1,301.79,301.79
13717,6869,40,4,10.76,43.04
13718,6869,1,3,168.59,505.77
13719,6870,311,5,402.83,2014.15
13720,6870,413,1,121.87,121.87
13721,6871,479,4,254.8,1019.2
13722,6871,411,3,401.33,1203.99
13723,6871,365,5,370.03,1850.15
13724,6872,421,3,366.75,1100.25
13725,6873,278,4,212.31,849.24
13726,6874,224,4,314.58,1258.32
13727,6874,258,5,400.6,2003.0
13728,6874,461,4,360.64,1442.56
13729,6875,53,1,136.02,136.02
13730,6876,274,3,16.72,50.16
13731,6876,54,3,151.23,453.69
13732,6876,40,1,459.4,459.4
13733,6877,163,5,262.85,1314.25
13734,6878,9,4,217.67,870.68
13735,6878,381,5,411.1,2055.5
13736,6879,84,5,468.6,2343.0
13737,6879,306,5,462.14,2310.7
13738,6879,281,2,380.86,761.72
13739,6880,136,2,254.99,509.98
13740,6881,206,4,342.31,1369.24
13741,6881,51,2,118.18,236.36
13742,6882,408,1,433.25,433.25
13743,6883,465,2,206.17,412.34
13744,6883,351,4,78.78,315.12
13745,6884,267,2,120.93,241.86
13746,6884,65,4,311.73,1246.92
13747,6885,215,4,141.54,566.16
13748,6885,405,2,286.73,573.46
13749,6886,1,2,93.93,187.86
13750,6886,2,1,357.74,357.74
13751,6886,458,5,432.37,2161.85
13752,6887,192,5,337.18,1685.9
13753,6888,439,4,122.73,490.92
13754,6888,183,2,469.27,938.54
13755,6889,267,5,106.44,532.2
13756,6889,191,5,449.22,2246.1
13757,6889,44,1,184.89,184.89
13758,6890,46,4,114.21,456.84
13759,6891,375,2,6.16,12.32
13760,6892,447,1,429.86,429.86
13761,6893,40,4,236.74,946.96
13762,6893,34,2,471.72,943.44
13763,6894,97,4,153.82,615.28
13764,6894,456,4,111.29,445.16
13765,6895,160,3,330.93,992.79
13766,6895,250,4,329.31,1317.24
13767,6895,335,4,52.3,209.2
13768,6896,272,2,308.28,616.56
13769,6896,155,4,309.9,1239.6
13770,6897,441,2,378.46,756.92
13771,6898,460,5,160.52,802.6
13772,6898,455,3,315.17,945.51
13773,6899,423,5,292.2,1461.0
13774,6899,422,3,494.72,1484.16
13775,6899,98,4,388.29,1553.16
13776,6900,41,4,101.95,407.8
13777,6900,355,3,366.46,1099.38
13778,6900,358,3,440.38,1321.14
13779,6901,477,3,203.5,610.5
13780,6901,239,3,452.05,1356.15
13781,6902,242,1,93.99,93.99
13782,6902,38,4,374.09,1496.36
13783,6903,264,3,423.1,1269.3
13784,6903,74,4,54.01,216.04
13785,6903,380,2,147.2,294.4
13786,6904,207,2,67.62,135.24
13787,6904,383,4,58.87,235.48
13788,6904,223,3,140.97,422.91
13789,6905,487,5,451.69,2258.45
13790,6906,152,3,418.36,1255.08
13791,6906,226,3,75.03,225.09
13792,6906,356,1,295.84,295.84
13793,6907,266,1,108.86,108.86
13794,6907,411,5,410.39,2051.95
13795,6908,71,4,262.15,1048.6
13796,6908,258,4,93.36,373.44
13797,6909,244,4,208.84,835.36
13798,6909,479,1,377.0,377.0
13799,6910,140,4,395.82,1583.28
13800,6910,242,4,347.64,1390.56
13801,6910,370,1,203.92,203.92
13802,6911,451,4,38.13,152.52
13803,6912,196,4,90.82,363.28
13804,6912,94,3,497.97,1493.91
13805,6912,313,1,345.85,345.85
13806,6913,200,3,411.5,1234.5
13807,6914,425,2,344.7,689.4
13808,6915,280,3,232.65,697.95
13809,6915,207,4,186.32,745.28
13810,6915,397,4,230.66,922.64
13811,6916,427,3,280.73,842.19
13812,6916,1,3,180.31,540.93
13813,6917,305,2,316.43,632.86
13814,6918,242,3,22.63,67.89
13815,6919,225,3,369.64,1108.92
13816,6920,31,2,54.06,108.12
13817,6921,354,5,413.47,2067.35
13818,6921,261,2,285.75,571.5
13819,6922,241,2,361.55,723.1
13820,6923,50,5,233.09,1165.45
13821,6923,321,4,166.7,666.8
13822,6924,175,5,256.16,1280.8
13823,6924,461,4,421.28,1685.12
13824,6924,154,1,341.97,341.97
13825,6925,319,4,153.69,614.76
13826,6925,198,3,124.42,373.26
13827,6926,431,2,41.99,83.98
13828,6927,470,1,87.91,87.91
13829,6927,184,3,313.04,939.12
13830,6927,120,2,202.6,405.2
13831,6928,243,1,148.57,148.57
13832,6929,307,1,423.66,423.66
13833,6930,402,3,461.18,1383.54
13834,6930,312,2,340.1,680.2
13835,6930,118,1,137.08,137.08
13836,6931,225,2,320.76,641.52
13837,6931,205,1,236.0,236.0
13838,6931,211,3,495.97,1487.91
13839,6932,157,4,35.9,143.6
13840,6933,329,3,452.34,1357.02
13841,6933,106,1,346.62,346.62
13842,6933,181,3,93.02,279.06
13843,6934,463,2,50.47,100.94
13844,6935,442,1,123.22,123.22
13845,6935,423,4,88.75,355.0
13846,6935,24,4,411.39,1645.56
13847,6936,442,5,342.9,1714.5
13848,6936,160,3,215.21,645.63
13849,6937,319,3,117.76,353.28
13850,6937,283,2,421.12,842.24
13851,6938,236,5,341.6,1708.0
13852,6938,288,3,152.58,457.74
13853,6938,480,4,69.49,277.96
13854,6939,134,1,98.37,98.37
13855,6939,255,5,264.68,1323.4
13856,6939,182,1,422.99,422.99
13857,6940,103,3,140.66,421.98
13858,6940,105,4,371.72,1486.88
13859,6941,307,1,399.49,399.49
13860,6941,81,1,53.43,53.43
13861,6942,235,3,190.97,572.91
13862,6942,383,5,79.88,399.4
13863,6942,35,3,414.8,1244.4
13864,6943,68,4,248.83,995.32
13865,6943,207,2,466.87,933.74
13866,6944,449,4,238.92,955.68
13867,6944,48,2,356.51,713.02
13868,6944,9,1,190.91,190.91
13869,6945,45,1,48.47,48.47
13870,6945,448,5,173.27,866.35
13871,6945,299,2,469.47,938.94
13872,6946,186,5,332.2,1661.0
13873,6946,170,1,430.13,430.13
13874,6947,341,1,441.5,441.5
13875,6947,229,5,498.69,2493.45
13876,6947,160,2,95.93,191.86
13877,6948,18,4,95.17,380.68
13878,6948,19,5,102.33,511.65
13879,6948,376,3,459.03,1377.09
13880,6949,77,5,15.82,79.1
13881,6949,483,4,341.49,1365.96
13882,6949,435,4,429.62,1718.48
13883,6950,497,4,334.07,1336.28
13884,6951,206,2,62.53,125.06
13885,6951,459,5,264.07,1320.35
13886,6952,293,4,446.23,1784.92
13887,6953,147,5,77.82,389.1
13888,6953,16,4,212.91,851.64
13889,6953,453,4,217.74,870.96
13890,6954,397,5,115.32,576.6
13891,6955,286,2,119.4,238.8
13892,6955,461,2,87.76,175.52
13893,6956,418,2,176.32,352.64
13894,6956,332,2,454.35,908.7
13895,6956,64,5,214.13,1070.65
13896,6957,362,5,116.56,582.8
13897,6957,397,2,10.2,20.4
13898,6957,402,1,370.9,370.9
13899,6958,207,1,34.2,34.2
13900,6959,275,4,230.1,920.4
13901,6959,407,1,389.4,389.4
13902,6960,225,5,59.12,295.6
13903,6961,340,1,364.56,364.56
13904,6962,394,5,165.06,825.3
13905,6963,397,1,328.03,328.03
13906,6963,212,1,106.49,106.49
13907,6963,425,5,417.28,2086.4
13908,6964,417,4,297.62,1190.48
13909,6964,383,5,174.21,871.05
13910,6964,367,5,215.73,1078.65
13911,6965,154,1,344.04,344.04
13912,6965,18,4,54.49,217.96
13913,6965,382,2,179.55,359.1
13914,6966,299,1,88.01,88.01
13915,6967,166,4,436.47,1745.88
13916,6967,113,3,490.04,1470.12
13917,6968,440,3,394.45,1183.35
13918,6968,280,3,166.9,500.7
13919,6968,42,1,216.91,216.91
13920,6969,277,4,50.7,202.8
13921,6969,500,4,487.34,1949.36
13922,6970,296,4,415.03,1660.12
13923,6970,180,1,441.65,441.65
13924,6970,175,3,341.1,1023.3
13925,6971,43,3,96.75,290.25
13926,6972,382,4,109.54,438.16
13927,6972,189,1,376.89,376.89
13928,6973,497,5,163.44,817.2
13929,6973,334,5,330.19,1650.95
13930,6973,262,5,73.57,367.85
13931,6974,285,1,194.49,194.49
13932,6974,40,3,264.46,793.38
13933,6975,177,3,298.89,896.67
13934,6976,122,4,40.97,163.88
13935,6977,303,3,53.15,159.45
13936,6977,277,1,228.53,228.53
13937,6978,332,2,171.71,343.42
13938,6978,6,5,413.45,2067.25
13939,6979,326,5,166.5,832.5
13940,6979,171,2,174.57,349.14
13941,6980,179,4,473.22,1892.88
13942,6980,77,4,278.42,1113.68
13943,6981,340,5,287.62,1438.1
13944,6981,389,3,75.07,225.21
13945,6981,336,4,210.96,843.84
13946,6982,60,5,115.99,579.95
13947,6982,17,5,298.33,1491.65
13948,6983,397,1,47.17,47.17
13949,6983,163,2,324.35,648.7
13950,6983,318,3,277.78,833.34
13951,6984,118,5,73.31,366.55
13952,6984,1,5,441.72,2208.6
13953,6985,419,2,107.94,215.88
13954,6985,237,5,476.06,2380.3
13955,6986,308,5,453.14,2265.7
13956,6986,196,2,487.25,974.5
13957,6986,321,2,144.72,289.44
13958,6987,182,3,314.52,943.56
13959,6987,483,4,257.42,1029.68
13960,6987,447,4,102.03,408.12
13961,6988,353,3,216.23,648.69
13962,6988,94,1,356.52,356.52
13963,6988,121,2,109.28,218.56
13964,6989,375,5,96.51,482.55
13965,6989,241,3,476.14,1428.42
13966,6990,248,1,319.77,319.77
13967,6990,436,4,316.84,1267.36
13968,6991,136,3,382.51,1147.53
13969,6992,200,3,111.18,333.54
13970,6992,38,5,422.32,2111.6
13971,6992,277,3,52.44,157.32
13972,6993,31,1,302.81,302.81
13973,6994,204,3,380.8,1142.4
13974,6994,190,1,58.23,58.23
13975,6994,95,2,406.61,813.22
13976,6995,490,3,185.16,555.48
13977,6995,132,3,462.61,1387.83
13978,6995,170,1,30.32,30.32
13979,6996,169,2,437.54,875.08
13980,6997,266,5,304.72,1523.6
13981,6997,164,2,171.59,343.18
13982,6998,24,1,224.33,224.33
13983,6998,382,3,380.35,1141.05
13984,6998,265,3,243.65,730.95
13985,6999,109,4,411.77,1647.08
13986,6999,286,5,24.93,124.65
13987,6999,265,5,448.17,2240.85
13988,7000,11,3,167.56,502.68
13989,7001,306,1,145.35,145.35
13990,7002,331,1,217.19,217.19
13991,7003,214,5,318.55,1592.75
13992,7003,446,2,273.27,546.54
13993,7003,30,2,124.61,249.22
13994,7004,375,3,103.24,309.72
13995,7004,20,5,353.21,1766.05
13996,7005,304,3,369.25,1107.75
13997,7005,13,1,64.61,64.61
13998,7005,24,3,48.69,146.07
13999,7006,25,3,330.77,992.31
14000,7006,446,1,353.04,353.04
14001,7007,355,4,278.67,1114.68
14002,7007,234,4,430.36,1721.44
14003,7008,220,1,449.79,449.79
14004,7008,44,2,451.56,903.12
14005,7009,259,1,117.37,117.37
14006,7010,203,2,63.31,126.62
14007,7011,249,2,264.98,529.96
14008,7011,88,1,497.65,497.65
14009,7011,28,1,177.4,177.4
14010,7012,101,3,339.77,1019.31
14011,7012,347,4,304.01,1216.04
14012,7013,34,3,240.85,722.55
14013,7013,297,3,426.29,1278.87
14014,7013,205,5,475.69,2378.45
14015,7014,319,3,16.23,48.69
14016,7014,480,2,5.72,11.44
14017,7014,456,1,58.08,58.08
14018,7015,224,5,109.6,548.0
14019,7015,401,4,331.72,1326.88
14020,7015,194,1,8.85,8.85
14021,7016,337,3,187.63,562.89
14022,7016,409,3,73.41,220.23
14023,7017,456,1,213.76,213.76
14024,7017,340,3,435.14,1305.42
14025,7018,234,4,15.94,63.76
14026,7019,492,3,304.06,912.18
14027,7019,479,3,366.23,1098.69
14028,7019,147,2,277.06,554.12
14029,7020,29,2,295.02,590.04
14030,7021,152,2,350.82,701.64
14031,7022,5,5,266.6,1333.0
14032,7022,453,1,51.1,51.1
14033,7022,196,2,453.59,907.18
14034,7023,384,3,326.91,980.73
14035,7023,321,1,309.48,309.48
14036,7024,85,5,218.27,1091.35
14037,7024,263,3,70.36,211.08
14038,7025,255,1,9.14,9.14
14039,7026,165,2,366.52,733.04
14040,7026,186,4,460.08,1840.32
14041,7026,213,1,234.84,234.84
14042,7027,351,3,485.84,1457.52
14043,7028,108,4,333.17,1332.68
14044,7028,66,4,476.39,1905.56
14045,7029,379,1,394.32,394.32
14046,7029,411,2,428.68,857.36
14047,7029,159,2,54.18,108.36
14048,7030,269,3,66.92,200.76
14049,7031,491,2,315.43,630.86
14050,7032,169,5,289.7,1448.5
14051,7032,275,3,153.19,459.57
14052,7032,405,1,389.04,389.04
14053,7033,9,1,370.15,370.15
14054,7033,230,1,222.67,222.67
14055,7034,91,1,14.09,14.09
14056,7035,80,5,164.27,821.35
14057,7036,6,5,35.56,177.8
14058,7036,365,1,270.8,270.8
14059,7037,244,5,9.81,49.05
14060,7038,401,2,105.63,211.26
14061,7038,297,3,36.94,110.82
14062,7039,152,1,318.99,318.99
14063,7040,414,2,72.09,144.18
14064,7041,306,5,102.1,510.5
14065,7042,131,2,229.88,459.76
14066,7043,42,1,72.95,72.95
14067,7043,500,1,348.67,348.67
14068,7043,304,4,86.66,346.64
14069,7044,8,1,271.69,271.69
14070,7044,292,2,464.28,928.56
14071,7044,266,3,148.07,444.21
14072,7045,477,3,42.59,127.77
14073,7045,394,4,453.27,1813.08
14074,7045,483,3,336.95,1010.85
14075,7046,335,3,371.79,1115.37
14076,7046,78,1,387.88,387.88
14077,7047,420,4,42.6,170.4
14078,7047,423,4,367.58,1470.32
14079,7048,415,1,132.26,132.26
14080,7049,188,3,350.2,1050.6
14081,7049,208,3,263.26,789.78
14082,7049,491,3,7.72,23.16
14083,7050,47,4,265.33,1061.32
14084,7050,6,5,200.55,1002.75
14085,7050,360,5,33.24,166.2
14086,7051,306,4,86.1,344.4
14087,7052,344,2,265.37,530.74
14088,7053,247,4,38.04,152.16
14089,7054,47,3,426.35,1279.05
14090,7055,185,2,110.64,221.28
14091,7055,198,3,193.56,580.68
14092,7056,383,2,398.13,796.26
14093,7056,433,2,356.39,712.78
14094,7057,296,1,311.38,311.38
14095,7058,69,1,113.33,113.33
14096,7059,155,5,444.55,2222.75
14097,7059,68,3,48.9,146.7
14098,7060,143,5,391.29,1956.45
14099,7061,187,3,116.31,348.93
14100,7061,66,5,78.98,394.9
14101,7061,223,2,20.43,40.86
14102,7062,19,5,127.32,636.6
14103,7062,62,1,484.18,484.18
14104,7062,69,1,327.09,327.09
14105,7063,163,1,161.99,161.99
14106,7064,57,1,426.74,426.74
14107,7064,117,3,226.83,680.49
14108,7064,219,2,131.71,263.42
14109,7065,454,3,43.76,131.28
14110,7065,312,3,461.45,1384.35
14111,7065,282,1,331.58,331.58
14112,7066,220,2,195.33,390.66
14113,7066,318,3,437.48,1312.44
14114,7067,178,2,314.14,628.28
14115,7067,402,1,80.8,80.8
14116,7067,372,4,292.95,1171.8
14117,7068,53,5,70.94,354.7
14118,7069,478,1,478.5,478.5
14119,7070,82,4,68.7,274.8
14120,7070,79,1,262.22,262.22
14121,7071,293,1,144.45,144.45
14122,7071,390,3,162.23,486.69
14123,7072,157,1,172.7,172.7
14124,7072,288,2,44.01,88.02
14125,7072,328,1,43.71,43.71
14126,7073,85,1,272.35,272.35
14127,7074,167,2,32.78,65.56
14128,7074,368,1,23.2,23.2
14129,7075,351,1,458.33,458.33
14130,7075,26,2,437.12,874.24
14131,7076,109,3,349.71,1049.13
14132,7076,498,1,472.75,472.75
14133,7077,347,1,249.48,249.48
14134,7077,56,2,364.5,729.0
14135,7078,53,3,396.42,1189.26
14136,7078,81,2,382.82,765.64
14137,7079,459,3,476.07,1428.21
14138,7079,103,3,448.74,1346.22
14139,7079,301,4,98.83,395.32
14140,7080,84,2,196.83,393.66
14141,7081,288,4,426.25,1705.0
14142,7081,161,4,459.61,1838.44
14143,7082,209,1,15.7,15.7
14144,7083,500,3,252.02,756.06
14145,7083,382,5,108.56,542.8
14146,7083,4,2,253.47,506.94
14147,7084,211,4,477.49,1909.96
14148,7084,240,3,249.74,749.22
14149,7085,364,1,355.13,355.13
14150,7085,214,1,333.11,333.11
14151,7086,454,2,406.64,813.28
14152,7086,27,4,300.27,1201.08
14153,7087,182,3,483.28,1449.84
14154,7087,160,1,360.33,360.33
14155,7088,244,4,214.37,857.48
14156,7089,404,3,208.7,626.1
14157,7089,301,4,111.0,444.0
14158,7089,480,5,380.39,1901.95
14159,7090,133,2,300.14,600.28
14160,7090,227,4,257.48,1029.92
14161,7090,493,3,174.82,524.46
14162,7091,243,3,332.71,998.13
14163,7092,1,1,10.16,10.16
14164,7092,372,5,436.45,2182.25
14165,7093,131,3,353.51,1060.53
14166,7093,124,4,464.32,1857.28
14167,7093,364,1,249.75,249.75
14168,7094,111,1,210.1,210.1
14169,7094,63,3,463.33,1389.99
14170,7095,270,3,386.73,1160.19
14171,7095,164,1,174.25,174.25
14172,7095,379,2,295.47,590.94
14173,7096,440,2,107.18,214.36
14174,7096,338,1,103.82,103.82
14175,7096,156,2,21.09,42.18
14176,7097,52,5,426.53,2132.65
14177,7097,258,3,217.29,651.87
14178,7098,96,2,224.81,449.62
14179,7099,411,4,355.47,1421.88
14180,7099,363,5,100.78,503.9
14181,7099,276,3,409.54,1228.62
14182,7100,180,5,169.55,847.75
14183,7101,462,4,18.67,74.68
14184,7101,306,1,245.58,245.58
14185,7101,161,5,225.43,1127.15
14186,7102,129,4,198.18,792.72
14187,7102,472,5,457.98,2289.9
14188,7103,350,5,251.79,1258.95
14189,7103,476,3,354.37,1063.11
14190,7103,135,1,21.98,21.98
14191,7104,372,5,410.89,2054.45
14192,7104,39,3,240.99,722.97
14193,7104,471,2,480.7,961.4
14194,7105,196,1,122.69,122.69
14195,7105,103,2,9.64,19.28
14196,7105,431,2,386.1,772.2
14197,7106,452,2,345.34,690.68
14198,7106,290,5,58.23,291.15
14199,7107,332,2,191.63,383.26
14200,7108,400,4,359.36,1437.44
14201,7108,352,1,478.56,478.56
14202,7109,416,3,426.42,1279.26
14203,7109,195,3,263.42,790.26
14204,7110,330,1,302.75,302.75
14205,7111,79,1,451.61,451.61
14206,7111,292,3,330.76,992.28
14207,7111,209,4,207.77,831.08
14208,7112,254,3,22.45,67.35
14209,7113,147,1,364.6,364.6
14210,7113,180,1,110.46,110.46
14211,7113,377,4,313.24,1252.96
14212,7114,478,5,99.79,498.95
14213,7115,444,2,465.45,930.9
14214,7115,88,5,55.27,276.35
14215,7116,214,1,387.36,387.36
14216,7116,407,5,115.66,578.3
14217,7116,381,4,172.09,688.36
14218,7117,403,1,217.4,217.4
14219,7117,394,4,344.99,1379.96
14220,7117,155,3,43.48,130.44
14221,7118,444,3,226.84,680.52
14222,7118,72,4,365.06,1460.24
14223,7119,269,4,50.04,200.16
14224,7119,1,5,227.4,1137.0
14225,7119,129,4,245.82,983.28
14226,7120,310,2,379.47,758.94
14227,7120,348,5,373.83,1869.15
14228,7121,437,1,11.46,11.46
14229,7122,389,3,145.5,436.5
14230,7122,331,2,206.09,412.18
14231,7123,480,4,215.08,860.32
14232,7124,140,1,329.06,329.06
14233,7124,430,3,114.85,344.55
14234,7124,457,5,43.07,215.35
14235,7125,442,1,354.94,354.94
14236,7125,211,5,127.77,638.85
14237,7125,36,1,408.18,408.18
14238,7126,138,1,285.39,285.39
14239,7126,168,1,112.48,112.48
14240,7126,15,5,432.64,2163.2
14241,7127,38,5,93.9,469.5
14242,7128,420,2,227.41,454.82
14243,7128,168,5,493.98,2469.9
14244,7128,175,1,317.31,317.31
14245,7129,320,3,61.67,185.01
14246,7129,401,1,207.07,207.07
14247,7130,79,3,89.49,268.47
14248,7130,138,1,103.69,103.69
14249,7131,488,4,133.4,533.6
14250,7132,367,3,363.15,1089.45
14251,7133,28,4,392.95,1571.8
14252,7133,136,1,496.94,496.94
14253,7133,73,3,281.35,844.05
14254,7134,159,1,469.16,469.16
14255,7134,165,2,300.75,601.5
14256,7134,153,5,180.85,904.25
14257,7135,383,5,478.36,2391.8
14258,7135,143,5,96.65,483.25
14259,7136,263,5,213.52,1067.6
14260,7137,264,2,374.64,749.28
14261,7138,495,5,181.46,907.3
14262,7138,500,1,133.66,133.66
14263,7138,216,1,228.68,228.68
14264,7139,490,1,124.47,124.47
14265,7139,453,3,342.39,1027.17
14266,7140,373,4,360.86,1443.44
14267,7141,191,3,475.5,1426.5
14268,7141,372,1,30.68,30.68
14269,7141,206,1,453.46,453.46
14270,7142,468,2,91.91,183.82
14271,7142,65,3,335.35,1006.05
14272,7143,3,5,65.53,327.65
14273,7143,55,4,252.98,1011.92
14274,7143,186,5,458.61,2293.05
14275,7144,43,2,417.39,834.78
14276,7144,115,1,398.18,398.18
14277,7145,490,1,48.42,48.42
14278,7146,414,1,293.28,293.28
14279,7147,271,2,214.89,429.78
14280,7147,415,4,265.92,1063.68
14281,7147,146,4,451.59,1806.36
14282,7148,350,4,256.56,1026.24
14283,7148,221,5,28.85,144.25
14284,7149,64,4,85.14,340.56
14285,7149,238,5,25.16,125.8
14286,7149,5,3,426.26,1278.78
14287,7150,36,3,454.97,1364.91
14288,7150,82,1,364.22,364.22
14289,7150,34,5,467.56,2337.8
14290,7151,397,1,483.84,483.84
14291,7152,178,3,272.9,818.7
14292,7153,446,1,309.18,309.18
14293,7154,416,4,322.48,1289.92
14294,7155,498,1,474.6,474.6
14295,7155,369,1,268.97,268.97
14296,7155,28,4,478.6,1914.4
14297,7156,282,2,33.89,67.78
14298,7157,80,1,60.4,60.4
14299,7157,370,4,434.06,1736.24
14300,7157,76,2,19.42,38.84
14301,7158,449,1,451.44,451.44
14302,7159,45,3,86.57,259.71
14303,7159,470,2,421.54,843.08
14304,7160,39,1,175.41,175.41
14305,7160,98,3,276.76,830.28
14306,7161,23,2,370.82,741.64
14307,7161,404,3,476.69,1430.07
14308,7162,404,1,296.62,296.62
14309,7163,129,1,142.19,142.19
14310,7163,127,1,398.94,398.94
14311,7163,32,5,99.96,499.8
14312,7164,73,2,132.97,265.94
14313,7164,290,4,302.26,1209.04
14314,7164,29,3,284.3,852.9
14315,7165,85,3,28.45,85.35
14316,7166,110,4,171.07,684.28
14317,7166,378,3,167.57,502.71
14318,7167,370,5,431.93,2159.65
14319,7168,365,4,446.04,1784.16
14320,7168,3,4,323.89,1295.56
14321,7168,86,1,44.08,44.08
14322,7169,489,3,135.49,406.47
14323,7169,46,5,321.27,1606.35
14324,7170,205,5,391.98,1959.9
14325,7171,251,2,172.69,345.38
14326,7171,226,4,277.85,1111.4
14327,7171,153,2,430.02,860.04
14328,7172,17,2,459.15,918.3
14329,7172,370,5,383.4,1917.0
14330,7172,149,2,127.94,255.88
14331,7173,243,1,79.34,79.34
14332,7174,258,2,193.8,387.6
14333,7174,56,4,394.22,1576.88
14334,7175,27,1,279.51,279.51
14335,7175,422,1,441.26,441.26
14336,7176,288,3,273.87,821.61
14337,7176,474,5,59.1,295.5
14338,7177,419,4,37.93,151.72
14339,7177,239,1,139.88,139.88
14340,7177,165,1,145.84,145.84
14341,7178,256,3,343.66,1030.98
14342,7178,157,1,419.84,419.84
14343,7179,245,2,359.84,719.68
14344,7179,24,5,259.63,1298.15
14345,7179,325,2,130.89,261.78
14346,7180,261,1,12.24,12.24
14347,7181,289,3,243.31,729.93
14348,7181,155,1,459.12,459.12
14349,7182,414,3,185.15,555.45
14350,7182,410,2,144.95,289.9
14351,7182,105,4,370.33,1481.32
14352,7183,384,4,258.17,1032.68
14353,7184,313,4,8.03,32.12
14354,7184,101,3,150.49,451.47
14355,7184,342,5,188.5,942.5
14356,7185,229,3,348.52,1045.56
14357,7186,495,2,150.01,300.02
14358,7186,449,3,318.76,956.28
14359,7186,132,5,78.53,392.65
14360,7187,213,3,17.54,52.62
14361,7188,99,4,36.6,146.4
14362,7189,457,3,258.31,774.93
14363,7189,21,1,127.4,127.4
14364,7189,275,4,130.87,523.48
14365,7190,227,5,15.46,77.3
14366,7190,299,4,200.42,801.68
14367,7191,199,4,355.44,1421.76
14368,7191,302,3,480.47,1441.41
14369,7191,279,2,453.06,906.12
14370,7192,354,4,147.67,590.68
14371,7192,342,1,330.51,330.51
14372,7192,364,5,38.24,191.2
14373,7193,379,1,20.7,20.7
14374,7193,305,4,332.19,1328.76
14375,7193,1,5,193.09,965.45
14376,7194,20,1,242.02,242.02
14377,7195,63,5,243.58,1217.9
14378,7195,115,2,18.65,37.3
14379,7196,340,4,371.27,1485.08
14380,7196,72,2,255.71,511.42
14381,7196,477,2,161.96,323.92
14382,7197,242,5,320.87,1604.35
14383,7197,478,2,35.3,70.6
14384,7198,404,2,272.66,545.32
14385,7199,430,2,324.87,649.74
14386,7199,306,3,202.77,608.31
14387,7199,33,5,358.68,1793.4
14388,7200,365,2,298.86,597.72
14389,7200,210,2,242.77,485.54
14390,7200,213,1,218.63,218.63
14391,7201,407,4,221.37,885.48
14392,7201,292,5,222.45,1112.25
14393,7201,355,3,121.68,365.04
14394,7202,238,2,353.9,707.8
14395,7202,305,4,378.68,1514.72
14396,7203,183,2,431.22,862.44
14397,7203,451,4,135.82,543.28
14398,7203,330,4,369.36,1477.44
14399,7204,67,1,263.67,263.67
14400,7204,194,3,112.94,338.82
14401,7205,89,2,224.77,449.54
14402,7205,88,4,182.5,730.0
14403,7205,404,1,84.98,84.98
14404,7206,207,3,209.47,628.41
14405,7206,344,5,175.06,875.3
14406,7206,197,2,283.97,567.94
14407,7207,132,5,177.88,889.4
14408,7207,205,4,351.92,1407.68
14409,7208,47,1,149.96,149.96
14410,7208,210,5,202.65,1013.25
14411,7209,418,3,83.1,249.3
14412,7209,52,1,469.67,469.67
14413,7210,482,2,11.18,22.36
14414,7211,497,1,47.59,47.59
14415,7211,196,3,189.58,568.74
14416,7211,84,1,156.77,156.77
14417,7212,184,3,282.28,846.84
14418,7212,227,4,186.16,744.64
14419,7212,372,5,149.0,745.0
14420,7213,296,5,450.49,2252.45
14421,7214,222,1,215.31,215.31
14422,7215,82,1,426.83,426.83
14423,7215,390,2,302.51,605.02
14424,7216,281,1,494.88,494.88
14425,7216,43,2,256.1,512.2
14426,7217,318,5,302.9,1514.5
14427,7217,319,3,264.18,792.54
14428,7217,122,5,190.46,952.3
14429,7218,27,1,179.65,179.65
14430,7219,270,4,207.66,830.64
14431,7219,7,4,33.0,132.0
14432,7220,475,5,228.73,1143.65
14433,7220,499,1,496.07,496.07
14434,7221,457,1,88.05,88.05
14435,7222,279,1,369.27,369.27
14436,7222,262,3,393.99,1181.97
14437,7223,5,1,465.24,465.24
14438,7224,99,2,430.36,860.72
14439,7225,118,3,191.31,573.93
14440,7225,422,3,450.04,1350.12
14441,7226,229,1,333.38,333.38
14442,7227,148,5,131.96,659.8
14443,7227,346,2,392.25,784.5
14444,7227,2,3,412.69,1238.07
14445,7228,328,2,277.42,554.84
14446,7228,338,3,86.64,259.92
14447,7229,278,3,436.04,1308.12
14448,7230,488,1,182.12,182.12
14449,7231,405,1,176.79,176.79
14450,7232,349,4,342.71,1370.84
14451,7232,470,2,396.65,793.3
14452,7233,391,4,433.01,1732.04
14453,7233,268,2,171.1,342.2
14454,7234,81,5,222.26,1111.3
14455,7234,99,1,359.25,359.25
14456,7234,454,4,45.66,182.64
14457,7235,90,3,496.69,1490.07
14458,7235,332,3,87.0,261.0
14459,7235,496,2,111.53,223.06
14460,7236,241,4,296.94,1187.76
14461,7236,64,2,273.99,547.98
14462,7236,451,5,299.41,1497.05
14463,7237,218,1,135.69,135.69
14464,7238,28,1,456.35,456.35
14465,7238,367,4,26.33,105.32
14466,7238,304,5,306.19,1530.95
14467,7239,479,2,52.24,104.48
14468,7240,365,2,430.34,860.68
14469,7241,193,4,143.45,573.8
14470,7242,493,1,322.51,322.51
14471,7242,160,3,365.31,1095.93
14472,7243,7,2,435.55,871.1
14473,7243,55,1,445.67,445.67
14474,7244,51,5,394.29,1971.45
14475,7244,94,3,408.81,1226.43
14476,7244,94,2,307.79,615.58
14477,7245,89,2,246.44,492.88
14478,7245,285,5,266.42,1332.1
14479,7246,31,5,296.83,1484.15
14480,7247,66,5,314.84,1574.2
14481,7247,402,3,365.01,1095.03
14482,7247,328,5,441.75,2208.75
14483,7248,217,4,189.42,757.68
14484,7248,261,2,483.14,966.28
14485,7249,488,3,430.23,1290.69
14486,7249,108,2,300.01,600.02
14487,7249,52,1,356.68,356.68
14488,7250,131,2,414.41,828.82
14489,7250,48,3,440.83,1322.49
14490,7251,146,5,439.35,2196.75
14491,7251,219,3,410.92,1232.76
14492,7251,124,3,325.77,977.31
14493,7252,215,1,23.46,23.46
14494,7252,65,5,369.68,1848.4
14495,7253,431,4,92.36,369.44
14496,7253,291,1,270.56,270.56
14497,7254,170,2,171.49,342.98
14498,7254,291,3,406.7,1220.1
14499,7255,264,5,399.76,1998.8
14500,7256,142,4,389.21,1556.84
14501,7257,384,1,297.15,297.15
14502,7257,481,5,181.31,906.55
14503,7257,237,4,106.98,427.92
14504,7258,475,4,50.27,201.08
14505,7258,232,5,411.09,2055.45
14506,7258,59,3,54.49,163.47
14507,7259,438,1,262.35,262.35
14508,7259,483,1,205.64,205.64
14509,7259,369,1,194.02,194.02
14510,7260,362,5,47.85,239.25
14511,7260,361,3,234.9,704.7
14512,7260,252,4,330.92,1323.68
14513,7261,395,3,283.68,851.04
14514,7261,278,2,173.52,347.04
14515,7262,122,2,19.78,39.56
14516,7263,365,1,359.36,359.36
14517,7263,145,1,84.16,84.16
14518,7263,206,2,215.25,430.5
14519,7264,219,1,168.9,168.9
14520,7265,487,3,112.29,336.87
14521,7265,13,2,376.07,752.14
14522,7265,274,1,176.48,176.48
14523,7266,318,5,391.1,1955.5
14524,7266,481,4,227.78,911.12
14525,7266,270,3,419.8,1259.4
14526,7267,4,5,126.32,631.6
14527,7267,211,4,325.47,1301.88
14528,7267,423,2,342.0,684.0
14529,7268,215,3,476.27,1428.81
14530,7268,212,1,273.76,273.76
14531,7269,36,2,360.88,721.76
14532,7270,310,2,59.39,118.78
14533,7270,412,2,319.59,639.18
14534,7270,27,5,339.61,1698.05
14535,7271,26,4,118.5,474.0
14536,7272,354,2,246.24,492.48
14537,7272,44,2,249.74,499.48
14538,7273,170,2,361.03,722.06
14539,7273,243,2,8.81,17.62
14540,7274,25,5,431.48,2157.4
14541,7274,1,1,66.52,66.52
14542,7275,235,5,142.61,713.05
14543,7275,115,1,127.28,127.28
14544,7276,160,2,84.35,168.7
14545,7277,229,2,159.49,318.98
14546,7277,125,4,234.56,938.24
14547,7278,480,3,205.86,617.58
14548,7279,490,3,450.06,1350.18
14549,7279,323,2,159.18,318.36
14550,7279,167,2,385.23,770.46
14551,7280,365,2,265.65,531.3
14552,7280,59,4,348.66,1394.64
14553,7280,478,5,16.15,80.75
14554,7281,97,2,433.37,866.74
14555,7281,229,1,475.29,475.29
14556,7281,426,1,173.57,173.57
14557,7282,32,2,174.97,349.94
14558,7282,102,1,346.97,346.97
14559,7282,12,3,257.33,771.99
14560,7283,259,4,150.21,600.84
14561,7283,180,4,339.82,1359.28
14562,7283,232,4,22.7,90.8
14563,7284,434,4,373.84,1495.36
14564,7284,226,1,236.38,236.38
14565,7285,453,1,9.32,9.32
14566,7285,37,4,255.95,1023.8
14567,7285,292,4,11.09,44.36
14568,7286,467,5,14.48,72.4
14569,7287,18,1,33.38,33.38
14570,7287,199,3,122.57,367.71
14571,7287,107,4,449.85,1799.4
14572,7288,263,2,73.81,147.62
14573,7288,4,2,237.51,475.02
14574,7288,325,4,229.75,919.0
14575,7289,492,4,275.39,1101.56
14576,7290,16,3,348.18,1044.54
14577,7290,110,5,106.86,534.3
14578,7291,39,4,452.81,1811.24
14579,7291,308,5,367.67,1838.35
14580,7292,448,3,308.6,925.8
14581,7292,199,1,97.99,97.99
14582,7292,440,3,98.62,295.86
14583,7293,270,1,269.58,269.58
14584,7293,323,5,156.86,784.3
14585,7294,84,4,24.89,99.56
14586,7294,199,2,126.9,253.8
14587,7295,463,5,83.82,419.1
14588,7295,67,1,325.83,325.83
14589,7295,400,2,141.62,283.24
14590,7296,32,1,412.13,412.13
14591,7297,247,2,401.5,803.0
14592,7297,37,1,379.65,379.65
14593,7297,307,4,128.42,513.68
14594,7298,217,5,417.86,2089.3
14595,7299,129,5,7.0,35.0
14596,7300,197,2,378.75,757.5
14597,7300,340,3,435.8,1307.4
14598,7301,402,4,83.36,333.44
14599,7302,473,3,378.08,1134.24
14600,7302,84,1,302.95,302.95
14601,7302,285,5,446.25,2231.25
14602,7303,428,1,235.5,235.5
14603,7303,6,3,41.54,124.62
14604,7304,18,5,193.09,965.45
14605,7305,253,4,388.8,1555.2
14606,7305,186,2,319.5,639.0
14607,7306,97,4,51.14,204.56
14608,7306,244,5,155.29,776.45
14609,7307,14,5,103.78,518.9
14610,7307,254,4,453.35,1813.4
14611,7308,166,2,459.99,919.98
14612,7308,326,2,64.35,128.7
14613,7308,47,2,318.93,637.86
14614,7309,54,2,444.41,888.82
14615,7309,176,1,223.26,223.26
14616,7310,178,5,470.39,2351.95
14617,7310,200,3,394.04,1182.12
14618,7311,102,5,12.43,62.15
14619,7312,166,1,103.56,103.56
14620,7312,135,4,96.58,386.32
14621,7313,91,2,28.65,57.3
14622,7314,274,1,405.49,405.49
14623,7315,15,4,299.83,1199.32
14624,7316,332,1,191.58,191.58
14625,7317,329,5,98.62,493.1
14626,7318,290,1,67.64,67.64
14627,7318,329,3,61.49,184.47
14628,7319,88,3,337.81,1013.43
14629,7320,150,2,130.73,261.46
14630,7321,39,3,437.83,1313.49
14631,7321,187,4,479.29,1917.16
14632,7322,283,3,321.56,964.68
14633,7322,422,4,413.24,1652.96
14634,7323,188,1,232.58,232.58
14635,7324,27,3,212.87,638.61
14636,7324,293,5,434.02,2170.1
14637,7325,287,1,7.53,7.53
14638,7325,98,3,355.13,1065.39
14639,7325,491,5,215.97,1079.85
14640,7326,131,4,464.46,1857.84
14641,7327,184,2,393.01,786.02
14642,7327,166,3,316.75,950.25
14643,7328,8,2,335.0,670.0
14644,7328,306,2,126.44,252.88
14645,7329,148,5,233.63,1168.15
14646,7329,116,2,354.14,708.28
14647,7329,346,4,90.04,360.16
14648,7330,190,2,280.16,560.32
14649,7330,18,3,409.9,1229.7
14650,7330,417,2,286.86,573.72
14651,7331,37,3,207.96,623.88
14652,7331,283,5,5.14,25.7
14653,7332,106,5,231.55,1157.75
14654,7332,369,2,426.45,852.9
14655,7333,394,1,273.14,273.14
14656,7333,164,2,347.22,694.44
14657,7334,500,1,333.15,333.15
14658,7335,459,1,264.17,264.17
14659,7336,320,4,144.59,578.36
14660,7336,157,4,141.35,565.4
14661,7337,140,3,40.17,120.51
14662,7338,298,3,423.85,1271.55
14663,7338,197,4,309.64,1238.56
14664,7338,94,1,406.69,406.69
14665,7339,220,1,454.39,454.39
14666,7339,17,4,30.35,121.4
14667,7340,68,2,119.41,238.82
14668,7341,401,1,145.28,145.28
14669,7341,377,4,324.04,1296.16
14670,7342,360,5,55.34,276.7
14671,7342,206,4,107.4,429.6
14672,7342,44,1,116.14,116.14
14673,7343,255,5,409.52,2047.6
14674,7343,357,2,271.64,543.28
14675,7344,382,1,428.61,428.61
14676,7344,371,2,378.78,757.56
14677,7344,15,5,150.29,751.45
14678,7345,375,5,364.28,1821.4
14679,7346,178,4,36.04,144.16
14680,7346,240,4,442.72,1770.88
14681,7347,26,5,274.51,1372.55
14682,7348,24,1,239.85,239.85
14683,7349,400,2,219.99,439.98
14684,7349,43,3,65.4,196.2
14685,7350,139,5,47.61,238.05
14686,7351,215,1,248.9,248.9
14687,7351,311,2,299.42,598.84
14688,7352,500,1,277.39,277.39
14689,7353,438,3,266.93,800.79
14690,7353,231,5,180.88,904.4
14691,7353,18,5,441.94,2209.7
14692,7354,405,5,473.4,2367.0
14693,7355,315,1,402.06,402.06
14694,7355,315,2,125.02,250.04
14695,7356,103,3,441.82,1325.46
14696,7357,241,3,126.16,378.48
14697,7357,184,3,319.23,957.69
14698,7358,372,3,16.51,49.53
14699,7358,428,4,92.62,370.48
14700,7358,382,1,191.67,191.67
14701,7359,223,1,181.76,181.76
14702,7359,230,4,306.99,1227.96
14703,7359,246,1,68.37,68.37
14704,7360,270,5,165.89,829.45
14705,7361,481,5,333.81,1669.05
14706,7361,203,3,228.98,686.94
14707,7361,313,3,499.42,1498.26
14708,7362,482,4,9.52,38.08
14709,7362,315,1,152.99,152.99
14710,7363,185,5,203.58,1017.9
14711,7363,259,1,140.86,140.86
14712,7364,449,2,8.27,16.54
14713,7364,181,2,220.4,440.8
14714,7364,409,4,408.48,1633.92
14715,7365,357,2,86.89,173.78
14716,7365,294,3,365.71,1097.13
14717,7365,374,3,67.33,201.99
14718,7366,193,2,350.99,701.98
14719,7367,160,2,482.3,964.6
14720,7367,215,3,361.82,1085.46
14721,7368,107,1,475.14,475.14
14722,7368,90,4,112.28,449.12
14723,7368,376,2,421.67,843.34
14724,7369,129,4,385.2,1540.8
14725,7369,256,1,44.08,44.08
14726,7369,424,1,447.22,447.22
14727,7370,480,5,263.24,1316.2
14728,7370,267,3,196.07,588.21
14729,7370,453,4,299.44,1197.76
14730,7371,244,2,363.48,726.96
14731,7372,8,4,426.39,1705.56
14732,7372,489,3,305.35,916.05
14733,7373,13,5,369.06,1845.3
14734,7373,207,3,26.08,78.24
14735,7374,373,1,97.08,97.08
14736,7374,477,5,238.46,1192.3
14737,7375,397,4,53.18,212.72
14738,7376,469,4,44.37,177.48
14739,7376,419,1,13.54,13.54
14740,7376,66,3,330.14,990.42
14741,7377,66,3,478.12,1434.36
14742,7378,52,1,319.38,319.38
14743,7379,5,5,188.27,941.35
14744,7380,85,2,490.51,981.02
14745,7381,166,5,165.49,827.45
14746,7382,104,2,18.09,36.18
14747,7382,126,3,139.72,419.16
14748,7382,87,5,277.62,1388.1
14749,7383,356,5,321.27,1606.35
14750,7383,391,1,236.81,236.81
14751,7384,4,5,138.48,692.4
14752,7384,452,3,297.63,892.89
14753,7384,484,2,414.39,828.78
14754,7385,62,3,266.53,799.59
14755,7385,135,5,482.45,2412.25
14756,7385,30,5,303.26,1516.3
14757,7386,117,4,25.02,100.08
14758,7387,291,3,365.9,1097.7
14759,7387,109,5,44.51,222.55
14760,7387,332,5,45.98,229.9
14761,7388,203,5,263.6,1318.0
14762,7388,33,5,406.84,2034.2
14763,7389,308,2,232.89,465.78
14764,7389,422,4,239.49,957.96
14765,7390,380,5,475.29,2376.45
14766,7390,62,4,17.65,70.6
14767,7390,246,4,70.38,281.52
14768,7391,465,3,408.66,1225.98
14769,7391,31,5,415.55,2077.75
14770,7392,451,3,418.77,1256.31
14771,7393,385,3,90.6,271.8
14772,7393,108,2,309.95,619.9
14773,7394,447,5,136.89,684.45
14774,7395,127,2,458.97,917.94
14775,7396,489,3,268.8,806.4
14776,7397,367,5,382.08,1910.4
14777,7397,352,3,26.25,78.75
14778,7398,349,1,211.08,211.08
14779,7398,251,5,240.89,1204.45
14780,7399,14,3,419.19,1257.57
14781,7399,131,5,183.87,919.35
14782,7400,373,5,423.54,2117.7
14783,7400,359,5,335.78,1678.9
14784,7401,192,3,14.64,43.92
14785,7401,298,5,231.56,1157.8
14786,7401,421,5,472.15,2360.75
14787,7402,339,1,100.95,100.95
14788,7403,304,5,77.37,386.85
14789,7403,418,2,299.53,599.06
14790,7403,105,4,19.75,79.0
14791,7404,414,5,312.86,1564.3
14792,7404,156,5,31.64,158.2
14793,7404,317,5,384.06,1920.3
14794,7405,235,5,15.46,77.3
14795,7406,154,5,338.61,1693.05
14796,7406,445,2,410.38,820.76
14797,7407,8,4,36.29,145.16
14798,7408,38,5,183.53,917.65
14799,7409,145,2,87.62,175.24
14800,7409,119,2,464.74,929.48
14801,7409,228,2,201.25,402.5
14802,7410,315,5,225.39,1126.95
14803,7410,302,5,18.82,94.1
14804,7410,4,1,442.36,442.36
14805,7411,314,5,131.73,658.65
14806,7412,53,1,365.0,365.0
14807,7412,298,2,141.57,283.14
14808,7413,240,5,227.9,1139.5
14809,7413,323,5,445.35,2226.75
14810,7414,390,5,136.84,684.2
14811,7415,421,4,195.07,780.28
14812,7415,37,3,104.94,314.82
14813,7415,413,5,471.18,2355.9
14814,7416,228,5,69.32,346.6
14815,7416,497,2,342.38,684.76
14816,7417,69,5,277.54,1387.7
14817,7418,232,1,447.06,447.06
14818,7418,424,1,260.06,260.06
14819,7418,355,1,33.15,33.15
14820,7419,92,5,6.77,33.85
14821,7419,152,4,383.44,1533.76
14822,7419,97,5,370.38,1851.9
14823,7420,67,5,128.57,642.85
14824,7420,338,2,279.02,558.04
14825,7421,19,2,245.22,490.44
14826,7422,26,5,27.89,139.45
14827,7423,112,5,67.11,335.55
14828,7423,307,2,469.01,938.02
14829,7424,482,3,324.15,972.45
14830,7424,389,2,217.6,435.2
14831,7424,66,5,397.78,1988.9
14832,7425,210,1,336.06,336.06
14833,7425,365,1,240.0,240.0
14834,7425,190,4,243.91,975.64
14835,7426,448,3,5.6,16.8
14836,7426,446,4,372.89,1491.56
14837,7427,175,4,419.09,1676.36
14838,7428,281,3,71.68,215.04
14839,7428,476,4,433.98,1735.92
14840,7428,474,2,267.78,535.56
14841,7429,42,3,377.42,1132.26
14842,7430,103,4,151.63,606.52
14843,7430,227,3,275.43,826.29
14844,7430,156,5,390.71,1953.55
14845,7431,235,3,374.23,1122.69
14846,7431,145,5,343.46,1717.3
14847,7431,150,3,232.26,696.78
14848,7432,450,5,75.56,377.8
14849,7432,480,5,487.76,2438.8
14850,7433,124,4,32.65,130.6
14851,7433,311,3,17.96,53.88
14852,7433,173,1,283.62,283.62
14853,7434,316,1,339.94,339.94
14854,7434,300,1,378.98,378.98
14855,7435,178,4,330.57,1322.28
14856,7435,315,5,174.39,871.95
14857,7436,111,1,294.3,294.3
14858,7437,86,1,497.08,497.08
14859,7438,198,5,19.31,96.55
14860,7438,166,2,334.09,668.18
14861,7439,336,4,302.52,1210.08
14862,7439,436,3,449.28,1347.84
14863,7439,385,4,434.68,1738.72
14864,7440,120,4,437.89,1751.56
14865,7440,332,5,22.64,113.2
14866,7440,288,2,167.62,335.24
14867,7441,239,1,203.87,203.87
14868,7442,171,5,275.33,1376.65
14869,7442,342,3,376.8,1130.4
14870,7442,246,3,177.7,533.1
14871,7443,357,1,109.01,109.01
14872,7443,100,1,36.85,36.85
14873,7444,466,3,411.56,1234.68
14874,7445,439,3,410.75,1232.25
14875,7445,438,1,275.44,275.44
14876,7445,120,1,129.62,129.62
14877,7446,466,1,5.46,5.46
14878,7446,32,1,322.2,322.2
14879,7446,312,4,310.49,1241.96
14880,7447,361,4,259.53,1038.12
14881,7447,425,4,395.08,1580.32
14882,7447,138,1,96.43,96.43
14883,7448,224,5,279.42,1397.1
14884,7448,46,1,168.81,168.81
14885,7448,12,1,54.13,54.13
14886,7449,262,4,70.63,282.52
14887,7449,127,2,473.54,947.08
14888,7449,32,4,477.79,1911.16
14889,7450,201,2,457.19,914.38
14890,7451,413,3,151.82,455.46
14891,7451,76,1,95.54,95.54
14892,7451,268,2,457.58,915.16
14893,7452,138,2,316.19,632.38
14894,7452,476,1,106.79,106.79
14895,7452,268,5,252.16,1260.8
14896,7453,378,5,42.79,213.95
14897,7453,68,3,179.33,537.99
14898,7454,18,2,296.06,592.12
14899,7455,327,3,455.56,1366.68
14900,7455,356,2,275.65,551.3
14901,7456,486,4,104.98,419.92
14902,7456,150,3,343.02,1029.06
14903,7457,36,2,120.44,240.88
14904,7457,446,1,445.05,445.05
14905,7458,47,1,178.98,178.98
14906,7458,156,2,258.18,516.36
14907,7458,50,4,302.89,1211.56
14908,7459,332,5,325.79,1628.95
14909,7460,165,4,144.67,578.68
14910,7460,457,2,112.84,225.68
14911,7461,71,1,84.12,84.12
14912,7461,196,4,8.68,34.72
14913,7461,479,2,61.21,122.42
14914,7462,254,5,167.09,835.45
14915,7462,353,4,433.0,1732.0
14916,7463,93,1,303.88,303.88
14917,7464,476,3,140.79,422.37
14918,7464,406,2,339.13,678.26
14919,7464,50,1,398.57,398.57
14920,7465,485,3,388.12,1164.36
14921,7466,284,1,291.89,291.89
14922,7466,285,1,191.48,191.48
14923,7466,398,1,128.88,128.88
14924,7467,3,2,308.02,616.04
14925,7468,132,3,173.57,520.71
14926,7468,303,1,87.95,87.95
14927,7469,366,1,374.97,374.97
14928,7470,81,4,406.11,1624.44
14929,7470,383,4,143.55,574.2
14930,7471,394,5,251.48,1257.4
14931,7471,157,3,364.01,1092.03
14932,7472,136,5,122.08,610.4
14933,7472,442,2,182.72,365.44
14934,7472,194,3,136.65,409.95
14935,7473,89,2,278.96,557.92
14936,7473,463,5,332.54,1662.7
14937,7473,190,4,153.58,614.32
14938,7474,113,4,197.26,789.04
14939,7474,190,5,95.73,478.65
14940,7474,419,1,276.88,276.88
14941,7475,473,5,499.43,2497.15
14942,7475,199,1,22.81,22.81
14943,7475,29,4,296.52,1186.08
14944,7476,77,2,301.48,602.96
14945,7477,342,3,145.75,437.25
14946,7477,288,5,202.33,1011.65
14947,7478,282,3,23.62,70.86
14948,7479,104,5,499.29,2496.45
14949,7480,352,5,368.66,1843.3
14950,7481,202,1,82.31,82.31
14951,7482,423,3,401.4,1204.2
14952,7482,256,2,125.2,250.4
14953,7482,24,3,250.58,751.74
14954,7483,414,1,260.03,260.03
14955,7484,345,3,91.4,274.2
14956,7485,37,3,194.07,582.21
14957,7486,478,4,439.08,1756.32
14958,7487,436,5,296.23,1481.15
14959,7488,385,5,213.12,1065.6
14960,7489,112,2,464.6,929.2
14961,7490,226,5,332.61,1663.05
14962,7491,345,5,48.37,241.85
14963,7491,440,2,498.01,996.02
14964,7492,31,2,38.37,76.74
14965,7492,72,5,162.72,813.6
14966,7492,433,1,183.16,183.16
14967,7493,362,3,353.37,1060.11
14968,7494,63,5,114.79,573.95
14969,7494,114,5,104.44,522.2
14970,7495,273,4,69.18,276.72
14971,7496,264,5,390.05,1950.25
14972,7497,138,2,266.64,533.28
14973,7497,376,3,116.73,350.19
14974,7497,459,4,289.64,1158.56
14975,7498,499,4,245.95,983.8
14976,7498,484,4,295.27,1181.08
14977,7499,265,3,85.72,257.16
14978,7499,36,2,493.9,987.8
14979,7499,423,1,18.81,18.81
14980,7500,86,2,143.59,287.18
14981,7500,434,1,126.0,126.0
14982,7500,423,3,128.95,386.85
14983,7501,51,3,221.03,663.09
14984,7502,441,4,320.24,1280.96
14985,7502,134,3,145.84,437.52
14986,7502,305,4,55.06,220.24
14987,7503,264,3,258.85,776.55
14988,7503,106,5,271.02,1355.1
14989,7503,300,2,455.62,911.24
14990,7504,218,4,178.71,714.84
14991,7504,429,4,257.39,1029.56
14992,7504,219,3,138.42,415.26
14993,7505,106,2,239.1,478.2
14994,7505,176,5,399.31,1996.55
14995,7506,224,4,132.55,530.2
14996,7507,117,2,339.56,679.12
14997,7507,28,3,53.62,160.86
14998,7507,251,5,324.86,1624.3
14999,7508,36,3,175.45,526.35
15000,7508,72,5,371.01,1855.05
15001,7508,321,2,277.21,554.42
15002,7509,302,4,111.23,444.92
15003,7510,397,5,98.79,493.95
15004,7510,127,5,45.39,226.95
15005,7510,96,3,281.39,844.17
15006,7511,126,3,490.22,1470.66
15007,7511,367,5,110.86,554.3
15008,7512,498,3,279.62,838.86
15009,7513,118,1,105.5,105.5
15010,7513,248,3,373.86,1121.58
15011,7513,336,5,88.36,441.8
15012,7514,350,3,360.66,1081.98
15013,7514,478,5,156.04,780.2
15014,7515,156,1,439.19,439.19
15015,7516,478,1,235.78,235.78
15016,7516,23,5,337.75,1688.75
15017,7516,409,5,399.86,1999.3
15018,7517,278,4,338.81,1355.24
15019,7518,340,3,169.32,507.96
15020,7518,421,1,146.64,146.64
15021,7519,480,1,209.8,209.8
15022,7520,457,5,384.48,1922.4
15023,7520,92,5,279.98,1399.9
15024,7521,130,3,291.46,874.38
15025,7522,261,2,284.26,568.52
15026,7523,149,2,368.02,736.04
15027,7523,394,1,183.24,183.24
15028,7523,170,1,120.8,120.8
15029,7524,29,1,250.68,250.68
15030,7524,463,4,54.59,218.36
15031,7525,200,4,358.49,1433.96
15032,7526,475,5,434.63,2173.15
15033,7526,148,3,338.49,1015.47
15034,7527,183,4,52.74,210.96
15035,7527,25,4,420.88,1683.52
15036,7528,472,5,60.56,302.8
15037,7528,176,1,420.94,420.94
15038,7528,222,1,5.54,5.54
15039,7529,179,2,133.65,267.3
15040,7529,100,1,78.84,78.84
15041,7530,310,2,287.87,575.74
15042,7530,354,3,63.59,190.77
15043,7530,202,3,442.48,1327.44
15044,7531,478,3,24.42,73.26
15045,7531,151,4,407.35,1629.4
15046,7531,175,5,39.23,196.15
15047,7532,93,3,228.96,686.88
15048,7533,50,1,211.05,211.05
15049,7533,13,2,127.42,254.84
15050,7534,247,2,280.55,561.1
15051,7534,92,4,273.49,1093.96
15052,7535,469,5,408.47,2042.35
15053,7536,11,1,320.42,320.42
15054,7536,116,5,248.16,1240.8
15055,7536,149,4,203.13,812.52
15056,7537,431,1,449.9,449.9
15057,7537,50,1,338.28,338.28
15058,7538,228,4,215.17,860.68
15059,7538,230,2,466.96,933.92
15060,7538,83,3,10.75,32.25
15061,7539,396,2,166.58,333.16
15062,7539,406,5,189.17,945.85
15063,7539,464,4,81.98,327.92
15064,7540,468,5,315.73,1578.65
15065,7540,414,4,293.24,1172.96
15066,7540,329,4,234.85,939.4
15067,7541,54,3,194.99,584.97
15068,7541,216,3,56.33,168.99
15069,7542,410,1,258.2,258.2
15070,7542,301,1,296.97,296.97
15071,7542,134,5,250.84,1254.2
15072,7543,420,2,497.38,994.76
15073,7543,445,2,10.07,20.14
15074,7544,280,3,352.73,1058.19
15075,7545,422,3,319.03,957.09
15076,7545,215,2,185.39,370.78
15077,7545,409,5,64.53,322.65
15078,7546,290,5,366.84,1834.2
15079,7547,438,5,334.3,1671.5
15080,7547,62,4,123.99,495.96
15081,7548,253,1,223.77,223.77
15082,7548,171,2,201.76,403.52
15083,7549,264,1,213.03,213.03
15084,7550,33,2,459.96,919.92
15085,7551,446,5,372.65,1863.25
15086,7552,184,3,339.62,1018.86
15087,7552,460,4,383.17,1532.68
15088,7552,397,2,107.16,214.32
15089,7553,133,5,192.94,964.7
15090,7553,334,5,100.56,502.8
15091,7553,339,4,162.18,648.72
15092,7554,209,4,70.23,280.92
15093,7555,205,2,418.21,836.42
15094,7555,119,5,232.68,1163.4
15095,7555,184,3,270.94,812.82
15096,7556,96,1,102.57,102.57
15097,7557,223,4,184.39,737.56
15098,7557,154,1,491.27,491.27
15099,7558,121,4,256.81,1027.24
15100,7558,387,3,286.68,860.04
15101,7559,251,5,88.14,440.7
15102,7559,373,2,217.21,434.42
15103,7560,263,5,309.97,1549.85
15104,7560,383,5,398.38,1991.9
15105,7561,197,4,123.2,492.8
15106,7562,316,3,261.73,785.19
15107,7562,409,1,377.82,377.82
15108,7563,172,4,80.89,323.56
15109,7563,299,2,38.76,77.52
15110,7563,455,4,394.47,1577.88
15111,7564,254,2,119.61,239.22
15112,7564,271,2,361.12,722.24
15113,7564,285,5,255.06,1275.3
15114,7565,440,3,54.75,164.25
15115,7565,189,2,384.53,769.06
15116,7565,222,5,410.19,2050.95
15117,7566,64,3,170.12,510.36
15118,7566,257,3,349.99,1049.97
15119,7567,191,4,145.4,581.6
15120,7568,184,2,486.67,973.34
15121,7569,326,5,292.99,1464.95
15122,7569,264,3,291.79,875.37
15123,7570,239,1,431.38,431.38
15124,7571,467,2,474.69,949.38
15125,7571,38,1,156.82,156.82
15126,7572,76,5,314.24,1571.2
15127,7572,496,3,265.52,796.56
15128,7573,25,2,336.07,672.14
15129,7573,159,4,421.24,1684.96
15130,7573,415,3,334.1,1002.3
15131,7574,442,1,471.75,471.75
15132,7574,43,5,291.26,1456.3
15133,7574,160,5,380.05,1900.25
15134,7575,416,1,31.47,31.47
15135,7575,123,3,111.42,334.26
15136,7576,81,2,244.27,488.54
15137,7576,417,2,461.88,923.76
15138,7577,460,5,289.19,1445.95
15139,7578,286,1,39.83,39.83
15140,7579,244,5,486.56,2432.8
15141,7580,225,3,210.4,631.2
15142,7580,262,2,375.71,751.42
15143,7580,433,5,354.47,1772.35
15144,7581,230,1,35.55,35.55
15145,7582,332,4,105.21,420.84
15146,7582,486,1,413.53,413.53
15147,7582,428,1,485.79,485.79
15148,7583,480,1,312.39,312.39
15149,7583,98,2,453.43,906.86
15150,7584,10,3,217.48,652.44
15151,7584,378,3,279.51,838.53
15152,7584,52,2,192.72,385.44
15153,7585,299,4,187.12,748.48
15154,7585,179,5,218.85,1094.25
15155,7585,128,2,231.64,463.28
15156,7586,156,4,311.46,1245.84
15157,7586,330,5,425.76,2128.8
15158,7587,279,3,435.69,1307.07
15159,7587,40,2,462.33,924.66
15160,7588,92,3,215.13,645.39
15161,7589,490,3,412.41,1237.23
15162,7589,225,2,460.78,921.56
15163,7589,20,1,436.86,436.86
15164,7590,279,2,50.87,101.74
15165,7590,383,1,468.68,468.68
15166,7591,22,1,156.37,156.37
15167,7591,419,4,475.34,1901.36
15168,7591,379,1,24.97,24.97
15169,7592,119,1,332.39,332.39
15170,7593,208,5,32.25,161.25
15171,7593,357,4,340.31,1361.24
15172,7594,157,1,19.81,19.81
15173,7595,174,5,175.33,876.65
15174,7595,254,1,379.95,379.95
15175,7596,142,2,433.58,867.16
15176,7597,22,1,82.11,82.11
15177,7597,73,4,200.23,800.92
15178,7598,178,4,43.38,173.52
15179,7598,335,1,497.66,497.66
15180,7599,171,2,163.77,327.54
15181,7599,485,1,47.83,47.83
15182,7599,72,4,419.41,1677.64
15183,7600,51,5,284.82,1424.1
15184,7601,498,4,79.5,318.0
15185,7601,257,3,359.69,1079.07
15186,7601,85,3,308.63,925.89
15187,7602,490,1,292.37,292.37
15188,7602,214,2,171.94,343.88
15189,7602,277,5,477.14,2385.7
15190,7603,498,1,68.75,68.75
15191,7603,373,3,240.86,722.58
15192,7604,112,2,111.81,223.62
15193,7604,441,3,206.05,618.15
15194,7605,118,2,149.74,299.48
15195,7605,468,1,267.04,267.04
15196,7606,260,3,365.41,1096.23
15197,7607,64,1,329.36,329.36
15198,7608,49,1,197.1,197.1
15199,7608,363,4,253.96,1015.84
15200,7608,50,2,177.11,354.22
15201,7609,171,2,173.25,346.5
15202,7609,343,5,204.43,1022.15
15203,7610,105,5,156.89,784.45
15204,7611,494,5,46.07,230.35
15205,7611,247,4,77.32,309.28
15206,7612,47,5,474.33,2371.65
15207,7613,104,4,481.68,1926.72
15208,7614,469,2,51.21,102.42
15209,7614,475,5,163.23,816.15
15210,7615,431,3,56.05,168.15
15211,7615,25,5,320.33,1601.65
15212,7615,231,4,257.46,1029.84
15213,7616,116,5,75.48,377.4
15214,7616,440,3,105.71,317.13
15215,7616,165,3,91.38,274.14
15216,7617,411,3,468.02,1404.06
15217,7617,235,3,363.95,1091.85
15218,7617,112,5,442.83,2214.15
15219,7618,145,5,449.89,2249.45
15220,7618,38,4,215.55,862.2
15221,7618,469,1,18.09,18.09
15222,7619,348,3,174.17,522.51
15223,7620,396,2,166.98,333.96
15224,7620,53,4,70.11,280.44
15225,7620,70,5,282.81,1414.05
15226,7621,168,2,211.81,423.62
15227,7622,373,3,115.05,345.15
15228,7623,96,3,379.49,1138.47
15229,7624,29,2,448.24,896.48
15230,7625,226,3,33.46,100.38
15231,7626,33,5,375.89,1879.45
15232,7627,276,4,392.84,1571.36
15233,7628,117,1,117.36,117.36
15234,7628,361,1,307.33,307.33
15235,7629,456,3,334.34,1003.02
15236,7629,157,4,44.2,176.8
15237,7630,481,1,36.82,36.82
15238,7630,148,4,324.75,1299.0
15239,7630,100,2,138.44,276.88
15240,7631,15,3,477.27,1431.81
15241,7632,181,4,252.49,1009.96
15242,7633,456,5,376.16,1880.8
15243,7634,166,4,205.5,822.0
15244,7635,479,5,140.74,703.7
15245,7635,240,5,207.35,1036.75
15246,7635,331,4,25.32,101.28
15247,7636,421,5,80.78,403.9
15248,7636,299,3,241.13,723.39
15249,7637,44,3,432.54,1297.62
15250,7637,261,2,405.28,810.56
15251,7637,418,4,145.52,582.08
15252,7638,496,1,388.89,388.89
15253,7638,56,5,351.54,1757.7
15254,7639,100,1,338.27,338.27
15255,7639,195,5,13.74,68.7
15256,7639,257,1,133.02,133.02
15257,7640,97,2,440.46,880.92
15258,7640,96,1,56.48,56.48
15259,7640,408,5,165.32,826.6
15260,7641,192,3,328.72,986.16
15261,7642,19,2,418.38,836.76
15262,7642,54,2,156.72,313.44
15263,7643,216,4,96.16,384.64
15264,7643,372,5,391.98,1959.9
15265,7644,342,2,86.35,172.7
15266,7644,105,1,329.75,329.75
15267,7645,268,5,258.24,1291.2
15268,7645,302,4,460.93,1843.72
15269,7645,90,2,109.73,219.46
15270,7646,341,3,256.09,768.27
15271,7646,248,1,214.5,214.5
15272,7646,355,3,404.23,1212.69
15273,7647,200,5,379.88,1899.4
15274,7647,276,3,263.58,790.74
15275,7648,171,1,238.72,238.72
15276,7648,85,2,344.85,689.7
15277,7649,216,4,433.47,1733.88
15278,7649,209,2,338.71,677.42
15279,7649,473,1,420.64,420.64
15280,7650,257,1,474.44,474.44
15281,7650,196,4,148.56,594.24
15282,7651,123,4,145.93,583.72
15283,7651,424,3,369.92,1109.76
15284,7652,226,1,191.57,191.57
15285,7652,52,2,474.8,949.6
15286,7653,488,4,411.96,1647.84
15287,7653,440,3,308.41,925.23
15288,7653,348,5,278.56,1392.8
15289,7654,135,3,461.38,1384.14
15290,7655,449,1,167.3,167.3
15291,7655,164,4,344.44,1377.76
15292,7656,209,5,89.94,449.7
15293,7656,479,2,484.53,969.06
15294,7657,352,3,274.82,824.46
15295,7658,232,2,136.87,273.74
15296,7658,21,1,174.87,174.87
15297,7658,404,5,94.73,473.65
15298,7659,443,5,474.25,2371.25
15299,7660,78,2,215.15,430.3
15300,7660,380,4,276.91,1107.64
15301,7660,469,1,22.53,22.53
15302,7661,270,3,379.78,1139.34
15303,7662,344,3,490.13,1470.39
15304,7663,424,1,321.63,321.63
15305,7663,103,3,152.91,458.73
15306,7664,92,3,291.32,873.96
15307,7665,113,2,189.75,379.5
15308,7666,385,3,120.93,362.79
15309,7666,267,5,452.99,2264.95
15310,7667,477,4,279.92,1119.68
15311,7668,52,1,409.08,409.08
15312,7669,408,4,36.76,147.04
15313,7669,307,2,160.94,321.88
15314,7669,209,1,61.96,61.96
15315,7670,268,2,22.02,44.04
15316,7670,486,4,390.03,1560.12
15317,7670,138,5,360.36,1801.8
15318,7671,71,3,12.18,36.54
15319,7671,461,4,27.14,108.56
15320,7671,127,1,420.06,420.06
15321,7672,215,4,396.97,1587.88
15322,7673,486,5,161.03,805.15
15323,7674,321,5,72.66,363.3
15324,7674,101,3,203.17,609.51
15325,7674,113,1,19.08,19.08
15326,7675,255,3,120.4,361.2
15327,7675,380,1,323.35,323.35
15328,7675,38,5,426.39,2131.95
15329,7676,477,3,26.19,78.57
15330,7676,454,2,272.69,545.38
15331,7676,113,1,359.91,359.91
15332,7677,96,3,412.7,1238.1
15333,7678,494,4,13.29,53.16
15334,7678,226,5,95.52,477.6
15335,7678,56,2,286.65,573.3
15336,7679,468,5,208.02,1040.1
15337,7680,288,5,451.72,2258.6
15338,7680,368,4,272.25,1089.0
15339,7680,497,5,361.46,1807.3
15340,7681,403,3,357.09,1071.27
15341,7681,415,2,389.6,779.2
15342,7682,91,2,247.22,494.44
15343,7682,158,1,81.35,81.35
15344,7683,447,1,56.98,56.98
15345,7683,387,4,210.55,842.2
15346,7683,402,5,17.54,87.7
15347,7684,492,2,385.44,770.88
15348,7684,78,5,238.62,1193.1
15349,7685,258,2,423.41,846.82
15350,7685,302,1,357.85,357.85
15351,7686,74,3,339.68,1019.04
15352,7686,367,5,55.36,276.8
15353,7686,118,5,290.72,1453.6
15354,7687,368,5,358.78,1793.9
15355,7687,444,3,388.22,1164.66
15356,7687,136,1,414.89,414.89
15357,7688,248,2,48.49,96.98
15358,7688,322,4,154.37,617.48
15359,7689,42,1,286.29,286.29
15360,7690,407,3,26.87,80.61
15361,7691,153,3,403.64,1210.92
15362,7691,205,3,426.47,1279.41
15363,7692,216,3,26.61,79.83
15364,7693,403,1,282.26,282.26
15365,7693,500,5,27.73,138.65
15366,7693,451,1,286.08,286.08
15367,7694,220,2,302.18,604.36
15368,7695,67,1,348.43,348.43
15369,7695,202,1,49.76,49.76
15370,7695,201,4,226.32,905.28
15371,7696,314,1,439.1,439.1
15372,7697,377,5,480.81,2404.05
15373,7698,369,3,491.81,1475.43
15374,7698,226,4,133.04,532.16
15375,7698,395,3,148.66,445.98
15376,7699,413,3,65.24,195.72
15377,7700,456,3,84.04,252.12
15378,7700,379,5,192.83,964.15
15379,7701,358,1,202.41,202.41
15380,7702,467,3,177.8,533.4
15381,7702,275,3,294.15,882.45
15382,7702,138,5,244.5,1222.5
15383,7703,120,2,87.06,174.12
15384,7704,477,2,194.56,389.12
15385,7704,355,3,135.71,407.13
15386,7704,325,4,459.0,1836.0
15387,7705,364,2,343.56,687.12
15388,7705,16,2,179.34,358.68
15389,7706,340,3,259.62,778.86
15390,7706,498,1,465.69,465.69
15391,7707,376,1,408.8,408.8
15392,7707,474,5,229.81,1149.05
15393,7708,153,4,244.76,979.04
15394,7708,290,4,45.57,182.28
15395,7708,6,3,394.12,1182.36
15396,7709,349,2,368.55,737.1
15397,7710,455,1,469.47,469.47
15398,7710,350,3,97.73,293.19
15399,7710,250,5,168.74,843.7
15400,7711,410,5,416.78,2083.9
15401,7711,366,5,122.43,612.15
15402,7712,496,3,466.68,1400.04
15403,7713,199,1,387.39,387.39
15404,7713,417,5,225.73,1128.65
15405,7713,489,3,154.21,462.63
15406,7714,101,2,65.99,131.98
15407,7714,276,3,319.59,958.77
15408,7714,473,5,391.92,1959.6
15409,7715,155,3,218.18,654.54
15410,7715,351,3,100.76,302.28
15411,7716,381,2,487.44,974.88
15412,7717,279,3,35.44,106.32
15413,7718,249,4,251.0,1004.0
15414,7719,252,3,343.13,1029.39
15415,7719,250,1,209.39,209.39
15416,7720,195,4,311.09,1244.36
15417,7720,64,4,143.35,573.4
15418,7720,286,5,228.83,1144.15
15419,7721,70,4,51.34,205.36
15420,7721,377,3,437.68,1313.04
15421,7721,264,4,103.52,414.08
15422,7722,271,4,22.76,91.04
15423,7722,271,3,194.49,583.47
15424,7723,242,3,319.74,959.22
15425,7723,370,4,401.07,1604.28
15426,7723,17,5,156.48,782.4
15427,7724,299,2,461.68,923.36
15428,7725,177,3,197.68,593.04
15429,7725,36,3,481.7,1445.1
15430,7726,427,1,122.74,122.74
15431,7727,277,3,233.95,701.85
15432,7727,466,5,293.25,1466.25
15433,7727,41,5,253.71,1268.55
15434,7728,321,3,495.39,1486.17
15435,7728,351,1,485.31,485.31
15436,7728,479,5,302.56,1512.8
15437,7729,197,4,47.38,189.52
15438,7729,188,3,52.72,158.16
15439,7730,462,1,300.21,300.21
15440,7731,50,4,398.62,1594.48
15441,7732,4,3,352.38,1057.14
15442,7733,385,2,97.42,194.84
15443,7734,342,1,140.02,140.02
15444,7734,384,4,425.53,1702.12
15445,7735,170,4,182.31,729.24
15446,7735,146,2,269.16,538.32
15447,7736,339,4,151.73,606.92
15448,7736,81,5,109.72,548.6
15449,7737,271,1,50.32,50.32
15450,7737,265,3,86.63,259.89
15451,7737,236,1,437.78,437.78
15452,7738,240,2,391.66,783.32
15453,7739,349,3,55.0,165.0
15454,7739,6,2,82.09,164.18
15455,7739,480,2,29.11,58.22
15456,7740,430,5,55.92,279.6
15457,7741,22,5,11.71,58.55
15458,7742,452,5,65.37,326.85
15459,7742,340,1,31.52,31.52
15460,7742,10,2,331.0,662.0
15461,7743,235,2,111.34,222.68
15462,7743,278,2,346.14,692.28
15463,7744,104,4,227.74,910.96
15464,7744,258,3,419.2,1257.6
15465,7745,378,4,178.28,713.12
15466,7746,121,2,462.64,925.28
15467,7746,307,4,17.86,71.44
15468,7747,430,3,348.48,1045.44
15469,7747,447,4,300.87,1203.48
15470,7748,213,1,70.24,70.24
15471,7748,300,1,304.54,304.54
15472,7749,454,5,77.62,388.1
15473,7749,51,1,281.19,281.19
15474,7749,292,1,450.42,450.42
15475,7750,450,4,273.39,1093.56
15476,7750,241,1,118.46,118.46
15477,7750,170,4,428.15,1712.6
15478,7751,106,1,316.93,316.93
15479,7751,372,3,183.11,549.33
15480,7751,167,3,424.46,1273.38
15481,7752,100,4,46.76,187.04
15482,7752,388,2,489.84,979.68
15483,7753,348,1,345.85,345.85
15484,7754,369,1,54.01,54.01
15485,7754,404,5,61.88,309.4
15486,7755,198,5,488.14,2440.7
15487,7755,136,5,456.44,2282.2
15488,7756,73,2,225.42,450.84
15489,7757,200,1,393.62,393.62
15490,7757,247,4,299.98,1199.92
15491,7758,46,3,280.98,842.94
15492,7758,184,3,343.78,1031.34
15493,7758,385,4,69.12,276.48
15494,7759,306,3,29.35,88.05
15495,7760,178,1,39.27,39.27
15496,7760,456,3,45.28,135.84
15497,7761,270,5,454.92,2274.6
15498,7762,248,1,489.08,489.08
15499,7763,407,1,87.04,87.04
15500,7763,392,5,376.37,1881.85
15501,7763,397,4,207.77,831.08
15502,7764,442,5,327.27,1636.35
15503,7764,413,4,96.17,384.68
15504,7764,332,5,122.07,610.35
15505,7765,165,2,372.43,744.86
15506,7766,35,2,313.87,627.74
15507,7766,54,4,90.38,361.52
15508,7766,249,1,32.96,32.96
15509,7767,29,3,457.43,1372.29
15510,7768,348,5,360.82,1804.1
15511,7768,157,1,182.15,182.15
15512,7768,335,2,468.07,936.14
15513,7769,73,1,28.51,28.51
15514,7770,15,3,123.84,371.52
15515,7770,116,5,337.05,1685.25
15516,7770,65,4,338.92,1355.68
15517,7771,243,5,362.51,1812.55
15518,7771,217,4,62.15,248.6
15519,7772,412,2,479.07,958.14
15520,7772,249,5,410.3,2051.5
15521,7773,288,5,490.06,2450.3
15522,7774,121,1,159.85,159.85
15523,7774,230,2,51.07,102.14
15524,7774,343,4,378.19,1512.76
15525,7775,454,3,99.96,299.88
15526,7775,355,5,401.94,2009.7
15527,7776,177,4,294.37,1177.48
15528,7776,485,3,488.16,1464.48
15529,7777,9,4,78.04,312.16
15530,7777,466,5,496.05,2480.25
15531,7778,86,1,224.65,224.65
15532,7779,19,2,212.06,424.12
15533,7779,281,3,497.42,1492.26
15534,7780,466,5,294.22,1471.1
15535,7780,377,2,210.98,421.96
15536,7781,228,2,30.96,61.92
15537,7781,97,4,262.96,1051.84
15538,7782,288,3,305.11,915.33
15539,7783,51,2,294.78,589.56
15540,7783,351,1,434.59,434.59
15541,7784,307,3,341.65,1024.95
15542,7784,98,5,91.67,458.35
15543,7785,368,2,9.24,18.48
15544,7785,403,3,410.22,1230.66
15545,7785,209,3,353.03,1059.09
15546,7786,239,3,459.17,1377.51
15547,7786,41,3,336.08,1008.24
15548,7786,395,3,365.38,1096.14
15549,7787,409,2,208.84,417.68
15550,7788,331,4,68.52,274.08
15551,7788,191,4,364.5,1458.0
15552,7788,36,4,468.8,1875.2
15553,7789,145,2,237.77,475.54
15554,7790,419,4,247.51,990.04
15555,7790,175,3,379.71,1139.13
15556,7790,96,5,126.2,631.0
15557,7791,462,3,472.04,1416.12
15558,7791,211,3,151.99,455.97
15559,7792,365,5,373.68,1868.4
15560,7792,32,3,245.83,737.49
15561,7792,333,5,432.31,2161.55
15562,7793,123,5,140.42,702.1
15563,7794,478,1,38.14,38.14
15564,7794,422,3,256.0,768.0
15565,7795,406,1,364.78,364.78
15566,7795,212,4,277.52,1110.08
15567,7796,87,2,438.67,877.34
15568,7797,29,2,305.02,610.04
15569,7797,208,4,481.56,1926.24
15570,7797,479,2,392.2,784.4
15571,7798,352,4,100.14,400.56
15572,7798,80,5,80.29,401.45
15573,7798,370,1,128.13,128.13
15574,7799,156,5,333.66,1668.3
15575,7800,160,4,475.59,1902.36
15576,7800,150,4,47.89,191.56
15577,7801,435,1,307.8,307.8
15578,7802,94,3,59.09,177.27
15579,7802,96,4,77.07,308.28
15580,7802,222,5,276.13,1380.65
15581,7803,21,5,450.58,2252.9
15582,7803,393,4,487.5,1950.0
15583,7803,441,5,47.66,238.3
15584,7804,423,3,490.22,1470.66
15585,7805,209,1,380.36,380.36
15586,7805,381,4,53.93,215.72
15587,7806,422,2,292.71,585.42
15588,7806,249,3,479.32,1437.96
15589,7806,190,5,214.0,1070.0
15590,7807,445,2,339.1,678.2
15591,7807,433,1,177.57,177.57
15592,7807,499,4,412.85,1651.4
15593,7808,158,5,146.2,731.0
15594,7808,426,5,465.73,2328.65
15595,7809,168,5,457.99,2289.95
15596,7810,5,4,498.07,1992.28
15597,7810,104,3,201.74,605.22
15598,7811,86,2,112.64,225.28
15599,7811,468,5,230.81,1154.05
15600,7812,494,2,120.69,241.38
15601,7812,228,5,213.73,1068.65
15602,7812,230,1,373.87,373.87
15603,7813,450,5,80.74,403.7
15604,7813,50,5,227.67,1138.35
15605,7813,169,2,328.38,656.76
15606,7814,115,4,120.17,480.68
15607,7814,486,4,110.62,442.48
15608,7814,268,2,250.54,501.08
15609,7815,101,4,293.77,1175.08
15610,7815,113,5,242.93,1214.65
15611,7815,221,1,26.6,26.6
15612,7816,328,4,54.73,218.92
15613,7816,366,3,253.74,761.22
15614,7816,165,1,41.07,41.07
15615,7817,180,4,105.47,421.88
15616,7817,443,4,174.6,698.4
15617,7817,105,2,404.87,809.74
15618,7818,290,4,45.91,183.64
15619,7818,329,5,495.75,2478.75
15620,7819,282,1,234.41,234.41
15621,7819,472,3,191.55,574.65
15622,7819,98,2,349.13,698.26
15623,7820,182,5,298.67,1493.35
15624,7820,402,3,159.31,477.93
15625,7821,462,2,223.84,447.68
15626,7822,441,3,110.29,330.87
15627,7822,13,1,480.33,480.33
15628,7823,95,4,391.64,1566.56
15629,7824,61,1,219.57,219.57
15630,7824,297,5,395.19,1975.95
15631,7824,324,2,308.69,617.38
15632,7825,423,1,64.19,64.19
15633,7826,328,3,52.07,156.21
15634,7826,162,1,411.93,411.93
15635,7827,322,1,119.17,119.17
15636,7827,425,1,363.46,363.46
15637,7827,81,1,264.14,264.14
15638,7828,3,5,376.78,1883.9
15639,7828,451,4,97.57,390.28
15640,7829,499,2,66.84,133.68
15641,7829,135,1,195.89,195.89
15642,7830,468,2,426.25,852.5
15643,7831,276,2,393.89,787.78
15644,7831,9,4,37.51,150.04
15645,7831,257,4,227.59,910.36
15646,7832,497,5,85.29,426.45
15647,7832,21,4,373.76,1495.04
15648,7833,169,5,379.4,1897.0
15649,7834,434,5,488.64,2443.2
15650,7834,290,2,312.38,624.76
15651,7834,181,3,59.36,178.08
15652,7835,438,1,415.74,415.74
15653,7835,183,1,40.05,40.05
15654,7836,18,2,300.5,601.0
15655,7836,37,2,213.7,427.4
15656,7837,1,2,316.78,633.56
15657,7837,87,4,174.11,696.44
15658,7838,58,2,39.01,78.02
15659,7838,358,5,325.12,1625.6
15660,7839,375,5,439.57,2197.85
15661,7839,127,1,339.65,339.65
15662,7840,119,1,401.56,401.56
15663,7841,273,4,148.35,593.4
15664,7842,425,2,99.42,198.84
15665,7842,246,1,481.51,481.51
15666,7843,239,3,183.6,550.8
15667,7843,293,4,342.01,1368.04
15668,7843,269,1,216.18,216.18
15669,7844,248,4,279.8,1119.2
15670,7844,197,5,76.06,380.3
15671,7845,163,4,462.82,1851.28
15672,7845,346,4,339.6,1358.4
15673,7845,299,2,388.35,776.7
15674,7846,147,2,242.69,485.38
15675,7846,161,1,359.94,359.94
15676,7846,8,3,21.18,63.54
15677,7847,183,2,86.71,173.42
15678,7848,105,4,103.41,413.64
15679,7848,376,4,115.94,463.76
15680,7849,179,2,82.47,164.94
15681,7850,61,5,139.74,698.7
15682,7851,253,5,174.39,871.95
15683,7852,153,1,377.29,377.29
15684,7852,227,4,313.71,1254.84
15685,7853,287,3,458.04,1374.12
15686,7853,422,4,209.87,839.48
15687,7853,44,4,292.48,1169.92
15688,7854,132,1,172.79,172.79
15689,7855,358,1,400.27,400.27
15690,7855,403,3,44.96,134.88
15691,7855,499,1,100.49,100.49
15692,7856,212,2,277.27,554.54
15693,7856,19,5,245.05,1225.25
15694,7857,85,1,106.3,106.3
15695,7857,490,1,204.26,204.26
15696,7857,467,4,228.17,912.68
15697,7858,376,5,70.77,353.85
15698,7858,73,4,331.08,1324.32
15699,7859,200,2,266.33,532.66
15700,7859,489,3,203.62,610.86
15701,7859,205,5,439.73,2198.65
15702,7860,242,2,478.2,956.4
15703,7861,229,3,399.79,1199.37
15704,7861,280,1,344.21,344.21
15705,7861,369,4,350.07,1400.28
15706,7862,398,4,25.94,103.76
15707,7862,131,3,315.76,947.28
15708,7863,180,3,414.14,1242.42
15709,7863,144,5,305.14,1525.7
15710,7863,463,3,310.17,930.51
15711,7864,448,1,385.49,385.49
15712,7864,349,1,406.19,406.19
15713,7865,463,3,150.6,451.8
15714,7866,250,2,56.02,112.04
15715,7867,281,1,106.47,106.47
15716,7867,334,1,243.7,243.7
15717,7867,9,2,101.91,203.82
15718,7868,224,3,399.92,1199.76
15719,7869,444,4,400.76,1603.04
15720,7870,207,3,140.85,422.55
15721,7870,259,4,147.72,590.88
15722,7870,299,1,107.02,107.02
15723,7871,399,2,38.99,77.98
15724,7872,156,3,36.84,110.52
15725,7872,348,4,125.87,503.48
15726,7873,2,4,289.15,1156.6
15727,7873,140,1,123.88,123.88
15728,7873,121,1,403.13,403.13
15729,7874,153,5,88.37,441.85
15730,7875,320,5,217.07,1085.35
15731,7876,112,4,168.56,674.24
15732,7876,253,2,460.79,921.58
15733,7877,492,3,168.4,505.2
15734,7877,419,5,221.18,1105.9
15735,7878,251,2,79.33,158.66
15736,7879,2,2,424.89,849.78
15737,7880,419,2,448.12,896.24
15738,7880,266,4,435.2,1740.8
15739,7880,309,1,194.12,194.12
15740,7881,325,2,121.76,243.52
15741,7882,371,3,228.6,685.8
15742,7882,414,5,239.79,1198.95
15743,7883,188,1,248.48,248.48
15744,7883,354,3,118.36,355.08
15745,7883,255,5,389.62,1948.1
15746,7884,276,4,156.72,626.88
15747,7885,279,5,462.59,2312.95
15748,7885,119,3,350.78,1052.34
15749,7886,408,4,88.76,355.04
15750,7886,400,2,156.12,312.24
15751,7886,296,4,190.22,760.88
15752,7887,27,5,399.61,1998.05
15753,7888,43,3,39.1,117.3
15754,7888,312,1,312.75,312.75
15755,7888,325,3,276.12,828.36
15756,7889,238,3,313.85,941.55
15757,7889,344,1,359.9,359.9
15758,7889,304,1,90.49,90.49
15759,7890,485,5,206.72,1033.6
15760,7890,338,3,343.05,1029.15
15761,7891,41,4,281.42,1125.68
15762,7892,401,4,230.38,921.52
15763,7892,292,4,395.2,1580.8
15764,7893,95,5,144.39,721.95
15765,7894,88,5,61.34,306.7
15766,7894,205,1,485.97,485.97
15767,7895,397,3,481.63,1444.89
15768,7895,249,2,61.55,123.1
15769,7896,215,3,120.26,360.78
15770,7896,44,4,105.0,420.0
15771,7897,439,2,87.49,174.98
15772,7897,206,3,490.54,1471.62
15773,7898,62,5,401.37,2006.85
15774,7899,202,4,433.21,1732.84
15775,7900,87,2,154.76,309.52
15776,7900,82,2,455.77,911.54
15777,7901,145,4,434.93,1739.72
15778,7901,61,4,462.52,1850.08
15779,7902,287,5,83.82,419.1
15780,7902,27,1,221.58,221.58
15781,7902,420,4,429.49,1717.96
15782,7903,483,5,297.47,1487.35
15783,7903,236,5,345.41,1727.05
15784,7904,99,1,224.67,224.67
15785,7905,82,1,407.29,407.29
15786,7905,151,5,115.7,578.5
15787,7906,343,4,286.18,1144.72
15788,7907,81,2,398.52,797.04
15789,7907,113,4,305.65,1222.6
15790,7908,338,4,230.63,922.52
15791,7909,426,5,298.03,1490.15
15792,7909,282,4,306.48,1225.92
15793,7910,453,4,263.79,1055.16
15794,7911,203,3,490.93,1472.79
15795,7911,316,5,159.53,797.65
15796,7912,188,1,202.02,202.02
15797,7912,300,1,225.99,225.99
15798,7912,330,3,399.26,1197.78
15799,7913,248,5,296.61,1483.05
15800,7913,390,2,402.93,805.86
15801,7913,129,1,239.56,239.56
15802,7914,74,3,267.99,803.97
15803,7915,75,4,447.02,1788.08
15804,7915,430,2,153.91,307.82
15805,7915,37,5,390.83,1954.15
15806,7916,282,3,419.61,1258.83
15807,7917,183,5,396.66,1983.3
15808,7917,365,4,451.84,1807.36
15809,7918,115,4,286.43,1145.72
15810,7919,114,3,51.1,153.3
15811,7920,472,3,456.09,1368.27
15812,7921,465,4,473.56,1894.24
15813,7921,134,1,385.71,385.71
15814,7921,491,3,325.54,976.62
15815,7922,253,4,454.34,1817.36
15816,7922,309,1,244.88,244.88
15817,7923,463,5,479.92,2399.6
15818,7923,50,3,176.97,530.91
15819,7923,419,1,217.78,217.78
15820,7924,408,1,391.47,391.47
15821,7924,439,2,268.07,536.14
15822,7924,127,4,489.49,1957.96
15823,7925,27,5,301.74,1508.7
15824,7925,261,4,140.79,563.16
15825,7926,467,4,469.79,1879.16
15826,7926,304,2,170.41,340.82
15827,7927,490,1,164.83,164.83
15828,7927,411,4,57.56,230.24
15829,7927,160,5,33.39,166.95
15830,7928,473,4,207.82,831.28
15831,7928,372,4,296.74,1186.96
15832,7929,216,5,345.91,1729.55
15833,7929,61,5,386.07,1930.35
15834,7930,172,4,29.88,119.52
15835,7931,215,5,187.16,935.8
15836,7931,333,3,484.77,1454.31
15837,7932,97,4,445.59,1782.36
15838,7932,384,4,461.4,1845.6
15839,7932,382,3,253.93,761.79
15840,7933,315,1,16.82,16.82
15841,7933,344,4,425.23,1700.92
15842,7933,178,3,110.74,332.22
15843,7934,327,5,262.58,1312.9
15844,7934,259,1,113.03,113.03
15845,7935,329,1,446.16,446.16
15846,7935,194,3,349.58,1048.74
15847,7935,462,2,131.81,263.62
15848,7936,484,2,370.33,740.66
15849,7936,84,1,172.31,172.31
15850,7937,468,2,229.91,459.82
15851,7937,175,4,145.04,580.16
15852,7938,396,3,156.31,468.93
15853,7938,278,5,478.2,2391.0
15854,7939,257,4,151.31,605.24
15855,7939,20,5,95.65,478.25
15856,7940,234,5,271.58,1357.9
15857,7940,40,1,152.71,152.71
15858,7940,252,3,421.51,1264.53
15859,7941,155,1,217.53,217.53
15860,7941,46,1,141.45,141.45
15861,7942,91,4,54.29,217.16
15862,7942,253,1,98.13,98.13
15863,7942,95,4,488.59,1954.36
15864,7943,181,3,182.97,548.91
15865,7944,212,4,97.8,391.2
15866,7944,276,3,126.74,380.22
15867,7945,314,3,450.79,1352.37
15868,7945,273,5,197.36,986.8
15869,7945,186,3,48.88,146.64
15870,7946,283,5,298.3,1491.5
15871,7946,262,5,450.89,2254.45
15872,7946,301,2,343.32,686.64
15873,7947,442,2,280.73,561.46
15874,7948,333,3,69.1,207.3
15875,7948,492,2,394.81,789.62
15876,7949,422,2,82.56,165.12
15877,7949,289,2,467.0,934.0
15878,7949,446,1,252.7,252.7
15879,7950,91,4,180.52,722.08
15880,7951,494,1,226.77,226.77
15881,7951,254,2,106.48,212.96
15882,7951,72,1,383.42,383.42
15883,7952,255,1,122.91,122.91
15884,7952,94,2,378.17,756.34
15885,7953,277,2,51.97,103.94
15886,7953,367,4,227.99,911.96
15887,7954,108,1,143.56,143.56
15888,7954,260,3,476.76,1430.28
15889,7954,411,4,21.54,86.16
15890,7955,496,5,258.96,1294.8
15891,7955,311,2,130.15,260.3
15892,7956,251,5,270.65,1353.25
15893,7956,307,3,290.87,872.61
15894,7956,466,1,45.43,45.43
15895,7957,383,3,80.71,242.13
15896,7957,134,5,114.33,571.65
15897,7957,78,5,355.66,1778.3
15898,7958,105,4,101.96,407.84
15899,7958,334,3,180.36,541.08
15900,7958,155,4,321.1,1284.4
15901,7959,278,3,459.26,1377.78
15902,7959,424,3,177.41,532.23
15903,7960,93,2,430.69,861.38
15904,7960,51,4,57.9,231.6
15905,7960,395,5,261.16,1305.8
15906,7961,180,5,204.7,1023.5
15907,7962,179,4,441.54,1766.16
15908,7963,87,1,265.93,265.93
15909,7963,499,5,221.62,1108.1
15910,7964,366,1,437.77,437.77
15911,7964,44,5,265.88,1329.4
15912,7965,41,2,220.97,441.94
15913,7966,155,1,64.86,64.86
15914,7967,454,2,100.02,200.04
15915,7967,314,1,232.83,232.83
15916,7967,223,3,250.87,752.61
15917,7968,91,4,486.03,1944.12
15918,7968,127,1,323.01,323.01
15919,7968,113,2,141.55,283.1
15920,7969,354,3,281.48,844.44
15921,7969,288,3,65.41,196.23
15922,7970,152,5,469.88,2349.4
15923,7970,241,1,15.57,15.57
15924,7971,464,2,492.43,984.86
15925,7972,470,2,348.31,696.62
15926,7972,214,1,303.55,303.55
15927,7973,485,5,300.16,1500.8
15928,7973,186,4,142.98,571.92
15929,7973,114,5,304.02,1520.1
15930,7974,480,2,456.66,913.32
15931,7974,62,5,407.14,2035.7
15932,7975,260,5,177.27,886.35
15933,7976,286,3,244.59,733.77
15934,7977,266,1,295.92,295.92
15935,7977,457,5,227.86,1139.3
15936,7978,333,2,320.72,641.44
15937,7978,131,5,470.54,2352.7
15938,7978,149,2,402.5,805.0
15939,7979,374,4,214.79,859.16
15940,7979,315,4,483.26,1933.04
15941,7980,341,3,409.51,1228.53
15942,7981,187,2,460.76,921.52
15943,7982,79,2,141.51,283.02
15944,7982,392,4,445.95,1783.8
15945,7983,414,2,82.5,165.0
15946,7983,372,4,461.6,1846.4
15947,7984,104,5,64.02,320.1
15948,7985,338,5,465.02,2325.1
15949,7985,296,2,387.95,775.9
15950,7986,210,3,39.12,117.36
15951,7986,260,1,361.3,361.3
15952,7986,307,4,310.28,1241.12
15953,7987,350,1,45.64,45.64
15954,7987,182,5,43.17,215.85
15955,7987,361,5,36.8,184.0
15956,7988,468,4,373.2,1492.8
15957,7988,25,4,119.53,478.12
15958,7988,162,2,114.35,228.7
15959,7989,226,3,364.67,1094.01
15960,7990,71,4,94.99,379.96
15961,7990,364,2,406.6,813.2
15962,7990,305,5,75.96,379.8
15963,7991,294,2,134.58,269.16
15964,7991,234,5,370.25,1851.25
15965,7991,414,1,380.4,380.4
15966,7992,359,1,404.49,404.49
15967,7992,325,4,342.99,1371.96
15968,7993,213,2,49.63,99.26
15969,7993,312,3,264.94,794.82
15970,7993,374,2,358.14,716.28
15971,7994,117,3,421.84,1265.52
15972,7995,153,3,368.14,1104.42
15973,7995,81,3,262.53,787.59
15974,7996,14,5,472.86,2364.3
15975,7996,18,1,301.98,301.98
15976,7996,79,2,299.55,599.1
15977,7997,176,1,182.84,182.84
15978,7997,139,1,207.33,207.33
15979,7998,306,2,72.85,145.7
15980,7998,424,2,108.18,216.36
15981,7999,314,4,416.72,1666.88
15982,7999,92,1,333.88,333.88
15983,8000,328,2,102.26,204.52
15984,8000,406,4,429.5,1718.0
15985,8000,133,3,99.71,299.13
15986,8001,263,5,478.43,2392.15
15987,8002,27,1,306.9,306.9
15988,8003,492,3,283.75,851.25
15989,8004,27,5,340.15,1700.75
15990,8005,48,2,482.45,964.9
15991,8005,270,3,238.99,716.97
15992,8006,479,3,70.72,212.16
15993,8006,309,3,30.89,92.67
15994,8007,252,5,76.55,382.75
15995,8007,148,5,425.56,2127.8
15996,8007,222,3,485.14,1455.42
15997,8008,124,2,129.16,258.32
15998,8009,238,4,403.61,1614.44
15999,8010,198,2,274.09,548.18
16000,8010,4,3,292.02,876.06
16001,8010,71,4,73.09,292.36
16002,8011,148,4,466.47,1865.88
16003,8011,498,3,392.37,1177.11
16004,8012,185,2,395.59,791.18
16005,8012,299,3,36.23,108.69
16006,8013,36,3,49.95,149.85
16007,8014,403,4,447.48,1789.92
16008,8015,29,5,448.4,2242.0
16009,8015,191,4,459.52,1838.08
16010,8015,184,3,6.17,18.51
16011,8016,70,5,393.7,1968.5
16012,8016,187,4,98.75,395.0
16013,8016,301,2,307.2,614.4
16014,8017,354,2,230.37,460.74
16015,8017,492,1,62.01,62.01
16016,8018,56,5,191.42,957.1
16017,8019,277,4,375.62,1502.48
16018,8020,309,3,282.94,848.82
16019,8020,288,4,381.74,1526.96
16020,8021,470,2,327.42,654.84
16021,8021,500,2,269.99,539.98
16022,8022,358,3,147.5,442.5
16023,8022,144,1,154.19,154.19
16024,8022,155,4,343.35,1373.4
16025,8023,457,1,36.39,36.39
16026,8023,212,3,171.51,514.53
16027,8023,37,2,114.4,228.8
16028,8024,445,1,224.78,224.78
16029,8024,361,3,125.72,377.16
16030,8024,459,1,164.95,164.95
16031,8025,451,5,175.51,877.55
16032,8025,88,2,158.64,317.28
16033,8025,11,4,474.88,1899.52
16034,8026,195,3,395.37,1186.11
16035,8026,337,4,405.53,1622.12
16036,8027,117,3,337.12,1011.36
16037,8028,181,3,495.75,1487.25
16038,8028,423,2,96.77,193.54
16039,8028,415,5,418.57,2092.85
16040,8029,252,5,407.39,2036.95
16041,8029,395,3,44.99,134.97
16042,8029,413,2,364.01,728.02
16043,8030,482,4,56.95,227.8
16044,8030,22,2,124.3,248.6
16045,8031,32,4,41.26,165.04
16046,8032,448,5,213.64,1068.2
16047,8032,447,1,367.97,367.97
16048,8033,118,4,171.73,686.92
16049,8033,118,5,260.46,1302.3
16050,8034,261,5,401.6,2008.0
16051,8035,32,1,273.03,273.03
16052,8036,355,3,489.47,1468.41
16053,8036,118,4,103.82,415.28
16054,8036,18,2,76.63,153.26
16055,8037,20,5,384.78,1923.9
16056,8038,79,3,198.49,595.47
16057,8038,487,1,49.41,49.41
16058,8039,315,2,32.13,64.26
16059,8039,471,1,449.71,449.71
16060,8040,186,2,482.34,964.68
16061,8041,412,4,69.34,277.36
16062,8041,359,1,411.73,411.73
16063,8041,113,1,136.14,136.14
16064,8042,269,2,151.62,303.24
16065,8042,54,4,245.88,983.52
16066,8042,85,4,58.49,233.96
16067,8043,274,1,128.68,128.68
16068,8044,166,1,296.42,296.42
16069,8045,181,3,485.12,1455.36
16070,8045,144,5,255.85,1279.25
16071,8045,349,3,102.6,307.8
16072,8046,190,1,329.01,329.01
16073,8046,459,3,112.62,337.86
16074,8046,386,1,347.22,347.22
16075,8047,341,4,446.49,1785.96
16076,8047,335,5,374.73,1873.65
16077,8047,300,3,146.17,438.51
16078,8048,113,5,117.9,589.5
16079,8048,406,3,402.43,1207.29
16080,8048,116,5,329.78,1648.9
16081,8049,351,3,203.37,610.11
16082,8049,149,4,488.29,1953.16
16083,8050,132,5,169.32,846.6
16084,8050,426,2,215.17,430.34
16085,8050,327,4,230.97,923.88
16086,8051,227,3,342.9,1028.7
16087,8051,119,5,285.97,1429.85
16088,8051,222,5,273.53,1367.65
16089,8052,375,2,313.34,626.68
16090,8052,173,1,216.17,216.17
16091,8052,393,4,227.12,908.48
16092,8053,341,3,227.24,681.72
16093,8053,33,2,118.59,237.18
16094,8054,159,2,373.52,747.04
16095,8055,413,1,232.04,232.04
16096,8056,63,2,465.3,930.6
16097,8056,268,4,301.52,1206.08
16098,8057,131,2,123.02,246.04
16099,8057,16,1,65.74,65.74
16100,8057,447,3,427.07,1281.21
16101,8058,212,4,489.0,1956.0
16102,8058,126,1,381.5,381.5
16103,8059,475,4,426.12,1704.48
16104,8059,42,1,109.19,109.19
16105,8060,421,5,402.29,2011.45
16106,8061,43,2,349.27,698.54
16107,8061,131,5,307.16,1535.8
16108,8061,477,4,220.7,882.8
16109,8062,483,3,195.38,586.14
16110,8063,167,2,184.95,369.9
16111,8064,132,3,236.84,710.52
16112,8065,66,3,347.23,1041.69
16113,8066,172,1,169.39,169.39
16114,8067,30,2,260.08,520.16
16115,8067,59,3,164.56,493.68
16116,8067,183,5,11.25,56.25
16117,8068,67,1,493.5,493.5
16118,8068,359,5,216.39,1081.95
16119,8068,490,1,394.92,394.92
16120,8069,359,3,198.73,596.19
16121,8069,60,5,110.92,554.6
16122,8070,323,5,76.42,382.1
16123,8070,319,4,49.2,196.8
16124,8071,203,1,227.3,227.3
16125,8071,430,3,323.0,969.0
16126,8071,229,1,193.1,193.1
16127,8072,3,2,261.97,523.94
16128,8073,477,4,109.09,436.36
16129,8074,200,2,451.12,902.24
16130,8074,312,5,371.12,1855.6
16131,8075,225,3,233.28,699.84
16132,8075,32,5,133.32,666.6
16133,8075,140,4,417.07,1668.28
16134,8076,246,3,170.71,512.13
16135,8076,484,4,63.41,253.64
16136,8076,469,5,421.67,2108.35
16137,8077,168,5,421.33,2106.65
16138,8077,395,3,9.79,29.37
16139,8077,329,1,27.15,27.15
16140,8078,195,5,230.42,1152.1
16141,8078,430,4,92.75,371.0
16142,8078,288,1,327.02,327.02
16143,8079,476,4,446.69,1786.76
16144,8079,327,1,291.04,291.04
16145,8079,113,2,260.85,521.7
16146,8080,325,4,459.03,1836.12
16147,8081,300,3,441.11,1323.33
16148,8081,419,1,164.1,164.1
16149,8081,87,3,209.73,629.19
16150,8082,480,1,114.2,114.2
16151,8082,16,4,172.93,691.72
16152,8082,346,5,342.91,1714.55
16153,8083,194,2,153.1,306.2
16154,8084,5,2,348.84,697.68
16155,8085,468,1,114.34,114.34
16156,8086,210,4,279.52,1118.08
16157,8087,17,2,435.92,871.84
16158,8087,97,4,149.13,596.52
16159,8088,250,2,452.32,904.64
16160,8088,64,2,226.11,452.22
16161,8089,100,4,236.25,945.0
16162,8090,228,2,333.98,667.96
16163,8091,104,5,279.85,1399.25
16164,8091,101,2,152.06,304.12
16165,8092,10,3,194.32,582.96
16166,8092,217,1,152.74,152.74
16167,8093,164,2,364.02,728.04
16168,8093,85,4,174.43,697.72
16169,8094,48,5,204.45,1022.25
16170,8094,201,4,266.18,1064.72
16171,8095,77,3,233.54,700.62
16172,8096,22,3,310.74,932.22
16173,8097,220,5,457.89,2289.45
16174,8098,405,3,450.31,1350.93
16175,8098,88,5,204.47,1022.35
16176,8099,396,2,102.67,205.34
16177,8099,141,1,498.23,498.23
16178,8100,313,5,387.06,1935.3
16179,8100,438,1,38.53,38.53
16180,8100,402,5,212.05,1060.25
16181,8101,124,3,19.39,58.17
16182,8101,96,3,179.78,539.34
16183,8102,296,1,163.96,163.96
16184,8102,200,4,180.5,722.0
16185,8102,46,5,399.53,1997.65
16186,8103,7,1,257.33,257.33
16187,8103,454,5,88.66,443.3
16188,8104,415,2,270.76,541.52
16189,8105,268,4,94.28,377.12
16190,8105,241,3,81.68,245.04
16191,8106,261,5,243.93,1219.65
16192,8106,478,3,333.22,999.66
16193,8106,460,3,97.31,291.93
16194,8107,256,1,321.42,321.42
16195,8107,432,3,191.54,574.62
16196,8108,178,5,480.57,2402.85
16197,8109,232,5,262.37,1311.85
16198,8110,8,2,346.7,693.4
16199,8110,333,1,185.55,185.55
16200,8111,324,5,464.57,2322.85
16201,8111,426,4,61.62,246.48
16202,8111,22,2,250.72,501.44
16203,8112,487,5,111.21,556.05
16204,8112,256,4,125.41,501.64
16205,8112,56,3,95.67,287.01
16206,8113,228,5,203.97,1019.85
16207,8113,470,3,339.74,1019.22
16208,8113,484,5,93.04,465.2
16209,8114,55,3,332.3,996.9
16210,8114,242,1,64.85,64.85
16211,8115,169,5,379.01,1895.05
16212,8115,224,3,311.96,935.88
16213,8115,341,4,178.51,714.04
16214,8116,33,1,303.79,303.79
16215,8116,166,5,57.76,288.8
16216,8116,204,2,10.47,20.94
16217,8117,431,4,257.78,1031.12
16218,8117,329,5,172.78,863.9
16219,8118,4,2,178.11,356.22
16220,8118,232,5,82.25,411.25
16221,8119,461,5,486.88,2434.4
16222,8119,139,5,83.21,416.05
16223,8119,47,2,490.59,981.18
16224,8120,42,5,121.91,609.55
16225,8120,229,4,471.11,1884.44
16226,8121,485,3,29.82,89.46
16227,8122,106,5,40.32,201.6
16228,8122,406,1,406.53,406.53
16229,8122,303,4,10.41,41.64
16230,8123,391,1,490.44,490.44
16231,8123,41,3,450.85,1352.55
16232,8124,433,5,295.07,1475.35
16233,8125,412,1,284.63,284.63
16234,8125,224,5,425.83,2129.15
16235,8125,450,3,93.6,280.8
16236,8126,441,1,309.46,309.46
16237,8126,360,4,147.21,588.84
16238,8126,123,3,86.6,259.8
16239,8127,498,4,384.05,1536.2
16240,8127,178,2,51.57,103.14
16241,8128,102,1,425.06,425.06
16242,8129,454,1,427.1,427.1
16243,8130,202,3,160.82,482.46
16244,8130,429,3,164.08,492.24
16245,8130,117,3,369.58,1108.74
16246,8131,284,4,430.95,1723.8
16247,8132,47,1,295.45,295.45
16248,8132,3,4,298.66,1194.64
16249,8133,57,2,235.99,471.98
16250,8133,263,2,430.27,860.54
16251,8134,21,1,88.62,88.62
16252,8135,230,2,327.86,655.72
16253,8136,34,5,113.45,567.25
16254,8136,311,5,410.61,2053.05
16255,8137,160,2,289.78,579.56
16256,8138,124,3,293.12,879.36
16257,8139,487,5,189.77,948.85
16258,8139,288,1,213.05,213.05
16259,8140,225,1,68.79,68.79
16260,8140,392,4,259.12,1036.48
16261,8140,16,1,219.74,219.74
16262,8141,30,2,351.27,702.54
16263,8141,301,4,258.0,1032.0
16264,8142,406,4,144.97,579.88
16265,8142,97,4,280.32,1121.28
16266,8142,248,5,228.65,1143.25
16267,8143,8,4,262.14,1048.56
16268,8143,309,2,55.28,110.56
16269,8143,93,4,204.96,819.84
16270,8144,130,1,472.75,472.75
16271,8145,194,4,168.07,672.28
16272,8145,478,3,220.21,660.63
16273,8145,44,1,316.13,316.13
16274,8146,79,4,459.62,1838.48
16275,8146,14,2,180.5,361.0
16276,8146,304,5,377.25,1886.25
16277,8147,387,1,430.54,430.54
16278,8147,353,4,294.92,1179.68
16279,8148,111,2,79.26,158.52
16280,8148,427,3,43.28,129.84
16281,8148,415,5,477.65,2388.25
16282,8149,339,3,455.79,1367.37
16283,8149,29,4,224.04,896.16
16284,8149,209,5,197.28,986.4
16285,8150,255,1,425.96,425.96
16286,8150,367,1,360.08,360.08
16287,8150,113,5,116.86,584.3
16288,8151,499,1,96.75,96.75
16289,8151,115,1,137.58,137.58
16290,8152,433,1,247.37,247.37
16291,8153,451,2,177.09,354.18
16292,8154,253,4,389.59,1558.36
16293,8155,222,3,207.5,622.5
16294,8155,55,1,465.31,465.31
16295,8156,103,5,278.44,1392.2
16296,8157,92,3,263.48,790.44
16297,8157,453,4,118.21,472.84
16298,8157,277,4,108.85,435.4
16299,8158,345,4,312.01,1248.04
16300,8159,419,1,196.72,196.72
16301,8160,221,5,434.04,2170.2
16302,8160,442,2,17.79,35.58
16303,8161,133,3,354.27,1062.81
16304,8161,80,2,337.86,675.72
16305,8162,63,3,301.99,905.97
16306,8162,163,3,472.9,1418.7
16307,8163,337,5,52.33,261.65
16308,8163,151,3,485.28,1455.84
16309,8164,337,3,482.58,1447.74
16310,8165,24,4,375.12,1500.48
16311,8165,415,2,401.92,803.84
16312,8165,432,2,242.28,484.56
16313,8166,357,3,172.14,516.42
16314,8167,320,5,319.08,1595.4
16315,8168,344,2,372.33,744.66
16316,8168,352,4,220.82,883.28
16317,8168,480,1,17.32,17.32
16318,8169,256,2,430.91,861.82
16319,8169,48,4,188.05,752.2
16320,8170,434,5,414.16,2070.8
16321,8171,445,1,466.16,466.16
16322,8171,201,5,455.34,2276.7
16323,8172,355,2,356.06,712.12
16324,8173,290,1,413.16,413.16
16325,8173,313,5,438.29,2191.45
16326,8173,454,2,169.06,338.12
16327,8174,424,5,271.98,1359.9
16328,8174,145,4,424.83,1699.32
16329,8175,381,1,474.49,474.49
16330,8175,126,4,330.67,1322.68
16331,8176,466,1,444.63,444.63
16332,8176,478,1,127.73,127.73
16333,8177,308,1,83.5,83.5
16334,8177,357,2,148.6,297.2
16335,8178,295,1,436.68,436.68
16336,8178,81,2,62.16,124.32
16337,8179,262,3,422.71,1268.13
16338,8179,453,3,76.41,229.23
16339,8179,152,2,455.93,911.86
16340,8180,270,4,396.05,1584.2
16341,8180,358,4,400.93,1603.72
16342,8180,84,4,274.67,1098.68
16343,8181,498,4,461.87,1847.48
16344,8181,386,1,128.1,128.1
16345,8182,37,2,382.42,764.84
16346,8182,186,4,381.86,1527.44
16347,8182,160,4,366.41,1465.64
16348,8183,491,3,66.13,198.39
16349,8183,181,3,239.84,719.52
16350,8184,343,1,417.31,417.31
16351,8184,476,3,403.91,1211.73
16352,8184,139,2,132.83,265.66
16353,8185,224,3,261.54,784.62
16354,8185,184,5,380.14,1900.7
16355,8186,62,3,450.14,1350.42
16356,8187,142,4,306.89,1227.56
16357,8188,430,4,32.65,130.6
16358,8188,406,3,20.51,61.53
16359,8189,395,3,69.27,207.81
16360,8190,255,2,468.09,936.18
16361,8190,78,3,282.11,846.33
16362,8191,88,4,293.58,1174.32
16363,8191,154,1,461.58,461.58
16364,8191,214,5,8.47,42.35
16365,8192,90,4,450.83,1803.32
16366,8193,61,3,321.57,964.71
16367,8194,298,3,278.54,835.62
16368,8195,29,5,52.78,263.9
16369,8195,63,1,465.36,465.36
16370,8195,359,5,383.9,1919.5
16371,8196,146,3,391.84,1175.52
16372,8196,488,3,263.13,789.39
16373,8197,62,1,30.17,30.17
16374,8198,123,5,456.1,2280.5
16375,8198,303,3,283.08,849.24
16376,8199,30,3,211.87,635.61
16377,8199,47,2,479.02,958.04
16378,8200,365,4,257.8,1031.2
16379,8200,93,2,96.8,193.6
16380,8200,212,5,280.68,1403.4
16381,8201,98,2,8.38,16.76
16382,8201,207,4,218.0,872.0
16383,8202,164,4,319.86,1279.44
16384,8203,268,1,368.08,368.08
16385,8204,459,3,293.93,881.79
16386,8204,120,3,70.4,211.2
16387,8205,114,5,312.83,1564.15
16388,8205,229,3,481.16,1443.48
16389,8205,93,1,251.37,251.37
16390,8206,234,2,309.79,619.58
16391,8206,370,4,110.8,443.2
16392,8207,7,4,460.4,1841.6
16393,8207,49,2,125.77,251.54
16394,8207,299,4,293.15,1172.6
16395,8208,489,3,225.43,676.29
16396,8208,390,4,125.01,500.04
16397,8208,360,2,350.94,701.88
16398,8209,296,5,106.59,532.95
16399,8209,72,2,363.82,727.64
16400,8209,197,5,421.3,2106.5
16401,8210,100,4,405.6,1622.4
16402,8210,126,1,45.29,45.29
16403,8211,200,3,152.07,456.21
16404,8211,7,1,222.28,222.28
16405,8211,249,3,381.23,1143.69
16406,8212,55,5,377.0,1885.0
16407,8213,7,3,107.54,322.62
16408,8214,413,5,211.48,1057.4
16409,8215,446,5,462.52,2312.6
16410,8216,209,2,165.51,331.02
16411,8216,219,2,338.7,677.4
16412,8216,14,1,149.23,149.23
16413,8217,412,5,412.24,2061.2
16414,8218,103,3,409.67,1229.01
16415,8219,148,3,71.76,215.28
16416,8220,149,4,120.95,483.8
16417,8221,365,1,445.38,445.38
16418,8221,446,3,201.13,603.39
16419,8222,428,3,77.62,232.86
16420,8222,115,5,78.28,391.4
16421,8223,291,5,480.39,2401.95
16422,8223,112,5,100.14,500.7
16423,8223,127,5,270.76,1353.8
16424,8224,195,3,448.28,1344.84
16425,8224,27,2,245.5,491.0
16426,8225,27,1,18.76,18.76
16427,8226,492,3,434.03,1302.09
16428,8226,240,3,493.23,1479.69
16429,8226,208,2,133.17,266.34
16430,8227,354,5,343.72,1718.6
16431,8227,111,1,86.29,86.29
16432,8228,485,4,73.06,292.24
16433,8228,32,5,339.9,1699.5
16434,8228,122,3,306.05,918.15
16435,8229,222,2,183.29,366.58
16436,8229,442,2,457.83,915.66
16437,8229,77,4,91.05,364.2
16438,8230,364,4,337.89,1351.56
16439,8230,195,5,346.31,1731.55
16440,8231,396,1,175.29,175.29
16441,8231,65,3,297.98,893.94
16442,8231,249,3,226.21,678.63
16443,8232,43,4,272.98,1091.92
16444,8233,381,2,99.23,198.46
16445,8234,297,3,78.34,235.02
16446,8235,72,3,396.32,1188.96
16447,8236,422,4,465.12,1860.48
16448,8236,310,1,168.18,168.18
16449,8236,152,1,313.3,313.3
16450,8237,172,5,249.7,1248.5
16451,8238,244,4,219.08,876.32
16452,8238,259,5,382.47,1912.35
16453,8239,358,1,293.5,293.5
16454,8239,310,1,364.31,364.31
16455,8240,73,1,144.13,144.13
16456,8241,424,5,168.67,843.35
16457,8241,214,5,360.81,1804.05
16458,8241,246,4,486.87,1947.48
16459,8242,357,2,197.42,394.84
16460,8242,440,4,408.41,1633.64
16461,8242,107,2,495.08,990.16
16462,8243,376,4,309.26,1237.04
16463,8243,395,1,139.33,139.33
16464,8243,46,5,371.14,1855.7
16465,8244,41,3,71.23,213.69
16466,8245,227,3,404.61,1213.83
16467,8246,94,1,433.51,433.51
16468,8247,257,3,441.78,1325.34
16469,8248,31,3,225.42,676.26
16470,8249,410,1,432.35,432.35
16471,8249,51,1,46.84,46.84
16472,8250,197,5,273.08,1365.4
16473,8250,389,5,110.42,552.1
16474,8250,392,5,226.56,1132.8
16475,8251,282,4,279.77,1119.08
16476,8251,240,4,27.64,110.56
16477,8252,373,3,337.38,1012.14
16478,8253,12,4,158.46,633.84
16479,8253,7,3,40.49,121.47
16480,8254,395,2,426.02,852.04
16481,8254,352,3,374.81,1124.43
16482,8255,95,1,319.57,319.57
16483,8255,98,5,48.83,244.15
16484,8256,362,3,434.91,1304.73
16485,8257,214,5,366.93,1834.65
16486,8257,5,2,236.36,472.72
16487,8257,4,4,33.63,134.52
16488,8258,418,1,229.95,229.95
16489,8259,494,3,217.38,652.14
16490,8259,146,2,305.32,610.64
16491,8259,96,2,281.72,563.44
16492,8260,183,5,278.64,1393.2
16493,8260,418,4,491.49,1965.96
16494,8261,190,1,236.36,236.36
16495,8262,207,4,472.86,1891.44
16496,8262,333,4,30.4,121.6
16497,8262,479,1,187.5,187.5
16498,8263,265,1,145.93,145.93
16499,8264,55,1,294.7,294.7
16500,8265,157,1,483.15,483.15
16501,8265,69,2,168.01,336.02
16502,8266,289,5,418.48,2092.4
16503,8266,487,2,411.39,822.78
16504,8267,65,4,238.32,953.28
16505,8267,244,1,111.79,111.79
16506,8267,2,2,242.6,485.2
16507,8268,432,2,334.47,668.94
16508,8268,37,2,246.51,493.02
16509,8268,457,2,320.86,641.72
16510,8269,285,5,47.66,238.3
16511,8269,64,1,243.51,243.51
16512,8270,378,4,310.6,1242.4
16513,8270,195,1,331.74,331.74
16514,8270,467,3,254.31,762.93
16515,8271,231,5,248.66,1243.3
16516,8272,435,5,265.73,1328.65
16517,8272,388,2,348.84,697.68
16518,8272,341,2,248.67,497.34
16519,8273,243,2,51.45,102.9
16520,8274,10,3,415.92,1247.76
16521,8274,255,2,35.22,70.44
16522,8274,119,1,182.08,182.08
16523,8275,389,4,400.11,1600.44
16524,8276,102,4,19.06,76.24
16525,8277,367,5,319.58,1597.9
16526,8278,68,3,364.28,1092.84
16527,8278,256,2,48.18,96.36
16528,8279,264,1,444.52,444.52
16529,8279,154,4,452.76,1811.04
16530,8280,351,1,215.0,215.0
16531,8281,492,4,301.9,1207.6
16532,8281,363,4,265.86,1063.44
16533,8282,32,5,177.57,887.85
16534,8282,214,1,349.71,349.71
16535,8282,494,5,71.3,356.5
16536,8283,83,1,42.09,42.09
16537,8284,462,5,328.39,1641.95
16538,8284,189,4,279.83,1119.32
16539,8285,289,5,130.56,652.8
16540,8285,243,1,259.96,259.96
16541,8285,314,3,109.15,327.45
16542,8286,143,3,287.59,862.77
16543,8287,408,4,56.86,227.44
16544,8287,120,4,37.81,151.24
16545,8287,409,2,208.17,416.34
16546,8288,380,4,57.05,228.2
16547,8288,66,3,473.1,1419.3
16548,8289,407,3,103.39,310.17
16549,8290,4,2,269.93,539.86
16550,8290,479,4,386.38,1545.52
16551,8291,479,5,499.59,2497.95
16552,8291,91,2,62.85,125.7
16553,8291,343,2,328.68,657.36
16554,8292,225,3,348.94,1046.82
16555,8293,118,2,468.24,936.48
16556,8294,104,2,354.65,709.3
16557,8294,431,1,427.12,427.12
16558,8294,307,4,123.3,493.2
16559,8295,348,5,81.69,408.45
16560,8296,268,5,83.25,416.25
16561,8296,111,4,439.02,1756.08
16562,8297,260,5,109.44,547.2
16563,8298,495,2,383.51,767.02
16564,8299,311,4,318.38,1273.52
16565,8299,321,5,393.3,1966.5
16566,8300,149,5,306.67,1533.35
16567,8300,391,3,470.85,1412.55
16568,8300,477,4,449.62,1798.48
16569,8301,432,2,373.44,746.88
16570,8302,311,2,437.53,875.06
16571,8302,5,4,435.9,1743.6
16572,8303,291,4,89.45,357.8
16573,8303,456,1,309.37,309.37
16574,8303,472,1,334.52,334.52
16575,8304,103,4,233.54,934.16
16576,8304,215,5,235.79,1178.95
16577,8305,69,5,408.59,2042.95
16578,8306,455,1,480.7,480.7
16579,8306,464,2,61.77,123.54
16580,8307,457,5,211.8,1059.0
16581,8307,321,2,437.32,874.64
16582,8307,104,4,310.22,1240.88
16583,8308,490,4,129.86,519.44
16584,8308,102,3,446.44,1339.32
16585,8308,243,2,366.0,732.0
16586,8309,331,2,379.96,759.92
16587,8309,190,5,171.75,858.75
16588,8309,205,1,190.18,190.18
16589,8310,484,2,152.19,304.38
16590,8310,478,4,94.56,378.24
16591,8311,412,4,455.27,1821.08
16592,8311,113,4,376.98,1507.92
16593,8312,164,5,299.33,1496.65
16594,8312,428,2,302.59,605.18
16595,8312,373,2,343.16,686.32
16596,8313,405,4,376.17,1504.68
16597,8313,328,3,496.93,1490.79
16598,8314,231,2,148.81,297.62
16599,8314,251,2,67.52,135.04
16600,8314,329,4,311.92,1247.68
16601,8315,320,5,248.09,1240.45
16602,8315,48,1,332.93,332.93
16603,8316,116,5,210.55,1052.75
16604,8317,199,5,48.65,243.25
16605,8318,410,4,176.03,704.12
16606,8318,22,4,393.46,1573.84
16607,8318,324,2,295.9,591.8
16608,8319,68,4,206.82,827.28
16609,8319,500,5,246.87,1234.35
16610,8320,491,3,451.32,1353.96
16611,8321,2,3,454.27,1362.81
16612,8322,64,5,187.85,939.25
16613,8322,147,1,175.31,175.31
16614,8323,278,5,120.83,604.15
16615,8323,446,5,229.31,1146.55
16616,8323,370,1,100.2,100.2
16617,8324,465,5,267.04,1335.2
16618,8324,297,4,20.12,80.48
16619,8324,214,4,436.67,1746.68
16620,8325,53,5,12.25,61.25
16621,8325,92,2,484.24,968.48
16622,8325,24,5,149.7,748.5
16623,8326,442,3,28.19,84.57
16624,8327,157,4,463.49,1853.96
16625,8327,346,2,241.27,482.54
16626,8327,37,2,265.76,531.52
16627,8328,472,5,432.47,2162.35
16628,8328,1,4,126.62,506.48
16629,8328,21,3,22.12,66.36
16630,8329,282,3,331.3,993.9
16631,8329,290,3,68.92,206.76
16632,8330,130,5,473.44,2367.2
16633,8330,285,5,258.33,1291.65
16634,8330,364,1,378.05,378.05
16635,8331,129,4,153.45,613.8
16636,8332,193,4,205.86,823.44
16637,8333,38,1,421.4,421.4
16638,8333,381,5,294.95,1474.75
16639,8333,451,3,372.93,1118.79
16640,8334,435,2,157.75,315.5
16641,8334,85,3,395.47,1186.41
16642,8334,29,2,443.41,886.82
16643,8335,388,3,268.88,806.64
16644,8335,75,2,427.25,854.5
16645,8336,361,1,235.59,235.59
16646,8337,479,3,476.46,1429.38
16647,8338,234,1,358.25,358.25
16648,8338,181,5,303.28,1516.4
16649,8339,137,4,299.56,1198.24
16650,8339,248,3,359.87,1079.61
16651,8340,241,1,197.14,197.14
16652,8340,294,5,306.85,1534.25
16653,8341,389,3,248.12,744.36
16654,8341,220,5,133.67,668.35
16655,8341,441,4,28.3,113.2
16656,8342,257,3,224.02,672.06
16657,8343,213,5,93.0,465.0
16658,8344,200,5,468.07,2340.35
16659,8345,369,4,445.99,1783.96
16660,8345,489,1,21.47,21.47
16661,8345,388,3,309.76,929.28
16662,8346,393,1,19.29,19.29
16663,8346,140,4,432.69,1730.76
16664,8347,75,4,42.76,171.04
16665,8348,339,1,145.25,145.25
16666,8349,15,3,28.36,85.08
16667,8350,47,4,272.03,1088.12
16668,8350,276,2,19.48,38.96
16669,8351,367,2,429.71,859.42
16670,8351,35,1,124.77,124.77
16671,8352,196,5,208.25,1041.25
16672,8352,483,2,309.23,618.46
16673,8353,393,1,183.27,183.27
16674,8354,250,3,30.66,91.98
16675,8355,443,2,290.04,580.08
16676,8355,458,3,61.92,185.76
16677,8355,365,5,330.74,1653.7
16678,8356,360,5,158.8,794.0
16679,8356,382,1,383.48,383.48
16680,8357,188,5,453.0,2265.0
16681,8357,35,2,375.76,751.52
16682,8358,49,2,181.79,363.58
16683,8358,325,1,10.21,10.21
16684,8359,273,1,45.06,45.06
16685,8359,20,3,314.34,943.02
16686,8359,35,2,69.3,138.6
16687,8360,337,4,248.39,993.56
16688,8361,420,1,10.31,10.31
16689,8361,139,3,440.96,1322.88
16690,8362,91,2,133.77,267.54
16691,8363,152,3,458.47,1375.41
16692,8363,472,3,456.37,1369.11
16693,8363,237,5,224.05,1120.25
16694,8364,351,5,207.32,1036.6
16695,8364,275,2,50.17,100.34
16696,8364,361,3,445.24,1335.72
16697,8365,191,5,315.37,1576.85
16698,8365,209,4,339.55,1358.2
16699,8365,432,1,149.6,149.6
16700,8366,269,1,97.39,97.39
16701,8366,179,2,134.47,268.94
16702,8366,254,5,63.23,316.15
16703,8367,459,5,497.41,2487.05
16704,8367,185,4,123.94,495.76
16705,8367,159,5,354.84,1774.2
16706,8368,155,2,113.72,227.44
16707,8369,344,3,430.0,1290.0
16708,8370,258,2,347.94,695.88
16709,8370,392,1,467.9,467.9
16710,8370,105,2,294.94,589.88
16711,8371,164,2,393.35,786.7
16712,8371,189,4,242.78,971.12
16713,8371,121,2,255.2,510.4
16714,8372,483,5,218.09,1090.45
16715,8373,440,1,66.63,66.63
16716,8373,288,3,256.43,769.29
16717,8373,218,4,292.05,1168.2
16718,8374,132,3,73.06,219.18
16719,8375,230,1,32.3,32.3
16720,8375,63,5,495.98,2479.9
16721,8376,39,1,475.99,475.99
16722,8376,479,2,418.27,836.54
16723,8376,331,5,481.66,2408.3
16724,8377,347,5,316.76,1583.8
16725,8378,222,3,256.26,768.78
16726,8378,405,3,317.57,952.71
16727,8378,339,5,114.85,574.25
16728,8379,371,4,132.48,529.92
16729,8379,16,1,69.51,69.51
16730,8379,377,3,223.63,670.89
16731,8380,398,2,479.19,958.38
16732,8380,123,2,58.27,116.54
16733,8381,458,2,428.92,857.84
16734,8381,197,5,353.87,1769.35
16735,8381,443,5,188.1,940.5
16736,8382,133,4,148.64,594.56
16737,8383,311,3,222.22,666.66
16738,8383,158,3,58.34,175.02
16739,8383,74,4,402.44,1609.76
16740,8384,138,5,198.78,993.9
16741,8384,386,4,179.46,717.84
16742,8385,240,1,409.23,409.23
16743,8385,47,5,270.66,1353.3
16744,8386,202,2,110.85,221.7
16745,8386,108,3,190.65,571.95
16746,8387,312,5,351.1,1755.5
16747,8387,365,5,42.41,212.05
16748,8387,443,4,416.52,1666.08
16749,8388,479,4,426.71,1706.84
16750,8389,294,5,491.82,2459.1
16751,8390,362,3,151.62,454.86
16752,8391,300,5,457.35,2286.75
16753,8391,425,2,361.99,723.98
16754,8392,53,4,221.19,884.76
16755,8392,442,4,30.05,120.2
16756,8392,165,4,479.49,1917.96
16757,8393,448,3,456.02,1368.06
16758,8393,71,3,436.57,1309.71
16759,8394,48,5,183.67,918.35
16760,8395,398,3,70.23,210.69
16761,8395,439,2,299.81,599.62
16762,8395,399,5,18.75,93.75
16763,8396,225,1,18.68,18.68
16764,8397,154,5,181.14,905.7
16765,8397,490,4,415.11,1660.44
16766,8398,402,4,295.76,1183.04
16767,8399,333,1,438.29,438.29
16768,8400,54,5,370.23,1851.15
16769,8400,265,4,58.76,235.04
16770,8401,184,2,369.17,738.34
16771,8401,214,3,190.47,571.41
16772,8401,286,4,67.3,269.2
16773,8402,318,2,369.53,739.06
16774,8403,486,3,113.48,340.44
16775,8404,98,5,62.83,314.15
16776,8404,158,1,368.63,368.63
16777,8405,397,4,291.92,1167.68
16778,8405,457,2,186.3,372.6
16779,8406,99,5,206.17,1030.85
16780,8407,491,5,229.95,1149.75
16781,8407,297,2,11.68,23.36
16782,8407,455,2,353.04,706.08
16783,8408,229,1,436.82,436.82
16784,8408,377,5,288.86,1444.3
16785,8409,244,4,200.87,803.48
16786,8409,28,1,435.22,435.22
16787,8409,262,1,60.94,60.94
16788,8410,89,5,441.1,2205.5
16789,8410,288,2,314.38,628.76
16790,8411,421,4,273.01,1092.04
16791,8412,71,2,131.72,263.44
16792,8412,105,2,148.54,297.08
16793,8412,194,5,213.86,1069.3
16794,8413,392,5,181.11,905.55
16795,8414,350,4,207.69,830.76
16796,8415,12,1,168.52,168.52
16797,8415,322,1,458.08,458.08
16798,8415,258,4,83.7,334.8
16799,8416,201,4,324.79,1299.16
16800,8416,373,1,400.67,400.67
16801,8416,480,5,56.25,281.25
16802,8417,371,5,103.23,516.15
16803,8417,445,5,454.5,2272.5
16804,8418,408,5,18.52,92.6
16805,8418,432,2,80.45,160.9
16806,8418,110,3,87.65,262.95
16807,8419,361,4,313.78,1255.12
16808,8419,331,3,82.19,246.57
16809,8419,485,3,481.44,1444.32
16810,8420,351,5,393.02,1965.1
16811,8421,350,1,257.28,257.28
16812,8421,164,2,71.22,142.44
16813,8422,57,4,326.43,1305.72
16814,8423,159,2,258.25,516.5
16815,8424,378,4,298.92,1195.68
16816,8424,458,1,196.47,196.47
16817,8425,314,2,46.59,93.18
16818,8425,366,3,281.18,843.54
16819,8425,233,2,320.79,641.58
16820,8426,46,4,229.66,918.64
16821,8427,38,2,420.96,841.92
16822,8427,445,4,270.65,1082.6
16823,8428,311,4,460.34,1841.36
16824,8428,315,1,37.11,37.11
16825,8428,440,3,479.09,1437.27
16826,8429,87,3,334.22,1002.66
16827,8429,97,2,388.61,777.22
16828,8430,407,3,65.9,197.7
16829,8430,41,1,346.69,346.69
16830,8430,403,2,421.35,842.7
16831,8431,441,2,373.61,747.22
16832,8431,356,1,206.06,206.06
16833,8431,439,1,297.03,297.03
16834,8432,382,2,266.8,533.6
16835,8432,279,4,237.15,948.6
16836,8433,122,3,375.13,1125.39
16837,8433,432,5,409.18,2045.9
16838,8434,167,2,250.48,500.96
16839,8435,89,3,182.5,547.5
16840,8435,311,4,7.64,30.56
16841,8436,370,2,267.46,534.92
16842,8437,87,1,374.69,374.69
16843,8438,89,4,301.79,1207.16
16844,8438,176,4,275.3,1101.2
16845,8439,465,1,203.98,203.98
16846,8439,2,1,154.12,154.12
16847,8440,456,1,89.1,89.1
16848,8440,374,5,198.1,990.5
16849,8441,12,3,243.92,731.76
16850,8441,261,4,78.89,315.56
16851,8441,217,2,376.97,753.94
16852,8442,348,4,57.38,229.52
16853,8443,402,2,397.21,794.42
16854,8443,26,5,243.33,1216.65
16855,8443,360,1,305.32,305.32
16856,8444,244,4,380.85,1523.4
16857,8444,467,5,99.56,497.8
16858,8445,114,1,29.23,29.23
16859,8445,170,5,202.6,1013.0
16860,8445,230,1,279.58,279.58
16861,8446,54,1,438.15,438.15
16862,8447,331,5,236.91,1184.55
16863,8447,64,5,447.35,2236.75
16864,8447,263,3,133.14,399.42
16865,8448,315,5,150.64,753.2
16866,8448,475,1,73.06,73.06
16867,8449,158,3,471.9,1415.7
16868,8449,205,3,39.74,119.22
16869,8450,252,3,181.78,545.34
16870,8450,57,3,337.95,1013.85
16871,8451,19,4,487.24,1948.96
16872,8451,157,1,318.11,318.11
16873,8451,110,2,228.85,457.7
16874,8452,137,5,388.6,1943.0
16875,8453,427,3,111.31,333.93
16876,8453,350,1,20.35,20.35
16877,8453,76,5,368.34,1841.7
16878,8454,18,1,107.07,107.07
16879,8454,246,1,60.51,60.51
16880,8455,69,1,278.2,278.2
16881,8456,172,5,493.64,2468.2
16882,8456,446,1,343.46,343.46
16883,8456,176,5,277.52,1387.6
16884,8457,149,3,6.33,18.99
16885,8457,61,3,390.26,1170.78
16886,8458,274,1,339.04,339.04
16887,8458,371,2,228.94,457.88
16888,8459,377,1,386.73,386.73
16889,8459,317,4,56.21,224.84
16890,8460,315,4,317.08,1268.32
16891,8460,36,3,435.85,1307.55
16892,8460,239,5,301.08,1505.4
16893,8461,194,4,479.01,1916.04
16894,8461,359,4,225.45,901.8
16895,8462,254,4,266.43,1065.72
16896,8462,388,3,77.71,233.13
16897,8462,102,3,127.04,381.12
16898,8463,439,2,169.14,338.28
16899,8463,300,5,161.59,807.95
16900,8463,221,2,286.55,573.1
16901,8464,475,1,462.97,462.97
16902,8465,142,4,214.01,856.04
16903,8466,268,4,308.27,1233.08
16904,8467,185,3,141.11,423.33
16905,8468,274,5,160.72,803.6
16906,8468,157,3,256.87,770.61
16907,8469,62,5,465.43,2327.15
16908,8469,73,3,114.5,343.5
16909,8469,223,4,204.42,817.68
16910,8470,145,1,62.39,62.39
16911,8470,381,1,482.66,482.66
16912,8470,470,5,378.68,1893.4
16913,8471,322,1,184.99,184.99
16914,8471,176,3,444.09,1332.27
16915,8471,357,1,102.38,102.38
16916,8472,341,2,291.43,582.86
16917,8472,153,1,273.25,273.25
16918,8473,220,5,339.8,1699.0
16919,8473,363,3,262.51,787.53
16920,8473,200,2,28.61,57.22
16921,8474,462,5,392.15,1960.75
16922,8475,264,1,117.5,117.5
16923,8475,368,5,324.68,1623.4
16924,8475,250,2,183.29,366.58
16925,8476,306,3,366.21,1098.63
16926,8476,234,5,481.21,2406.05
16927,8477,69,1,413.43,413.43
16928,8477,85,2,184.61,369.22
16929,8478,221,5,261.28,1306.4
16930,8478,185,1,303.0,303.0
16931,8478,265,4,368.58,1474.32
16932,8479,9,5,58.31,291.55
16933,8480,116,2,196.48,392.96
16934,8480,45,4,474.01,1896.04
16935,8480,401,5,43.89,219.45
16936,8481,292,1,213.71,213.71
16937,8481,109,4,25.28,101.12
16938,8482,414,2,318.97,637.94
16939,8483,244,5,355.73,1778.65
16940,8483,96,2,38.79,77.58
16941,8484,111,2,380.73,761.46
16942,8484,463,3,24.84,74.52
16943,8484,135,3,222.36,667.08
16944,8485,59,5,234.8,1174.0
16945,8486,153,3,225.44,676.32
16946,8486,149,1,398.42,398.42
16947,8487,235,5,122.31,611.55
16948,8488,168,4,99.62,398.48
16949,8489,390,3,287.59,862.77
16950,8490,428,5,279.38,1396.9
16951,8490,315,2,148.29,296.58
16952,8490,186,5,123.26,616.3
16953,8491,33,2,277.36,554.72
16954,8491,180,4,475.34,1901.36
16955,8491,66,1,371.42,371.42
16956,8492,216,4,175.86,703.44
16957,8492,36,2,248.21,496.42
16958,8493,175,1,437.44,437.44
16959,8494,398,4,376.87,1507.48
16960,8494,4,3,390.77,1172.31
16961,8494,461,5,203.87,1019.35
16962,8495,288,5,22.11,110.55
16963,8495,283,1,281.23,281.23
16964,8495,455,2,204.67,409.34
16965,8496,475,2,252.86,505.72
16966,8496,462,4,453.86,1815.44
16967,8497,244,1,291.66,291.66
16968,8497,34,4,272.7,1090.8
16969,8497,49,2,134.64,269.28
16970,8498,216,3,176.96,530.88
16971,8498,453,5,447.91,2239.55
16972,8498,94,3,397.17,1191.51
16973,8499,467,4,402.67,1610.68
16974,8500,175,2,248.68,497.36
16975,8500,99,4,64.11,256.44
16976,8501,170,4,319.8,1279.2
16977,8501,336,5,325.26,1626.3
16978,8502,406,4,288.22,1152.88
16979,8503,64,4,258.1,1032.4
16980,8503,397,3,6.92,20.76
16981,8503,472,4,185.25,741.0
16982,8504,384,3,481.79,1445.37
16983,8504,458,5,330.91,1654.55
16984,8505,392,5,258.23,1291.15
16985,8505,458,4,103.92,415.68
16986,8506,178,2,51.43,102.86
16987,8506,219,3,472.79,1418.37
16988,8506,279,2,169.56,339.12
16989,8507,366,5,411.67,2058.35
16990,8508,280,5,90.86,454.3
16991,8509,186,1,328.89,328.89
16992,8510,303,2,95.52,191.04
16993,8510,59,1,261.67,261.67
16994,8510,435,5,73.43,367.15
16995,8511,338,2,268.9,537.8
16996,8512,329,4,273.9,1095.6
16997,8512,261,2,17.43,34.86
16998,8512,483,3,322.91,968.73
16999,8513,281,2,176.03,352.06
17000,8513,132,2,173.19,346.38
17001,8514,172,4,304.15,1216.6
17002,8515,149,1,185.76,185.76
17003,8515,124,1,234.56,234.56
17004,8516,70,5,95.86,479.3
17005,8516,92,4,456.1,1824.4
17006,8517,160,3,332.42,997.26
17007,8517,170,1,474.7,474.7
17008,8517,491,5,295.05,1475.25
17009,8518,453,3,455.06,1365.18
17010,8519,189,5,145.45,727.25
17011,8519,380,1,434.19,434.19
17012,8519,20,3,332.77,998.31
17013,8520,498,5,300.26,1501.3
17014,8520,472,3,434.6,1303.8
17015,8521,417,4,459.78,1839.12
17016,8522,36,4,488.54,1954.16
17017,8523,110,1,326.94,326.94
17018,8524,59,3,478.45,1435.35
17019,8524,315,5,185.26,926.3
17020,8524,27,2,278.71,557.42
17021,8525,296,2,467.22,934.44
17022,8525,370,2,151.14,302.28
17023,8525,14,3,478.26,1434.78
17024,8526,108,5,161.45,807.25
17025,8526,424,1,394.92,394.92
17026,8526,229,5,274.35,1371.75
17027,8527,465,3,109.35,328.05
17028,8527,75,3,7.88,23.64
17029,8527,179,1,295.8,295.8
17030,8528,288,2,233.29,466.58
17031,8528,365,4,96.34,385.36
17032,8528,236,1,159.56,159.56
17033,8529,150,3,132.3,396.9
17034,8530,28,2,18.24,36.48
17035,8531,53,1,137.44,137.44
17036,8532,24,3,277.51,832.53
17037,8533,166,1,458.14,458.14
17038,8534,59,4,227.4,909.6
17039,8534,102,3,55.05,165.15
17040,8534,481,4,449.77,1799.08
17041,8535,317,1,355.91,355.91
17042,8535,241,1,491.53,491.53
17043,8536,358,1,467.48,467.48
17044,8536,177,3,231.44,694.32
17045,8537,365,4,274.76,1099.04
17046,8537,495,2,429.24,858.48
17047,8538,407,3,474.87,1424.61
17048,8539,359,1,478.59,478.59
17049,8539,445,1,32.75,32.75
17050,8540,43,2,211.46,422.92
17051,8540,217,5,116.75,583.75
17052,8541,416,2,75.93,151.86
17053,8542,114,3,67.81,203.43
17054,8542,366,2,450.09,900.18
17055,8542,154,1,99.66,99.66
17056,8543,303,2,96.11,192.22
17057,8543,210,5,222.85,1114.25
17058,8544,41,2,225.58,451.16
17059,8544,280,3,21.41,64.23
17060,8544,474,4,29.91,119.64
17061,8545,10,2,102.43,204.86
17062,8545,242,3,167.64,502.92
17063,8545,265,5,10.27,51.35
17064,8546,365,1,143.93,143.93
17065,8546,8,4,387.21,1548.84
17066,8547,34,5,303.71,1518.55
17067,8547,12,5,429.52,2147.6
17068,8548,330,2,428.49,856.98
17069,8548,333,2,70.76,141.52
17070,8549,461,5,209.9,1049.5
17071,8549,26,4,52.68,210.72
17072,8549,303,2,372.79,745.58
17073,8550,58,1,115.81,115.81
17074,8551,294,1,89.45,89.45
17075,8552,217,1,118.0,118.0
17076,8552,204,5,349.94,1749.7
17077,8552,435,1,482.96,482.96
17078,8553,270,3,156.66,469.98
17079,8554,445,3,328.54,985.62
17080,8554,292,2,366.78,733.56
17081,8555,314,1,199.74,199.74
17082,8556,483,4,97.96,391.84
17083,8556,155,5,75.49,377.45
17084,8556,390,3,39.15,117.45
17085,8557,86,5,489.01,2445.05
17086,8557,429,2,132.17,264.34
17087,8558,481,2,126.86,253.72
17088,8558,220,1,67.03,67.03
17089,8559,432,5,299.32,1496.6
17090,8559,486,5,396.78,1983.9
17091,8560,381,5,347.44,1737.2
17092,8560,14,2,36.8,73.6
17093,8560,500,3,316.04,948.12
17094,8561,53,1,288.66,288.66
17095,8561,352,1,369.18,369.18
17096,8561,195,4,333.05,1332.2
17097,8562,332,5,46.71,233.55
17098,8562,5,1,415.88,415.88
17099,8563,19,3,190.9,572.7
17100,8563,163,2,471.92,943.84
17101,8564,4,5,330.18,1650.9
17102,8564,137,2,42.6,85.2
17103,8565,221,1,22.99,22.99
17104,8565,242,2,22.36,44.72
17105,8565,294,5,37.74,188.7
17106,8566,418,3,220.2,660.6
17107,8566,334,3,114.62,343.86
17108,8567,290,5,44.96,224.8
17109,8567,99,3,50.33,150.99
17110,8567,68,2,74.37,148.74
17111,8568,301,5,254.8,1274.0
17112,8568,374,5,181.72,908.6
17113,8569,415,1,482.12,482.12
17114,8569,180,3,226.6,679.8
17115,8570,413,5,386.91,1934.55
17116,8570,240,3,411.99,1235.97
17117,8570,409,2,407.13,814.26
17118,8571,167,5,16.92,84.6
17119,8572,397,4,65.07,260.28
17120,8573,2,4,70.12,280.48
17121,8574,35,3,132.51,397.53
17122,8574,437,3,87.04,261.12
17123,8575,375,1,371.08,371.08
17124,8575,336,2,392.1,784.2
17125,8576,404,3,286.21,858.63
17126,8577,35,5,90.31,451.55
17127,8577,422,5,122.75,613.75
17128,8577,145,4,139.19,556.76
17129,8578,219,5,252.82,1264.1
17130,8578,79,4,453.39,1813.56
17131,8578,126,5,325.07,1625.35
17132,8579,486,2,333.28,666.56
17133,8580,181,4,39.18,156.72
17134,8580,96,3,306.79,920.37
17135,8580,164,3,156.84,470.52
17136,8581,419,1,453.54,453.54
17137,8581,72,4,43.64,174.56
17138,8582,489,1,55.87,55.87
17139,8583,397,1,350.32,350.32
17140,8583,473,3,320.99,962.97
17141,8584,356,1,432.29,432.29
17142,8584,402,3,146.98,440.94
17143,8585,282,5,342.19,1710.95
17144,8585,428,2,211.88,423.76
17145,8586,489,3,299.31,897.93
17146,8586,466,5,395.04,1975.2
17147,8587,90,5,303.29,1516.45
17148,8587,127,2,320.82,641.64
17149,8588,202,4,5.07,20.28
17150,8588,257,1,165.53,165.53
17151,8589,480,2,195.21,390.42
17152,8589,6,3,286.58,859.74
17153,8590,189,3,131.52,394.56
17154,8590,370,3,121.95,365.85
17155,8590,229,3,12.92,38.76
17156,8591,482,3,124.8,374.4
17157,8591,201,3,192.98,578.94
17158,8592,345,2,431.03,862.06
17159,8592,244,2,145.95,291.9
17160,8592,361,3,34.37,103.11
17161,8593,291,4,410.6,1642.4
17162,8594,153,1,350.28,350.28
17163,8595,88,4,495.69,1982.76
17164,8595,179,5,67.77,338.85
17165,8595,74,4,110.08,440.32
17166,8596,398,1,247.18,247.18
17167,8596,280,3,388.36,1165.08
17168,8596,454,4,365.51,1462.04
17169,8597,114,5,497.54,2487.7
17170,8597,67,5,224.22,1121.1
17171,8597,421,1,488.98,488.98
17172,8598,190,1,463.73,463.73
17173,8598,103,1,336.89,336.89
17174,8599,382,2,459.77,919.54
17175,8600,302,5,241.97,1209.85
17176,8600,238,2,195.49,390.98
17177,8601,196,1,134.9,134.9
17178,8602,390,4,475.26,1901.04
17179,8603,32,3,449.07,1347.21
17180,8603,89,3,66.78,200.34
17181,8604,347,5,351.94,1759.7
17182,8605,27,1,294.19,294.19
17183,8605,348,4,119.71,478.84
17184,8605,48,3,135.1,405.3
17185,8606,134,3,72.16,216.48
17186,8606,325,3,264.52,793.56
17187,8606,477,5,495.86,2479.3
17188,8607,397,5,245.01,1225.05
17189,8607,475,2,111.54,223.08
17190,8608,377,1,127.83,127.83
17191,8609,126,4,65.14,260.56
17192,8609,255,1,228.78,228.78
17193,8610,66,4,314.18,1256.72
17194,8611,351,4,254.03,1016.12
17195,8611,375,2,279.51,559.02
17196,8612,469,4,145.81,583.24
17197,8612,44,3,19.35,58.05
17198,8613,46,1,325.69,325.69
17199,8613,41,1,157.0,157.0
17200,8614,241,4,368.81,1475.24
17201,8615,477,3,224.31,672.93
17202,8615,308,4,169.54,678.16
17203,8616,361,5,294.12,1470.6
17204,8616,172,2,415.0,830.0
17205,8616,291,2,389.13,778.26
17206,8617,399,1,216.32,216.32
17207,8618,414,3,317.65,952.95
17208,8618,387,3,330.6,991.8
17209,8618,395,3,241.66,724.98
17210,8619,357,2,470.29,940.58
17211,8619,203,2,390.9,781.8
17212,8620,248,2,49.69,99.38
17213,8620,152,4,377.45,1509.8
17214,8620,196,4,305.76,1223.04
17215,8621,39,2,64.2,128.4
17216,8621,372,5,73.11,365.55
17217,8621,16,5,455.35,2276.75
17218,8622,197,5,127.77,638.85
17219,8622,31,3,391.91,1175.73
17220,8623,413,3,342.48,1027.44
17221,8623,51,1,194.84,194.84
17222,8623,22,5,335.31,1676.55
17223,8624,119,1,120.24,120.24
17224,8624,383,2,374.35,748.7
17225,8625,493,2,61.29,122.58
17226,8626,155,4,256.14,1024.56
17227,8627,76,2,5.78,11.56
17228,8628,225,3,472.26,1416.78
17229,8628,178,1,277.2,277.2
17230,8628,5,3,146.06,438.18
17231,8629,280,3,239.21,717.63
17232,8630,383,3,326.22,978.66
17233,8630,91,1,209.13,209.13
17234,8630,489,4,380.93,1523.72
17235,8631,224,1,28.71,28.71
17236,8632,19,5,319.05,1595.25
17237,8633,438,1,435.02,435.02
17238,8634,87,1,387.72,387.72
17239,8634,370,1,336.73,336.73
17240,8634,101,5,227.53,1137.65
17241,8635,302,2,366.75,733.5
17242,8636,61,4,275.16,1100.64
17243,8636,185,4,381.43,1525.72
17244,8637,30,2,281.85,563.7
17245,8638,341,1,413.32,413.32
17246,8639,18,5,49.37,246.85
17247,8639,32,1,161.85,161.85
17248,8639,190,5,75.86,379.3
17249,8640,188,3,312.6,937.8
17250,8641,125,5,378.15,1890.75
17251,8641,123,3,415.8,1247.4
17252,8642,55,3,322.42,967.26
17253,8642,279,3,112.73,338.19
17254,8643,140,2,79.12,158.24
17255,8643,193,1,221.69,221.69
17256,8644,180,4,379.32,1517.28
17257,8644,500,3,454.37,1363.11
17258,8645,245,1,43.36,43.36
17259,8646,124,3,306.69,920.07
17260,8646,138,5,360.81,1804.05
17261,8647,334,4,23.12,92.48
17262,8647,415,4,33.53,134.12
17263,8647,162,1,164.84,164.84
17264,8648,477,4,310.42,1241.68
17265,8649,331,1,24.78,24.78
17266,8650,62,1,320.45,320.45
17267,8650,17,4,467.55,1870.2
17268,8651,134,1,411.4,411.4
17269,8652,385,3,33.44,100.32
17270,8652,267,3,329.61,988.83
17271,8653,44,4,44.48,177.92
17272,8653,279,2,57.27,114.54
17273,8654,489,2,142.87,285.74
17274,8654,377,3,295.51,886.53
17275,8654,172,4,157.2,628.8
17276,8655,375,1,425.93,425.93
17277,8655,233,4,325.45,1301.8
17278,8656,482,2,273.43,546.86
17279,8656,437,2,153.22,306.44
17280,8656,48,2,206.05,412.1
17281,8657,277,5,449.05,2245.25
17282,8657,385,2,470.65,941.3
17283,8657,306,4,242.33,969.32
17284,8658,406,1,149.58,149.58
17285,8659,446,4,320.87,1283.48
17286,8659,341,3,210.31,630.93
17287,8660,443,4,457.12,1828.48
17288,8661,408,5,81.03,405.15
17289,8662,135,3,18.72,56.16
17290,8662,393,2,149.28,298.56
17291,8663,29,2,391.25,782.5
17292,8664,76,1,260.92,260.92
17293,8665,58,2,280.67,561.34
17294,8665,175,4,269.65,1078.6
17295,8665,205,2,231.3,462.6
17296,8666,495,3,258.94,776.82
17297,8666,482,5,280.27,1401.35
17298,8666,429,4,147.9,591.6
17299,8667,475,3,124.36,373.08
17300,8668,434,3,479.53,1438.59
17301,8668,57,1,159.21,159.21
17302,8669,374,2,179.81,359.62
17303,8669,456,3,51.88,155.64
17304,8669,491,2,303.29,606.58
17305,8670,20,3,274.53,823.59
17306,8671,72,3,320.73,962.19
17307,8671,111,2,190.51,381.02
17308,8672,395,3,151.94,455.82
17309,8672,66,5,126.68,633.4
17310,8673,216,2,102.33,204.66
17311,8673,237,2,197.08,394.16
17312,8674,456,3,47.34,142.02
17313,8674,182,5,380.89,1904.45
17314,8675,476,2,394.92,789.84
17315,8675,94,4,97.43,389.72
17316,8675,208,1,33.06,33.06
17317,8676,267,3,280.09,840.27
17318,8676,238,2,281.92,563.84
17319,8676,380,2,116.24,232.48
17320,8677,124,3,49.22,147.66
17321,8678,355,4,175.98,703.92
17322,8678,89,5,196.35,981.75
17323,8679,107,4,221.02,884.08
17324,8679,424,1,324.88,324.88
17325,8679,86,2,264.91,529.82
17326,8680,411,2,414.65,829.3
17327,8680,414,2,374.25,748.5
17328,8680,39,2,132.72,265.44
17329,8681,337,1,313.42,313.42
17330,8681,237,3,337.44,1012.32
17331,8681,265,2,116.31,232.62
17332,8682,333,3,443.53,1330.59
17333,8683,347,1,220.14,220.14
17334,8683,499,2,344.86,689.72
17335,8683,461,1,8.69,8.69
17336,8684,268,4,309.67,1238.68
17337,8684,371,3,149.49,448.47
17338,8685,135,5,224.18,1120.9
17339,8685,391,5,84.42,422.1
17340,8685,112,1,95.53,95.53
17341,8686,390,3,175.85,527.55
17342,8686,58,4,461.08,1844.32
17343,8686,203,5,383.75,1918.75
17344,8687,291,1,141.95,141.95
17345,8687,207,3,51.1,153.3
17346,8687,37,5,375.2,1876.0
17347,8688,220,5,174.32,871.6
17348,8689,188,3,428.55,1285.65
17349,8690,319,4,187.78,751.12
17350,8690,443,1,198.95,198.95
17351,8690,287,1,304.83,304.83
17352,8691,267,4,415.36,1661.44
17353,8691,358,2,222.15,444.3
17354,8691,159,3,116.92,350.76
17355,8692,244,5,431.87,2159.35
17356,8692,111,1,323.68,323.68
17357,8693,405,5,221.83,1109.15
17358,8693,420,4,306.94,1227.76
17359,8693,152,1,101.66,101.66
17360,8694,478,5,444.04,2220.2
17361,8695,81,2,121.82,243.64
17362,8695,19,4,7.25,29.0
17363,8696,292,3,438.68,1316.04
17364,8696,400,1,36.36,36.36
17365,8696,331,4,447.24,1788.96
17366,8697,415,3,413.95,1241.85
17367,8697,397,2,327.35,654.7
17368,8698,336,1,316.45,316.45
17369,8698,210,4,455.5,1822.0
17370,8698,380,2,101.54,203.08
17371,8699,47,2,499.8,999.6
17372,8699,182,3,466.8,1400.4
17373,8699,201,5,56.62,283.1
17374,8700,22,4,398.41,1593.64
17375,8700,87,5,76.42,382.1
17376,8701,304,1,448.12,448.12
17377,8702,49,5,25.81,129.05
17378,8703,1,4,388.21,1552.84
17379,8704,315,1,361.06,361.06
17380,8704,47,3,296.12,888.36
17381,8704,447,2,16.27,32.54
17382,8705,211,2,473.05,946.1
17383,8705,212,3,39.88,119.64
17384,8706,453,4,203.66,814.64
17385,8706,396,2,12.4,24.8
17386,8706,185,2,402.09,804.18
17387,8707,310,4,59.59,238.36
17388,8708,88,5,366.87,1834.35
17389,8709,146,1,280.61,280.61
17390,8709,208,5,197.1,985.5
17391,8710,5,5,250.67,1253.35
17392,8710,72,4,34.14,136.56
17393,8710,326,2,293.01,586.02
17394,8711,354,1,93.33,93.33
17395,8711,270,3,83.51,250.53
17396,8712,187,4,12.17,48.68
17397,8712,479,1,347.97,347.97
17398,8713,475,4,89.85,359.4
17399,8713,116,4,103.12,412.48
17400,8713,183,5,209.74,1048.7
17401,8714,127,1,111.83,111.83
17402,8714,402,4,142.44,569.76
17403,8715,401,1,389.02,389.02
17404,8715,218,4,425.32,1701.28
17405,8715,65,4,328.14,1312.56
17406,8716,435,4,342.33,1369.32
17407,8716,384,5,443.95,2219.75
17408,8716,499,1,446.66,446.66
17409,8717,458,3,238.42,715.26
17410,8717,295,4,14.77,59.08
17411,8717,77,5,478.95,2394.75
17412,8718,422,5,257.04,1285.2
17413,8719,349,5,458.23,2291.15
17414,8720,489,4,492.35,1969.4
17415,8721,223,4,454.9,1819.6
17416,8722,124,1,117.05,117.05
17417,8722,436,1,176.03,176.03
17418,8723,236,4,429.58,1718.32
17419,8723,336,5,189.32,946.6
17420,8723,73,3,398.94,1196.82
17421,8724,385,1,24.74,24.74
17422,8724,481,3,259.53,778.59
17423,8724,9,5,25.39,126.95
17424,8725,92,1,481.72,481.72
17425,8725,34,2,7.86,15.72
17426,8725,460,2,438.21,876.42
17427,8726,413,2,498.67,997.34
17428,8726,52,2,423.5,847.0
17429,8727,167,3,355.21,1065.63
17430,8727,137,5,30.78,153.9
17431,8727,355,3,137.78,413.34
17432,8728,283,4,171.16,684.64
17433,8728,399,2,106.42,212.84
17434,8728,128,4,134.24,536.96
17435,8729,333,4,197.0,788.0
17436,8730,311,5,27.07,135.35
17437,8730,43,3,377.2,1131.6
17438,8730,413,4,378.09,1512.36
17439,8731,66,2,416.71,833.42
17440,8732,109,4,140.08,560.32
17441,8733,388,3,242.58,727.74
17442,8733,13,3,325.66,976.98
17443,8733,307,3,433.97,1301.91
17444,8734,45,2,491.28,982.56
17445,8734,142,5,391.24,1956.2
17446,8734,167,2,241.33,482.66
17447,8735,105,4,344.49,1377.96
17448,8736,207,5,224.91,1124.55
17449,8736,288,5,202.71,1013.55
17450,8736,255,5,407.04,2035.2
17451,8737,441,4,253.29,1013.16
17452,8737,419,3,171.75,515.25
17453,8737,160,5,381.93,1909.65
17454,8738,439,1,435.3,435.3
17455,8738,466,4,488.21,1952.84
17456,8739,148,4,336.86,1347.44
17457,8739,237,3,473.27,1419.81
17458,8740,362,4,118.3,473.2
17459,8740,267,4,176.65,706.6
17460,8741,245,2,308.96,617.92
17461,8741,60,4,415.06,1660.24
17462,8742,409,5,14.76,73.8
17463,8742,67,4,264.65,1058.6
17464,8742,108,1,461.99,461.99
17465,8743,216,5,325.39,1626.95
17466,8743,472,1,440.84,440.84
17467,8743,212,3,442.09,1326.27
17468,8744,412,2,107.8,215.6
17469,8745,385,4,167.17,668.68
17470,8745,226,1,286.48,286.48
17471,8745,443,1,402.42,402.42
17472,8746,131,5,336.52,1682.6
17473,8747,118,4,134.59,538.36
17474,8748,493,3,237.07,711.21
17475,8748,198,3,191.22,573.66
17476,8749,128,1,303.69,303.69
17477,8750,419,3,343.88,1031.64
17478,8750,386,2,316.9,633.8
17479,8750,357,2,204.75,409.5
17480,8751,239,3,47.26,141.78
17481,8752,84,3,453.95,1361.85
17482,8752,488,4,186.9,747.6
17483,8753,479,5,110.39,551.95
17484,8753,337,1,334.82,334.82
17485,8754,66,3,151.04,453.12
17486,8754,297,2,457.33,914.66
17487,8755,172,4,353.81,1415.24
17488,8755,201,5,257.13,1285.65
17489,8756,339,5,242.46,1212.3
17490,8756,236,1,295.48,295.48
17491,8756,212,1,477.17,477.17
17492,8757,324,2,450.39,900.78
17493,8757,486,4,223.22,892.88
17494,8757,252,3,254.98,764.94
17495,8758,379,1,263.66,263.66
17496,8758,83,1,484.69,484.69
17497,8758,45,1,433.02,433.02
17498,8759,262,2,318.25,636.5
17499,8760,132,2,440.52,881.04
17500,8760,311,4,96.26,385.04
17501,8760,262,5,55.6,278.0
17502,8761,312,2,461.56,923.12
17503,8762,481,2,184.86,369.72
17504,8762,316,3,138.88,416.64
17505,8763,127,2,55.17,110.34
17506,8763,102,4,129.12,516.48
17507,8764,290,1,468.07,468.07
17508,8764,261,3,149.5,448.5
17509,8764,151,5,168.23,841.15
17510,8765,433,5,186.68,933.4
17511,8765,87,2,454.66,909.32
17512,8765,478,4,114.44,457.76
17513,8766,322,3,49.06,147.18
17514,8767,193,3,343.12,1029.36
17515,8767,243,2,488.27,976.54
17516,8767,328,1,53.29,53.29
17517,8768,143,1,499.08,499.08
17518,8768,82,3,206.56,619.68
17519,8769,460,3,221.64,664.92
17520,8769,223,5,357.78,1788.9
17521,8769,332,3,212.57,637.71
17522,8770,198,3,333.41,1000.23
17523,8770,348,4,145.32,581.28
17524,8770,237,3,204.61,613.83
17525,8771,289,5,168.27,841.35
17526,8771,211,3,210.92,632.76
17527,8772,462,5,441.56,2207.8
17528,8773,365,3,176.24,528.72
17529,8773,338,3,57.92,173.76
17530,8774,174,5,10.7,53.5
17531,8774,421,2,359.79,719.58
17532,8774,400,1,322.07,322.07
17533,8775,183,3,322.72,968.16
17534,8775,70,1,159.26,159.26
17535,8776,174,1,114.26,114.26
17536,8776,114,1,398.89,398.89
17537,8776,67,2,331.0,662.0
17538,8777,327,5,49.69,248.45
17539,8777,438,4,45.41,181.64
17540,8777,431,5,107.09,535.45
17541,8778,426,1,374.29,374.29
17542,8779,451,1,394.37,394.37
17543,8780,180,1,475.34,475.34
17544,8781,253,3,65.98,197.94
17545,8781,171,3,133.96,401.88
17546,8781,177,4,316.77,1267.08
17547,8782,25,1,100.01,100.01
17548,8782,256,1,164.14,164.14
17549,8783,184,3,220.21,660.63
17550,8783,119,3,202.35,607.05
17551,8784,226,4,194.18,776.72
17552,8784,345,3,223.54,670.62
17553,8784,164,3,154.22,462.66
17554,8785,265,4,14.13,56.52
17555,8786,456,3,27.51,82.53
17556,8786,389,1,33.37,33.37
17557,8786,165,5,249.07,1245.35
17558,8787,195,2,68.04,136.08
17559,8787,420,1,89.18,89.18
17560,8787,494,4,158.89,635.56
17561,8788,415,5,27.79,138.95
17562,8788,164,3,99.7,299.1
17563,8788,296,3,258.92,776.76
17564,8789,194,5,313.83,1569.15
17565,8789,56,3,347.84,1043.52
17566,8789,427,2,485.45,970.9
17567,8790,313,5,132.98,664.9
17568,8790,125,1,377.59,377.59
17569,8791,419,4,290.47,1161.88
17570,8791,363,2,224.93,449.86
17571,8792,139,1,212.36,212.36
17572,8792,374,2,307.2,614.4
17573,8792,306,1,218.17,218.17
17574,8793,327,5,299.94,1499.7
17575,8794,232,2,254.77,509.54
17576,8794,276,1,409.81,409.81
17577,8794,254,5,56.82,284.1
17578,8795,206,1,96.9,96.9
17579,8795,424,1,23.2,23.2
17580,8796,399,2,124.84,249.68
17581,8796,290,3,381.67,1145.01
17582,8797,8,1,435.81,435.81
17583,8797,389,2,224.77,449.54
17584,8797,342,2,97.16,194.32
17585,8798,480,3,181.02,543.06
17586,8798,140,1,344.77,344.77
17587,8799,317,3,251.46,754.38
17588,8799,449,5,191.55,957.75
17589,8800,407,1,440.67,440.67
17590,8800,342,5,70.08,350.4
17591,8800,254,1,396.76,396.76
17592,8801,246,1,12.34,12.34
17593,8802,184,1,18.32,18.32
17594,8802,207,5,495.67,2478.35
17595,8803,102,4,88.06,352.24
17596,8803,401,3,488.66,1465.98
17597,8804,207,4,67.2,268.8
17598,8804,399,1,398.95,398.95
17599,8805,179,2,103.22,206.44
17600,8805,473,5,343.9,1719.5
17601,8805,437,4,365.15,1460.6
17602,8806,197,5,124.93,624.65
17603,8807,137,3,348.9,1046.7
17604,8807,86,2,353.55,707.1
17605,8807,384,1,409.76,409.76
17606,8808,12,3,96.48,289.44
17607,8808,465,2,223.72,447.44
17608,8809,358,5,346.13,1730.65
17609,8809,386,5,471.47,2357.35
17610,8810,387,4,472.33,1889.32
17611,8810,241,1,299.13,299.13
17612,8810,409,4,484.04,1936.16
17613,8811,87,1,59.5,59.5
17614,8812,364,5,88.1,440.5
17615,8813,379,3,91.24,273.72
17616,8813,4,1,31.35,31.35
17617,8813,248,5,497.26,2486.3
17618,8814,21,5,35.81,179.05
17619,8815,368,5,476.27,2381.35
17620,8816,212,3,31.37,94.11
17621,8817,312,3,237.92,713.76
17622,8818,426,3,54.47,163.41
17623,8819,358,1,121.37,121.37
17624,8819,431,1,188.73,188.73
17625,8820,10,4,461.37,1845.48
17626,8820,357,2,451.19,902.38
17627,8821,304,2,71.12,142.24
17628,8821,53,5,215.5,1077.5
17629,8822,54,2,238.47,476.94
17630,8822,222,3,123.37,370.11
17631,8822,376,2,80.0,160.0
17632,8823,489,1,119.99,119.99
17633,8823,147,2,358.36,716.72
17634,8824,401,4,284.21,1136.84
17635,8824,271,4,119.64,478.56
17636,8825,114,4,312.93,1251.72
17637,8825,500,1,493.23,493.23
17638,8825,434,4,439.74,1758.96
17639,8826,79,5,75.62,378.1
17640,8826,407,2,167.43,334.86
17641,8826,321,1,125.95,125.95
17642,8827,308,4,36.07,144.28
17643,8828,407,2,380.97,761.94
17644,8828,59,3,439.84,1319.52
17645,8828,230,1,307.71,307.71
17646,8829,33,5,146.32,731.6
17647,8829,495,1,308.87,308.87
17648,8830,29,1,23.9,23.9
17649,8830,239,3,86.99,260.97
17650,8831,119,3,340.66,1021.98
17651,8832,84,3,373.31,1119.93
17652,8833,352,3,293.6,880.8
17653,8833,223,2,476.7,953.4
17654,8834,34,2,261.89,523.78
17655,8834,304,2,338.18,676.36
17656,8835,161,3,368.02,1104.06
17657,8835,71,1,337.86,337.86
17658,8836,108,1,379.2,379.2
17659,8837,56,3,24.8,74.4
17660,8838,170,1,242.61,242.61
17661,8839,468,4,457.82,1831.28
17662,8840,137,3,202.61,607.83
17663,8840,197,1,442.93,442.93
17664,8840,293,5,176.9,884.5
17665,8841,100,3,175.39,526.17
17666,8841,312,5,202.45,1012.25
17667,8841,78,3,53.24,159.72
17668,8842,460,5,392.33,1961.65
17669,8843,118,2,351.65,703.3
17670,8844,370,2,433.73,867.46
17671,8845,426,3,292.57,877.71
17672,8846,30,1,64.65,64.65
17673,8847,3,3,247.57,742.71
17674,8848,222,5,132.26,661.3
17675,8849,391,3,107.57,322.71
17676,8849,196,3,493.8,1481.4
17677,8850,418,5,344.69,1723.45
17678,8850,87,3,228.4,685.2
17679,8850,1,5,354.76,1773.8
17680,8851,28,3,228.08,684.24
17681,8852,182,5,306.99,1534.95
17682,8852,224,3,259.4,778.2
17683,8853,156,1,401.62,401.62
17684,8853,336,4,212.48,849.92
17685,8853,1,3,406.51,1219.53
17686,8854,369,1,437.04,437.04
17687,8854,398,4,463.31,1853.24
17688,8854,337,4,256.76,1027.04
17689,8855,363,1,397.14,397.14
17690,8855,55,1,286.38,286.38
17691,8855,437,4,498.72,1994.88
17692,8856,238,5,115.94,579.7
17693,8856,450,5,286.31,1431.55
17694,8856,463,2,332.03,664.06
17695,8857,59,1,181.32,181.32
17696,8857,483,1,85.96,85.96
17697,8858,165,3,184.68,554.04
17698,8858,411,2,143.15,286.3
17699,8859,436,3,204.58,613.74
17700,8860,94,5,258.42,1292.1
17701,8860,402,4,301.77,1207.08
17702,8861,299,1,425.36,425.36
17703,8861,398,3,231.11,693.33
17704,8862,355,4,95.59,382.36
17705,8862,209,5,60.18,300.9
17706,8862,208,1,332.25,332.25
17707,8863,250,4,172.52,690.08
17708,8863,13,5,134.92,674.6
17709,8863,318,2,393.85,787.7
17710,8864,204,2,215.58,431.16
17711,8864,308,4,368.5,1474.0
17712,8865,156,5,96.71,483.55
17713,8865,7,5,161.82,809.1
17714,8866,290,5,156.43,782.15
17715,8866,267,4,93.12,372.48
17716,8866,359,3,36.95,110.85
17717,8867,77,3,464.18,1392.54
17718,8867,108,2,354.28,708.56
17719,8867,49,4,184.23,736.92
17720,8868,369,4,393.9,1575.6
17721,8868,333,2,233.7,467.4
17722,8869,399,1,449.78,449.78
17723,8869,457,2,73.94,147.88
17724,8870,125,5,208.11,1040.55
17725,8871,234,1,98.48,98.48
17726,8872,134,3,413.74,1241.22
17727,8872,55,5,417.98,2089.9
17728,8873,357,3,182.38,547.14
17729,8873,128,1,480.94,480.94
17730,8873,369,5,79.92,399.6
17731,8874,186,1,231.75,231.75
17732,8875,369,2,173.04,346.08
17733,8875,210,1,92.93,92.93
17734,8876,237,4,158.14,632.56
17735,8877,113,3,216.85,650.55
17736,8877,276,5,58.77,293.85
17737,8878,408,5,5.17,25.85
17738,8878,256,5,439.82,2199.1
17739,8879,433,5,152.29,761.45
17740,8880,490,1,126.33,126.33
17741,8881,193,3,193.71,581.13
17742,8881,99,2,408.61,817.22
17743,8882,277,5,48.42,242.1
17744,8882,441,3,111.38,334.14
17745,8882,254,2,368.69,737.38
17746,8883,152,1,480.76,480.76
17747,8884,270,2,298.76,597.52
17748,8884,459,3,185.81,557.43
17749,8885,248,2,357.45,714.9
17750,8886,99,4,129.65,518.6
17751,8886,219,2,288.34,576.68
17752,8886,169,5,331.37,1656.85
17753,8887,177,1,455.23,455.23
17754,8887,437,1,142.37,142.37
17755,8887,135,5,39.16,195.8
17756,8888,450,2,354.94,709.88
17757,8888,115,5,400.32,2001.6
17758,8889,410,5,76.28,381.4
17759,8889,263,1,392.39,392.39
17760,8890,180,4,312.95,1251.8
17761,8890,325,2,283.4,566.8
17762,8890,415,4,48.38,193.52
17763,8891,71,3,439.07,1317.21
17764,8891,444,4,340.64,1362.56
17765,8892,460,5,212.8,1064.0
17766,8892,69,3,216.69,650.07
17767,8892,217,1,231.13,231.13
17768,8893,262,4,118.29,473.16
17769,8894,376,2,175.39,350.78
17770,8894,341,5,384.97,1924.85
17771,8894,406,4,366.67,1466.68
17772,8895,285,1,182.4,182.4
17773,8896,60,3,132.56,397.68
17774,8896,185,3,243.62,730.86
17775,8897,229,4,75.23,300.92
17776,8898,153,5,295.54,1477.7
17777,8898,108,5,353.75,1768.75
17778,8899,476,3,82.28,246.84
17779,8899,276,2,138.68,277.36
17780,8900,244,4,153.89,615.56
17781,8900,470,4,170.66,682.64
17782,8901,92,1,331.32,331.32
17783,8902,99,1,313.23,313.23
17784,8902,360,4,327.4,1309.6
17785,8903,4,4,386.41,1545.64
17786,8903,360,4,159.01,636.04
17787,8903,33,5,144.77,723.85
17788,8904,350,3,389.13,1167.39
17789,8904,231,2,137.2,274.4
17790,8904,45,4,455.78,1823.12
17791,8905,446,1,481.0,481.0
17792,8906,112,5,115.84,579.2
17793,8906,127,4,167.89,671.56
17794,8907,365,1,75.86,75.86
17795,8908,478,4,320.69,1282.76
17796,8909,210,5,160.8,804.0
17797,8909,428,4,327.0,1308.0
17798,8910,415,5,355.12,1775.6
17799,8911,268,3,449.17,1347.51
17800,8911,127,3,153.3,459.9
17801,8912,300,2,319.14,638.28
17802,8912,497,2,476.79,953.58
17803,8912,431,1,31.68,31.68
17804,8913,121,5,180.49,902.45
17805,8913,3,3,300.44,901.32
17806,8914,380,1,454.57,454.57
17807,8914,168,4,291.15,1164.6
17808,8914,349,3,81.13,243.39
17809,8915,391,4,152.58,610.32
17810,8915,187,2,477.95,955.9
17811,8915,25,1,135.2,135.2
17812,8916,467,2,468.52,937.04
17813,8917,123,4,151.82,607.28
17814,8917,16,2,254.95,509.9
17815,8917,11,2,160.66,321.32
17816,8918,126,5,255.57,1277.85
17817,8918,381,5,370.6,1853.0
17818,8919,124,5,379.77,1898.85
17819,8919,218,2,170.64,341.28
17820,8920,331,5,361.27,1806.35
17821,8920,290,2,153.46,306.92
17822,8920,152,1,265.8,265.8
17823,8921,259,2,251.25,502.5
17824,8922,387,2,301.47,602.94
17825,8922,349,2,46.0,92.0
17826,8923,175,3,409.0,1227.0
17827,8924,97,1,25.17,25.17
17828,8924,20,4,30.39,121.56
17829,8924,48,3,87.72,263.16
17830,8925,364,2,407.16,814.32
17831,8925,224,4,21.36,85.44
17832,8926,459,4,287.22,1148.88
17833,8926,275,2,472.98,945.96
17834,8927,49,3,242.97,728.91
17835,8927,46,1,446.11,446.11
17836,8928,37,4,109.39,437.56
17837,8928,287,5,238.05,1190.25
17838,8928,324,1,386.18,386.18
17839,8929,94,5,355.26,1776.3
17840,8929,454,3,489.88,1469.64
17841,8930,438,2,314.69,629.38
17842,8930,473,5,368.04,1840.2
17843,8931,243,5,196.58,982.9
17844,8931,370,3,424.15,1272.45
17845,8931,209,1,220.96,220.96
17846,8932,41,2,254.7,509.4
17847,8932,445,3,437.68,1313.04
17848,8933,220,1,255.37,255.37
17849,8933,65,1,28.03,28.03
17850,8933,481,4,438.58,1754.32
17851,8934,80,2,244.91,489.82
17852,8934,437,4,9.3,37.2
17853,8934,358,2,417.97,835.94
17854,8935,372,2,25.17,50.34
17855,8936,470,2,379.09,758.18
17856,8936,359,3,195.49,586.47
17857,8936,482,3,139.03,417.09
17858,8937,476,3,381.47,1144.41
17859,8937,28,1,448.63,448.63
17860,8937,62,3,245.89,737.67
17861,8938,7,1,54.03,54.03
17862,8938,390,2,39.73,79.46
17863,8939,436,4,453.22,1812.88
17864,8939,38,4,101.95,407.8
17865,8940,128,3,229.74,689.22
17866,8940,394,5,260.47,1302.35
17867,8940,197,2,303.86,607.72
17868,8941,248,3,410.57,1231.71
17869,8942,191,5,126.12,630.6
17870,8943,306,3,149.69,449.07
17871,8943,491,3,407.29,1221.87
17872,8943,104,3,376.87,1130.61
17873,8944,39,1,65.77,65.77
17874,8944,25,3,412.33,1236.99
17875,8944,188,3,100.81,302.43
17876,8945,245,2,163.15,326.3
17877,8945,183,5,159.29,796.45
17878,8945,93,3,114.18,342.54
17879,8946,497,5,458.84,2294.2
17880,8947,212,5,79.6,398.0
17881,8947,38,5,247.85,1239.25
17882,8948,217,2,286.5,573.0
17883,8948,19,5,440.25,2201.25
17884,8949,125,1,326.09,326.09
17885,8949,144,3,142.32,426.96
17886,8950,59,4,283.34,1133.36
17887,8950,460,4,408.63,1634.52
17888,8950,468,3,95.74,287.22
17889,8951,92,1,303.19,303.19
17890,8952,226,5,23.23,116.15
17891,8953,423,3,335.8,1007.4
17892,8953,155,5,384.24,1921.2
17893,8954,142,3,270.05,810.15
17894,8954,464,1,268.76,268.76
17895,8955,253,1,153.44,153.44
17896,8955,287,5,226.41,1132.05
17897,8956,381,3,441.51,1324.53
17898,8956,498,4,233.43,933.72
17899,8956,121,3,138.12,414.36
17900,8957,283,4,402.99,1611.96
17901,8957,105,2,80.73,161.46
17902,8957,369,1,251.85,251.85
17903,8958,157,4,95.38,381.52
17904,8959,57,5,478.87,2394.35
17905,8959,144,5,484.6,2423.0
17906,8960,477,4,126.3,505.2
17907,8961,479,5,297.81,1489.05
17908,8961,360,3,83.16,249.48
17909,8961,179,5,448.49,2242.45
17910,8962,129,4,498.16,1992.64
17911,8962,283,1,27.6,27.6
17912,8963,422,2,124.68,249.36
17913,8964,423,2,307.5,615.0
17914,8965,233,2,409.87,819.74
17915,8966,282,3,15.77,47.31
17916,8967,387,3,24.19,72.57
17917,8967,319,3,193.09,579.27
17918,8968,309,5,170.13,850.65
17919,8968,355,4,205.59,822.36
17920,8968,304,2,233.95,467.9
17921,8969,23,1,127.74,127.74
17922,8969,175,2,283.43,566.86
17923,8969,176,1,112.54,112.54
17924,8970,403,5,333.98,1669.9
17925,8970,34,1,196.68,196.68
17926,8971,43,4,100.86,403.44
17927,8971,376,5,411.94,2059.7
17928,8972,192,2,116.57,233.14
17929,8972,368,1,34.78,34.78
17930,8973,228,5,20.67,103.35
17931,8973,103,1,260.15,260.15
17932,8974,38,2,96.78,193.56
17933,8974,58,3,206.04,618.12
17934,8974,8,5,399.14,1995.7
17935,8975,316,4,311.82,1247.28
17936,8975,137,2,368.23,736.46
17937,8976,283,1,465.87,465.87
17938,8976,186,2,167.06,334.12
17939,8976,497,2,369.66,739.32
17940,8977,149,1,372.76,372.76
17941,8977,58,2,372.52,745.04
17942,8978,172,5,144.05,720.25
17943,8979,329,2,235.42,470.84
17944,8979,3,3,148.53,445.59
17945,8980,216,2,418.89,837.78
17946,8980,295,1,355.8,355.8
17947,8981,19,1,358.01,358.01
17948,8981,260,4,353.35,1413.4
17949,8982,496,3,79.45,238.35
17950,8982,310,4,71.77,287.08
17951,8983,38,2,107.44,214.88
17952,8984,453,4,187.31,749.24
17953,8985,17,3,398.16,1194.48
17954,8985,87,1,216.29,216.29
17955,8986,25,1,126.81,126.81
17956,8987,382,3,372.7,1118.1
17957,8987,11,5,324.23,1621.15
17958,8987,115,5,492.48,2462.4
17959,8988,466,1,322.44,322.44
17960,8989,6,2,462.86,925.72
17961,8989,469,3,407.13,1221.39
17962,8989,456,1,360.13,360.13
17963,8990,365,2,394.38,788.76
17964,8991,286,3,157.89,473.67
17965,8992,200,1,180.67,180.67
17966,8992,294,2,187.19,374.38
17967,8993,283,2,233.42,466.84
17968,8993,155,2,334.86,669.72
17969,8993,276,2,367.1,734.2
17970,8994,383,5,117.91,589.55
17971,8995,158,3,341.6,1024.8
17972,8995,156,3,383.39,1150.17
17973,8996,243,2,208.13,416.26
17974,8997,450,5,98.33,491.65
17975,8997,307,5,440.61,2203.05
17976,8998,346,3,399.77,1199.31
17977,8998,365,2,170.16,340.32
17978,8998,59,3,420.54,1261.62
17979,8999,262,1,72.44,72.44
17980,9000,451,4,435.86,1743.44
17981,9001,240,1,93.65,93.65
17982,9001,420,5,209.36,1046.8
17983,9001,270,3,206.35,619.05
17984,9002,358,5,359.64,1798.2
17985,9002,159,2,365.87,731.74
17986,9002,414,3,264.75,794.25
17987,9003,337,2,437.11,874.22
17988,9004,193,5,386.06,1930.3
17989,9004,209,5,106.51,532.55
17990,9004,26,1,140.16,140.16
17991,9005,202,3,356.7,1070.1
17992,9006,487,4,348.71,1394.84
17993,9006,362,4,281.09,1124.36
17994,9007,210,5,64.29,321.45
17995,9007,342,4,34.72,138.88
17996,9008,60,4,203.46,813.84
17997,9008,110,2,142.05,284.1
17998,9009,442,5,75.16,375.8
17999,9009,250,4,441.53,1766.12
18000,9009,35,3,149.08,447.24
18001,9010,125,2,455.85,911.7
18002,9010,175,4,376.1,1504.4
18003,9011,207,3,465.54,1396.62
18004,9011,468,3,140.33,420.99
18005,9012,54,3,49.31,147.93
18006,9013,66,3,9.61,28.83
18007,9013,104,1,320.36,320.36
18008,9014,332,4,116.06,464.24
18009,9015,365,4,204.91,819.64
18010,9016,368,1,141.19,141.19
18011,9016,123,4,78.59,314.36
18012,9017,401,3,344.14,1032.42
18013,9017,340,2,91.26,182.52
18014,9017,404,4,167.09,668.36
18015,9018,119,5,83.11,415.55
18016,9019,176,4,489.32,1957.28
18017,9020,80,3,430.69,1292.07
18018,9020,274,5,429.55,2147.75
18019,9020,101,3,405.87,1217.61
18020,9021,141,3,131.84,395.52
18021,9021,189,5,456.28,2281.4
18022,9021,233,5,472.12,2360.6
18023,9022,309,5,286.44,1432.2
18024,9022,61,5,20.51,102.55
18025,9022,236,1,422.96,422.96
18026,9023,138,2,498.36,996.72
18027,9023,129,4,356.29,1425.16
18028,9023,384,5,153.62,768.1
18029,9024,90,3,12.09,36.27
18030,9025,150,3,299.99,899.97
18031,9026,242,5,230.79,1153.95
18032,9026,491,5,426.11,2130.55
18033,9027,81,3,106.5,319.5
18034,9027,147,5,292.53,1462.65
18035,9027,399,4,116.42,465.68
18036,9028,205,2,216.96,433.92
18037,9028,179,2,142.6,285.2
18038,9028,414,2,223.04,446.08
18039,9029,40,3,132.66,397.98
18040,9029,479,4,365.49,1461.96
18041,9029,172,2,220.72,441.44
18042,9030,389,4,421.99,1687.96
18043,9030,271,2,316.98,633.96
18044,9031,395,3,448.76,1346.28
18045,9032,230,1,164.64,164.64
18046,9032,209,4,247.39,989.56
18047,9033,159,5,435.19,2175.95
18048,9033,263,1,443.58,443.58
18049,9033,438,1,359.0,359.0
18050,9034,203,5,383.26,1916.3
18051,9034,382,1,413.67,413.67
18052,9035,52,1,75.59,75.59
18053,9035,464,3,253.65,760.95
18054,9035,63,1,390.68,390.68
18055,9036,469,1,99.29,99.29
18056,9037,490,2,177.4,354.8
18057,9037,270,5,49.93,249.65
18058,9038,296,4,394.61,1578.44
18059,9038,103,5,148.82,744.1
18060,9038,245,3,94.65,283.95
18061,9039,498,3,158.02,474.06
18062,9040,387,4,339.13,1356.52
18063,9040,360,2,157.61,315.22
18064,9040,224,3,81.42,244.26
18065,9041,355,4,473.03,1892.12
18066,9041,136,4,346.74,1386.96
18067,9042,345,4,181.79,727.16
18068,9042,248,1,214.91,214.91
18069,9043,431,5,340.64,1703.2
18070,9043,283,3,33.75,101.25
18071,9044,68,3,376.96,1130.88
18072,9045,460,3,65.35,196.05
18073,9045,389,1,356.55,356.55
18074,9045,180,2,375.58,751.16
18075,9046,406,1,42.05,42.05
18076,9046,140,1,137.27,137.27
18077,9046,281,3,330.47,991.41
18078,9047,485,4,173.1,692.4
18079,9047,440,4,479.07,1916.28
18080,9047,258,5,332.03,1660.15
18081,9048,350,4,207.28,829.12
18082,9048,323,1,423.89,423.89
18083,9049,58,2,419.63,839.26
18084,9050,129,2,219.72,439.44
18085,9050,413,5,264.63,1323.15
18086,9050,90,5,117.21,586.05
18087,9051,457,1,395.1,395.1
18088,9051,272,4,455.14,1820.56
18089,9052,12,5,313.84,1569.2
18090,9052,124,4,113.22,452.88
18091,9052,322,3,17.04,51.12
18092,9053,168,4,33.18,132.72
18093,9054,327,2,112.97,225.94
18094,9054,166,5,87.35,436.75
18095,9054,320,3,308.46,925.38
18096,9055,5,1,479.36,479.36
18097,9055,394,4,440.37,1761.48
18098,9056,219,4,237.6,950.4
18099,9056,16,3,398.34,1195.02
18100,9056,65,4,467.88,1871.52
18101,9057,278,1,77.33,77.33
18102,9058,219,2,434.91,869.82
18103,9058,141,2,146.27,292.54
18104,9058,7,4,290.33,1161.32
18105,9059,251,3,466.51,1399.53
18106,9059,465,4,396.39,1585.56
18107,9060,338,4,447.68,1790.72
18108,9061,245,2,438.17,876.34
18109,9061,402,5,234.56,1172.8
18110,9061,310,4,406.96,1627.84
18111,9062,228,5,325.9,1629.5
18112,9062,258,5,191.5,957.5
18113,9062,42,5,400.13,2000.65
18114,9063,161,2,350.13,700.26
18115,9064,302,5,156.69,783.45
18116,9065,73,3,296.82,890.46
18117,9065,220,3,403.87,1211.61
18118,9066,117,3,477.03,1431.09
18119,9067,492,5,201.61,1008.05
18120,9067,475,5,91.32,456.6
18121,9067,469,1,387.4,387.4
18122,9068,370,1,28.05,28.05
18123,9069,68,2,152.43,304.86
18124,9069,157,3,444.86,1334.58
18125,9070,277,5,297.75,1488.75
18126,9070,214,2,447.14,894.28
18127,9071,287,4,370.39,1481.56
18128,9072,118,3,84.29,252.87
18129,9072,279,2,40.59,81.18
18130,9072,354,2,88.96,177.92
18131,9073,3,5,171.7,858.5
18132,9074,89,1,235.16,235.16
18133,9074,130,5,419.25,2096.25
18134,9074,384,2,97.65,195.3
18135,9075,134,1,379.37,379.37
18136,9075,318,5,394.89,1974.45
18137,9075,289,3,362.19,1086.57
18138,9076,332,2,458.47,916.94
18139,9076,63,4,106.51,426.04
18140,9077,424,4,233.04,932.16
18141,9077,245,5,191.52,957.6
18142,9077,13,4,133.85,535.4
18143,9078,373,3,327.71,983.13
18144,9078,465,2,473.33,946.66
18145,9079,209,2,236.2,472.4
18146,9080,211,2,337.68,675.36
18147,9081,406,5,58.16,290.8
18148,9082,439,4,204.11,816.44
18149,9083,435,3,99.01,297.03
18150,9083,49,5,492.25,2461.25
18151,9084,259,4,278.33,1113.32
18152,9084,118,4,445.35,1781.4
18153,9084,443,3,243.8,731.4
18154,9085,162,2,289.38,578.76
18155,9085,93,5,296.96,1484.8
18156,9085,209,1,147.63,147.63
18157,9086,151,1,116.87,116.87
18158,9087,282,4,182.56,730.24
18159,9087,414,4,236.21,944.84
18160,9087,478,2,97.24,194.48
18161,9088,292,2,377.19,754.38
18162,9089,439,2,236.65,473.3
18163,9090,380,4,413.96,1655.84
18164,9090,383,1,163.97,163.97
18165,9091,259,4,173.37,693.48
18166,9091,450,2,203.93,407.86
18167,9092,440,1,262.22,262.22
18168,9092,177,4,128.41,513.64
18169,9092,195,2,175.23,350.46
18170,9093,125,1,435.18,435.18
18171,9093,68,1,246.14,246.14
18172,9093,386,3,319.65,958.95
18173,9094,52,4,478.35,1913.4
18174,9095,261,3,365.08,1095.24
18175,9096,459,3,20.98,62.94
18176,9096,466,5,233.4,1167.0
18177,9097,184,5,143.87,719.35
18178,9097,243,2,265.1,530.2
18179,9098,279,4,415.4,1661.6
18180,9098,46,5,123.16,615.8
18181,9098,183,5,481.1,2405.5
18182,9099,280,3,499.66,1498.98
18183,9099,415,5,234.03,1170.15
18184,9100,313,4,227.66,910.64
18185,9100,423,1,476.76,476.76
18186,9100,44,5,145.35,726.75
18187,9101,432,3,465.19,1395.57
18188,9102,212,5,203.48,1017.4
18189,9102,116,5,160.19,800.95
18190,9102,322,5,65.25,326.25
18191,9103,26,1,9.01,9.01
18192,9103,129,3,230.38,691.14
18193,9103,473,1,286.45,286.45
18194,9104,201,4,67.29,269.16
18195,9104,270,1,366.94,366.94
18196,9104,462,3,406.5,1219.5
18197,9105,445,3,142.11,426.33
18198,9105,58,4,326.54,1306.16
18199,9105,102,4,17.78,71.12
18200,9106,362,5,5.14,25.7
18201,9107,478,3,185.14,555.42
18202,9107,377,1,222.81,222.81
18203,9107,375,5,61.12,305.6
18204,9108,381,1,134.99,134.99
18205,9108,353,4,325.74,1302.96
18206,9108,290,3,252.22,756.66
18207,9109,33,5,245.4,1227.0
18208,9110,242,3,287.95,863.85
18209,9110,226,2,63.07,126.14
18210,9111,157,4,395.66,1582.64
18211,9112,267,4,164.98,659.92
18212,9113,312,3,264.9,794.7
18213,9113,292,5,466.35,2331.75
18214,9114,431,3,381.12,1143.36
18215,9114,407,2,272.87,545.74
18216,9115,118,5,156.11,780.55
18217,9115,212,2,475.06,950.12
18218,9116,442,2,261.01,522.02
18219,9117,476,3,13.1,39.3
18220,9118,39,4,454.29,1817.16
18221,9118,286,4,25.61,102.44
18222,9119,158,2,458.01,916.02
18223,9119,54,1,194.1,194.1
18224,9120,411,3,489.48,1468.44
18225,9120,203,3,314.08,942.24
18226,9121,391,3,325.13,975.39
18227,9121,149,2,275.42,550.84
18228,9121,319,4,163.5,654.0
18229,9122,381,2,354.57,709.14
18230,9123,308,5,469.09,2345.45
18231,9123,27,2,66.23,132.46
18232,9123,425,1,226.72,226.72
18233,9124,372,4,175.41,701.64
18234,9124,363,2,160.29,320.58
18235,9125,278,5,218.62,1093.1
18236,9126,128,5,287.27,1436.35
18237,9126,351,1,363.72,363.72
18238,9127,324,5,368.11,1840.55
18239,9127,444,4,442.74,1770.96
18240,9127,317,2,415.75,831.5
18241,9128,430,4,331.74,1326.96
18242,9129,159,5,282.94,1414.7
18243,9129,444,4,218.5,874.0
18244,9129,359,2,418.76,837.52
18245,9130,390,1,215.53,215.53
18246,9130,339,5,313.44,1567.2
18247,9130,132,4,417.93,1671.72
18248,9131,246,1,280.7,280.7
18249,9132,202,2,185.14,370.28
18250,9132,471,5,455.41,2277.05
18251,9133,59,2,112.59,225.18
18252,9133,370,4,41.09,164.36
18253,9134,417,3,81.29,243.87
18254,9135,427,4,80.68,322.72
18255,9136,473,3,459.21,1377.63
18256,9136,196,4,252.56,1010.24
18257,9136,240,5,464.01,2320.05
18258,9137,201,2,275.77,551.54
18259,9137,9,1,350.03,350.03
18260,9137,488,1,483.48,483.48
18261,9138,20,2,302.98,605.96
18262,9138,143,5,152.24,761.2
18263,9139,224,2,167.78,335.56
18264,9139,302,1,341.3,341.3
18265,9139,473,5,405.01,2025.05
18266,9140,450,1,317.58,317.58
18267,9141,267,3,317.68,953.04
18268,9141,473,1,137.68,137.68
18269,9142,218,1,111.17,111.17
18270,9143,177,2,140.76,281.52
18271,9144,148,3,123.94,371.82
18272,9144,328,2,243.57,487.14
18273,9144,145,1,243.52,243.52
18274,9145,324,4,87.61,350.44
18275,9146,118,4,425.86,1703.44
18276,9146,456,2,120.65,241.3
18277,9147,392,5,165.25,826.25
18278,9148,324,5,492.85,2464.25
18279,9148,305,1,139.08,139.08
18280,9148,251,1,174.18,174.18
18281,9149,374,5,256.12,1280.6
18282,9149,347,4,253.65,1014.6
18283,9149,496,3,379.26,1137.78
18284,9150,187,1,353.41,353.41
18285,9150,362,4,101.08,404.32
18286,9150,106,5,333.8,1669.0
18287,9151,21,2,406.79,813.58
18288,9151,466,3,387.04,1161.12
18289,9152,343,5,408.14,2040.7
18290,9152,342,4,58.68,234.72
18291,9152,6,2,217.11,434.22
18292,9153,500,3,441.02,1323.06
18293,9153,334,3,321.6,964.8
18294,9153,64,1,410.71,410.71
18295,9154,234,1,311.5,311.5
18296,9154,83,5,88.95,444.75
18297,9154,485,1,312.43,312.43
18298,9155,428,2,440.16,880.32
18299,9155,67,4,116.63,466.52
18300,9155,52,2,158.38,316.76
18301,9156,179,5,209.17,1045.85
18302,9156,55,2,481.97,963.94
18303,9156,467,5,466.2,2331.0
18304,9157,89,3,190.43,571.29
18305,9157,189,3,190.53,571.59
18306,9158,324,3,163.95,491.85
18307,9158,29,2,486.89,973.78
18308,9159,332,1,491.03,491.03
18309,9159,11,1,352.41,352.41
18310,9159,261,4,97.29,389.16
18311,9160,385,2,231.09,462.18
18312,9161,393,3,181.58,544.74
18313,9161,410,1,34.5,34.5
18314,9162,121,2,397.05,794.1
18315,9162,231,3,29.4,88.2
18316,9163,378,5,190.28,951.4
18317,9163,494,4,432.73,1730.92
18318,9163,104,2,288.46,576.92
18319,9164,159,3,408.16,1224.48
18320,9165,264,5,203.76,1018.8
18321,9165,291,1,165.21,165.21
18322,9166,250,4,231.86,927.44
18323,9166,288,3,231.17,693.51
18324,9166,260,1,375.11,375.11
18325,9167,28,5,110.71,553.55
18326,9167,454,2,187.84,375.68
18327,9168,27,2,412.06,824.12
18328,9168,462,3,156.6,469.8
18329,9168,236,4,376.53,1506.12
18330,9169,212,4,481.81,1927.24
18331,9169,481,4,256.13,1024.52
18332,9169,411,5,161.48,807.4
18333,9170,305,1,170.69,170.69
18334,9171,434,2,445.95,891.9
18335,9172,299,3,12.8,38.4
18336,9172,142,4,34.27,137.08
18337,9172,188,3,396.14,1188.42
18338,9173,80,4,137.36,549.44
18339,9174,428,3,298.78,896.34
18340,9175,159,5,74.43,372.15
18341,9175,28,1,450.85,450.85
18342,9175,167,5,138.09,690.45
18343,9176,381,5,336.89,1684.45
18344,9176,440,2,460.46,920.92
18345,9176,193,1,273.14,273.14
18346,9177,97,1,298.89,298.89
18347,9177,171,5,157.26,786.3
18348,9178,46,1,192.73,192.73
18349,9178,355,3,28.84,86.52
18350,9178,152,5,63.89,319.45
18351,9179,93,1,174.0,174.0
18352,9180,351,5,484.18,2420.9
18353,9180,274,4,389.23,1556.92
18354,9180,230,1,11.19,11.19
18355,9181,70,1,102.74,102.74
18356,9182,396,4,75.63,302.52
18357,9183,26,1,91.9,91.9
18358,9183,423,4,480.9,1923.6
18359,9183,171,3,40.45,121.35
18360,9184,412,2,496.83,993.66
18361,9185,126,4,254.88,1019.52
18362,9185,42,1,309.55,309.55
18363,9185,208,2,444.74,889.48
18364,9186,143,4,222.41,889.64
18365,9186,252,3,327.05,981.15
18366,9187,58,4,136.87,547.48
18367,9187,261,1,164.41,164.41
18368,9187,389,3,91.9,275.7
18369,9188,143,3,73.83,221.49
18370,9188,349,5,397.96,1989.8
18371,9188,316,1,389.79,389.79
18372,9189,344,2,422.28,844.56
18373,9189,115,2,449.83,899.66
18374,9189,273,2,304.14,608.28
18375,9190,487,2,396.48,792.96
18376,9190,341,2,98.25,196.5
18377,9190,414,4,399.35,1597.4
18378,9191,448,2,179.19,358.38
18379,9191,29,4,75.15,300.6
18380,9191,377,5,203.84,1019.2
18381,9192,204,3,325.9,977.7
18382,9192,3,1,218.31,218.31
18383,9192,33,2,368.82,737.64
18384,9193,121,3,354.68,1064.04
18385,9193,406,5,10.87,54.35
18386,9193,27,5,50.95,254.75
18387,9194,141,4,102.91,411.64
18388,9194,283,1,176.05,176.05
18389,9194,179,5,438.86,2194.3
18390,9195,96,4,41.52,166.08
18391,9196,246,4,438.98,1755.92
18392,9196,287,4,52.36,209.44
18393,9197,413,3,71.0,213.0
18394,9197,437,2,347.81,695.62
18395,9197,92,4,374.1,1496.4
18396,9198,472,1,203.45,203.45
18397,9199,183,3,49.33,147.99
18398,9200,324,3,474.04,1422.12
18399,9200,84,1,194.73,194.73
18400,9200,407,3,173.76,521.28
18401,9201,459,2,152.23,304.46
18402,9201,309,2,160.85,321.7
18403,9202,386,4,323.92,1295.68
18404,9202,416,2,455.66,911.32
18405,9202,160,2,408.44,816.88
18406,9203,324,2,491.97,983.94
18407,9203,314,4,327.28,1309.12
18408,9203,62,2,158.12,316.24
18409,9204,346,5,232.29,1161.45
18410,9204,27,3,290.02,870.06
18411,9204,212,3,275.82,827.46
18412,9205,123,3,89.0,267.0
18413,9205,477,1,158.58,158.58
18414,9206,494,2,368.82,737.64
18415,9206,466,3,117.73,353.19
18416,9207,51,1,277.09,277.09
18417,9207,227,5,482.86,2414.3
18418,9208,372,5,414.18,2070.9
18419,9208,164,4,51.49,205.96
18420,9208,417,2,236.98,473.96
18421,9209,87,4,279.72,1118.88
18422,9210,296,2,26.61,53.22
18423,9211,213,4,55.59,222.36
18424,9211,373,5,184.11,920.55
18425,9211,246,3,212.39,637.17
18426,9212,258,2,267.21,534.42
18427,9212,99,3,259.4,778.2
18428,9212,92,4,419.85,1679.4
18429,9213,81,5,318.63,1593.15
18430,9213,76,2,157.97,315.94
18431,9213,454,1,353.69,353.69
18432,9214,17,2,462.66,925.32
18433,9215,303,5,384.29,1921.45
18434,9215,26,5,47.34,236.7
18435,9216,175,2,73.45,146.9
18436,9216,279,1,61.78,61.78
18437,9217,58,4,130.58,522.32
18438,9218,332,4,248.99,995.96
18439,9218,403,5,187.38,936.9
18440,9218,63,4,403.51,1614.04
18441,9219,241,1,234.95,234.95
18442,9220,444,3,388.12,1164.36
18443,9220,371,3,152.33,456.99
18444,9220,94,5,339.78,1698.9
18445,9221,218,5,419.4,2097.0
18446,9221,398,3,436.01,1308.03
18447,9221,279,3,36.27,108.81
18448,9222,36,2,18.3,36.6
18449,9222,225,5,52.75,263.75
18450,9223,401,4,197.35,789.4
18451,9223,429,2,498.14,996.28
18452,9224,237,3,458.38,1375.14
18453,9224,155,1,49.19,49.19
18454,9225,99,1,393.49,393.49
18455,9225,192,5,134.2,671.0
18456,9226,99,4,457.74,1830.96
18457,9226,262,5,437.96,2189.8
18458,9227,460,2,284.12,568.24
18459,9227,220,3,187.79,563.37
18460,9228,179,1,257.22,257.22
18461,9229,315,3,126.58,379.74
18462,9230,349,3,64.12,192.36
18463,9231,84,5,314.2,1571.0
18464,9232,156,3,129.16,387.48
18465,9232,368,4,117.67,470.68
18466,9233,436,2,286.79,573.58
18467,9233,39,4,226.65,906.6
18468,9233,276,3,470.93,1412.79
18469,9234,211,2,213.04,426.08
18470,9235,2,2,456.6,913.2
18471,9236,308,1,72.85,72.85
18472,9236,114,3,20.37,61.11
18473,9236,361,2,470.44,940.88
18474,9237,409,2,171.1,342.2
18475,9237,385,3,296.21,888.63
18476,9237,478,5,29.04,145.2
18477,9238,142,2,214.74,429.48
18478,9238,6,2,259.33,518.66
18479,9238,303,2,276.97,553.94
18480,9239,384,3,338.88,1016.64
18481,9240,70,1,491.3,491.3
18482,9240,372,3,436.24,1308.72
18483,9240,476,4,257.53,1030.12
18484,9241,409,2,482.0,964.0
18485,9241,85,4,135.51,542.04
18486,9241,431,4,339.32,1357.28
18487,9242,373,4,229.53,918.12
18488,9242,270,2,185.79,371.58
18489,9243,176,5,172.19,860.95
18490,9243,298,3,16.6,49.8
18491,9244,397,3,161.69,485.07
18492,9244,341,2,266.72,533.44
18493,9245,315,5,289.54,1447.7
18494,9245,209,3,229.83,689.49
18495,9246,341,2,368.0,736.0
18496,9247,52,3,69.29,207.87
18497,9247,245,3,360.23,1080.69
18498,9248,301,5,244.74,1223.7
18499,9248,233,3,55.37,166.11
18500,9249,151,3,237.38,712.14
18501,9249,128,5,96.41,482.05
18502,9250,132,5,394.43,1972.15
18503,9251,429,4,394.51,1578.04
18504,9251,128,2,428.14,856.28
18505,9252,397,4,288.62,1154.48
18506,9252,280,4,18.35,73.4
18507,9252,343,3,410.53,1231.59
18508,9253,362,5,97.49,487.45
18509,9253,419,5,200.24,1001.2
18510,9254,48,4,212.98,851.92
18511,9254,236,5,303.71,1518.55
18512,9255,85,1,230.81,230.81
18513,9255,66,4,27.57,110.28
18514,9255,97,3,453.79,1361.37
18515,9256,184,4,322.9,1291.6
18516,9256,387,2,304.06,608.12
18517,9257,481,4,267.67,1070.68
18518,9258,476,5,496.32,2481.6
18519,9258,178,2,156.49,312.98
18520,9259,63,2,335.07,670.14
18521,9259,472,5,397.52,1987.6
18522,9259,69,1,30.78,30.78
18523,9260,182,2,497.9,995.8
18524,9260,64,1,106.6,106.6
18525,9260,266,5,212.68,1063.4
18526,9261,421,4,88.9,355.6
18527,9261,230,1,295.91,295.91
18528,9262,419,3,287.47,862.41
18529,9262,405,1,349.75,349.75
18530,9263,209,4,159.56,638.24
18531,9264,145,5,421.83,2109.15
18532,9264,219,2,310.3,620.6
18533,9264,330,2,178.27,356.54
18534,9265,71,4,466.19,1864.76
18535,9266,282,4,148.93,595.72
18536,9266,35,5,61.06,305.3
18537,9266,287,2,228.79,457.58
18538,9267,144,3,64.69,194.07
18539,9267,234,1,321.12,321.12
18540,9267,321,5,91.69,458.45
18541,9268,320,4,332.03,1328.12
18542,9268,65,5,377.61,1888.05
18543,9269,10,2,54.19,108.38
18544,9269,73,3,84.14,252.42
18545,9269,368,4,91.51,366.04
18546,9270,60,3,182.6,547.8
18547,9270,101,3,85.54,256.62
18548,9271,216,3,205.55,616.65
18549,9271,408,3,302.45,907.35
18550,9272,264,4,26.53,106.12
18551,9273,454,4,348.36,1393.44
18552,9273,422,2,428.19,856.38
18553,9273,423,1,178.26,178.26
18554,9274,166,1,245.03,245.03
18555,9274,340,1,71.44,71.44
18556,9275,10,5,164.73,823.65
18557,9275,135,2,301.78,603.56
18558,9276,301,5,448.2,2241.0
18559,9276,373,1,350.76,350.76
18560,9277,15,3,138.73,416.19
18561,9278,441,1,121.26,121.26
18562,9278,298,3,192.09,576.27
18563,9278,360,2,180.12,360.24
18564,9279,258,2,273.91,547.82
18565,9280,247,4,168.59,674.36
18566,9280,93,4,342.77,1371.08
18567,9281,27,4,355.8,1423.2
18568,9281,180,5,304.88,1524.4
18569,9282,295,2,100.83,201.66
18570,9283,271,4,58.06,232.24
18571,9284,433,2,254.69,509.38
18572,9285,25,3,152.36,457.08
18573,9285,495,2,119.99,239.98
18574,9285,381,4,291.05,1164.2
18575,9286,177,3,224.69,674.07
18576,9286,353,2,114.38,228.76
18577,9286,71,4,225.79,903.16
18578,9287,88,5,302.59,1512.95
18579,9287,500,1,487.31,487.31
18580,9288,233,1,50.42,50.42
18581,9288,259,2,379.59,759.18
18582,9289,412,5,51.73,258.65
18583,9290,350,4,186.32,745.28
18584,9291,241,3,405.09,1215.27
18585,9291,193,2,334.94,669.88
18586,9292,224,2,241.53,483.06
18587,9293,281,1,279.86,279.86
18588,9293,345,1,330.53,330.53
18589,9294,139,5,219.09,1095.45
18590,9294,81,4,208.15,832.6
18591,9294,258,4,228.68,914.72
18592,9295,335,4,436.62,1746.48
18593,9295,100,1,294.55,294.55
18594,9296,192,1,320.59,320.59
18595,9297,411,5,42.32,211.6
18596,9297,134,4,444.65,1778.6
18597,9298,401,3,133.85,401.55
18598,9299,85,3,290.54,871.62
18599,9299,456,2,488.64,977.28
18600,9299,101,4,82.62,330.48
18601,9300,459,5,339.29,1696.45
18602,9300,57,1,26.02,26.02
18603,9301,10,5,314.22,1571.1
18604,9301,220,4,121.71,486.84
18605,9302,245,5,399.33,1996.65
18606,9302,189,3,465.92,1397.76
18607,9302,339,3,11.45,34.35
18608,9303,224,4,490.62,1962.48
18609,9304,362,4,145.08,580.32
18610,9305,59,3,444.17,1332.51
18611,9306,238,5,14.53,72.65
18612,9307,262,1,114.27,114.27
18613,9307,38,4,235.93,943.72
18614,9308,130,3,154.53,463.59
18615,9309,120,1,167.92,167.92
18616,9309,149,1,353.49,353.49
18617,9310,322,5,91.02,455.1
18618,9310,430,4,40.89,163.56
18619,9311,67,1,191.31,191.31
18620,9311,391,3,356.32,1068.96
18621,9311,188,5,266.1,1330.5
18622,9312,130,3,296.65,889.95
18623,9312,16,2,434.28,868.56
18624,9313,34,1,162.38,162.38
18625,9313,214,2,157.26,314.52
18626,9314,100,5,268.88,1344.4
18627,9314,283,5,17.83,89.15
18628,9314,213,1,369.48,369.48
18629,9315,483,1,288.03,288.03
18630,9315,332,3,253.87,761.61
18631,9315,334,1,239.19,239.19
18632,9316,135,1,353.19,353.19
18633,9317,16,5,305.71,1528.55
18634,9317,8,3,235.01,705.03
18635,9317,33,1,453.69,453.69
18636,9318,342,1,115.94,115.94
18637,9319,59,4,134.4,537.6
18638,9319,113,3,447.32,1341.96
18639,9319,293,2,115.21,230.42
18640,9320,145,2,13.39,26.78
18641,9320,443,2,386.06,772.12
18642,9321,244,3,252.83,758.49
18643,9321,395,4,375.78,1503.12
18644,9321,286,4,363.4,1453.6
18645,9322,74,1,402.48,402.48
18646,9322,258,5,408.71,2043.55
18647,9323,443,4,126.29,505.16
18648,9323,35,2,170.73,341.46
18649,9324,360,5,345.08,1725.4
18650,9324,145,1,331.37,331.37
18651,9324,181,3,200.48,601.44
18652,9325,133,4,322.07,1288.28
18653,9325,433,5,467.45,2337.25
18654,9326,236,5,209.06,1045.3
18655,9326,65,3,397.84,1193.52
18656,9327,248,2,8.98,17.96
18657,9327,219,2,170.95,341.9
18658,9328,456,2,109.52,219.04
18659,9329,260,3,236.73,710.19
18660,9329,439,1,145.03,145.03
18661,9329,313,3,54.9,164.7
18662,9330,197,5,262.27,1311.35
18663,9331,224,2,221.82,443.64
18664,9331,45,2,301.39,602.78
18665,9331,196,5,45.54,227.7
18666,9332,186,2,478.67,957.34
18667,9332,174,4,104.58,418.32
18668,9333,81,1,416.19,416.19
18669,9334,14,4,112.27,449.08
18670,9334,451,4,201.76,807.04
18671,9335,40,3,9.41,28.23
18672,9336,65,2,361.98,723.96
18673,9336,12,2,119.87,239.74
18674,9336,347,1,101.99,101.99
18675,9337,37,5,76.66,383.3
18676,9338,303,4,334.22,1336.88
18677,9338,351,1,430.52,430.52
18678,9338,233,4,21.84,87.36
18679,9339,176,3,460.06,1380.18
18680,9339,126,1,136.34,136.34
18681,9340,161,1,498.47,498.47
18682,9340,78,5,76.36,381.8
18683,9340,475,1,64.35,64.35
18684,9341,5,4,347.02,1388.08
18685,9341,98,3,213.14,639.42
18686,9342,182,1,302.86,302.86
18687,9342,489,4,367.75,1471.0
18688,9342,87,5,176.25,881.25
18689,9343,202,1,192.97,192.97
18690,9343,498,5,446.59,2232.95
18691,9343,420,1,161.03,161.03
18692,9344,430,1,306.49,306.49
18693,9345,453,2,454.87,909.74
18694,9345,74,3,391.96,1175.88
18695,9345,45,5,469.45,2347.25
18696,9346,343,2,338.77,677.54
18697,9346,470,2,120.62,241.24
18698,9346,270,1,11.72,11.72
18699,9347,142,3,32.2,96.6
18700,9347,393,1,220.2,220.2
18701,9348,231,5,10.57,52.85
18702,9348,376,2,194.88,389.76
18703,9348,174,3,135.37,406.11
18704,9349,312,4,338.21,1352.84
18705,9350,209,4,14.11,56.44
18706,9350,178,1,384.82,384.82
18707,9350,379,4,88.16,352.64
18708,9351,46,1,297.98,297.98
18709,9351,149,5,109.46,547.3
18710,9352,82,3,222.99,668.97
18711,9352,233,1,377.34,377.34
18712,9353,18,3,404.81,1214.43
18713,9353,420,1,335.74,335.74
18714,9353,418,3,105.41,316.23
18715,9354,29,4,40.77,163.08
18716,9354,326,3,368.53,1105.59
18717,9355,432,5,252.93,1264.65
18718,9355,410,4,123.18,492.72
18719,9355,26,4,390.52,1562.08
18720,9356,163,5,349.65,1748.25
18721,9356,469,5,205.66,1028.3
18722,9356,374,3,345.35,1036.05
18723,9357,208,2,257.17,514.34
18724,9357,354,1,394.97,394.97
18725,9357,166,3,237.75,713.25
18726,9358,437,2,366.44,732.88
18727,9359,437,1,167.16,167.16
18728,9359,387,3,251.44,754.32
18729,9360,308,5,183.7,918.5
18730,9360,483,3,480.56,1441.68
18731,9361,245,4,460.3,1841.2
18732,9362,419,1,167.99,167.99
18733,9362,25,5,412.43,2062.15
18734,9362,307,5,245.48,1227.4
18735,9363,439,3,338.82,1016.46
18736,9363,18,3,65.58,196.74
18737,9363,209,4,436.67,1746.68
18738,9364,122,1,368.5,368.5
18739,9364,367,4,348.65,1394.6
18740,9365,375,5,371.1,1855.5
18741,9365,15,5,35.23,176.15
18742,9365,289,1,232.9,232.9
18743,9366,251,2,431.77,863.54
18744,9366,285,1,277.55,277.55
18745,9366,123,3,234.03,702.09
18746,9367,240,1,211.75,211.75
18747,9368,269,4,58.68,234.72
18748,9369,296,3,82.67,248.01
18749,9369,147,2,18.43,36.86
18750,9370,142,2,219.35,438.7
18751,9370,237,5,461.32,2306.6
18752,9370,456,4,485.76,1943.04
18753,9371,75,2,407.93,815.86
18754,9372,188,2,15.34,30.68
18755,9373,90,4,376.31,1505.24
18756,9373,28,3,328.91,986.73
18757,9373,11,4,12.74,50.96
18758,9374,443,1,133.26,133.26
18759,9374,294,5,473.4,2367.0
18760,9374,401,1,367.17,367.17
18761,9375,226,5,186.03,930.15
18762,9375,44,3,461.09,1383.27
18763,9375,54,1,405.73,405.73
18764,9376,431,1,306.41,306.41
18765,9376,191,4,242.97,971.88
18766,9376,40,5,274.08,1370.4
18767,9377,459,4,340.33,1361.32
18768,9378,472,5,446.25,2231.25
18769,9378,443,5,56.37,281.85
18770,9379,451,2,442.64,885.28
18771,9379,436,1,403.67,403.67
18772,9380,188,5,158.05,790.25
18773,9380,432,2,339.0,678.0
18774,9381,445,3,331.92,995.76
18775,9382,194,1,197.49,197.49
18776,9382,356,5,286.31,1431.55
18777,9382,185,1,12.46,12.46
18778,9383,388,5,264.97,1324.85
18779,9384,256,3,403.73,1211.19
18780,9385,353,2,214.31,428.62
18781,9385,258,1,174.61,174.61
18782,9386,66,5,308.26,1541.3
18783,9386,222,2,285.32,570.64
18784,9387,181,4,96.89,387.56
18785,9387,103,1,133.67,133.67
18786,9388,373,4,284.19,1136.76
18787,9388,500,5,173.84,869.2
18788,9388,25,3,263.08,789.24
18789,9389,135,5,383.28,1916.4
18790,9389,232,2,158.39,316.78
18791,9390,477,3,30.86,92.58
18792,9390,130,4,231.53,926.12
18793,9390,367,1,253.26,253.26
18794,9391,93,4,379.18,1516.72
18795,9392,325,2,122.23,244.46
18796,9392,416,5,325.91,1629.55
18797,9393,377,3,304.16,912.48
18798,9393,400,3,21.15,63.45
18799,9393,447,4,217.4,869.6
18800,9394,93,2,367.03,734.06
18801,9394,274,2,411.33,822.66
18802,9394,258,3,203.36,610.08
18803,9395,407,1,51.31,51.31
18804,9395,319,1,309.32,309.32
18805,9395,35,2,295.69,591.38
18806,9396,312,2,440.5,881.0
18807,9397,29,4,102.25,409.0
18808,9398,428,4,127.28,509.12
18809,9398,486,1,436.43,436.43
18810,9398,35,2,457.76,915.52
18811,9399,394,4,441.59,1766.36
18812,9399,176,1,393.84,393.84
18813,9400,73,3,131.42,394.26
18814,9400,87,4,106.3,425.2
18815,9400,170,4,371.01,1484.04
18816,9401,280,3,38.36,115.08
18817,9402,213,3,408.43,1225.29
18818,9402,213,5,458.08,2290.4
18819,9402,378,4,256.25,1025.0
18820,9403,107,5,130.02,650.1
18821,9403,458,2,158.68,317.36
18822,9404,194,1,118.39,118.39
18823,9404,202,1,230.09,230.09
18824,9405,453,3,319.15,957.45
18825,9405,263,5,208.29,1041.45
18826,9405,219,2,381.2,762.4
18827,9406,484,1,15.66,15.66
18828,9406,117,1,159.93,159.93
18829,9407,310,2,214.51,429.02
18830,9408,133,1,119.66,119.66
18831,9408,154,1,322.91,322.91
18832,9408,336,3,97.37,292.11
18833,9409,102,2,222.3,444.6
18834,9409,115,3,221.66,664.98
18835,9410,413,3,215.87,647.61
18836,9410,390,2,343.87,687.74
18837,9411,49,5,442.52,2212.6
18838,9411,108,2,410.29,820.58
18839,9411,10,3,283.2,849.6
18840,9412,96,5,124.1,620.5
18841,9412,317,3,163.44,490.32
18842,9412,334,1,13.8,13.8
18843,9413,286,5,127.89,639.45
18844,9413,236,4,418.5,1674.0
18845,9414,438,3,400.66,1201.98
18846,9414,191,4,10.38,41.52
18847,9415,108,1,212.68,212.68
18848,9415,217,3,307.98,923.94
18849,9415,73,1,204.2,204.2
18850,9416,490,5,149.22,746.1
18851,9416,409,5,40.78,203.9
18852,9417,396,5,159.49,797.45
18853,9417,108,1,416.75,416.75
18854,9418,279,5,237.61,1188.05
18855,9418,387,3,187.88,563.64
18856,9418,426,2,291.2,582.4
18857,9419,87,3,162.54,487.62
18858,9420,146,3,93.71,281.13
18859,9421,348,4,492.41,1969.64
18860,9422,111,1,198.99,198.99
18861,9422,165,4,169.43,677.72
18862,9423,286,1,127.04,127.04
18863,9423,442,5,245.82,1229.1
18864,9423,366,5,134.0,670.0
18865,9424,437,5,72.6,363.0
18866,9425,296,1,197.98,197.98
18867,9426,179,3,283.63,850.89
18868,9427,41,5,51.75,258.75
18869,9428,124,3,54.77,164.31
18870,9429,46,1,284.54,284.54
18871,9429,411,3,380.41,1141.23
18872,9430,418,4,104.79,419.16
18873,9430,317,4,118.42,473.68
18874,9430,112,4,128.87,515.48
18875,9431,483,2,490.99,981.98
18876,9432,368,2,390.92,781.84
18877,9432,121,2,408.87,817.74
18878,9433,434,1,440.04,440.04
18879,9433,277,5,392.66,1963.3
18880,9434,459,2,186.46,372.92
18881,9435,113,1,394.72,394.72
18882,9435,336,4,110.9,443.6
18883,9436,82,5,167.17,835.85
18884,9436,84,3,5.48,16.44
18885,9436,274,3,337.93,1013.79
18886,9437,294,3,247.34,742.02
18887,9437,417,3,81.32,243.96
18888,9437,16,3,438.46,1315.38
18889,9438,262,2,125.21,250.42
18890,9438,248,4,131.62,526.48
18891,9439,320,5,309.47,1547.35
18892,9439,16,2,452.78,905.56
18893,9439,250,4,166.79,667.16
18894,9440,107,3,289.05,867.15
18895,9441,411,2,426.28,852.56
18896,9442,407,3,322.91,968.73
18897,9442,419,4,161.36,645.44
18898,9443,476,4,81.6,326.4
18899,9444,418,4,16.12,64.48
18900,9445,98,1,203.74,203.74
18901,9445,191,5,484.9,2424.5
18902,9445,353,4,111.47,445.88
18903,9446,242,3,281.84,845.52
18904,9446,290,4,81.94,327.76
18905,9447,21,4,120.48,481.92
18906,9447,238,3,44.21,132.63
18907,9447,164,2,489.78,979.56
18908,9448,460,3,485.92,1457.76
18909,9448,99,4,414.54,1658.16
18910,9449,165,5,267.71,1338.55
18911,9449,323,4,334.53,1338.12
18912,9450,439,5,123.11,615.55
18913,9450,12,3,497.13,1491.39
18914,9450,34,5,482.89,2414.45
18915,9451,126,3,69.46,208.38
18916,9452,271,4,477.81,1911.24
18917,9453,204,4,7.3,29.2
18918,9453,258,5,145.98,729.9
18919,9453,123,4,372.86,1491.44
18920,9454,17,2,332.37,664.74
18921,9454,292,4,266.62,1066.48
18922,9455,180,1,456.95,456.95
18923,9455,297,1,344.23,344.23
18924,9456,22,2,255.98,511.96
18925,9456,180,1,212.45,212.45
18926,9456,231,3,308.92,926.76
18927,9457,75,4,432.76,1731.04
18928,9457,493,5,373.8,1869.0
18929,9457,267,3,316.76,950.28
18930,9458,251,2,464.99,929.98
18931,9459,312,2,322.35,644.7
18932,9459,154,2,229.23,458.46
18933,9459,476,3,62.16,186.48
18934,9460,228,3,424.58,1273.74
18935,9460,329,1,296.76,296.76
18936,9461,45,5,335.36,1676.8
18937,9461,83,2,465.63,931.26
18938,9461,437,4,426.53,1706.12
18939,9462,463,4,393.03,1572.12
18940,9462,436,1,193.6,193.6
18941,9462,279,3,253.87,761.61
18942,9463,350,3,248.33,744.99
18943,9463,459,3,351.52,1054.56
18944,9464,10,1,139.26,139.26
18945,9464,284,5,15.95,79.75
18946,9464,287,3,264.86,794.58
18947,9465,265,3,143.13,429.39
18948,9466,213,2,446.54,893.08
18949,9466,279,3,429.55,1288.65
18950,9467,279,5,148.72,743.6
18951,9467,167,4,496.89,1987.56
18952,9467,321,2,79.19,158.38
18953,9468,429,1,297.6,297.6
18954,9468,258,1,256.81,256.81
18955,9469,141,5,251.12,1255.6
18956,9469,241,4,142.06,568.24
18957,9470,189,5,20.71,103.55
18958,9470,57,3,89.7,269.1
18959,9471,99,4,404.83,1619.32
18960,9472,272,2,325.1,650.2
18961,9472,70,5,209.13,1045.65
18962,9472,493,2,117.75,235.5
18963,9473,118,5,248.3,1241.5
18964,9474,321,4,195.31,781.24
18965,9474,292,4,362.71,1450.84
18966,9474,249,5,31.5,157.5
18967,9475,110,1,424.17,424.17
18968,9475,205,5,127.3,636.5
18969,9475,493,1,425.94,425.94
18970,9476,179,3,276.89,830.67
18971,9476,331,3,164.27,492.81
18972,9477,78,3,175.64,526.92
18973,9477,303,4,286.7,1146.8
18974,9478,361,5,340.18,1700.9
18975,9479,5,2,290.18,580.36
18976,9479,430,3,225.38,676.14
18977,9480,322,5,116.26,581.3
18978,9481,156,1,471.45,471.45
18979,9481,383,1,414.03,414.03
18980,9482,26,4,19.18,76.72
18981,9482,276,3,413.67,1241.01
18982,9482,84,2,311.69,623.38
18983,9483,300,4,162.48,649.92
18984,9483,299,5,314.02,1570.1
18985,9483,184,3,311.68,935.04
18986,9484,313,2,44.48,88.96
18987,9485,49,4,346.65,1386.6
18988,9485,428,3,291.89,875.67
18989,9485,192,3,248.72,746.16
18990,9486,93,1,110.01,110.01
18991,9486,227,4,233.03,932.12
18992,9487,231,4,40.73,162.92
18993,9487,395,3,331.48,994.44
18994,9487,223,5,22.88,114.4
18995,9488,269,2,336.88,673.76
18996,9489,21,1,361.9,361.9
18997,9489,153,2,66.95,133.9
18998,9490,123,5,481.46,2407.3
18999,9491,96,1,488.74,488.74
19000,9491,104,3,313.58,940.74
19001,9492,217,3,289.09,867.27
19002,9492,95,3,138.73,416.19
19003,9492,376,5,260.83,1304.15
19004,9493,486,2,176.92,353.84
19005,9493,345,3,213.76,641.28
19006,9494,236,3,317.43,952.29
19007,9494,207,5,289.46,1447.3
19008,9494,195,1,435.34,435.34
19009,9495,140,1,89.18,89.18
19010,9495,393,2,190.07,380.14
19011,9495,466,4,424.38,1697.52
19012,9496,360,3,319.07,957.21
19013,9497,273,4,418.09,1672.36
19014,9497,126,1,89.04,89.04
19015,9497,337,2,219.47,438.94
19016,9498,270,5,280.32,1401.6
19017,9499,268,3,35.73,107.19
19018,9499,263,2,118.25,236.5
19019,9500,364,3,330.92,992.76
19020,9500,210,4,276.93,1107.72
19021,9500,366,3,79.32,237.96
19022,9501,172,3,112.08,336.24
19023,9501,18,4,330.23,1320.92
19024,9502,471,5,6.92,34.6
19025,9503,167,2,233.14,466.28
19026,9503,456,3,287.56,862.68
19027,9504,171,3,78.54,235.62
19028,9504,426,1,410.47,410.47
19029,9504,203,4,260.6,1042.4
19030,9505,389,2,59.17,118.34
19031,9505,82,1,246.76,246.76
19032,9505,156,3,330.33,990.99
19033,9506,425,1,412.11,412.11
19034,9506,464,3,108.17,324.51
19035,9506,94,3,459.93,1379.79
19036,9507,481,2,224.21,448.42
19037,9508,317,2,9.91,19.82
19038,9508,222,5,302.92,1514.6
19039,9508,213,2,222.35,444.7
19040,9509,463,2,47.08,94.16
19041,9509,159,5,227.13,1135.65
19042,9509,84,4,453.81,1815.24
19043,9510,158,2,341.73,683.46
19044,9510,468,5,199.25,996.25
19045,9511,361,1,94.33,94.33
19046,9512,72,1,64.87,64.87
19047,9513,98,3,381.29,1143.87
19048,9513,471,4,125.05,500.2
19049,9514,416,4,268.72,1074.88
19050,9515,299,2,101.59,203.18
19051,9515,269,3,481.88,1445.64
19052,9515,144,2,359.58,719.16
19053,9516,310,4,242.07,968.28
19054,9517,221,5,263.84,1319.2
19055,9517,73,3,456.22,1368.66
19056,9518,200,2,372.21,744.42
19057,9519,424,3,499.56,1498.68
19058,9520,88,3,123.12,369.36
19059,9520,56,2,202.3,404.6
19060,9520,123,4,235.5,942.0
19061,9521,476,1,323.18,323.18
19062,9521,391,5,378.62,1893.1
19063,9521,140,4,461.22,1844.88
19064,9522,390,2,228.47,456.94
19065,9523,143,5,41.01,205.05
19066,9523,229,5,237.49,1187.45
19067,9524,424,3,316.59,949.77
19068,9524,462,3,488.79,1466.37
19069,9525,111,2,367.19,734.38
19070,9526,489,3,105.56,316.68
19071,9527,17,5,449.39,2246.95
19072,9527,361,3,45.48,136.44
19073,9527,318,1,28.84,28.84
19074,9528,168,1,134.09,134.09
19075,9528,50,5,468.13,2340.65
19076,9528,373,2,314.19,628.38
19077,9529,222,4,352.05,1408.2
19078,9530,354,2,163.73,327.46
19079,9530,26,5,87.89,439.45
19080,9530,320,2,441.05,882.1
19081,9531,17,3,131.23,393.69
19082,9532,257,5,443.8,2219.0
19083,9532,52,2,111.67,223.34
19084,9533,10,2,138.76,277.52
19085,9533,59,5,213.17,1065.85
19086,9533,174,5,311.28,1556.4
19087,9534,432,5,64.08,320.4
19088,9535,398,2,311.76,623.52
19089,9536,442,5,192.73,963.65
19090,9537,285,1,457.85,457.85
19091,9537,174,5,183.69,918.45
19092,9538,36,3,280.18,840.54
19093,9538,411,3,295.8,887.4
19094,9539,81,3,177.97,533.91
19095,9539,483,5,59.71,298.55
19096,9540,349,5,402.68,2013.4
19097,9540,468,5,209.31,1046.55
19098,9540,362,5,293.7,1468.5
19099,9541,71,4,266.18,1064.72
19100,9541,491,2,169.46,338.92
19101,9541,48,1,316.14,316.14
19102,9542,229,4,105.54,422.16
19103,9542,418,1,146.99,146.99
19104,9542,86,4,219.99,879.96
19105,9543,497,3,57.31,171.93
19106,9543,392,4,462.02,1848.08
19107,9543,416,4,232.12,928.48
19108,9544,205,2,83.4,166.8
19109,9545,46,2,383.74,767.48
19110,9545,340,4,224.27,897.08
19111,9545,212,4,362.28,1449.12
19112,9546,469,3,40.12,120.36
19113,9547,237,1,296.14,296.14
19114,9547,332,3,75.84,227.52
19115,9548,237,1,20.79,20.79
19116,9549,493,5,342.87,1714.35
19117,9549,451,1,50.41,50.41
19118,9549,241,3,34.23,102.69
19119,9550,23,2,422.3,844.6
19120,9550,353,5,190.73,953.65
19121,9550,255,3,416.52,1249.56
19122,9551,396,1,481.32,481.32
19123,9551,258,2,362.33,724.66
19124,9552,100,3,277.24,831.72
19125,9552,296,4,324.14,1296.56
19126,9552,341,2,430.77,861.54
19127,9553,451,2,212.89,425.78
19128,9553,184,5,158.53,792.65
19129,9554,291,4,136.06,544.24
19130,9555,490,1,405.58,405.58
19131,9555,415,4,117.91,471.64
19132,9556,328,1,403.16,403.16
19133,9557,252,2,156.78,313.56
19134,9558,495,5,8.66,43.3
19135,9558,246,2,432.71,865.42
19136,9559,289,3,310.21,930.63
19137,9560,358,4,61.02,244.08
19138,9561,34,5,93.97,469.85
19139,9562,362,5,121.6,608.0
19140,9563,247,1,477.53,477.53
19141,9563,163,5,427.54,2137.7
19142,9563,72,5,34.47,172.35
19143,9564,387,3,118.77,356.31
19144,9565,137,3,487.54,1462.62
19145,9565,308,3,373.56,1120.68
19146,9566,69,1,417.09,417.09
19147,9566,173,4,393.26,1573.04
19148,9566,274,4,423.82,1695.28
19149,9567,288,3,122.69,368.07
19150,9567,315,3,128.14,384.42
19151,9568,435,4,147.01,588.04
19152,9569,102,5,333.44,1667.2
19153,9569,123,5,381.21,1906.05
19154,9569,254,5,50.82,254.1
19155,9570,27,2,56.25,112.5
19156,9570,134,4,232.21,928.84
19157,9570,481,3,408.05,1224.15
19158,9571,234,3,148.59,445.77
19159,9571,89,3,303.31,909.93
19160,9572,313,2,160.5,321.0
19161,9572,233,4,442.83,1771.32
19162,9572,408,5,73.65,368.25
19163,9573,334,1,414.19,414.19
19164,9573,357,3,132.56,397.68
19165,9573,342,4,343.33,1373.32
19166,9574,112,5,178.34,891.7
19167,9575,119,2,270.75,541.5
19168,9575,224,5,97.5,487.5
19169,9575,145,1,143.08,143.08
19170,9576,411,4,302.48,1209.92
19171,9576,277,4,145.29,581.16
19172,9577,380,4,426.01,1704.04
19173,9578,432,1,290.76,290.76
19174,9579,295,5,111.86,559.3
19175,9579,338,5,358.16,1790.8
19176,9580,376,2,217.91,435.82
19177,9580,349,1,226.51,226.51
19178,9581,1,4,255.72,1022.88
19179,9582,77,2,241.56,483.12
19180,9582,45,3,180.58,541.74
19181,9583,5,1,212.22,212.22
19182,9583,178,1,56.84,56.84
19183,9584,353,1,281.03,281.03
19184,9584,434,3,488.18,1464.54
19185,9584,153,2,121.19,242.38
19186,9585,386,2,119.25,238.5
19187,9585,226,2,120.83,241.66
19188,9585,96,2,162.34,324.68
19189,9586,428,5,424.42,2122.1
19190,9587,341,3,146.34,439.02
19191,9587,88,5,209.06,1045.3
19192,9588,418,1,252.21,252.21
19193,9588,424,1,382.9,382.9
19194,9589,287,5,229.86,1149.3
19195,9590,175,4,85.16,340.64
19196,9590,492,5,53.36,266.8
19197,9590,202,2,319.38,638.76
19198,9591,321,1,477.52,477.52
19199,9592,235,5,356.97,1784.85
19200,9592,387,4,284.0,1136.0
19201,9592,296,3,55.56,166.68
19202,9593,413,4,25.7,102.8
19203,9593,379,3,192.28,576.84
19204,9594,7,1,129.77,129.77
19205,9595,359,2,399.45,798.9
19206,9595,198,1,189.77,189.77
19207,9595,323,4,21.89,87.56
19208,9596,97,1,282.19,282.19
19209,9596,279,2,140.52,281.04
19210,9597,308,1,198.1,198.1
19211,9597,266,4,293.01,1172.04
19212,9598,430,5,152.39,761.95
19213,9598,104,4,66.16,264.64
19214,9599,3,4,226.68,906.72
19215,9599,243,4,282.53,1130.12
19216,9600,456,3,151.84,455.52
19217,9601,187,1,132.65,132.65
19218,9602,180,4,54.8,219.2
19219,9602,4,4,101.99,407.96
19220,9602,195,1,98.12,98.12
19221,9603,350,3,104.7,314.1
19222,9604,106,5,394.17,1970.85
19223,9604,186,4,299.71,1198.84
19224,9605,432,2,89.8,179.6
19225,9606,435,1,196.85,196.85
19226,9606,278,4,467.65,1870.6
19227,9607,38,2,471.3,942.6
19228,9608,154,5,389.94,1949.7
19229,9608,456,3,113.81,341.43
19230,9609,168,1,92.06,92.06
19231,9609,317,5,363.21,1816.05
19232,9610,228,5,156.63,783.15
19233,9611,303,4,149.84,599.36
19234,9612,133,4,357.05,1428.2
19235,9612,465,1,340.18,340.18
19236,9612,175,2,36.74,73.48
19237,9613,8,3,458.17,1374.51
19238,9614,265,4,95.81,383.24
19239,9615,145,1,215.23,215.23
19240,9615,360,2,482.46,964.92
19241,9616,333,5,69.59,347.95
19242,9617,269,1,475.59,475.59
19243,9617,302,2,469.32,938.64
19244,9617,33,3,211.39,634.17
19245,9618,202,2,306.89,613.78
19246,9619,198,1,343.18,343.18
19247,9620,73,5,68.49,342.45
19248,9620,435,4,227.35,909.4
19249,9620,109,5,261.81,1309.05
19250,9621,391,1,86.65,86.65
19251,9621,447,1,115.89,115.89
19252,9622,441,3,54.75,164.25
19253,9623,366,5,277.86,1389.3
19254,9624,46,2,470.71,941.42
19255,9624,441,4,366.02,1464.08
19256,9624,326,5,68.04,340.2
19257,9625,142,3,477.8,1433.4
19258,9626,93,3,352.84,1058.52
19259,9626,481,4,400.47,1601.88
19260,9626,401,3,206.48,619.44
19261,9627,366,2,168.91,337.82
19262,9627,320,3,222.03,666.09
19263,9627,72,4,36.82,147.28
19264,9628,395,5,116.4,582.0
19265,9628,483,1,318.77,318.77
19266,9629,466,3,158.11,474.33
19267,9630,129,4,365.69,1462.76
19268,9630,19,2,476.4,952.8
19269,9631,391,5,90.07,450.35
19270,9632,247,3,295.88,887.64
19271,9633,12,2,91.36,182.72
19272,9633,369,2,168.68,337.36
19273,9634,129,3,100.61,301.83
19274,9634,416,4,212.11,848.44
19275,9634,307,1,201.43,201.43
19276,9635,490,2,24.69,49.38
19277,9635,135,1,56.48,56.48
19278,9636,43,3,86.03,258.09
19279,9636,307,1,281.04,281.04
19280,9636,407,5,70.07,350.35
19281,9637,346,1,339.27,339.27
19282,9637,378,5,137.63,688.15
19283,9637,106,2,456.02,912.04
19284,9638,251,5,444.59,2222.95
19285,9638,231,4,166.08,664.32
19286,9638,326,5,160.91,804.55
19287,9639,10,3,168.27,504.81
19288,9640,322,4,131.31,525.24
19289,9640,262,2,365.67,731.34
19290,9640,93,3,168.93,506.79
19291,9641,387,5,17.56,87.8
19292,9641,85,2,186.11,372.22
19293,9641,496,3,237.59,712.77
19294,9642,149,5,226.96,1134.8
19295,9642,180,2,401.63,803.26
19296,9643,399,2,158.51,317.02
19297,9644,310,5,43.8,219.0
19298,9644,92,5,349.45,1747.25
19299,9644,176,1,437.94,437.94
19300,9645,258,5,194.0,970.0
19301,9645,9,1,226.18,226.18
19302,9645,183,1,34.56,34.56
19303,9646,412,1,248.19,248.19
19304,9646,44,3,18.2,54.6
19305,9646,162,1,123.54,123.54
19306,9647,118,1,441.08,441.08
19307,9648,293,3,116.89,350.67
19308,9649,126,2,187.03,374.06
19309,9649,24,1,167.35,167.35
19310,9649,274,1,133.65,133.65
19311,9650,486,2,360.74,721.48
19312,9650,454,2,30.63,61.26
19313,9651,254,1,226.94,226.94
19314,9651,419,4,337.98,1351.92
19315,9651,100,2,381.32,762.64
19316,9652,23,4,140.16,560.64
19317,9652,341,4,455.99,1823.96
19318,9653,500,1,151.98,151.98
19319,9653,71,1,149.3,149.3
19320,9654,14,1,250.75,250.75
19321,9655,325,4,302.18,1208.72
19322,9655,485,1,207.17,207.17
19323,9656,378,4,374.88,1499.52
19324,9656,383,1,485.73,485.73
19325,9657,350,3,452.64,1357.92
19326,9657,486,4,49.77,199.08
19327,9657,53,3,334.37,1003.11
19328,9658,277,2,113.91,227.82
19329,9659,450,2,74.24,148.48
19330,9659,216,1,211.14,211.14
19331,9660,486,2,88.81,177.62
19332,9660,99,1,440.1,440.1
19333,9661,323,4,415.12,1660.48
19334,9661,133,1,295.69,295.69
19335,9662,161,5,278.11,1390.55
19336,9662,177,4,448.89,1795.56
19337,9662,64,1,447.03,447.03
19338,9663,274,2,150.09,300.18
19339,9664,53,4,35.54,142.16
19340,9664,172,5,133.87,669.35
19341,9664,74,4,328.8,1315.2
19342,9665,461,2,252.13,504.26
19343,9665,145,3,449.0,1347.0
19344,9665,159,1,47.53,47.53
19345,9666,482,3,457.18,1371.54
19346,9666,354,5,35.49,177.45
19347,9667,83,2,199.71,399.42
19348,9667,80,3,479.07,1437.21
19349,9668,169,5,493.65,2468.25
19350,9669,343,4,258.12,1032.48
19351,9669,288,5,163.15,815.75
19352,9670,489,4,105.39,421.56
19353,9671,492,2,31.41,62.82
19354,9671,145,1,468.75,468.75
19355,9672,474,5,125.83,629.15
19356,9672,177,1,105.21,105.21
19357,9672,45,4,157.57,630.28
19358,9673,287,4,216.98,867.92
19359,9673,489,4,459.49,1837.96
19360,9674,365,3,170.61,511.83
19361,9674,95,5,129.24,646.2
19362,9674,192,1,471.2,471.2
19363,9675,184,2,285.48,570.96
19364,9676,181,3,231.72,695.16
19365,9677,156,1,31.7,31.7
19366,9677,58,5,309.81,1549.05
19367,9678,78,3,362.59,1087.77
19368,9678,448,5,120.19,600.95
19369,9678,251,1,241.67,241.67
19370,9679,39,5,408.79,2043.95
19371,9679,69,1,87.9,87.9
19372,9680,491,4,128.82,515.28
19373,9680,380,1,50.37,50.37
19374,9681,37,3,163.3,489.9
19375,9681,338,4,176.56,706.24
19376,9681,8,1,471.9,471.9
19377,9682,188,5,362.21,1811.05
19378,9682,81,3,461.51,1384.53
19379,9682,204,5,477.11,2385.55
19380,9683,389,4,474.52,1898.08
19381,9683,362,3,368.04,1104.12
19382,9683,76,1,466.07,466.07
19383,9684,447,5,80.77,403.85
19384,9685,9,4,136.14,544.56
19385,9685,8,4,342.39,1369.56
19386,9686,183,4,426.34,1705.36
19387,9687,139,2,101.99,203.98
19388,9687,93,5,271.19,1355.95
19389,9688,315,2,388.41,776.82
19390,9688,363,3,320.64,961.92
19391,9689,377,4,371.04,1484.16
19392,9689,481,5,345.84,1729.2
19393,9689,400,1,382.38,382.38
19394,9690,472,5,330.49,1652.45
19395,9690,149,1,249.26,249.26
19396,9691,272,5,217.18,1085.9
19397,9691,385,5,381.68,1908.4
19398,9692,258,5,77.22,386.1
19399,9692,211,3,277.95,833.85
19400,9693,338,4,484.52,1938.08
19401,9693,457,4,400.51,1602.04
19402,9693,286,1,136.62,136.62
19403,9694,319,3,347.5,1042.5
19404,9694,357,2,258.52,517.04
19405,9694,422,3,462.35,1387.05
19406,9695,367,4,303.3,1213.2
19407,9695,90,3,106.15,318.45
19408,9695,193,3,362.7,1088.1
19409,9696,356,5,197.87,989.35
19410,9696,102,3,248.38,745.14
19411,9696,142,5,290.38,1451.9
19412,9697,299,2,449.89,899.78
19413,9697,85,5,161.29,806.45
19414,9698,422,1,321.98,321.98
19415,9698,167,4,398.69,1594.76
19416,9698,440,2,346.38,692.76
19417,9699,491,5,116.2,581.0
19418,9700,136,1,152.68,152.68
19419,9700,281,1,327.99,327.99
19420,9700,255,2,97.45,194.9
19421,9701,239,1,33.05,33.05
19422,9702,357,5,16.65,83.25
19423,9703,335,2,407.55,815.1
19424,9703,71,1,30.49,30.49
19425,9703,2,5,396.59,1982.95
19426,9704,442,1,246.08,246.08
19427,9704,2,2,161.07,322.14
19428,9704,363,1,13.66,13.66
19429,9705,3,1,381.21,381.21
19430,9706,427,4,482.95,1931.8
19431,9707,462,2,434.93,869.86
19432,9707,262,1,487.72,487.72
19433,9707,342,3,34.72,104.16
19434,9708,95,4,301.12,1204.48
19435,9709,412,2,403.42,806.84
19436,9709,138,1,198.73,198.73
19437,9709,152,5,145.25,726.25
19438,9710,48,5,493.82,2469.1
19439,9710,74,2,262.65,525.3
19440,9710,212,2,115.26,230.52
19441,9711,184,5,12.55,62.75
19442,9712,275,2,157.01,314.02
19443,9712,218,4,387.98,1551.92
19444,9712,124,3,315.56,946.68
19445,9713,40,4,413.64,1654.56
19446,9713,268,1,262.7,262.7
19447,9713,346,5,431.7,2158.5
19448,9714,468,5,467.91,2339.55
19449,9714,362,5,344.94,1724.7
19450,9715,425,4,339.67,1358.68
19451,9716,197,4,55.02,220.08
19452,9716,258,5,309.62,1548.1
19453,9716,222,4,47.1,188.4
19454,9717,202,2,62.4,124.8
19455,9718,318,3,358.37,1075.11
19456,9718,487,5,55.37,276.85
19457,9718,5,3,441.26,1323.78
19458,9719,238,1,167.45,167.45
19459,9720,268,4,288.71,1154.84
19460,9720,448,1,432.71,432.71
19461,9721,281,1,109.86,109.86
19462,9721,267,5,414.53,2072.65
19463,9722,212,5,231.06,1155.3
19464,9722,350,2,145.03,290.06
19465,9723,239,1,445.57,445.57
19466,9723,42,1,283.96,283.96
19467,9723,365,1,39.83,39.83
19468,9724,483,3,393.9,1181.7
19469,9724,370,1,61.67,61.67
19470,9724,142,3,454.64,1363.92
19471,9725,459,5,74.3,371.5
19472,9725,57,4,121.55,486.2
19473,9725,465,4,294.14,1176.56
19474,9726,24,2,348.35,696.7
19475,9726,359,4,37.8,151.2
19476,9726,87,4,235.42,941.68
19477,9727,408,4,454.99,1819.96
19478,9727,225,2,398.37,796.74
19479,9728,339,5,94.49,472.45
19480,9728,119,2,100.49,200.98
19481,9729,280,2,167.13,334.26
19482,9729,471,5,240.01,1200.05
19483,9730,99,1,399.91,399.91
19484,9730,435,4,159.2,636.8
19485,9731,259,1,273.34,273.34
19486,9731,459,4,269.11,1076.44
19487,9732,203,3,142.12,426.36
19488,9733,264,5,423.42,2117.1
19489,9733,128,5,250.27,1251.35
19490,9733,188,1,9.15,9.15
19491,9734,431,3,168.12,504.36
19492,9734,140,5,80.84,404.2
19493,9735,9,2,411.84,823.68
19494,9735,18,5,459.22,2296.1
19495,9735,54,4,255.85,1023.4
19496,9736,104,1,398.94,398.94
19497,9736,238,4,451.61,1806.44
19498,9737,196,5,362.08,1810.4
19499,9738,473,3,290.88,872.64
19500,9738,34,2,343.52,687.04
19501,9738,130,2,380.4,760.8
19502,9739,367,3,413.62,1240.86
19503,9739,228,3,381.16,1143.48
19504,9740,7,4,330.22,1320.88
19505,9740,194,4,360.96,1443.84
19506,9741,276,1,290.24,290.24
19507,9741,238,5,133.65,668.25
19508,9742,172,5,381.86,1909.3
19509,9742,334,1,152.36,152.36
19510,9743,333,1,413.92,413.92
19511,9744,177,4,69.52,278.08
19512,9744,388,5,345.51,1727.55
19513,9745,497,2,471.35,942.7
19514,9746,385,2,84.06,168.12
19515,9746,38,5,357.06,1785.3
19516,9746,165,4,370.85,1483.4
19517,9747,182,1,443.83,443.83
19518,9747,316,5,300.89,1504.45
19519,9747,366,3,437.32,1311.96
19520,9748,482,3,82.73,248.19
19521,9748,405,3,359.9,1079.7
19522,9748,98,1,123.82,123.82
19523,9749,45,4,249.26,997.04
19524,9749,197,3,269.16,807.48
19525,9750,145,5,34.21,171.05
19526,9750,27,5,262.17,1310.85
19527,9751,321,1,175.91,175.91
19528,9752,443,2,416.24,832.48
19529,9753,480,4,180.41,721.64
19530,9753,339,4,387.82,1551.28
19531,9753,222,2,230.23,460.46
19532,9754,480,4,124.81,499.24
19533,9755,269,4,162.99,651.96
19534,9755,156,5,33.22,166.1
19535,9755,22,1,396.34,396.34
19536,9756,472,5,370.04,1850.2
19537,9756,143,3,90.75,272.25
19538,9757,246,4,29.6,118.4
19539,9758,399,2,10.06,20.12
19540,9758,208,4,28.33,113.32
19541,9758,193,4,17.57,70.28
19542,9759,257,5,264.79,1323.95
19543,9759,415,2,38.36,76.72
19544,9759,235,5,180.21,901.05
19545,9760,205,1,70.22,70.22
19546,9760,299,3,250.3,750.9
19547,9761,75,3,364.31,1092.93
19548,9761,266,5,348.51,1742.55
19549,9762,460,3,88.02,264.06
19550,9763,497,2,312.05,624.1
19551,9764,220,5,98.79,493.95
19552,9764,103,3,435.61,1306.83
19553,9764,430,2,192.68,385.36
19554,9765,330,1,56.32,56.32
19555,9765,415,4,266.93,1067.72
19556,9765,300,3,68.39,205.17
19557,9766,226,3,238.97,716.91
19558,9766,405,5,406.99,2034.95
19559,9766,58,1,372.85,372.85
19560,9767,338,1,214.42,214.42
19561,9768,235,5,333.59,1667.95
19562,9768,35,1,150.56,150.56
19563,9769,147,3,29.24,87.72
19564,9770,160,2,488.73,977.46
19565,9771,381,2,9.69,19.38
19566,9772,162,4,262.71,1050.84
19567,9773,38,2,406.52,813.04
19568,9774,61,2,229.97,459.94
19569,9774,215,2,246.46,492.92
19570,9775,57,3,473.28,1419.84
19571,9775,242,2,499.85,999.7
19572,9775,2,5,243.75,1218.75
19573,9776,209,2,46.11,92.22
19574,9777,236,5,407.79,2038.95
19575,9777,178,1,18.31,18.31
19576,9777,450,5,80.9,404.5
19577,9778,401,1,321.08,321.08
19578,9779,190,1,321.46,321.46
19579,9779,228,5,331.87,1659.35
19580,9779,340,3,21.56,64.68
19581,9780,265,4,461.31,1845.24
19582,9780,320,2,236.08,472.16
19583,9781,417,4,391.29,1565.16
19584,9782,220,3,395.01,1185.03
19585,9783,23,1,183.6,183.6
19586,9783,56,4,219.24,876.96
19587,9783,346,2,219.79,439.58
19588,9784,352,2,416.83,833.66
19589,9785,397,3,331.48,994.44
19590,9785,87,1,280.7,280.7
19591,9785,398,4,233.28,933.12
19592,9786,348,1,369.77,369.77
19593,9786,475,5,174.16,870.8
19594,9787,86,5,281.39,1406.95
19595,9787,256,4,9.71,38.84
19596,9788,226,2,97.09,194.18
19597,9789,445,4,129.97,519.88
19598,9790,330,1,148.67,148.67
19599,9790,240,2,390.02,780.04
19600,9790,74,4,235.0,940.0
19601,9791,208,1,272.43,272.43
19602,9792,171,2,194.39,388.78
19603,9792,122,5,139.55,697.75
19604,9793,181,4,348.24,1392.96
19605,9793,32,5,190.36,951.8
19606,9794,499,3,164.33,492.99
19607,9794,335,2,73.6,147.2
19608,9794,431,3,157.27,471.81
19609,9795,276,1,492.53,492.53
19610,9796,271,4,258.03,1032.12
19611,9797,132,1,497.24,497.24
19612,9797,35,2,441.72,883.44
19613,9798,338,5,129.95,649.75
19614,9799,146,1,442.14,442.14
19615,9799,489,2,454.03,908.06
19616,9799,151,1,52.39,52.39
19617,9800,79,4,247.6,990.4
19618,9800,153,5,324.15,1620.75
19619,9801,101,1,59.51,59.51
19620,9801,217,2,119.21,238.42
19621,9802,265,5,342.31,1711.55
19622,9803,237,1,140.33,140.33
19623,9803,133,4,356.2,1424.8
19624,9803,291,5,320.87,1604.35
19625,9804,349,3,456.09,1368.27
19626,9805,481,5,179.04,895.2
19627,9805,130,3,492.41,1477.23
19628,9806,104,5,475.44,2377.2
19629,9807,150,2,369.42,738.84
19630,9807,141,4,434.47,1737.88
19631,9807,20,2,495.97,991.94
19632,9808,424,3,131.08,393.24
19633,9809,17,2,99.05,198.1
19634,9809,80,4,304.83,1219.32
19635,9809,303,5,12.07,60.35
19636,9810,221,5,11.91,59.55
19637,9810,108,2,213.71,427.42
19638,9810,83,2,482.22,964.44
19639,9811,16,3,473.52,1420.56
19640,9811,403,1,298.9,298.9
19641,9811,33,2,251.59,503.18
19642,9812,420,5,443.02,2215.1
19643,9813,179,1,188.81,188.81
19644,9813,263,1,278.97,278.97
19645,9813,368,2,20.76,41.52
19646,9814,299,5,165.98,829.9
19647,9814,152,1,232.35,232.35
19648,9815,203,2,248.34,496.68
19649,9815,154,4,190.25,761.0
19650,9816,213,4,117.82,471.28
19651,9816,264,2,316.32,632.64
19652,9817,430,4,202.77,811.08
19653,9818,126,2,466.01,932.02
19654,9818,96,4,55.13,220.52
19655,9819,134,1,452.72,452.72
19656,9819,358,5,477.37,2386.85
19657,9820,130,1,238.1,238.1
19658,9821,333,5,428.52,2142.6
19659,9821,23,4,439.59,1758.36
19660,9822,290,4,265.9,1063.6
19661,9822,153,5,188.02,940.1
19662,9822,189,1,236.08,236.08
19663,9823,82,2,110.65,221.3
19664,9823,488,3,182.91,548.73
19665,9824,42,3,41.11,123.33
19666,9824,8,2,495.45,990.9
19667,9825,233,2,13.01,26.02
19668,9825,76,3,380.27,1140.81
19669,9826,405,5,110.58,552.9
19670,9827,66,5,272.0,1360.0
19671,9827,487,3,489.73,1469.19
19672,9828,491,4,297.74,1190.96
19673,9828,97,2,292.95,585.9
19674,9829,124,3,18.93,56.79
19675,9830,368,4,198.75,795.0
19676,9830,442,2,327.37,654.74
19677,9830,377,4,279.82,1119.28
19678,9831,14,2,265.93,531.86
19679,9831,57,3,336.78,1010.34
19680,9831,249,4,175.69,702.76
19681,9832,123,2,229.14,458.28
19682,9832,489,3,149.23,447.69
19683,9833,5,4,156.42,625.68
19684,9833,297,3,170.41,511.23
19685,9833,86,4,196.67,786.68
19686,9834,139,3,64.01,192.03
19687,9834,316,4,107.59,430.36
19688,9834,211,3,246.56,739.68
19689,9835,13,4,401.95,1607.8
19690,9835,36,3,100.65,301.95
19691,9836,42,5,28.28,141.4
19692,9837,117,1,273.67,273.67
19693,9838,185,4,492.15,1968.6
19694,9838,321,2,129.61,259.22
19695,9838,384,3,105.09,315.27
19696,9839,243,3,86.31,258.93
19697,9839,352,2,445.15,890.3
19698,9840,100,5,441.65,2208.25
19699,9841,23,2,406.93,813.86
19700,9842,484,3,194.82,584.46
19701,9842,339,4,445.62,1782.48
19702,9842,283,5,202.55,1012.75
19703,9843,387,2,230.5,461.0
19704,9844,163,2,36.82,73.64
19705,9845,483,4,462.45,1849.8
19706,9845,206,4,340.09,1360.36
19707,9845,96,5,25.62,128.1
19708,9846,488,2,5.86,11.72
19709,9846,103,3,398.39,1195.17
19710,9847,160,3,366.27,1098.81
19711,9847,44,3,58.56,175.68
19712,9848,143,4,396.11,1584.44
19713,9849,144,2,153.57,307.14
19714,9849,105,5,21.26,106.3
19715,9850,392,2,108.41,216.82
19716,9850,18,2,410.3,820.6
19717,9851,185,3,40.22,120.66
19718,9851,485,2,245.26,490.52
19719,9851,158,2,137.2,274.4
19720,9852,67,2,278.63,557.26
19721,9852,177,4,223.06,892.24
19722,9852,155,4,410.85,1643.4
19723,9853,42,1,73.79,73.79
19724,9853,252,5,415.59,2077.95
19725,9854,492,4,302.72,1210.88
19726,9855,471,5,185.61,928.05
19727,9855,457,4,392.51,1570.04
19728,9855,24,3,56.67,170.01
19729,9856,365,3,139.06,417.18
19730,9856,416,5,281.95,1409.75
19731,9856,316,5,114.15,570.75
19732,9857,492,1,307.98,307.98
19733,9857,456,5,166.59,832.95
19734,9858,470,1,265.46,265.46
19735,9858,410,5,253.47,1267.35
19736,9858,348,4,294.99,1179.96
19737,9859,69,5,439.96,2199.8
19738,9859,319,1,443.17,443.17
19739,9860,324,1,390.92,390.92
19740,9860,342,2,310.27,620.54
19741,9861,234,1,128.71,128.71
19742,9861,192,3,139.14,417.42
19743,9861,400,2,168.68,337.36
19744,9862,101,5,77.15,385.75
19745,9862,203,2,25.64,51.28
19746,9863,309,1,349.1,349.1
19747,9863,90,1,42.18,42.18
19748,9863,408,2,189.31,378.62
19749,9864,299,2,52.06,104.12
19750,9864,3,2,119.23,238.46
19751,9864,92,3,17.81,53.43
19752,9865,363,4,364.46,1457.84
19753,9866,119,4,64.93,259.72
19754,9866,45,1,187.91,187.91
19755,9867,185,5,353.21,1766.05
19756,9867,436,4,263.19,1052.76
19757,9867,178,5,345.24,1726.2
19758,9868,118,5,229.92,1149.6
19759,9869,119,1,219.7,219.7
19760,9869,153,5,225.14,1125.7
19761,9870,380,5,230.02,1150.1
19762,9870,41,3,481.81,1445.43
19763,9871,413,1,30.44,30.44
19764,9871,65,5,447.89,2239.45
19765,9872,204,3,62.18,186.54
19766,9873,468,3,106.02,318.06
19767,9873,219,2,151.01,302.02
19768,9874,309,2,246.28,492.56
19769,9875,490,1,221.98,221.98
19770,9876,268,3,28.53,85.59
19771,9876,118,4,175.65,702.6
19772,9876,415,5,235.96,1179.8
19773,9877,390,4,394.95,1579.8
19774,9877,476,5,111.41,557.05
19775,9877,211,1,386.83,386.83
19776,9878,234,3,364.82,1094.46
19777,9878,468,1,114.85,114.85
19778,9879,431,4,26.94,107.76
19779,9879,317,5,493.46,2467.3
19780,9879,451,5,401.5,2007.5
19781,9880,181,4,243.73,974.92
19782,9880,395,2,437.64,875.28
19783,9880,244,4,382.04,1528.16
19784,9881,13,4,137.16,548.64
19785,9881,64,3,101.19,303.57
19786,9881,415,2,414.53,829.06
19787,9882,228,3,272.99,818.97
19788,9882,236,4,302.24,1208.96
19789,9883,324,2,287.96,575.92
19790,9884,37,4,25.87,103.48
19791,9884,212,5,474.22,2371.1
19792,9885,353,2,366.61,733.22
19793,9886,139,2,42.67,85.34
19794,9886,299,1,368.11,368.11
19795,9887,179,3,119.5,358.5
19796,9887,121,4,291.88,1167.52
19797,9887,426,1,329.19,329.19
19798,9888,477,1,466.73,466.73
19799,9888,417,4,414.96,1659.84
19800,9889,464,4,119.23,476.92
19801,9890,359,5,268.51,1342.55
19802,9890,307,2,111.36,222.72
19803,9890,219,1,497.3,497.3
19804,9891,144,1,365.95,365.95
19805,9892,330,1,479.65,479.65
19806,9892,278,3,404.48,1213.44
19807,9892,340,2,99.3,198.6
19808,9893,199,4,379.39,1517.56
19809,9893,238,2,239.09,478.18
19810,9894,314,3,153.07,459.21
19811,9894,336,3,40.49,121.47
19812,9895,398,2,35.28,70.56
19813,9896,238,5,140.99,704.95
19814,9897,267,2,331.34,662.68
19815,9898,208,5,218.13,1090.65
19816,9899,268,2,381.65,763.3
19817,9899,283,2,130.35,260.7
19818,9899,222,2,486.96,973.92
19819,9900,100,1,104.99,104.99
19820,9901,198,2,185.42,370.84
19821,9901,221,2,390.82,781.64
19822,9901,319,4,282.04,1128.16
19823,9902,248,4,128.2,512.8
19824,9903,27,3,335.64,1006.92
19825,9903,439,5,213.27,1066.35
19826,9903,83,4,157.6,630.4
19827,9904,107,2,476.32,952.64
19828,9905,213,3,172.88,518.64
19829,9905,128,1,92.76,92.76
19830,9905,241,3,109.85,329.55
19831,9906,327,3,323.36,970.08
19832,9906,413,2,465.25,930.5
19833,9906,268,1,16.44,16.44
19834,9907,425,2,269.4,538.8
19835,9907,225,3,324.75,974.25
19836,9907,132,5,221.2,1106.0
19837,9908,407,1,221.37,221.37
19838,9909,473,3,374.2,1122.6
19839,9910,449,3,413.74,1241.22
19840,9911,339,2,180.79,361.58
19841,9912,249,5,270.38,1351.9
19842,9912,3,3,134.69,404.07
19843,9912,200,1,306.18,306.18
19844,9913,333,2,416.94,833.88
19845,9914,265,3,317.65,952.95
19846,9914,278,2,415.59,831.18
19847,9914,454,5,407.94,2039.7
19848,9915,192,2,382.96,765.92
19849,9916,156,1,254.04,254.04
19850,9917,460,4,465.07,1860.28
19851,9917,489,1,52.44,52.44
19852,9918,76,5,429.08,2145.4
19853,9918,261,1,216.88,216.88
19854,9918,415,1,126.26,126.26
19855,9919,147,4,11.69,46.76
19856,9920,471,5,342.8,1714.0
19857,9920,164,1,439.57,439.57
19858,9921,292,5,200.16,1000.8
19859,9922,421,4,101.79,407.16
19860,9922,111,3,75.51,226.53
19861,9923,139,5,53.26,266.3
19862,9923,496,3,306.02,918.06
19863,9923,16,1,152.11,152.11
19864,9924,368,1,44.26,44.26
19865,9924,174,2,209.09,418.18
19866,9924,389,4,143.05,572.2
19867,9925,105,4,241.78,967.12
19868,9926,85,2,384.02,768.04
19869,9926,482,4,386.82,1547.28
19870,9927,251,1,26.09,26.09
19871,9927,211,3,335.21,1005.63
19872,9928,185,3,442.62,1327.86
19873,9928,11,2,283.8,567.6
19874,9928,375,1,230.6,230.6
19875,9929,135,2,209.5,419.0
19876,9929,349,5,406.27,2031.35
19877,9930,314,1,239.38,239.38
19878,9930,210,4,274.0,1096.0
19879,9930,167,3,256.84,770.52
19880,9931,423,3,300.73,902.19
19881,9931,460,5,28.34,141.7
19882,9931,483,1,225.05,225.05
19883,9932,264,5,202.35,1011.75
19884,9932,399,2,181.56,363.12
19885,9933,254,3,9.89,29.67
19886,9934,411,3,456.44,1369.32
19887,9935,330,3,77.95,233.85
19888,9936,421,1,293.33,293.33
19889,9936,457,4,146.5,586.0
19890,9936,74,1,177.27,177.27
19891,9937,90,3,231.15,693.45
19892,9938,127,4,373.72,1494.88
19893,9938,247,5,293.14,1465.7
19894,9938,7,2,465.53,931.06
19895,9939,252,4,361.39,1445.56
19896,9939,284,2,115.51,231.02
19897,9940,61,1,273.34,273.34
19898,9940,324,2,242.3,484.6
19899,9940,56,3,234.76,704.28
19900,9941,307,4,232.42,929.68
19901,9942,423,4,111.87,447.48
19902,9942,164,5,27.11,135.55
19903,9942,51,1,110.47,110.47
19904,9943,475,3,7.92,23.76
19905,9943,416,3,48.35,145.05
19906,9944,278,3,134.84,404.52
19907,9945,396,5,360.52,1802.6
19908,9946,459,5,300.87,1504.35
19909,9946,483,4,45.17,180.68
19910,9946,477,4,108.62,434.48
19911,9947,44,4,119.88,479.52
19912,9947,20,4,304.18,1216.72
19913,9947,35,5,185.56,927.8
19914,9948,291,3,22.21,66.63
19915,9949,29,4,66.28,265.12
19916,9949,464,2,253.47,506.94
19917,9950,353,5,55.67,278.35
19918,9951,4,5,230.61,1153.05
19919,9951,307,2,473.5,947.0
19920,9952,277,4,435.46,1741.84
19921,9953,397,2,408.86,817.72
19922,9954,299,1,137.33,137.33
19923,9955,217,1,409.91,409.91
19924,9955,483,4,462.37,1849.48
19925,9956,436,4,307.95,1231.8
19926,9956,303,3,90.52,271.56
19927,9956,38,5,136.67,683.35
19928,9957,463,5,442.71,2213.55
19929,9957,183,5,34.68,173.4
19930,9957,74,4,174.68,698.72
19931,9958,277,3,225.63,676.89
19932,9959,145,3,211.02,633.06
19933,9959,215,3,471.55,1414.65
19934,9959,110,1,248.88,248.88
19935,9960,346,5,125.26,626.3
19936,9961,46,3,429.07,1287.21
19937,9962,83,5,37.84,189.2
19938,9963,131,4,97.91,391.64
19939,9964,116,2,134.13,268.26
19940,9964,84,3,299.86,899.58
19941,9965,246,4,290.34,1161.36
19942,9965,334,1,443.66,443.66
19943,9966,435,1,384.27,384.27
19944,9966,165,4,103.67,414.68
19945,9966,450,1,135.55,135.55
19946,9967,447,4,428.98,1715.92
19947,9968,88,4,266.13,1064.52
19948,9969,94,1,344.6,344.6
19949,9969,190,2,26.55,53.1
19950,9969,376,1,375.07,375.07
19951,9970,145,4,84.05,336.2
19952,9971,89,2,312.29,624.58
19953,9971,154,5,457.14,2285.7
19954,9972,76,1,488.11,488.11
19955,9972,266,3,248.52,745.56
19956,9973,307,2,39.15,78.3
19957,9974,466,2,409.59,819.18
19958,9974,116,4,305.82,1223.28
19959,9974,237,4,172.93,691.72
19960,9975,74,4,496.27,1985.08
19961,9975,449,2,300.99,601.98
19962,9975,10,1,439.79,439.79
19963,9976,380,2,406.7,813.4
19964,9977,454,5,41.73,208.65
19965,9977,342,2,81.04,162.08
19966,9978,483,4,161.37,645.48
19967,9978,285,1,274.59,274.59
19968,9979,104,3,334.91,1004.73
19969,9979,98,5,481.26,2406.3
19970,9980,274,2,99.23,198.46
19971,9981,296,5,187.54,937.7
19972,9981,187,3,165.9,497.7
19973,9981,20,3,299.74,899.22
19974,9982,186,1,244.68,244.68
19975,9983,364,3,175.31,525.93
19976,9983,72,5,207.71,1038.55
19977,9984,472,4,124.42,497.68
19978,9985,121,1,421.51,421.51
19979,9985,299,3,251.64,754.92
19980,9986,268,1,198.46,198.46
19981,9987,352,4,402.15,1608.6
19982,9987,290,5,153.24,766.2
19983,9987,266,1,426.02,426.02
19984,9988,344,2,422.03,844.06
19985,9988,196,2,326.99,653.98
19986,9989,243,4,69.32,277.28
19987,9989,327,5,136.87,684.35
19988,9990,157,2,312.23,624.46
19989,9990,298,4,300.97,1203.88
19990,9990,38,2,157.03,314.06
19991,9991,418,4,158.13,632.52
19992,9991,425,2,112.7,225.4
19993,9991,148,1,318.67,318.67
19994,9992,32,4,400.02,1600.08
19995,9993,431,4,20.52,82.08
19996,9994,278,2,63.51,127.02
19997,9995,84,3,483.34,1450.02
19998,9996,478,1,459.03,459.03
19999,9997,382,2,495.37,990.74
20000,9997,258,3,247.82,743.46
20001,9998,125,1,280.78,280.78
20002,9998,312,4,50.28,201.12
20003,9998,183,3,260.2,780.6
20004,9999,36,3,63.12,189.36
20005,9999,144,2,436.63,873.26
20006,10000,428,2,462.46,924.92
20007,10000,199,1,61.13,61.13
20008,10000,423,5,181.94,909.7
