transaction_id,customer_id,transaction_date,payment_method
1,557,2025-10-07,Net Banking
2,368,2025-11-21,UPI
3,166,2025-09-03,Net Banking
4,448,2025-04-14,Debit Card
5,496,2025-11-21,Cash
6,803,2025-06-25,Net Banking
7,190,2025-11-10,Debit Card
8,540,2025-09-05,Cash
9,898,2025-09-17,Net Banking
10,961,2025-10-16,UPI
11,733,2025-12-08,Debit Card
12,140,2025-06-03,Debit Card
13,851,2025-11-29,UPI
14,864,2025-10-29,UPI
15,522,2025-08-14,Credit Card
16,860,2025-07-23,Net Banking
17,917,2025-03-07,Cash
18,622,2025-03-01,Debit Card
19,612,2025-09-20,Credit Card
20,888,2025-04-21,Credit Card
21,306,2025-02-09,Net Banking
22,699,2025-01-01,Credit Card
23,578,2025-09-29,Credit Card
24,135,2025-04-22,UPI
25,894,2025-08-04,Cash
26,928,2025-03-01,UPI
27,739,2025-02-05,UPI
28,986,2025-06-10,Credit Card
29,987,2025-06-15,UPI
30,633,2025-05-15,UPI
31,953,2025-01-10,UPI
32,449,2025-10-19,Cash
33,705,2025-09-21,UPI
34,872,2025-08-31,Debit Card
35,732,2025-10-18,Net Banking
36,357,2025-10-13,UPI
37,732,2025-06-17,Debit Card
38,543,2025-04-15,Debit Card
39,197,2025-04-18,UPI
40,13,2025-02-12,Cash
41,974,2025-06-14,Net Banking
42,721,2025-06-22,Credit Card
43,306,2024-12-30,Cash
44,646,2025-12-03,Debit Card
45,947,2025-03-12,Debit Card
46,176,2025-11-18,UPI
47,918,2025-07-27,Net Banking
48,401,2025-02-28,Cash
49,389,2025-02-15,Net Banking
50,476,2025-01-22,Cash
51,57,2025-02-26,Cash
52,23,2025-05-11,UPI
53,919,2025-11-26,Cash
54,209,2025-02-24,Net Banking
55,961,2025-07-29,Debit Card
56,402,2025-04-05,Credit Card
57,720,2025-04-07,UPI
58,483,2025-04-12,Cash
59,353,2025-03-30,Cash
60,569,2025-09-26,UPI
61,326,2025-10-14,UPI
62,344,2025-02-15,UPI
63,136,2025-03-02,Cash
64,658,2025-08-07,Credit Card
65,743,2025-12-02,Credit Card
66,627,2025-05-18,UPI
67,439,2025-12-03,Debit Card
68,306,2025-08-06,Debit Card
69,888,2025-05-12,Debit Card
70,930,2025-03-08,UPI
71,704,2025-11-30,Cash
72,996,2025-10-01,UPI
73,247,2025-08-28,Cash
74,277,2025-10-19,Credit Card
75,925,2025-01-17,Credit Card
76,606,2025-03-07,Credit Card
77,924,2025-04-30,Credit Card
78,103,2025-03-29,Cash
79,884,2025-05-18,Cash
80,567,2025-08-29,Net Banking
81,530,2025-04-06,Debit Card
82,309,2025-08-01,Cash
83,908,2025-09-26,Cash
84,117,2025-04-19,UPI
85,958,2025-05-03,Cash
86,364,2025-08-11,Cash
87,68,2025-07-14,UPI
88,276,2025-10-31,Credit Card
89,778,2025-11-26,Credit Card
90,831,2025-05-02,UPI
91,358,2025-11-14,UPI
92,782,2025-11-25,Net Banking
93,781,2025-03-31,UPI
94,427,2025-12-15,Net Banking
95,899,2025-05-17,Credit Card
96,948,2025-08-22,Credit Card
97,576,2025-12-22,Net Banking
98,81,2025-11-03,Debit Card
99,602,2025-11-05,Cash
100,968,2025-01-28,Credit Card
101,479,2025-02-06,Debit Card
102,189,2025-12-12,Debit Card
103,816,2025-02-12,Cash
104,396,2025-11-10,Credit Card
105,285,2025-05-13,UPI
106,194,2025-11-03,Net Banking
107,801,2025-05-17,Credit Card
108,518,2025-11-28,Credit Card
109,776,2025-01-01,Net Banking
110,132,2025-12-20,Cash
111,348,2025-10-02,Debit Card
112,434,2025-03-08,Cash
113,497,2025-09-23,UPI
114,797,2025-12-07,Net Banking
115,567,2025-07-12,Net Banking
116,380,2025-01-22,Debit Card
117,826,2025-08-09,UPI
118,902,2025-04-22,Debit Card
119,619,2025-09-21,Debit Card
120,576,2025-12-13,Credit Card
121,310,2025-02-12,Debit Card
122,291,2025-11-07,Credit Card
123,387,2025-04-04,Cash
124,767,2025-06-17,Cash
125,926,2025-09-13,UPI
126,885,2025-08-10,Debit Card
127,454,2025-04-13,Credit Card
128,32,2025-04-20,Credit Card
129,714,2025-10-27,Debit Card
130,822,2025-01-20,Net Banking
131,431,2025-04-11,Net Banking
132,41,2025-01-27,Debit Card
133,67,2025-02-21,Net Banking
134,98,2025-11-18,Debit Card
135,657,2025-02-09,Credit Card
136,898,2025-08-29,Net Banking
137,370,2025-06-27,UPI
138,92,2025-04-07,Cash
139,947,2025-01-27,Credit Card
140,558,2025-06-15,Cash
141,591,2025-05-24,Credit Card
142,369,2025-03-01,Credit Card
143,774,2025-10-15,Net Banking
144,982,2025-08-01,Cash
145,597,2025-08-19,Cash
146,742,2025-01-25,Credit Card
147,110,2025-11-08,Net Banking
148,98,2025-02-21,UPI
149,6,2025-09-18,UPI
150,542,2025-11-22,Cash
151,340,2025-03-04,Net Banking
152,795,2025-05-18,Net Banking
153,526,2025-11-27,Net Banking
154,540,2025-12-15,Net Banking
155,546,2025-12-07,Net Banking
156,625,2025-12-24,Cash
157,638,2025-08-27,Net Banking
158,993,2025-12-23,Debit Card
159,393,2025-12-23,UPI
160,759,2025-02-14,Debit Card
161,744,2025-04-25,Debit Card
162,997,2025-02-21,Cash
163,977,2025-01-28,Cash
164,685,2025-01-28,Net Banking
165,921,2025-02-26,Net Banking
166,646,2025-11-18,Cash
167,232,2025-10-17,Debit Card
168,310,2025-02-19,Credit Card
169,360,2025-02-25,Debit Card
170,105,2025-01-07,Debit Card
171,355,2025-04-14,Credit Card
172,763,2025-03-13,Cash
173,15,2025-11-18,Debit Card
174,407,2025-10-24,Debit Card
175,31,2025-12-01,Credit Card
176,315,2025-05-05,Debit Card
177,1000,2025-04-16,Cash
178,456,2025-10-31,Debit Card
179,609,2025-04-19,Debit Card
180,730,2025-02-04,UPI
181,673,2025-08-11,Net Banking
182,24,2025-08-03,Debit Card
183,228,2025-12-25,Cash
184,331,2025-03-21,Credit Card
185,640,2025-01-20,Cash
186,184,2025-05-21,Net Banking
187,926,2025-07-19,Credit Card
188,974,2025-11-06,Credit Card
189,355,2025-12-08,Cash
190,952,2025-04-12,Net Banking
191,97,2025-07-24,Net Banking
192,731,2025-04-03,UPI
193,518,2025-08-20,Net Banking
194,263,2025-11-25,UPI
195,752,2025-05-16,Cash
196,797,2025-03-06,Net Banking
197,79,2025-05-23,Net Banking
198,857,2025-04-13,Cash
199,985,2025-10-05,Net Banking
200,879,2025-07-20,Net Banking
201,952,2025-03-19,Credit Card
202,889,2025-03-04,Net Banking
203,133,2025-03-30,Credit Card
204,794,2025-07-29,Net Banking
205,984,2025-04-07,Net Banking
206,647,2025-01-26,Credit Card
207,489,2025-01-14,Credit Card
208,797,2025-01-10,Net Banking
209,93,2025-10-13,Credit Card
210,320,2025-03-17,Debit Card
211,21,2025-06-08,UPI
212,786,2025-05-20,UPI
213,779,2025-05-22,UPI
214,207,2025-03-26,Credit Card
215,862,2025-06-04,Debit Card
216,541,2025-06-07,Cash
217,59,2025-10-28,Net Banking
218,278,2025-01-11,UPI
219,534,2025-02-23,UPI
220,549,2025-03-24,Net Banking
221,52,2025-02-18,Net Banking
222,498,2025-02-19,Credit Card
223,358,2025-08-01,Cash
224,802,2025-07-31,UPI
225,843,2025-03-12,Net Banking
226,954,2025-09-04,Cash
227,6,2025-11-22,Net Banking
228,10,2025-07-27,Net Banking
229,341,2025-01-08,Cash
230,773,2025-01-28,Net Banking
231,127,2025-05-22,Credit Card
232,47,2025-06-29,UPI
233,567,2025-10-23,Credit Card
234,254,2025-05-24,Credit Card
235,647,2025-04-13,UPI
236,383,2025-03-24,UPI
237,827,2025-11-20,Credit Card
238,572,2025-07-15,Net Banking
239,316,2025-02-06,Net Banking
240,272,2025-11-30,UPI
241,841,2025-09-06,Cash
242,793,2025-06-26,Cash
243,334,2025-09-07,Cash
244,612,2025-01-18,UPI
245,321,2025-07-30,Cash
246,381,2025-08-28,UPI
247,346,2025-08-17,Cash
248,958,2025-11-01,Cash
249,29,2025-04-18,Credit Card
250,885,2025-08-05,UPI
251,355,2025-04-06,Credit Card
252,720,2025-03-11,Debit Card
253,404,2025-08-08,Cash
254,23,2025-10-10,Debit Card
255,606,2025-01-23,Credit Card
256,374,2025-02-15,Cash
257,787,2025-09-11,Credit Card
258,371,2025-08-19,Debit Card
259,259,2025-02-23,UPI
260,984,2025-09-17,Net Banking
261,497,2025-06-05,Net Banking
262,293,2025-03-11,Cash
263,913,2025-03-31,Debit Card
264,378,2025-11-15,Debit Card
265,581,2025-09-15,Net Banking
266,365,2025-03-04,Net Banking
267,957,2025-10-13,Cash
268,226,2025-07-20,Cash
269,75,2025-07-25,Net Banking
270,162,2025-10-03,Debit Card
271,369,2025-02-27,Credit Card
272,192,2025-10-17,UPI
273,690,2025-06-03,Cash
274,525,2025-08-08,Net Banking
275,631,2025-02-25,Cash
276,619,2025-08-09,Cash
277,651,2025-10-19,Credit Card
278,539,2025-04-24,Credit Card
279,678,2025-07-27,Credit Card
280,308,2025-11-18,UPI
281,833,2025-08-10,Cash
282,222,2025-09-17,UPI
283,351,2025-01-17,Net Banking
284,882,2025-11-08,UPI
285,606,2025-03-31,Credit Card
286,210,2025-01-27,UPI
287,528,2025-12-24,UPI
288,671,2025-04-24,Credit Card
289,92,2025-06-30,Net Banking
290,583,2025-07-31,Credit Card
291,490,2025-01-11,Credit Card
292,261,2025-05-11,Debit Card
293,42,2025-09-21,Credit Card
294,262,2025-11-18,UPI
295,778,2025-09-27,Debit Card
296,287,2025-07-02,Cash
297,158,2025-10-03,Credit Card
298,155,2025-12-08,Cash
299,495,2025-07-12,Cash
300,872,2025-11-27,Cash
301,622,2025-09-26,Cash
302,891,2025-09-12,Net Banking
303,983,2025-02-18,Cash
304,729,2025-04-12,Credit Card
305,968,2025-09-03,Debit Card
306,732,2025-04-01,Credit Card
307,757,2025-09-20,Debit Card
308,314,2025-07-27,Debit Card
309,631,2025-05-20,Debit Card
310,471,2025-05-07,Net Banking
311,679,2025-10-13,Net Banking
312,840,2025-08-02,Credit Card
313,383,2025-03-08,Net Banking
314,300,2025-05-25,UPI
315,702,2025-03-14,Debit Card
316,101,2025-06-13,Debit Card
317,209,2025-09-09,UPI
318,908,2025-05-14,Debit Card
319,935,2025-07-11,Cash
320,468,2025-04-24,Debit Card
321,268,2025-06-17,UPI
322,892,2025-04-24,UPI
323,202,2025-08-07,Net Banking
324,335,2025-11-10,UPI
325,669,2025-09-17,Debit Card
326,89,2025-04-24,Debit Card
327,956,2025-08-14,UPI
328,302,2025-10-06,Net Banking
329,290,2025-04-15,Credit Card
330,81,2025-03-07,Cash
331,224,2025-09-27,UPI
332,54,2025-11-02,UPI
333,537,2025-10-02,Debit Card
334,387,2025-02-20,Debit Card
335,486,2025-07-22,Credit Card
336,919,2025-02-12,Net Banking
337,351,2025-07-02,Credit Card
338,666,2025-02-03,Net Banking
339,617,2025-08-24,UPI
340,224,2025-02-23,Credit Card
341,991,2025-08-25,Cash
342,904,2025-10-18,UPI
343,632,2025-03-23,Net Banking
344,192,2025-08-17,Debit Card
345,263,2025-07-03,UPI
346,80,2025-09-14,Debit Card
347,969,2025-11-22,Cash
348,74,2025-03-16,Debit Card
349,514,2025-05-08,UPI
350,994,2025-08-16,UPI
351,566,2025-08-31,Debit Card
352,905,2025-11-04,UPI
353,208,2025-02-08,Debit Card
354,824,2025-12-13,UPI
355,650,2025-06-04,Cash
356,204,2025-08-24,Credit Card
357,613,2025-07-12,Debit Card
358,467,2025-05-12,Debit Card
359,388,2025-08-09,Credit Card
360,876,2025-11-29,Cash
361,946,2025-11-08,Credit Card
362,732,2025-06-01,Credit Card
363,8,2025-11-03,UPI
364,715,2025-06-05,Debit Card
365,694,2025-01-16,Cash
366,947,2025-05-15,UPI
367,425,2025-07-21,Net Banking
368,24,2025-05-19,Debit Card
369,356,2025-05-02,Cash
370,305,2025-04-22,Net Banking
371,827,2025-05-15,Net Banking
372,324,2025-09-16,Net Banking
373,170,2025-01-23,Debit Card
374,210,2025-01-12,Credit Card
375,43,2025-04-18,Debit Card
376,568,2025-11-10,Net Banking
377,948,2025-02-01,Debit Card
378,585,2025-08-15,Cash
379,664,2025-03-09,UPI
380,412,2025-04-16,Credit Card
381,547,2025-09-15,Cash
382,443,2025-01-30,Cash
383,13,2025-07-30,Credit Card
384,982,2025-11-22,Credit Card
385,257,2025-06-15,Cash
386,757,2025-06-15,Debit Card
387,770,2025-12-25,UPI
388,605,2025-05-26,Cash
389,201,2025-01-16,UPI
390,582,2025-09-28,Cash
391,457,2025-07-09,Debit Card
392,526,2025-05-18,Debit Card
393,811,2025-02-17,Credit Card
394,929,2025-11-22,Cash
395,198,2025-01-12,Debit Card
396,157,2025-08-30,Debit Card
397,934,2025-08-12,UPI
398,295,2025-05-30,Net Banking
399,929,2025-06-02,Debit Card
400,451,2025-09-01,UPI
401,280,2025-12-23,UPI
402,122,2025-01-27,Cash
403,936,2025-06-30,Debit Card
404,775,2025-07-23,Net Banking
405,756,2025-05-27,Debit Card
406,421,2025-12-01,Net Banking
407,175,2025-06-12,Cash
408,762,2025-02-27,Debit Card
409,703,2025-12-19,Credit Card
410,58,2025-03-10,Debit Card
411,85,2025-04-17,Credit Card
412,856,2025-12-24,Net Banking
413,593,2025-01-18,Net Banking
414,225,2025-01-28,UPI
415,883,2025-06-27,UPI
416,368,2025-09-17,Credit Card
417,713,2025-05-04,Cash
418,483,2025-01-06,Net Banking
419,599,2025-07-06,Net Banking
420,512,2025-04-08,Debit Card
421,863,2025-11-24,Net Banking
422,651,2025-04-23,Cash
423,521,2025-07-01,Credit Card
424,961,2025-02-20,Credit Card
425,980,2025-01-24,Net Banking
426,957,2025-07-20,Credit Card
427,125,2025-05-20,Debit Card
428,651,2025-06-12,Credit Card
429,391,2025-07-11,UPI
430,213,2025-08-10,Cash
431,775,2025-10-25,Debit Card
432,289,2025-05-28,Cash
433,459,2025-02-18,Net Banking
434,334,2025-06-12,Cash
435,810,2024-12-31,Debit Card
436,170,2025-07-06,Credit Card
437,384,2025-01-15,Cash
438,811,2025-06-13,Cash
439,12,2025-03-22,Net Banking
440,909,2025-01-19,Credit Card
441,243,2025-11-13,Credit Card
442,402,2025-05-06,Debit Card
443,674,2025-03-10,Credit Card
444,841,2025-11-05,Credit Card
445,94,2025-01-12,Debit Card
446,504,2025-05-13,Net Banking
447,871,2025-01-25,UPI
448,341,2025-09-21,Cash
449,741,2025-06-05,Credit Card
450,825,2025-10-03,Debit Card
451,18,2025-08-22,UPI
452,387,2025-03-20,Cash
453,225,2025-02-04,Net Banking
454,736,2025-06-24,Net Banking
455,621,2025-03-04,Debit Card
456,238,2025-07-09,Credit Card
457,480,2025-01-02,Net Banking
458,756,2025-06-03,Cash
459,899,2025-01-26,Cash
460,76,2025-04-16,Net Banking
461,116,2025-12-01,Cash
462,297,2025-06-20,Credit Card
463,479,2025-09-10,Credit Card
464,854,2025-11-22,Cash
465,496,2025-07-10,Cash
466,862,2025-09-04,Credit Card
467,979,2025-10-19,Credit Card
468,721,2025-04-10,Net Banking
469,808,2025-10-11,UPI
470,279,2025-11-02,Credit Card
471,289,2025-03-19,Net Banking
472,685,2025-11-19,UPI
473,502,2025-10-17,Cash
474,407,2025-05-03,UPI
475,262,2025-03-02,Debit Card
476,841,2025-12-03,Cash
477,103,2025-03-29,Credit Card
478,16,2025-10-21,Cash
479,269,2025-02-24,Cash
480,271,2025-01-19,Net Banking
481,674,2025-06-28,Credit Card
482,264,2025-07-01,Credit Card
483,54,2025-12-05,Net Banking
484,612,2025-05-25,Net Banking
485,325,2025-07-28,Debit Card
486,9,2025-11-28,UPI
487,510,2025-06-28,Credit Card
488,852,2025-07-11,UPI
489,133,2025-01-06,Net Banking
490,60,2025-05-18,Net Banking
491,954,2025-07-30,Credit Card
492,12,2025-12-13,Net Banking
493,663,2025-02-15,Net Banking
494,160,2025-05-07,Net Banking
495,717,2025-12-16,Cash
496,343,2025-08-02,Debit Card
497,432,2025-04-11,UPI
498,642,2025-03-14,Credit Card
499,772,2025-05-04,Net Banking
500,853,2025-07-27,Debit Card
501,75,2025-12-24,Net Banking
502,983,2025-05-02,Debit Card
503,871,2025-10-11,Credit Card
504,892,2025-01-31,Credit Card
505,873,2025-11-27,UPI
506,616,2025-04-18,Cash
507,349,2025-01-29,Cash
508,816,2025-09-15,UPI
509,788,2025-11-02,Credit Card
510,400,2025-06-29,Debit Card
511,482,2025-12-26,UPI
512,45,2025-06-20,Cash
513,959,2025-05-12,Net Banking
514,923,2025-02-25,UPI
515,852,2025-09-17,Cash
516,661,2025-10-19,Cash
517,130,2025-05-24,UPI
518,722,2025-11-13,UPI
519,623,2025-01-15,Cash
520,17,2025-04-13,Credit Card
521,323,2025-11-11,Cash
522,568,2025-12-16,Debit Card
523,157,2025-03-26,Credit Card
524,499,2025-07-06,Debit Card
525,944,2025-01-27,Net Banking
526,103,2025-07-31,Net Banking
527,380,2025-05-06,Cash
528,171,2025-04-21,Net Banking
529,752,2025-08-16,Cash
530,445,2025-04-23,Cash
531,470,2025-07-25,Cash
532,193,2025-08-24,Debit Card
533,772,2025-10-04,Net Banking
534,76,2025-09-19,Net Banking
535,543,2025-09-10,Net Banking
536,332,2025-07-26,Credit Card
537,34,2025-05-23,UPI
538,995,2025-08-27,Net Banking
539,430,2025-02-22,Net Banking
540,836,2025-09-27,Debit Card
541,183,2025-03-24,Net Banking
542,367,2025-02-13,Debit Card
543,557,2025-08-02,Net Banking
544,988,2025-11-28,UPI
545,980,2025-07-17,Debit Card
546,34,2025-02-23,UPI
547,377,2025-04-28,Net Banking
548,699,2025-11-17,Cash
549,720,2025-07-17,UPI
550,565,2025-09-21,Cash
551,980,2025-05-15,UPI
552,497,2025-02-18,Credit Card
553,55,2025-02-25,Cash
554,899,2025-08-06,Credit Card
555,775,2025-04-25,Debit Card
556,887,2025-04-01,Debit Card
557,231,2025-09-01,Debit Card
558,988,2025-10-07,Cash
559,878,2025-06-16,Debit Card
560,612,2025-07-08,Debit Card
561,451,2025-09-16,Cash
562,810,2025-01-02,Debit Card
563,117,2025-02-09,Debit Card
564,36,2025-12-23,Debit Card
565,335,2025-10-16,Credit Card
566,367,2025-04-09,Debit Card
567,232,2025-03-14,UPI
568,762,2025-02-04,UPI
569,418,2025-12-16,Debit Card
570,874,2025-06-13,Credit Card
571,584,2025-04-01,Cash
572,520,2025-12-08,Debit Card
573,816,2025-11-06,Debit Card
574,112,2025-11-16,Cash
575,836,2025-06-13,UPI
576,976,2025-01-08,Cash
577,803,2025-03-21,UPI
578,988,2025-03-21,Credit Card
579,612,2025-05-25,Net Banking
580,871,2025-05-20,Debit Card
581,641,2025-05-12,Credit Card
582,189,2025-11-26,Cash
583,949,2025-02-05,Credit Card
584,440,2025-01-27,Net Banking
585,554,2025-02-20,UPI
586,70,2025-07-08,Credit Card
587,133,2025-08-04,Net Banking
588,889,2025-06-12,Debit Card
589,161,2025-06-12,Credit Card
590,606,2025-04-03,Debit Card
591,821,2025-02-15,Cash
592,144,2025-02-14,Debit Card
593,636,2025-02-16,Debit Card
594,1000,2025-01-22,UPI
595,159,2025-08-21,Cash
596,706,2025-06-06,Debit Card
597,745,2025-06-21,Credit Card
598,324,2025-03-21,Credit Card
599,555,2025-03-20,Net Banking
600,924,2025-02-19,UPI
601,670,2025-12-18,Net Banking
602,728,2025-11-14,Credit Card
603,183,2025-09-09,Debit Card
604,703,2025-04-10,Cash
605,984,2025-09-24,Debit Card
606,984,2025-03-21,Credit Card
607,29,2025-04-01,Debit Card
608,645,2025-04-17,UPI
609,430,2025-04-28,Debit Card
610,43,2025-08-13,Net Banking
611,930,2025-11-23,Debit Card
612,719,2025-05-23,Debit Card
613,118,2025-01-30,Debit Card
614,552,2025-03-07,UPI
615,34,2025-01-13,UPI
616,493,2025-05-16,Net Banking
617,41,2025-03-22,UPI
618,548,2025-05-22,Debit Card
619,542,2025-02-06,Net Banking
620,547,2025-07-31,Credit Card
621,149,2025-02-01,Credit Card
622,64,2025-03-13,UPI
623,274,2025-01-18,Debit Card
624,413,2025-11-28,UPI
625,175,2025-05-03,Debit Card
626,195,2025-04-26,Net Banking
627,723,2025-06-05,Credit Card
628,483,2025-08-16,Credit Card
629,463,2025-09-01,UPI
630,923,2025-11-16,Debit Card
631,982,2025-04-16,UPI
632,779,2025-06-19,Debit Card
633,418,2025-10-13,Credit Card
634,10,2025-07-08,UPI
635,968,2025-04-02,Net Banking
636,139,2025-08-11,Net Banking
637,653,2025-11-16,Cash
638,918,2025-01-16,Credit Card
639,621,2025-03-24,Credit Card
640,238,2025-03-30,Cash
641,402,2025-10-12,Cash
642,519,2024-12-28,UPI
643,563,2025-12-17,UPI
644,726,2025-02-17,Credit Card
645,121,2025-09-03,Debit Card
646,535,2025-08-15,Credit Card
647,580,2024-12-31,Net Banking
648,882,2025-07-31,Credit Card
649,833,2025-07-05,Cash
650,586,2025-01-03,Debit Card
651,213,2025-07-11,Cash
652,918,2025-02-27,Debit Card
653,988,2025-01-11,Cash
654,808,2025-06-15,Net Banking
655,832,2025-08-24,Cash
656,42,2025-08-02,Debit Card
657,187,2025-03-13,UPI
658,792,2025-01-11,Credit Card
659,646,2025-06-07,Credit Card
660,458,2025-12-20,Net Banking
661,870,2025-07-16,UPI
662,296,2025-02-05,Net Banking
663,699,2025-01-31,Cash
664,812,2025-11-07,Cash
665,778,2025-04-13,UPI
666,941,2025-10-10,Debit Card
667,408,2025-05-22,UPI
668,262,2025-01-26,Cash
669,786,2025-10-11,Net Banking
670,597,2025-09-16,Debit Card
671,13,2025-08-04,Cash
672,23,2025-02-17,UPI
673,595,2025-11-10,Net Banking
674,205,2025-12-21,Cash
675,93,2025-04-28,Net Banking
676,745,2025-06-24,Credit Card
677,558,2024-12-27,Cash
678,514,2025-01-17,Cash
679,838,2025-01-13,Credit Card
680,503,2025-09-22,Cash
681,416,2025-01-04,Debit Card
682,317,2025-01-05,Cash
683,152,2025-05-05,UPI
684,368,2025-04-10,Credit Card
685,558,2025-09-23,UPI
686,826,2025-02-11,Debit Card
687,863,2025-05-01,Cash
688,358,2025-04-11,Credit Card
689,585,2025-08-17,UPI
690,812,2025-03-24,Credit Card
691,252,2025-03-27,Debit Card
692,678,2025-03-21,Cash
693,557,2025-08-11,Credit Card
694,990,2025-05-19,UPI
695,220,2025-12-12,Credit Card
696,332,2025-07-16,UPI
697,454,2025-09-17,Cash
698,846,2025-05-15,Debit Card
699,66,2025-03-26,Net Banking
700,377,2025-12-17,Debit Card
701,28,2025-04-06,Debit Card
702,588,2025-10-31,Net Banking
703,206,2025-03-25,Debit Card
704,511,2025-06-17,UPI
705,257,2025-07-13,UPI
706,505,2025-02-19,Cash
707,395,2025-05-25,Net Banking
708,68,2025-11-05,Cash
709,523,2025-11-09,Credit Card
710,998,2025-04-03,Net Banking
711,507,2025-12-07,Cash
712,664,2025-08-13,Cash
713,869,2025-02-27,Cash
714,691,2025-01-29,Debit Card
715,514,2025-03-08,UPI
716,988,2025-04-20,Cash
717,839,2025-02-15,Debit Card
718,985,2025-01-18,UPI
719,977,2025-10-06,Net Banking
720,254,2025-10-24,Debit Card
721,133,2025-03-06,Cash
722,473,2025-03-23,Debit Card
723,532,2025-09-20,Debit Card
724,589,2025-06-22,Cash
725,998,2025-01-08,Credit Card
726,284,2025-06-01,Credit Card
727,793,2025-03-30,Credit Card
728,573,2025-03-03,Debit Card
729,487,2025-03-12,Credit Card
730,198,2025-04-08,Cash
731,90,2025-11-27,Debit Card
732,840,2025-03-31,Credit Card
733,166,2025-05-07,Cash
734,23,2025-12-16,Net Banking
735,395,2025-02-01,Credit Card
736,556,2025-11-15,Net Banking
737,519,2025-04-26,Cash
738,599,2025-11-21,Credit Card
739,999,2025-08-07,Credit Card
740,32,2025-04-25,Net Banking
741,884,2025-02-05,Credit Card
742,949,2025-02-16,Credit Card
743,946,2025-07-14,Net Banking
744,338,2025-06-07,Cash
745,976,2025-03-14,Credit Card
746,761,2025-08-13,Net Banking
747,775,2025-08-29,Net Banking
748,276,2025-12-11,Debit Card
749,926,2025-09-09,Net Banking
750,83,2025-12-13,UPI
751,356,2025-04-22,Net Banking
752,440,2025-11-11,Cash
753,747,2025-02-01,Cash
754,12,2025-09-03,Cash
755,238,2025-10-16,Net Banking
756,876,2025-08-16,UPI
757,598,2025-07-16,Net Banking
758,977,2025-11-30,Net Banking
759,21,2025-04-21,Credit Card
760,307,2025-05-02,Credit Card
761,241,2025-02-26,Net Banking
762,790,2025-11-18,Credit Card
763,620,2025-07-15,Debit Card
764,6,2025-01-12,Credit Card
765,451,2025-10-21,Cash
766,659,2025-02-24,Credit Card
767,544,2025-05-05,Credit Card
768,509,2025-10-16,Cash
769,747,2025-11-07,Debit Card
770,272,2025-06-01,Cash
771,880,2025-10-28,UPI
772,888,2025-08-29,Net Banking
773,692,2025-05-08,Cash
774,127,2025-05-31,Debit Card
775,850,2025-03-16,Debit Card
776,759,2025-09-29,Credit Card
777,522,2025-05-20,Credit Card
778,715,2025-03-24,Debit Card
779,878,2025-02-21,UPI
780,670,2025-01-22,Credit Card
781,778,2025-01-19,Net Banking
782,382,2025-05-28,Debit Card
783,914,2025-04-21,Cash
784,688,2024-12-27,Debit Card
785,365,2025-04-27,Cash
786,397,2025-08-16,Debit Card
787,831,2025-10-05,Net Banking
788,303,2025-03-18,Credit Card
789,39,2025-12-04,Cash
790,403,2025-04-01,UPI
791,705,2025-07-02,UPI
792,352,2025-04-15,Debit Card
793,309,2025-07-18,Debit Card
794,11,2025-04-30,UPI
795,774,2025-03-26,UPI
796,547,2025-04-16,Debit Card
797,920,2025-12-15,Credit Card
798,864,2025-07-21,Debit Card
799,625,2025-06-24,Cash
800,671,2025-02-06,Cash
801,618,2025-04-08,Credit Card
802,972,2025-02-06,Cash
803,86,2025-11-15,Net Banking
804,236,2025-02-07,Cash
805,406,2025-11-27,UPI
806,246,2025-07-24,Cash
807,730,2025-03-07,Credit Card
808,508,2025-11-26,Debit Card
809,692,2025-10-22,Credit Card
810,875,2025-08-01,Cash
811,550,2025-09-30,Cash
812,395,2025-06-30,Debit Card
813,739,2025-09-03,UPI
814,760,2025-07-19,Credit Card
815,942,2025-01-15,UPI
816,651,2025-10-09,Cash
817,802,2025-03-08,Credit Card
818,909,2025-06-09,UPI
819,931,2025-05-13,Net Banking
820,389,2025-10-09,UPI
821,733,2025-11-23,UPI
822,24,2025-08-25,Credit Card
823,593,2025-08-29,Credit Card
824,191,2025-04-25,Credit Card
825,667,2025-07-29,Cash
826,419,2025-04-23,Credit Card
827,600,2025-07-04,Credit Card
828,367,2025-02-05,Credit Card
829,419,2025-08-03,Net Banking
830,116,2024-12-27,UPI
831,811,2025-12-21,Debit Card
832,817,2025-04-15,Credit Card
833,621,2025-03-19,Cash
834,968,2025-05-10,Credit Card
835,544,2025-12-24,Credit Card
836,688,2025-07-09,Net Banking
837,9,2025-04-18,Net Banking
838,278,2025-10-06,Net Banking
839,236,2025-09-26,Net Banking
840,215,2025-01-25,UPI
841,916,2025-11-29,UPI
842,899,2025-02-27,Cash
843,451,2025-08-18,Credit Card
844,386,2025-11-11,Net Banking
845,83,2025-02-08,Debit Card
846,253,2025-12-16,UPI
847,64,2025-10-06,Net Banking
848,924,2025-05-31,Net Banking
849,630,2025-07-13,Cash
850,702,2025-01-18,Debit Card
851,925,2025-09-19,Net Banking
852,340,2025-11-13,UPI
853,594,2025-11-07,Cash
854,665,2025-06-09,Cash
855,457,2025-03-02,UPI
856,300,2025-03-19,Cash
857,998,2025-06-28,UPI
858,410,2025-01-01,UPI
859,377,2025-04-17,Debit Card
860,795,2025-03-05,Cash
861,252,2025-07-14,Debit Card
862,192,2025-06-21,Credit Card
863,121,2024-12-29,UPI
864,315,2025-03-10,UPI
865,969,2025-12-16,Net Banking
866,945,2025-01-21,UPI
867,913,2025-03-26,Cash
868,417,2025-08-15,UPI
869,60,2025-08-19,UPI
870,300,2025-12-12,Credit Card
871,758,2025-09-04,Debit Card
872,956,2025-10-04,Cash
873,163,2025-11-14,Credit Card
874,459,2025-11-12,Credit Card
875,351,2025-03-30,Cash
876,534,2025-03-05,Debit Card
877,568,2025-02-02,Credit Card
878,373,2025-03-24,UPI
879,855,2025-09-03,Net Banking
880,244,2025-11-26,Net Banking
881,162,2025-10-18,Cash
882,9,2025-03-02,Net Banking
883,914,2025-02-04,UPI
884,690,2025-08-25,Cash
885,438,2025-03-12,Debit Card
886,24,2025-02-10,UPI
887,385,2025-01-31,Cash
888,411,2025-10-10,Credit Card
889,924,2025-03-27,Debit Card
890,652,2025-08-09,UPI
891,731,2025-11-29,Net Banking
892,386,2025-05-02,Debit Card
893,45,2025-07-31,UPI
894,451,2025-02-02,Credit Card
895,956,2025-06-02,Net Banking
896,235,2025-11-12,Credit Card
897,242,2025-07-23,Cash
898,17,2025-06-06,Cash
899,777,2025-09-04,UPI
900,699,2025-05-22,Net Banking
901,164,2025-05-23,UPI
902,800,2025-01-04,Net Banking
903,764,2025-08-14,Cash
904,686,2025-01-23,Debit Card
905,387,2025-10-08,UPI
906,258,2025-04-20,Net Banking
907,988,2025-07-15,UPI
908,80,2025-12-03,Credit Card
909,765,2025-08-14,Debit Card
910,493,2025-05-04,Credit Card
911,412,2025-09-03,Cash
912,531,2025-06-25,Credit Card
913,539,2024-12-30,Net Banking
914,411,2025-06-28,Debit Card
915,803,2025-11-27,UPI
916,742,2025-03-30,Debit Card
917,824,2025-05-28,UPI
918,910,2025-01-09,Net Banking
919,221,2025-09-05,Debit Card
920,915,2025-03-03,Debit Card
921,399,2025-05-21,UPI
922,276,2025-03-31,Net Banking
923,786,2025-12-26,Cash
924,892,2025-06-17,UPI
925,625,2025-06-20,Credit Card
926,875,2025-08-02,Cash
927,534,2025-01-24,Debit Card
928,520,2025-09-03,Net Banking
929,268,2025-01-20,Debit Card
930,798,2025-02-15,UPI
931,777,2025-09-30,Credit Card
932,146,2025-05-14,Cash
933,822,2025-02-02,Debit Card
934,998,2025-12-19,Credit Card
935,822,2025-05-29,Debit Card
936,784,2025-04-11,UPI
937,371,2025-02-20,Credit Card
938,396,2025-07-29,UPI
939,676,2025-07-04,UPI
940,176,2025-09-13,Debit Card
941,763,2025-03-11,Credit Card
942,438,2025-08-15,Net Banking
943,953,2025-09-13,Credit Card
944,721,2025-12-12,Cash
945,822,2025-04-21,Net Banking
946,428,2025-08-22,Credit Card
947,593,2025-05-18,Credit Card
948,833,2025-05-09,Cash
949,570,2025-05-29,Credit Card
950,772,2025-02-27,Cash
951,855,2025-08-06,Credit Card
952,878,2025-05-14,Net Banking
953,504,2025-10-24,Net Banking
954,894,2025-12-01,UPI
955,568,2025-04-19,Cash
956,587,2025-09-08,Cash
957,778,2025-10-27,Cash
958,864,2025-04-14,Net Banking
959,912,2025-04-19,Cash
960,685,2025-04-16,Credit Card
961,165,2025-10-14,Cash
962,651,2025-10-09,Net Banking
963,389,2025-12-15,Debit Card
964,848,2025-04-06,Cash
965,42,2025-10-12,Credit Card
966,532,2025-02-03,Debit Card
967,641,2025-02-22,Credit Card
968,310,2025-08-29,Credit Card
969,890,2025-04-21,Debit Card
970,893,2025-08-11,Cash
971,446,2025-07-18,Cash
972,837,2025-01-16,UPI
973,868,2025-03-01,Cash
974,833,2025-10-26,Cash
975,321,2025-05-12,Credit Card
976,404,2025-05-20,Net Banking
977,450,2025-02-28,Debit Card
978,885,2025-09-18,Debit Card
979,533,2025-09-08,Cash
980,672,2025-12-02,Credit Card
981,62,2025-11-26,Net Banking
982,744,2025-04-13,Net Banking
983,937,2025-02-08,Debit Card
984,979,2025-06-12,Debit Card
985,381,2025-04-28,Credit Card
986,584,2025-04-12,UPI
987,87,2025-04-27,Cash
988,469,2025-09-02,Net Banking
989,591,2025-03-22,Net Banking
990,438,2025-05-23,UPI
991,588,2025-02-12,UPI
992,157,2025-04-14,UPI
993,842,2025-12-09,Cash
994,991,2025-03-29,Debit Card
995,208,2025-11-20,UPI
996,164,2025-07-14,Credit Card
997,372,2025-07-01,UPI
998,250,2025-06-21,Credit Card
999,291,2025-05-11,Debit Card
1000,263,2025-05-22,Net Banking
1001,216,2025-04-17,Net Banking
1002,229,2025-07-09,UPI
1003,260,2025-03-15,Debit Card
1004,876,2025-12-12,Cash
1005,396,2025-08-22,Debit Card
1006,845,2025-04-22,Credit Card
1007,349,2025-02-05,Debit Card
1008,940,2025-02-28,Net Banking
1009,367,2025-09-11,Credit Card
1010,491,2025-05-03,Credit Card
1011,794,2025-07-05,Net Banking
1012,341,2025-11-07,Net Banking
1013,561,2025-07-29,Net Banking
1014,404,2025-08-26,Net Banking
1015,925,2025-01-23,Net Banking
1016,75,2025-10-31,UPI
1017,642,2025-04-17,Net Banking
1018,426,2025-09-22,Debit Card
1019,412,2025-12-17,UPI
1020,119,2025-11-16,Net Banking
1021,563,2025-04-23,Cash
1022,383,2025-09-28,Debit Card
1023,127,2025-05-04,Debit Card
1024,555,2025-08-15,Cash
1025,139,2025-10-26,Net Banking
1026,479,2025-08-11,Debit Card
1027,479,2025-02-13,Net Banking
1028,363,2025-08-02,Debit Card
1029,68,2025-12-02,Debit Card
1030,526,2025-10-01,Net Banking
1031,303,2025-11-16,Debit Card
1032,806,2025-04-02,Cash
1033,123,2025-04-14,UPI
1034,912,2025-12-05,Debit Card
1035,411,2025-07-28,Cash
1036,138,2025-03-08,Net Banking
1037,149,2025-12-03,Cash
1038,406,2025-01-02,UPI
1039,461,2025-01-23,Net Banking
1040,693,2025-10-19,Credit Card
1041,731,2025-12-17,UPI
1042,395,2025-05-04,Debit Card
1043,474,2025-07-28,Cash
1044,763,2025-07-13,Cash
1045,215,2025-01-29,Credit Card
1046,365,2025-03-07,UPI
1047,520,2025-07-25,Credit Card
1048,486,2025-04-27,UPI
1049,527,2025-07-07,Cash
1050,205,2025-01-28,Credit Card
1051,855,2025-01-14,Credit Card
1052,393,2025-08-22,Net Banking
1053,267,2025-04-22,Credit Card
1054,660,2025-01-31,UPI
1055,191,2025-04-08,Cash
1056,451,2025-10-18,Debit Card
1057,171,2025-05-24,Cash
1058,975,2025-02-19,Cash
1059,272,2025-09-30,UPI
1060,355,2025-09-09,Cash
1061,314,2025-03-14,Net Banking
1062,806,2025-10-18,Net Banking
1063,451,2025-12-18,Credit Card
1064,100,2025-10-26,Cash
1065,785,2025-12-19,Credit Card
1066,358,2025-12-21,Cash
1067,837,2025-05-28,UPI
1068,658,2025-09-14,UPI
1069,294,2025-07-11,Credit Card
1070,555,2025-08-18,Net Banking
1071,820,2025-02-02,Debit Card
1072,35,2025-12-05,Net Banking
1073,380,2025-06-04,Net Banking
1074,654,2025-01-08,Credit Card
1075,404,2025-02-23,UPI
1076,85,2025-02-28,Cash
1077,286,2025-04-02,Debit Card
1078,247,2025-07-14,UPI
1079,914,2025-01-30,UPI
1080,707,2025-09-03,Credit Card
1081,305,2025-08-27,Cash
1082,257,2025-12-21,UPI
1083,112,2025-01-14,Debit Card
1084,897,2025-04-29,UPI
1085,229,2025-01-08,Debit Card
1086,385,2025-09-17,UPI
1087,827,2025-10-20,Net Banking
1088,455,2025-11-24,UPI
1089,627,2025-08-06,Cash
1090,228,2024-12-31,Credit Card
1091,105,2025-05-20,Net Banking
1092,162,2025-06-23,Net Banking
1093,705,2025-03-04,Credit Card
1094,128,2025-08-07,Net Banking
1095,16,2025-05-08,Net Banking
1096,387,2025-08-31,Net Banking
1097,786,2025-05-04,Net Banking
1098,334,2025-05-08,Credit Card
1099,319,2025-09-04,UPI
1100,791,2025-04-09,UPI
1101,26,2025-11-27,Cash
1102,702,2025-05-02,Debit Card
1103,728,2025-10-06,UPI
1104,902,2025-05-02,Debit Card
1105,27,2025-04-02,Credit Card
1106,61,2025-06-16,UPI
1107,767,2025-10-08,Debit Card
1108,870,2025-08-16,Credit Card
1109,924,2025-04-02,UPI
1110,360,2025-04-08,Net Banking
1111,894,2025-01-22,Net Banking
1112,939,2025-11-17,Cash
1113,334,2025-09-14,Debit Card
1114,362,2025-06-28,UPI
1115,608,2025-02-15,Cash
1116,179,2025-07-23,UPI
1117,546,2025-04-09,Cash
1118,858,2025-01-11,Net Banking
1119,274,2025-12-03,UPI
1120,86,2025-08-11,UPI
1121,154,2025-02-18,Cash
1122,739,2025-09-02,UPI
1123,841,2025-07-11,Credit Card
1124,258,2025-03-11,Cash
1125,351,2025-01-27,Net Banking
1126,359,2025-07-10,Cash
1127,458,2025-06-17,Debit Card
1128,276,2025-06-18,Cash
1129,423,2025-11-01,Credit Card
1130,202,2025-11-11,Cash
1131,231,2025-07-13,Net Banking
1132,282,2025-11-23,Credit Card
1133,932,2025-08-27,Cash
1134,955,2025-12-13,Net Banking
1135,154,2025-04-02,Cash
1136,997,2025-03-25,Net Banking
1137,21,2025-08-22,UPI
1138,797,2025-02-20,Debit Card
1139,397,2025-10-26,Debit Card
1140,30,2025-08-23,Credit Card
1141,897,2025-07-07,UPI
1142,297,2025-06-24,Credit Card
1143,313,2025-04-19,Debit Card
1144,69,2025-01-19,Credit Card
1145,11,2025-08-30,Debit Card
1146,971,2025-05-03,Net Banking
1147,985,2025-02-15,Net Banking
1148,956,2025-02-04,Debit Card
1149,725,2025-07-09,Debit Card
1150,867,2025-12-07,Net Banking
1151,478,2025-01-14,Credit Card
1152,705,2025-09-08,Debit Card
1153,915,2025-10-01,Debit Card
1154,299,2025-09-22,UPI
1155,460,2025-07-19,Credit Card
1156,778,2025-01-11,Credit Card
1157,698,2025-11-28,Credit Card
1158,659,2025-10-17,Credit Card
1159,736,2025-11-26,Cash
1160,312,2025-06-03,Cash
1161,854,2025-07-11,Net Banking
1162,825,2025-04-20,Cash
1163,18,2025-12-17,UPI
1164,458,2025-07-09,Debit Card
1165,389,2025-03-02,UPI
1166,869,2025-09-21,Credit Card
1167,596,2025-01-08,Credit Card
1168,330,2025-11-02,Credit Card
1169,943,2025-08-31,Credit Card
1170,28,2025-09-06,UPI
1171,286,2025-02-13,Net Banking
1172,651,2025-05-21,Net Banking
1173,382,2025-04-24,Net Banking
1174,411,2025-09-01,Debit Card
1175,718,2025-08-18,Credit Card
1176,648,2025-11-04,UPI
1177,836,2025-12-24,Cash
1178,807,2025-06-21,Debit Card
1179,37,2025-09-19,Debit Card
1180,468,2025-03-30,Cash
1181,794,2024-12-29,UPI
1182,50,2025-09-17,Debit Card
1183,52,2025-05-06,Credit Card
1184,462,2025-02-11,Debit Card
1185,269,2025-04-21,Credit Card
1186,530,2025-03-29,Credit Card
1187,302,2025-07-20,Cash
1188,472,2025-12-14,UPI
1189,640,2025-09-18,Cash
1190,39,2025-06-03,Credit Card
1191,627,2025-12-22,Cash
1192,216,2025-07-16,Net Banking
1193,360,2025-02-02,Debit Card
1194,727,2025-11-22,Net Banking
1195,259,2025-08-14,Net Banking
1196,302,2025-06-28,Cash
1197,565,2025-01-22,Debit Card
1198,781,2025-09-30,Cash
1199,37,2025-11-19,Net Banking
1200,131,2025-08-22,UPI
1201,153,2025-03-24,Cash
1202,618,2025-11-14,Cash
1203,258,2025-07-21,Net Banking
1204,772,2025-06-29,Credit Card
1205,207,2025-02-22,Net Banking
1206,91,2025-01-21,Net Banking
1207,969,2025-03-12,Credit Card
1208,771,2025-05-16,Credit Card
1209,608,2025-03-17,Cash
1210,165,2025-03-05,UPI
1211,456,2025-03-23,Cash
1212,962,2025-08-11,Net Banking
1213,927,2025-08-30,UPI
1214,183,2025-05-22,UPI
1215,768,2025-03-21,Debit Card
1216,229,2025-04-26,Debit Card
1217,635,2025-12-12,UPI
1218,869,2025-02-18,Debit Card
1219,213,2025-04-23,Net Banking
1220,452,2025-12-03,Credit Card
1221,478,2025-03-22,Credit Card
1222,103,2025-05-23,Net Banking
1223,831,2025-08-02,Net Banking
1224,646,2025-10-15,Credit Card
1225,49,2025-10-20,Net Banking
1226,27,2025-08-04,UPI
1227,238,2025-10-21,Net Banking
1228,114,2025-01-30,Net Banking
1229,593,2025-11-13,Debit Card
1230,126,2025-10-13,Credit Card
1231,827,2025-09-06,Net Banking
1232,83,2025-02-06,Debit Card
1233,254,2025-05-28,Debit Card
1234,406,2025-03-04,UPI
1235,54,2025-12-23,Net Banking
1236,218,2025-08-22,UPI
1237,595,2025-06-20,UPI
1238,567,2025-05-16,UPI
1239,762,2025-07-17,UPI
1240,423,2025-10-03,Net Banking
1241,446,2025-04-18,UPI
1242,46,2025-10-03,UPI
1243,676,2025-03-05,Cash
1244,215,2025-12-25,UPI
1245,732,2025-05-02,Debit Card
1246,365,2025-07-23,Credit Card
1247,700,2025-12-09,UPI
1248,496,2025-08-23,UPI
1249,389,2025-10-07,Credit Card
1250,676,2025-03-29,Cash
1251,316,2025-12-14,UPI
1252,396,2025-07-23,Cash
1253,734,2025-03-12,Credit Card
1254,794,2025-02-14,Debit Card
1255,74,2025-06-11,Credit Card
1256,3,2025-08-29,UPI
1257,67,2025-06-23,UPI
1258,890,2025-07-07,Cash
1259,548,2025-11-09,Net Banking
1260,231,2025-03-12,UPI
1261,326,2025-05-18,UPI
1262,745,2025-03-05,Debit Card
1263,339,2025-11-02,UPI
1264,55,2025-03-17,Credit Card
1265,612,2025-03-31,Net Banking
1266,83,2025-05-28,Credit Card
1267,981,2025-12-01,Net Banking
1268,753,2025-03-12,Net Banking
1269,960,2025-06-09,Cash
1270,633,2025-07-23,Credit Card
1271,721,2025-04-28,Credit Card
1272,905,2025-05-19,Credit Card
1273,320,2025-04-09,Cash
1274,324,2025-05-17,Debit Card
1275,846,2025-07-02,Cash
1276,764,2025-09-19,Credit Card
1277,294,2025-06-28,UPI
1278,546,2025-11-11,UPI
1279,938,2025-09-22,UPI
1280,37,2025-03-12,Debit Card
1281,563,2025-12-10,Debit Card
1282,726,2025-06-08,Debit Card
1283,58,2025-10-31,Net Banking
1284,319,2025-10-25,UPI
1285,105,2025-12-26,Debit Card
1286,283,2025-01-03,Net Banking
1287,216,2025-02-20,Cash
1288,946,2025-10-29,Credit Card
1289,342,2025-10-22,Net Banking
1290,709,2025-09-21,Credit Card
1291,461,2025-11-26,Credit Card
1292,766,2025-02-03,Debit Card
1293,595,2025-03-21,UPI
1294,431,2025-03-03,Cash
1295,583,2025-11-16,Cash
1296,923,2025-02-12,Credit Card
1297,566,2025-10-13,Debit Card
1298,723,2025-07-15,Credit Card
1299,397,2025-03-05,Cash
1300,31,2025-12-07,Net Banking
1301,307,2025-11-04,Net Banking
1302,238,2025-01-27,Debit Card
1303,870,2025-05-28,Cash
1304,553,2025-05-13,Debit Card
1305,561,2025-05-31,Net Banking
1306,835,2025-06-16,Credit Card
1307,769,2025-08-02,Debit Card
1308,197,2025-07-04,Debit Card
1309,290,2025-07-06,Debit Card
1310,815,2025-02-16,Cash
1311,479,2025-04-30,Cash
1312,431,2025-02-16,Net Banking
1313,606,2025-08-05,Cash
1314,552,2025-04-22,UPI
1315,518,2025-04-17,Net Banking
1316,453,2025-03-26,Cash
1317,795,2025-06-08,Debit Card
1318,845,2025-04-04,Net Banking
1319,202,2025-11-10,Credit Card
1320,158,2025-08-07,Credit Card
1321,752,2025-03-10,UPI
1322,707,2025-12-17,Net Banking
1323,337,2025-06-04,Credit Card
1324,968,2025-11-16,UPI
1325,669,2025-02-14,Net Banking
1326,124,2025-04-17,Net Banking
1327,422,2025-03-16,Debit Card
1328,576,2025-07-12,Credit Card
1329,546,2025-01-18,Credit Card
1330,513,2025-07-13,UPI
1331,66,2025-05-11,UPI
1332,316,2025-12-17,Credit Card
1333,451,2025-05-12,UPI
1334,670,2025-06-14,UPI
1335,404,2025-08-24,Cash
1336,988,2025-03-18,UPI
1337,385,2025-10-23,Net Banking
1338,925,2025-09-28,Cash
1339,673,2025-09-16,Credit Card
1340,364,2025-05-13,Credit Card
1341,110,2025-07-30,Cash
1342,759,2025-11-28,Net Banking
1343,275,2025-02-26,Net Banking
1344,823,2025-08-02,UPI
1345,629,2025-06-21,Cash
1346,386,2025-11-21,Credit Card
1347,838,2025-11-30,Cash
1348,672,2025-05-28,UPI
1349,838,2025-03-12,Net Banking
1350,479,2025-07-31,UPI
1351,884,2025-05-28,Credit Card
1352,243,2025-03-21,Cash
1353,690,2025-01-23,UPI
1354,783,2025-10-19,Debit Card
1355,406,2025-07-20,Credit Card
1356,602,2025-09-25,Cash
1357,8,2025-12-08,Credit Card
1358,74,2025-02-08,Credit Card
1359,138,2025-12-01,Credit Card
1360,668,2025-10-20,Credit Card
1361,321,2025-08-21,Debit Card
1362,133,2025-06-14,Credit Card
1363,340,2025-09-14,Cash
1364,451,2025-02-23,UPI
1365,790,2025-03-21,Debit Card
1366,557,2025-06-30,Credit Card
1367,518,2025-04-24,UPI
1368,664,2025-12-10,Credit Card
1369,323,2025-04-18,Debit Card
1370,759,2025-04-08,Cash
1371,857,2025-01-22,Net Banking
1372,569,2025-12-14,UPI
1373,398,2025-05-27,Credit Card
1374,208,2025-05-24,Net Banking
1375,126,2025-05-18,Net Banking
1376,810,2025-10-06,Cash
1377,365,2025-10-18,Debit Card
1378,884,2025-07-03,UPI
1379,536,2025-02-10,UPI
1380,2,2025-07-30,Debit Card
1381,41,2025-12-26,Cash
1382,551,2025-08-20,UPI
1383,800,2025-09-13,Credit Card
1384,207,2025-04-28,Debit Card
1385,958,2025-12-19,Debit Card
1386,19,2025-05-16,Debit Card
1387,57,2025-02-17,Cash
1388,813,2025-03-15,Credit Card
1389,283,2025-03-31,Net Banking
1390,157,2025-08-11,Cash
1391,840,2025-02-22,Cash
1392,935,2025-02-02,Cash
1393,417,2025-05-25,Credit Card
1394,626,2025-09-18,UPI
1395,153,2025-06-24,Credit Card
1396,967,2025-02-05,UPI
1397,694,2025-10-01,Debit Card
1398,529,2025-07-09,Net Banking
1399,162,2025-06-08,Cash
1400,64,2025-05-11,Debit Card
1401,403,2025-08-04,UPI
1402,746,2025-09-19,Net Banking
1403,323,2025-03-17,UPI
1404,869,2025-09-06,Net Banking
1405,651,2025-03-03,Credit Card
1406,25,2025-05-08,Cash
1407,179,2025-08-20,Cash
1408,621,2025-06-20,Credit Card
1409,758,2025-06-09,Credit Card
1410,906,2025-03-26,Net Banking
1411,793,2025-02-16,Debit Card
1412,780,2025-06-13,Credit Card
1413,656,2025-03-31,Credit Card
1414,573,2024-12-28,UPI
1415,649,2025-11-13,Cash
1416,930,2025-11-04,Debit Card
1417,653,2025-11-27,Cash
1418,260,2025-12-02,UPI
1419,14,2025-10-29,Debit Card
1420,995,2025-11-30,Debit Card
1421,380,2025-06-28,Net Banking
1422,100,2025-06-11,Credit Card
1423,92,2025-12-26,Credit Card
1424,797,2025-07-29,Cash
1425,202,2025-03-19,Net Banking
1426,718,2025-07-25,Debit Card
1427,512,2025-03-19,Credit Card
1428,901,2025-01-25,Cash
1429,60,2025-12-15,UPI
1430,882,2025-03-16,Debit Card
1431,497,2025-07-21,Debit Card
1432,205,2025-09-02,Cash
1433,610,2025-10-17,Net Banking
1434,481,2025-01-23,Debit Card
1435,78,2025-12-23,Debit Card
1436,482,2025-07-12,UPI
1437,500,2024-12-29,Cash
1438,880,2025-02-11,Net Banking
1439,777,2025-09-07,Net Banking
1440,29,2025-07-15,Cash
1441,988,2025-03-25,Debit Card
1442,957,2025-10-01,Credit Card
1443,24,2025-02-26,Net Banking
1444,370,2025-08-21,UPI
1445,280,2025-05-29,Cash
1446,28,2025-06-29,Cash
1447,949,2025-10-20,Credit Card
1448,3,2025-05-22,Net Banking
1449,626,2025-04-19,Cash
1450,504,2025-01-02,Credit Card
1451,19,2025-02-05,Cash
1452,385,2025-10-27,Cash
1453,474,2025-08-20,Net Banking
1454,509,2025-01-09,Net Banking
1455,814,2025-12-19,Cash
1456,499,2025-01-03,Net Banking
1457,299,2024-12-26,UPI
1458,476,2025-04-20,Debit Card
1459,648,2025-08-12,Debit Card
1460,433,2025-05-20,Cash
1461,993,2025-05-31,Debit Card
1462,990,2025-02-26,Credit Card
1463,143,2025-08-31,UPI
1464,171,2025-08-26,Net Banking
1465,890,2025-02-20,Debit Card
1466,487,2025-02-03,Debit Card
1467,504,2025-05-13,Cash
1468,757,2025-08-09,Debit Card
1469,634,2025-03-08,Cash
1470,149,2025-01-04,Credit Card
1471,527,2025-08-12,Cash
1472,336,2025-10-10,Net Banking
1473,239,2025-03-27,UPI
1474,708,2025-07-29,Net Banking
1475,831,2025-01-27,Cash
1476,291,2025-06-01,UPI
1477,690,2025-03-13,Cash
1478,128,2025-06-18,Debit Card
1479,538,2025-08-13,Cash
1480,138,2025-08-28,Net Banking
1481,593,2025-01-18,UPI
1482,509,2025-10-01,Net Banking
1483,664,2025-04-18,Debit Card
1484,900,2025-03-21,UPI
1485,335,2025-06-26,Debit Card
1486,221,2025-09-23,Net Banking
1487,741,2025-03-22,UPI
1488,977,2025-08-25,UPI
1489,358,2025-08-16,UPI
1490,818,2025-04-29,Credit Card
1491,495,2025-02-04,Net Banking
1492,32,2025-11-26,UPI
1493,602,2025-03-31,Cash
1494,315,2025-03-26,UPI
1495,467,2025-04-08,Credit Card
1496,189,2025-11-05,Cash
1497,386,2025-04-07,Credit Card
1498,265,2025-01-08,UPI
1499,371,2025-11-19,Net Banking
1500,187,2025-01-05,Debit Card
1501,56,2025-04-16,Net Banking
1502,25,2025-09-02,Net Banking
1503,248,2025-03-12,UPI
1504,297,2025-07-13,UPI
1505,68,2025-11-10,Net Banking
1506,150,2025-11-29,Net Banking
1507,373,2025-05-23,Debit Card
1508,661,2025-06-12,Net Banking
1509,747,2025-03-21,UPI
1510,687,2025-08-08,Credit Card
1511,503,2025-07-27,UPI
1512,595,2025-08-23,Net Banking
1513,894,2025-02-28,Debit Card
1514,634,2025-12-13,Cash
1515,981,2025-05-09,Debit Card
1516,909,2025-05-08,Credit Card
1517,867,2025-05-29,Debit Card
1518,154,2025-06-08,Net Banking
1519,282,2025-12-10,UPI
1520,224,2025-06-10,Cash
1521,428,2025-01-22,Credit Card
1522,418,2025-05-26,Net Banking
1523,97,2025-05-05,Debit Card
1524,784,2025-04-04,Cash
1525,113,2025-08-28,Credit Card
1526,460,2025-03-06,Cash
1527,242,2025-02-16,Cash
1528,321,2025-10-04,Debit Card
1529,41,2025-03-26,UPI
1530,997,2025-06-18,UPI
1531,385,2025-02-04,Net Banking
1532,598,2025-10-31,UPI
1533,936,2025-08-06,Credit Card
1534,349,2025-03-11,Cash
1535,381,2025-04-17,Credit Card
1536,44,2025-08-25,Credit Card
1537,120,2025-01-09,Debit Card
1538,275,2025-10-23,Debit Card
1539,130,2024-12-27,Net Banking
1540,178,2025-01-09,Net Banking
1541,632,2025-04-26,Net Banking
1542,360,2025-08-14,Cash
1543,897,2025-03-31,UPI
1544,621,2025-10-03,Cash
1545,63,2025-08-26,Debit Card
1546,503,2025-05-24,Debit Card
1547,442,2025-10-11,UPI
1548,447,2025-06-03,UPI
1549,125,2024-12-31,Cash
1550,702,2025-03-07,Debit Card
1551,318,2025-09-24,Credit Card
1552,765,2025-07-15,UPI
1553,156,2024-12-26,Credit Card
1554,626,2025-08-27,UPI
1555,746,2025-04-18,Net Banking
1556,266,2025-01-06,Cash
1557,344,2025-10-07,Net Banking
1558,269,2025-03-08,Cash
1559,110,2025-12-10,Debit Card
1560,105,2025-02-25,Cash
1561,726,2025-10-30,Credit Card
1562,265,2025-02-17,Cash
1563,570,2024-12-29,UPI
1564,911,2025-05-05,Credit Card
1565,182,2025-04-25,UPI
1566,458,2025-06-15,Credit Card
1567,488,2025-05-20,Net Banking
1568,613,2025-10-04,Debit Card
1569,81,2025-12-06,Debit Card
1570,99,2025-12-03,UPI
1571,376,2025-03-11,Credit Card
1572,990,2025-10-11,Net Banking
1573,518,2025-10-10,UPI
1574,950,2025-08-04,Credit Card
1575,584,2025-12-23,Credit Card
1576,798,2025-11-20,Net Banking
1577,256,2025-07-11,Debit Card
1578,496,2025-11-20,Net Banking
1579,310,2024-12-28,Net Banking
1580,427,2025-03-30,Cash
1581,617,2025-01-26,Cash
1582,608,2025-12-01,Credit Card
1583,708,2025-03-13,Credit Card
1584,430,2025-04-24,Debit Card
1585,868,2025-09-21,Debit Card
1586,216,2025-08-23,Credit Card
1587,850,2025-02-28,Net Banking
1588,174,2025-07-31,Cash
1589,685,2025-03-29,Net Banking
1590,500,2025-01-17,Credit Card
1591,126,2025-06-03,UPI
1592,102,2025-02-17,Credit Card
1593,380,2025-12-04,Net Banking
1594,941,2025-03-03,Net Banking
1595,806,2025-09-05,Debit Card
1596,560,2025-07-07,Credit Card
1597,538,2025-12-25,Cash
1598,218,2025-01-13,UPI
1599,248,2025-01-05,Cash
1600,852,2025-04-04,Net Banking
1601,198,2025-05-19,UPI
1602,407,2025-10-15,Debit Card
1603,411,2025-11-12,Debit Card
1604,62,2025-07-25,Cash
1605,86,2025-08-28,Credit Card
1606,178,2025-06-22,UPI
1607,441,2025-11-26,Cash
1608,870,2025-05-04,Net Banking
1609,802,2025-10-22,Debit Card
1610,317,2025-04-10,Debit Card
1611,4,2025-02-05,UPI
1612,226,2025-07-13,UPI
1613,295,2025-06-19,UPI
1614,382,2025-09-12,Net Banking
1615,114,2025-07-24,Debit Card
1616,950,2025-05-17,Debit Card
1617,918,2025-08-26,Cash
1618,289,2025-08-19,Credit Card
1619,612,2025-06-28,Net Banking
1620,383,2025-12-05,Credit Card
1621,714,2025-03-12,Net Banking
1622,338,2025-09-26,Cash
1623,998,2025-12-16,Credit Card
1624,357,2025-03-03,Credit Card
1625,894,2025-11-07,UPI
1626,205,2025-03-30,Cash
1627,814,2025-02-02,Cash
1628,56,2025-01-27,Debit Card
1629,833,2025-08-24,Net Banking
1630,999,2025-02-13,Credit Card
1631,761,2025-11-21,UPI
1632,141,2025-04-14,Credit Card
1633,862,2025-08-06,UPI
1634,18,2025-05-29,Credit Card
1635,593,2025-04-14,Cash
1636,66,2025-03-04,Debit Card
1637,633,2025-07-28,Cash
1638,176,2025-11-25,Credit Card
1639,114,2025-11-22,Credit Card
1640,715,2025-06-01,Debit Card
1641,468,2025-11-12,Net Banking
1642,875,2025-08-27,Debit Card
1643,905,2025-10-14,Cash
1644,554,2025-01-20,Cash
1645,168,2025-09-20,Debit Card
1646,312,2025-05-06,Cash
1647,416,2025-07-19,Cash
1648,619,2025-07-23,Credit Card
1649,264,2025-06-10,Credit Card
1650,186,2025-02-25,Credit Card
1651,323,2025-04-30,Net Banking
1652,902,2025-08-02,Cash
1653,994,2025-01-05,Debit Card
1654,721,2025-04-22,Debit Card
1655,68,2025-11-03,Credit Card
1656,853,2025-02-06,Net Banking
1657,318,2025-09-27,UPI
1658,81,2025-11-30,Cash
1659,706,2025-03-19,Credit Card
1660,952,2025-07-19,UPI
1661,795,2025-03-01,UPI
1662,509,2025-11-14,UPI
1663,637,2025-03-08,Credit Card
1664,361,2025-01-30,Net Banking
1665,685,2025-08-15,Cash
1666,789,2025-01-18,Credit Card
1667,473,2025-04-30,Debit Card
1668,872,2025-11-27,Cash
1669,526,2025-03-29,Debit Card
1670,533,2025-08-21,UPI
1671,444,2025-08-08,Credit Card
1672,678,2025-06-27,Cash
1673,563,2025-08-29,Debit Card
1674,943,2025-03-31,Cash
1675,295,2025-04-05,Net Banking
1676,606,2025-03-16,Net Banking
1677,265,2025-03-27,Cash
1678,427,2025-09-27,Cash
1679,908,2025-10-19,Net Banking
1680,985,2025-08-01,Debit Card
1681,225,2025-03-02,Cash
1682,511,2025-09-20,Debit Card
1683,957,2025-02-28,Credit Card
1684,450,2025-08-15,Debit Card
1685,684,2025-07-08,Debit Card
1686,971,2025-07-15,Credit Card
1687,240,2025-10-04,Credit Card
1688,489,2025-01-03,UPI
1689,265,2025-07-19,Net Banking
1690,290,2025-12-02,Cash
1691,37,2025-06-17,Credit Card
1692,79,2025-10-06,Credit Card
1693,280,2025-12-07,Debit Card
1694,172,2025-07-08,Debit Card
1695,253,2025-10-16,Credit Card
1696,639,2025-03-06,UPI
1697,585,2025-08-03,Credit Card
1698,800,2025-02-14,Credit Card
1699,608,2025-06-25,Cash
1700,614,2025-01-12,UPI
1701,303,2025-05-26,Cash
1702,850,2025-01-04,Cash
1703,582,2025-11-13,UPI
1704,982,2025-11-05,Cash
1705,199,2025-06-22,Credit Card
1706,436,2025-07-17,Net Banking
1707,899,2025-02-24,Net Banking
1708,54,2025-05-15,Credit Card
1709,221,2025-09-19,Debit Card
1710,812,2025-04-17,Cash
1711,474,2025-08-14,Cash
1712,226,2025-04-08,Credit Card
1713,291,2025-08-14,Debit Card
1714,992,2025-04-10,UPI
1715,875,2025-09-21,Credit Card
1716,690,2025-05-24,UPI
1717,343,2025-12-05,Cash
1718,995,2025-01-19,Debit Card
1719,804,2025-05-17,Debit Card
1720,111,2025-03-09,UPI
1721,80,2025-10-19,Credit Card
1722,312,2025-05-28,Cash
1723,310,2025-07-07,Cash
1724,175,2025-10-04,Credit Card
1725,696,2025-05-16,Credit Card
1726,806,2025-08-12,Net Banking
1727,382,2025-11-01,Net Banking
1728,723,2025-11-10,Cash
1729,863,2025-11-12,Credit Card
1730,374,2025-07-25,Net Banking
1731,308,2025-02-28,Debit Card
1732,586,2025-06-10,Net Banking
1733,71,2025-12-02,Cash
1734,1,2025-08-01,UPI
1735,930,2025-06-27,Net Banking
1736,560,2025-12-22,Cash
1737,367,2025-08-02,Net Banking
1738,628,2024-12-30,Net Banking
1739,75,2025-04-15,Credit Card
1740,72,2025-11-19,Credit Card
1741,866,2025-06-10,Cash
1742,352,2025-05-10,Credit Card
1743,781,2025-11-13,Net Banking
1744,575,2025-10-09,Cash
1745,598,2025-12-11,Net Banking
1746,343,2025-01-10,Cash
1747,344,2025-08-06,Debit Card
1748,82,2025-04-28,Debit Card
1749,120,2025-11-12,Cash
1750,693,2025-10-13,UPI
1751,58,2025-11-25,Net Banking
1752,455,2025-11-20,Net Banking
1753,228,2025-07-09,Net Banking
1754,652,2025-11-08,Debit Card
1755,533,2025-12-09,Net Banking
1756,631,2025-02-23,Debit Card
1757,296,2025-04-08,Cash
1758,157,2025-04-01,UPI
1759,38,2025-07-12,Net Banking
1760,830,2025-06-17,Credit Card
1761,130,2025-04-14,Debit Card
1762,356,2025-05-16,Net Banking
1763,919,2025-02-18,Cash
1764,914,2025-01-17,Net Banking
1765,806,2025-01-01,Net Banking
1766,576,2025-02-14,UPI
1767,598,2025-07-26,Credit Card
1768,181,2025-12-04,Credit Card
1769,9,2025-10-14,Cash
1770,463,2025-12-20,Net Banking
1771,89,2025-06-10,Debit Card
1772,995,2025-06-17,Cash
1773,658,2025-03-26,Net Banking
1774,113,2025-07-10,UPI
1775,241,2025-01-02,Net Banking
1776,544,2025-03-09,UPI
1777,81,2025-02-23,Credit Card
1778,585,2025-11-14,Cash
1779,61,2025-06-02,Cash
1780,334,2025-05-25,Net Banking
1781,906,2024-12-26,Debit Card
1782,161,2025-02-11,Debit Card
1783,518,2025-10-29,UPI
1784,267,2025-01-05,Debit Card
1785,469,2024-12-27,Net Banking
1786,277,2025-01-30,Credit Card
1787,487,2025-06-09,Net Banking
1788,389,2025-05-06,Debit Card
1789,623,2025-07-10,Net Banking
1790,280,2025-08-19,UPI
1791,383,2025-04-28,Credit Card
1792,662,2025-02-11,Credit Card
1793,461,2025-07-01,Net Banking
1794,619,2025-08-15,Debit Card
1795,157,2025-07-22,Net Banking
1796,297,2025-06-15,Debit Card
1797,962,2025-05-05,Credit Card
1798,718,2025-06-26,Net Banking
1799,151,2025-10-07,Net Banking
1800,788,2025-12-04,Cash
1801,140,2025-06-04,Credit Card
1802,194,2025-10-27,Cash
1803,888,2025-01-02,Debit Card
1804,705,2025-04-01,Debit Card
1805,996,2025-09-03,Cash
1806,555,2025-06-21,UPI
1807,332,2025-05-20,Cash
1808,734,2025-04-03,Net Banking
1809,85,2025-09-20,Debit Card
1810,402,2025-04-21,Credit Card
1811,760,2025-10-10,Net Banking
1812,319,2025-08-21,Net Banking
1813,737,2025-03-11,Debit Card
1814,371,2025-05-09,Cash
1815,788,2025-07-28,UPI
1816,843,2025-11-09,Debit Card
1817,809,2025-06-27,Debit Card
1818,449,2025-03-03,Debit Card
1819,392,2025-12-09,Credit Card
1820,714,2025-06-02,Credit Card
1821,589,2025-11-01,Cash
1822,134,2025-12-17,Cash
1823,893,2025-04-26,Net Banking
1824,72,2025-09-27,UPI
1825,537,2025-08-16,Credit Card
1826,77,2025-08-29,UPI
1827,376,2025-02-26,Net Banking
1828,805,2025-08-24,Cash
1829,910,2025-03-31,UPI
1830,581,2025-05-11,Cash
1831,905,2025-03-26,UPI
1832,711,2025-04-19,Net Banking
1833,781,2025-02-11,Net Banking
1834,748,2025-11-14,UPI
1835,340,2025-09-09,UPI
1836,899,2025-07-20,UPI
1837,842,2025-06-22,Debit Card
1838,614,2025-09-13,UPI
1839,177,2025-11-21,UPI
1840,158,2025-05-08,Debit Card
1841,90,2025-12-14,Cash
1842,538,2025-12-04,Net Banking
1843,318,2025-09-11,Debit Card
1844,308,2025-01-13,Debit Card
1845,887,2025-05-27,Debit Card
1846,98,2025-04-03,Net Banking
1847,106,2025-01-03,Credit Card
1848,490,2025-10-11,Cash
1849,823,2025-04-01,Cash
1850,274,2025-04-29,Debit Card
1851,712,2025-08-14,Debit Card
1852,937,2025-02-20,Cash
1853,521,2025-02-27,Cash
1854,265,2025-09-28,Debit Card
1855,611,2025-10-03,Credit Card
1856,619,2025-09-03,UPI
1857,501,2025-05-01,Net Banking
1858,199,2025-05-07,Net Banking
1859,905,2025-03-02,Net Banking
1860,534,2025-08-22,UPI
1861,501,2025-02-13,Cash
1862,405,2025-08-24,UPI
1863,679,2025-10-18,Debit Card
1864,879,2025-04-07,Cash
1865,170,2025-02-19,Debit Card
1866,896,2025-06-26,Net Banking
1867,968,2025-12-05,UPI
1868,443,2025-06-12,Debit Card
1869,160,2025-09-12,UPI
1870,617,2025-08-11,Credit Card
1871,682,2025-04-06,Debit Card
1872,473,2025-03-23,UPI
1873,783,2025-04-06,Cash
1874,139,2025-11-13,Credit Card
1875,323,2025-10-12,UPI
1876,435,2025-08-30,Net Banking
1877,300,2025-09-30,Debit Card
1878,18,2025-03-15,Cash
1879,6,2025-04-22,UPI
1880,953,2025-02-07,Credit Card
1881,337,2025-03-20,Credit Card
1882,463,2025-09-04,Net Banking
1883,753,2025-06-14,UPI
1884,426,2025-04-20,UPI
1885,733,2025-09-30,Cash
1886,660,2025-08-24,Cash
1887,986,2025-05-18,UPI
1888,819,2025-08-18,UPI
1889,863,2025-06-08,Net Banking
1890,497,2025-09-24,Net Banking
1891,863,2025-05-07,UPI
1892,604,2025-09-07,Debit Card
1893,934,2025-04-05,Cash
1894,200,2025-06-15,Cash
1895,335,2025-02-01,Net Banking
1896,96,2025-08-08,Net Banking
1897,130,2025-03-08,Credit Card
1898,213,2025-12-15,Net Banking
1899,581,2025-05-10,UPI
1900,119,2025-01-30,Cash
1901,269,2025-01-27,Cash
1902,879,2025-01-23,Debit Card
1903,453,2025-11-28,Cash
1904,305,2025-07-09,UPI
1905,869,2025-01-07,Debit Card
1906,910,2025-08-05,Debit Card
1907,638,2025-07-16,Credit Card
1908,997,2025-05-27,Credit Card
1909,53,2025-09-27,Cash
1910,843,2025-01-29,Credit Card
1911,422,2025-02-24,UPI
1912,638,2025-04-21,Credit Card
1913,752,2025-10-24,UPI
1914,634,2025-04-28,Debit Card
1915,777,2025-02-12,UPI
1916,393,2025-05-29,Credit Card
1917,123,2025-01-13,Net Banking
1918,658,2025-12-11,Credit Card
1919,98,2025-01-21,UPI
1920,927,2025-08-31,Credit Card
1921,583,2025-01-14,Debit Card
1922,138,2025-02-19,Credit Card
1923,376,2025-06-09,Credit Card
1924,613,2025-10-15,Debit Card
1925,809,2025-04-08,Debit Card
1926,402,2025-08-11,Cash
1927,657,2025-06-24,Credit Card
1928,839,2025-11-21,Credit Card
1929,515,2025-10-18,UPI
1930,686,2025-02-15,Debit Card
1931,812,2025-08-02,Debit Card
1932,342,2025-08-25,Cash
1933,131,2025-03-20,Cash
1934,914,2025-12-04,UPI
1935,592,2025-05-02,Net Banking
1936,713,2025-02-21,Credit Card
1937,782,2025-08-29,Credit Card
1938,961,2025-02-12,Credit Card
1939,402,2025-03-12,UPI
1940,943,2025-10-28,Debit Card
1941,817,2025-06-14,Net Banking
1942,113,2025-05-15,UPI
1943,641,2025-01-24,Credit Card
1944,45,2025-04-14,Cash
1945,236,2025-08-12,Net Banking
1946,97,2025-05-29,Cash
1947,415,2025-03-29,Debit Card
1948,823,2025-09-26,Debit Card
1949,310,2025-04-11,Credit Card
1950,749,2025-02-16,Debit Card
1951,228,2025-12-15,Debit Card
1952,329,2025-01-27,Debit Card
1953,909,2025-08-09,Net Banking
1954,506,2024-12-27,Cash
1955,420,2025-04-18,Debit Card
1956,988,2025-02-03,Net Banking
1957,839,2025-03-27,Net Banking
1958,992,2025-05-02,Cash
1959,440,2025-02-24,UPI
1960,383,2025-02-07,UPI
1961,822,2025-11-25,Debit Card
1962,230,2025-02-26,Credit Card
1963,685,2025-03-14,Credit Card
1964,648,2025-12-03,Debit Card
1965,463,2025-09-09,Net Banking
1966,258,2025-04-12,Cash
1967,766,2025-09-03,Debit Card
1968,274,2025-05-23,Debit Card
1969,58,2024-12-26,Debit Card
1970,336,2025-02-22,Net Banking
1971,769,2025-06-09,Cash
1972,256,2025-08-01,Debit Card
1973,159,2025-06-20,Debit Card
1974,409,2025-03-09,Credit Card
1975,206,2025-08-18,Debit Card
1976,96,2025-09-16,Credit Card
1977,775,2025-05-07,Debit Card
1978,780,2025-02-22,UPI
1979,552,2025-01-23,Net Banking
1980,949,2025-01-12,UPI
1981,878,2024-12-28,Debit Card
1982,156,2025-12-25,Cash
1983,999,2025-11-02,UPI
1984,510,2025-12-21,Credit Card
1985,714,2025-01-26,UPI
1986,19,2025-09-21,Net Banking
1987,967,2025-09-24,Credit Card
1988,196,2025-09-26,Credit Card
1989,681,2025-09-10,Debit Card
1990,592,2025-10-28,Net Banking
1991,420,2025-11-23,Cash
1992,98,2025-07-29,Net Banking
1993,880,2025-04-23,Net Banking
1994,957,2025-02-20,Debit Card
1995,35,2025-12-24,Net Banking
1996,292,2025-04-16,Debit Card
1997,298,2025-07-28,Cash
1998,876,2025-08-25,Debit Card
1999,937,2025-09-19,Debit Card
2000,486,2025-02-20,Debit Card
2001,304,2025-08-12,UPI
2002,362,2025-05-26,Cash
2003,225,2025-08-08,Cash
2004,459,2025-04-10,Cash
2005,56,2025-09-14,Net Banking
2006,713,2025-04-28,Net Banking
2007,172,2025-10-12,Cash
2008,595,2025-05-25,Net Banking
2009,869,2025-02-10,Credit Card
2010,766,2025-08-12,Credit Card
2011,271,2025-03-06,Cash
2012,379,2025-02-05,Cash
2013,177,2025-04-28,Cash
2014,571,2025-10-12,Cash
2015,216,2025-08-23,UPI
2016,540,2025-01-25,Credit Card
2017,867,2025-07-16,Credit Card
2018,41,2025-10-11,Debit Card
2019,701,2025-04-08,Debit Card
2020,771,2025-03-31,UPI
2021,584,2025-04-19,Credit Card
2022,473,2025-04-02,UPI
2023,388,2025-09-20,Credit Card
2024,124,2025-09-04,Debit Card
2025,297,2025-02-15,Net Banking
2026,359,2025-03-04,UPI
2027,416,2025-05-30,Credit Card
2028,202,2025-11-04,Debit Card
2029,866,2025-05-12,Cash
2030,816,2025-09-30,Credit Card
2031,989,2025-09-14,Cash
2032,909,2025-08-07,Net Banking
2033,464,2025-01-03,Debit Card
2034,817,2025-07-04,UPI
2035,459,2025-10-05,Cash
2036,639,2025-05-29,Credit Card
2037,819,2025-05-30,Debit Card
2038,783,2025-01-07,Cash
2039,87,2025-04-09,Cash
2040,946,2025-07-07,Net Banking
2041,93,2025-06-10,Credit Card
2042,578,2025-02-03,Net Banking
2043,570,2025-11-25,Cash
2044,241,2025-05-09,Net Banking
2045,579,2025-08-03,Net Banking
2046,706,2024-12-28,Cash
2047,781,2025-01-14,Cash
2048,436,2025-11-24,UPI
2049,387,2025-05-17,Cash
2050,19,2025-12-13,Cash
2051,627,2025-04-08,Credit Card
2052,703,2025-09-19,Debit Card
2053,511,2025-06-10,Credit Card
2054,44,2025-01-10,Debit Card
2055,483,2025-11-16,Debit Card
2056,771,2025-02-21,UPI
2057,881,2025-08-27,Net Banking
2058,331,2025-08-10,Net Banking
2059,582,2025-02-25,UPI
2060,957,2025-12-01,Cash
2061,615,2025-04-28,Net Banking
2062,598,2025-11-02,Credit Card
2063,310,2025-01-23,Cash
2064,80,2025-07-10,UPI
2065,800,2025-04-14,Credit Card
2066,925,2025-07-15,Debit Card
2067,190,2025-02-26,Net Banking
2068,892,2025-02-21,Credit Card
2069,268,2025-01-02,Cash
2070,570,2025-12-17,Cash
2071,367,2025-03-09,Debit Card
2072,659,2025-08-07,Credit Card
2073,784,2025-08-24,Credit Card
2074,382,2025-09-05,Credit Card
2075,12,2025-07-05,Net Banking
2076,889,2025-03-02,Cash
2077,992,2025-05-15,UPI
2078,90,2025-08-14,Credit Card
2079,204,2025-02-09,Net Banking
2080,970,2025-10-26,Debit Card
2081,123,2025-04-05,Net Banking
2082,77,2025-06-29,Net Banking
2083,771,2025-11-04,Credit Card
2084,977,2025-05-09,Cash
2085,211,2025-09-12,Cash
2086,761,2025-10-21,UPI
2087,501,2025-03-26,Credit Card
2088,717,2025-03-12,Cash
2089,102,2025-05-24,Net Banking
2090,672,2025-10-05,Credit Card
2091,988,2025-10-20,UPI
2092,23,2025-02-19,Cash
2093,783,2025-10-21,Cash
2094,524,2025-08-18,Cash
2095,819,2025-11-30,Credit Card
2096,647,2025-09-14,Cash
2097,542,2025-03-08,Net Banking
2098,193,2025-09-02,Cash
2099,577,2025-06-02,Net Banking
2100,975,2025-02-10,Cash
2101,522,2025-04-09,Credit Card
2102,27,2025-01-24,Net Banking
2103,418,2025-10-23,Credit Card
2104,588,2025-12-07,Debit Card
2105,193,2025-03-14,Credit Card
2106,957,2025-05-20,Credit Card
2107,28,2025-08-20,Credit Card
2108,251,2025-05-03,Credit Card
2109,829,2025-10-30,Debit Card
2110,504,2025-11-09,UPI
2111,137,2025-05-21,Cash
2112,631,2025-04-14,Debit Card
2113,502,2025-03-23,UPI
2114,812,2025-05-26,Debit Card
2115,102,2025-02-17,Net Banking
2116,339,2025-09-19,Credit Card
2117,712,2025-06-27,UPI
2118,327,2025-02-17,Cash
2119,421,2025-07-08,UPI
2120,593,2025-10-29,Cash
2121,905,2025-01-21,Cash
2122,797,2025-10-19,Net Banking
2123,166,2025-12-22,Credit Card
2124,805,2025-05-31,Debit Card
2125,605,2025-04-09,Debit Card
2126,993,2025-04-20,UPI
2127,126,2025-12-17,UPI
2128,88,2025-11-08,Debit Card
2129,371,2025-03-17,Net Banking
2130,523,2025-01-04,Net Banking
2131,234,2025-02-26,Net Banking
2132,127,2025-11-06,Net Banking
2133,838,2025-10-17,UPI
2134,748,2025-08-15,Net Banking
2135,573,2025-10-17,Net Banking
2136,419,2025-05-12,Cash
2137,22,2025-08-04,Credit Card
2138,42,2025-08-15,Credit Card
2139,43,2025-05-07,Debit Card
2140,438,2025-05-13,Net Banking
2141,258,2025-09-07,Debit Card
2142,678,2025-10-11,Credit Card
2143,22,2025-01-05,UPI
2144,961,2025-01-12,Debit Card
2145,7,2025-08-06,Cash
2146,30,2025-11-14,Debit Card
2147,464,2025-09-21,Net Banking
2148,374,2025-08-15,Credit Card
2149,229,2025-12-07,UPI
2150,295,2025-09-15,UPI
2151,168,2025-07-13,Cash
2152,914,2025-07-12,Net Banking
2153,561,2025-07-27,UPI
2154,171,2025-12-11,UPI
2155,981,2025-12-06,Cash
2156,361,2025-11-14,Cash
2157,763,2025-03-18,UPI
2158,587,2025-08-23,UPI
2159,185,2025-01-11,Cash
2160,551,2025-10-24,UPI
2161,277,2025-01-26,Cash
2162,699,2025-09-13,Cash
2163,484,2025-03-15,Net Banking
2164,804,2025-01-19,Net Banking
2165,988,2025-02-23,Credit Card
2166,710,2025-06-26,Cash
2167,839,2025-10-18,Credit Card
2168,161,2025-11-21,Net Banking
2169,158,2025-06-15,Debit Card
2170,66,2025-11-05,Debit Card
2171,336,2025-05-14,Cash
2172,809,2025-12-02,UPI
2173,140,2025-02-15,Cash
2174,875,2025-03-23,Cash
2175,325,2025-11-06,Cash
2176,609,2025-12-08,Cash
2177,108,2025-07-30,Credit Card
2178,514,2025-01-10,Credit Card
2179,346,2025-06-30,Credit Card
2180,296,2025-04-03,Credit Card
2181,546,2025-02-28,Net Banking
2182,569,2025-11-20,Credit Card
2183,998,2025-03-15,Cash
2184,206,2025-03-25,UPI
2185,685,2025-05-09,Cash
2186,312,2025-05-04,Cash
2187,16,2025-04-03,Cash
2188,602,2025-06-10,Debit Card
2189,718,2025-03-13,Cash
2190,579,2025-12-05,Net Banking
2191,672,2025-03-26,Net Banking
2192,249,2025-01-12,Cash
2193,614,2025-10-14,Debit Card
2194,604,2025-12-05,Debit Card
2195,802,2025-04-28,Debit Card
2196,600,2025-04-10,UPI
2197,657,2025-10-24,Credit Card
2198,797,2025-06-04,Debit Card
2199,36,2025-04-26,Debit Card
2200,761,2025-09-23,UPI
2201,625,2025-12-21,Credit Card
2202,798,2025-08-10,UPI
2203,672,2025-09-01,Debit Card
2204,846,2025-10-14,Net Banking
2205,603,2025-07-28,Debit Card
2206,322,2025-12-01,Debit Card
2207,809,2025-12-23,Debit Card
2208,656,2025-03-18,Debit Card
2209,970,2025-02-11,UPI
2210,712,2025-11-06,Net Banking
2211,714,2025-10-24,Debit Card
2212,235,2025-03-21,UPI
2213,277,2025-09-05,Net Banking
2214,578,2025-06-18,Net Banking
2215,446,2025-09-26,Credit Card
2216,343,2025-05-21,Debit Card
2217,177,2025-11-16,UPI
2218,406,2025-05-16,Debit Card
2219,163,2025-06-22,UPI
2220,526,2025-08-30,Credit Card
2221,275,2025-09-17,UPI
2222,482,2025-03-30,Credit Card
2223,889,2025-03-16,Credit Card
2224,935,2025-01-16,Debit Card
2225,498,2025-10-07,Net Banking
2226,632,2025-01-17,Cash
2227,120,2025-09-09,Net Banking
2228,921,2025-01-28,UPI
2229,576,2025-07-15,Net Banking
2230,135,2025-12-25,UPI
2231,152,2025-07-18,Cash
2232,227,2025-05-26,Net Banking
2233,247,2025-04-20,Cash
2234,540,2025-05-12,Net Banking
2235,52,2025-09-08,Credit Card
2236,638,2025-11-19,Cash
2237,904,2025-12-16,Cash
2238,444,2025-03-16,Credit Card
2239,454,2025-02-04,Debit Card
2240,953,2025-09-05,Credit Card
2241,601,2025-03-04,Net Banking
2242,895,2025-12-13,UPI
2243,432,2025-11-05,Cash
2244,230,2025-06-07,Credit Card
2245,853,2024-12-31,Credit Card
2246,319,2025-01-17,Credit Card
2247,898,2025-09-17,Net Banking
2248,551,2025-12-15,UPI
2249,394,2025-07-12,Net Banking
2250,409,2025-04-13,Debit Card
2251,604,2025-11-07,Debit Card
2252,311,2025-12-04,UPI
2253,538,2025-09-24,UPI
2254,4,2025-11-19,Cash
2255,761,2025-08-11,Net Banking
2256,184,2025-09-30,Cash
2257,664,2025-12-10,Credit Card
2258,311,2025-02-22,Cash
2259,750,2025-12-24,UPI
2260,671,2025-08-21,Net Banking
2261,383,2025-05-10,Credit Card
2262,947,2025-03-21,Net Banking
2263,79,2025-07-26,Net Banking
2264,727,2025-06-09,Credit Card
2265,341,2025-08-12,UPI
2266,182,2025-08-22,Cash
2267,899,2025-10-18,Debit Card
2268,157,2025-07-13,UPI
2269,760,2025-05-15,Debit Card
2270,40,2025-01-31,Credit Card
2271,786,2025-05-15,Net Banking
2272,739,2025-12-11,UPI
2273,806,2025-03-24,UPI
2274,356,2025-07-20,Net Banking
2275,612,2025-10-07,Debit Card
2276,817,2025-09-11,Net Banking
2277,70,2025-07-31,Net Banking
2278,757,2025-01-14,Credit Card
2279,656,2025-10-29,Net Banking
2280,945,2025-04-20,Credit Card
2281,161,2025-01-27,Cash
2282,1,2025-10-21,Debit Card
2283,647,2025-09-24,Net Banking
2284,582,2025-02-22,UPI
2285,888,2025-03-12,Cash
2286,152,2025-05-21,Cash
2287,623,2025-06-12,Credit Card
2288,103,2025-02-18,Credit Card
2289,266,2025-09-23,Credit Card
2290,139,2025-02-12,UPI
2291,515,2025-06-24,UPI
2292,591,2025-07-30,Debit Card
2293,831,2025-10-11,Net Banking
2294,920,2025-08-18,UPI
2295,719,2025-03-24,Net Banking
2296,512,2025-10-20,Cash
2297,114,2025-03-25,UPI
2298,487,2024-12-28,Cash
2299,141,2025-01-07,Net Banking
2300,887,2025-03-10,Cash
2301,421,2025-12-07,Net Banking
2302,584,2025-12-17,UPI
2303,496,2025-11-26,Net Banking
2304,721,2025-02-13,Credit Card
2305,585,2025-10-07,Debit Card
2306,752,2025-10-15,UPI
2307,692,2025-04-13,Credit Card
2308,355,2025-01-04,Net Banking
2309,880,2025-08-25,Cash
2310,854,2025-08-19,UPI
2311,98,2025-09-02,Cash
2312,863,2025-01-06,UPI
2313,800,2025-10-30,UPI
2314,541,2025-07-04,UPI
2315,47,2025-05-02,Credit Card
2316,926,2025-01-02,Debit Card
2317,200,2025-02-12,Debit Card
2318,408,2025-06-18,UPI
2319,470,2025-06-28,Cash
2320,354,2025-06-18,Net Banking
2321,811,2025-02-04,Debit Card
2322,383,2025-11-26,Debit Card
2323,328,2025-03-16,Net Banking
2324,524,2025-05-06,UPI
2325,595,2025-03-05,Cash
2326,84,2025-09-16,UPI
2327,264,2025-12-08,Cash
2328,988,2025-08-06,Credit Card
2329,938,2025-08-01,Credit Card
2330,997,2025-01-26,Net Banking
2331,815,2025-09-01,Debit Card
2332,594,2025-09-16,UPI
2333,379,2025-06-17,Debit Card
2334,621,2024-12-30,Net Banking
2335,877,2025-02-19,Debit Card
2336,796,2025-02-07,UPI
2337,806,2024-12-29,Debit Card
2338,67,2025-01-02,UPI
2339,325,2025-11-13,Credit Card
2340,303,2025-09-29,Debit Card
2341,664,2025-01-17,Debit Card
2342,499,2025-01-17,UPI
2343,326,2025-01-06,UPI
2344,471,2025-06-09,UPI
2345,495,2025-07-17,Credit Card
2346,180,2025-01-10,Net Banking
2347,468,2025-06-07,Credit Card
2348,593,2025-08-16,Cash
2349,204,2025-11-24,Debit Card
2350,661,2025-06-21,Credit Card
2351,63,2025-08-18,Credit Card
2352,997,2025-09-11,Credit Card
2353,401,2025-04-21,Debit Card
2354,318,2025-05-25,Cash
2355,182,2025-06-06,Debit Card
2356,306,2025-01-02,Credit Card
2357,752,2025-11-06,UPI
2358,364,2025-05-10,Debit Card
2359,331,2025-08-27,Cash
2360,319,2025-11-28,Cash
2361,660,2025-12-02,Credit Card
2362,906,2025-10-11,Credit Card
2363,519,2025-10-21,Credit Card
2364,34,2025-09-30,Debit Card
2365,462,2025-05-04,Net Banking
2366,910,2025-07-25,Debit Card
2367,100,2025-07-02,Net Banking
2368,532,2025-03-28,Credit Card
2369,338,2025-01-25,Net Banking
2370,143,2025-04-04,Credit Card
2371,992,2025-02-03,Cash
2372,802,2025-03-15,Net Banking
2373,154,2025-08-20,Credit Card
2374,426,2025-03-16,UPI
2375,671,2025-07-10,Net Banking
2376,48,2025-11-15,Debit Card
2377,36,2025-11-15,Net Banking
2378,818,2025-02-17,UPI
2379,704,2025-10-02,Credit Card
2380,801,2025-12-20,Debit Card
2381,30,2024-12-26,Net Banking
2382,102,2025-10-26,UPI
2383,893,2025-10-28,Cash
2384,28,2025-05-10,Net Banking
2385,209,2025-04-28,Credit Card
2386,638,2025-04-02,Cash
2387,468,2025-06-29,Credit Card
2388,385,2025-07-02,Net Banking
2389,844,2025-11-08,Cash
2390,602,2025-02-10,Cash
2391,370,2025-02-16,UPI
2392,438,2025-06-27,Cash
2393,699,2025-09-19,Cash
2394,47,2025-12-20,Net Banking
2395,640,2025-07-19,Cash
2396,359,2025-05-29,Debit Card
2397,176,2025-07-15,UPI
2398,381,2025-05-19,Cash
2399,936,2025-07-28,Debit Card
2400,19,2025-07-20,Credit Card
2401,339,2025-06-03,Net Banking
2402,65,2025-01-25,UPI
2403,603,2025-12-21,Cash
2404,784,2025-06-25,Credit Card
2405,224,2025-07-28,Credit Card
2406,450,2025-06-02,Cash
2407,744,2025-04-14,UPI
2408,426,2025-11-23,Credit Card
2409,408,2025-09-23,Cash
2410,416,2025-07-25,Credit Card
2411,803,2025-02-11,UPI
2412,281,2025-10-16,Cash
2413,704,2025-09-30,Credit Card
2414,341,2025-08-14,UPI
2415,804,2025-06-15,Cash
2416,641,2025-11-15,Credit Card
2417,361,2025-07-18,UPI
2418,734,2025-12-24,Cash
2419,330,2025-12-14,Cash
2420,501,2025-08-23,Net Banking
2421,606,2025-07-01,Net Banking
2422,473,2025-01-06,Credit Card
2423,230,2025-03-20,Credit Card
2424,790,2025-04-09,Net Banking
2425,835,2025-03-16,UPI
2426,912,2025-12-13,Cash
2427,967,2025-07-14,UPI
2428,565,2025-11-25,Credit Card
2429,461,2025-06-11,Credit Card
2430,649,2025-12-23,Credit Card
2431,86,2025-06-19,Cash
2432,66,2025-08-04,Credit Card
2433,405,2025-09-04,UPI
2434,13,2025-12-19,Net Banking
2435,252,2025-03-09,Credit Card
2436,384,2025-01-16,Credit Card
2437,264,2025-11-11,Cash
2438,661,2025-03-11,Credit Card
2439,476,2025-08-21,Cash
2440,14,2025-12-13,Debit Card
2441,287,2025-03-26,Credit Card
2442,231,2025-09-19,Credit Card
2443,969,2025-01-02,Debit Card
2444,746,2025-01-21,Debit Card
2445,144,2025-02-18,Cash
2446,172,2025-07-04,Cash
2447,641,2025-10-04,Credit Card
2448,350,2025-08-15,Credit Card
2449,621,2025-08-04,Credit Card
2450,21,2025-06-01,UPI
2451,17,2025-03-14,Credit Card
2452,504,2025-07-13,Cash
2453,752,2025-12-01,Net Banking
2454,240,2025-08-26,Cash
2455,32,2025-09-01,Cash
2456,736,2025-08-12,Debit Card
2457,640,2025-09-07,Net Banking
2458,809,2025-12-04,Net Banking
2459,368,2025-02-08,Net Banking
2460,185,2025-11-08,UPI
2461,818,2025-12-12,Cash
2462,813,2025-02-14,Cash
2463,629,2025-11-10,Debit Card
2464,302,2025-04-02,Credit Card
2465,315,2025-07-09,Debit Card
2466,650,2025-03-24,Credit Card
2467,141,2025-12-14,Debit Card
2468,763,2025-08-28,Debit Card
2469,997,2025-06-12,Credit Card
2470,972,2025-10-18,UPI
2471,288,2025-07-18,Cash
2472,255,2025-01-27,UPI
2473,458,2025-04-05,Cash
2474,9,2025-03-05,Net Banking
2475,569,2025-10-23,Credit Card
2476,878,2025-06-24,Debit Card
2477,24,2024-12-31,Net Banking
2478,474,2025-12-25,Net Banking
2479,85,2025-07-17,Credit Card
2480,199,2025-03-16,Cash
2481,939,2025-01-17,UPI
2482,963,2025-10-19,Debit Card
2483,89,2025-04-19,UPI
2484,682,2025-02-01,Net Banking
2485,813,2025-05-29,UPI
2486,821,2025-02-26,Net Banking
2487,923,2025-05-27,Cash
2488,520,2025-06-11,UPI
2489,484,2025-09-26,Credit Card
2490,807,2025-05-10,Debit Card
2491,182,2025-04-19,Debit Card
2492,731,2025-07-18,UPI
2493,218,2025-04-07,Net Banking
2494,371,2025-01-22,UPI
2495,148,2025-09-11,Debit Card
2496,429,2025-03-25,Cash
2497,729,2025-03-10,Credit Card
2498,557,2025-06-29,Debit Card
2499,691,2025-04-11,Net Banking
2500,905,2025-08-26,Net Banking
2501,557,2025-06-09,Cash
2502,983,2025-07-23,Credit Card
2503,469,2025-09-03,Credit Card
2504,433,2025-03-15,Credit Card
2505,824,2025-07-01,Credit Card
2506,866,2025-02-23,Debit Card
2507,713,2025-04-28,Net Banking
2508,634,2025-08-23,Cash
2509,53,2025-08-04,Debit Card
2510,783,2025-03-10,Net Banking
2511,586,2025-01-20,Credit Card
2512,223,2025-11-27,Net Banking
2513,450,2025-04-28,Cash
2514,371,2025-04-19,Credit Card
2515,86,2025-01-09,Net Banking
2516,721,2025-06-04,Net Banking
2517,927,2025-09-23,Cash
2518,265,2025-09-29,Net Banking
2519,282,2025-09-29,Debit Card
2520,117,2024-12-30,Net Banking
2521,158,2025-11-24,Cash
2522,773,2025-09-03,Debit Card
2523,662,2025-08-31,UPI
2524,41,2025-08-06,Debit Card
2525,686,2025-05-01,Cash
2526,891,2025-05-15,Credit Card
2527,999,2025-04-12,Cash
2528,904,2025-05-22,Net Banking
2529,807,2025-11-01,UPI
2530,590,2025-09-30,Credit Card
2531,277,2025-02-03,Net Banking
2532,271,2025-01-04,Cash
2533,800,2025-01-26,Debit Card
2534,835,2025-05-03,Credit Card
2535,277,2025-12-15,Credit Card
2536,508,2025-03-10,Debit Card
2537,37,2025-04-14,Debit Card
2538,332,2025-10-15,Credit Card
2539,71,2025-05-26,Net Banking
2540,726,2025-12-03,UPI
2541,756,2025-12-19,Cash
2542,767,2025-10-20,Net Banking
2543,30,2025-10-02,UPI
2544,681,2025-07-22,Debit Card
2545,94,2025-05-30,Net Banking
2546,822,2025-08-12,Debit Card
2547,999,2025-09-08,Credit Card
2548,149,2025-01-12,Cash
2549,873,2025-08-29,UPI
2550,89,2025-04-20,Net Banking
2551,678,2024-12-27,Cash
2552,211,2025-05-02,UPI
2553,864,2025-08-04,Debit Card
2554,333,2025-01-24,Credit Card
2555,521,2025-12-26,Debit Card
2556,14,2025-03-28,Debit Card
2557,34,2025-08-28,UPI
2558,802,2025-06-27,UPI
2559,95,2025-07-01,Credit Card
2560,967,2025-10-28,Credit Card
2561,949,2025-05-21,Credit Card
2562,604,2025-07-21,Net Banking
2563,263,2025-01-20,Debit Card
2564,149,2025-03-10,Credit Card
2565,708,2025-02-21,Cash
2566,274,2025-08-10,Cash
2567,913,2025-09-04,UPI
2568,676,2025-05-07,Debit Card
2569,90,2025-11-22,Debit Card
2570,573,2025-03-05,Net Banking
2571,722,2025-03-01,Net Banking
2572,550,2025-02-28,Net Banking
2573,568,2025-05-27,Debit Card
2574,266,2025-11-12,Debit Card
2575,304,2025-10-05,UPI
2576,564,2025-08-17,Net Banking
2577,457,2025-09-11,UPI
2578,719,2025-07-22,Net Banking
2579,489,2025-07-24,Credit Card
2580,345,2025-05-07,Cash
2581,174,2025-01-17,Credit Card
2582,497,2025-11-16,Cash
2583,484,2025-02-03,Credit Card
2584,995,2024-12-28,Credit Card
2585,737,2025-07-10,Net Banking
2586,743,2025-03-19,Net Banking
2587,414,2025-06-27,Cash
2588,591,2025-07-03,Net Banking
2589,512,2025-04-22,UPI
2590,29,2025-09-23,Net Banking
2591,555,2025-03-20,Debit Card
2592,558,2025-04-05,Debit Card
2593,385,2025-06-07,Credit Card
2594,797,2025-03-20,Credit Card
2595,148,2025-09-11,UPI
2596,219,2025-09-08,Credit Card
2597,788,2025-10-18,Net Banking
2598,558,2025-03-13,Debit Card
2599,24,2025-11-29,Net Banking
2600,52,2025-01-25,Net Banking
2601,436,2025-06-19,Debit Card
2602,662,2025-08-10,Credit Card
2603,374,2025-03-05,Credit Card
2604,109,2025-12-09,Credit Card
2605,148,2025-01-12,Credit Card
2606,469,2025-07-10,Net Banking
2607,497,2025-11-14,Debit Card
2608,159,2025-09-04,Net Banking
2609,829,2025-11-19,Credit Card
2610,966,2025-01-31,Debit Card
2611,775,2025-03-03,Net Banking
2612,502,2025-06-22,Cash
2613,6,2025-06-18,Credit Card
2614,465,2025-05-07,UPI
2615,820,2025-08-17,Debit Card
2616,188,2025-01-21,Credit Card
2617,345,2025-09-10,Net Banking
2618,134,2025-12-12,Credit Card
2619,35,2025-12-18,Credit Card
2620,285,2025-07-31,Net Banking
2621,950,2025-11-27,UPI
2622,141,2025-09-10,UPI
2623,579,2025-11-14,Net Banking
2624,469,2025-11-30,Cash
2625,646,2025-06-20,UPI
2626,358,2025-12-20,UPI
2627,242,2025-10-26,Cash
2628,829,2025-04-22,UPI
2629,294,2025-11-14,Debit Card
2630,840,2025-09-28,Credit Card
2631,430,2025-09-28,UPI
2632,533,2025-05-01,Debit Card
2633,776,2025-03-19,Credit Card
2634,385,2025-12-12,Net Banking
2635,518,2025-06-23,Cash
2636,782,2025-09-26,UPI
2637,121,2025-02-20,UPI
2638,878,2025-07-01,Cash
2639,544,2025-11-21,Debit Card
2640,488,2025-11-19,Cash
2641,382,2025-07-30,Net Banking
2642,904,2025-07-25,UPI
2643,238,2025-03-28,Cash
2644,350,2025-12-24,UPI
2645,196,2025-07-05,Cash
2646,827,2025-10-22,Credit Card
2647,678,2025-09-06,Cash
2648,12,2025-01-24,Credit Card
2649,954,2025-03-07,Debit Card
2650,20,2025-05-19,UPI
2651,459,2025-06-16,Cash
2652,337,2025-05-09,Cash
2653,997,2025-12-11,Credit Card
2654,179,2025-08-11,Net Banking
2655,401,2025-07-21,Credit Card
2656,570,2025-09-04,Net Banking
2657,343,2025-11-25,UPI
2658,905,2025-10-27,UPI
2659,530,2025-10-20,Credit Card
2660,532,2025-09-14,Debit Card
2661,878,2025-01-14,Cash
2662,363,2025-06-23,Debit Card
2663,214,2024-12-29,UPI
2664,801,2025-06-25,Credit Card
2665,199,2025-01-14,Cash
2666,838,2025-11-02,UPI
2667,454,2025-11-09,UPI
2668,518,2025-03-10,Net Banking
2669,743,2025-04-06,Cash
2670,659,2025-06-10,Credit Card
2671,369,2025-01-19,Debit Card
2672,415,2025-01-23,Net Banking
2673,8,2025-08-17,Net Banking
2674,801,2025-05-13,UPI
2675,417,2025-07-13,Credit Card
2676,480,2025-08-10,Debit Card
2677,235,2025-10-30,UPI
2678,293,2025-07-25,UPI
2679,732,2025-11-16,Debit Card
2680,224,2025-05-24,Credit Card
2681,48,2025-02-23,UPI
2682,106,2025-10-26,Cash
2683,493,2025-04-09,Credit Card
2684,685,2025-05-09,Debit Card
2685,138,2025-12-20,Cash
2686,635,2025-07-25,Debit Card
2687,398,2025-07-18,UPI
2688,724,2025-08-04,Cash
2689,483,2025-09-30,Debit Card
2690,772,2025-11-01,Cash
2691,944,2025-03-29,UPI
2692,644,2025-02-06,Credit Card
2693,761,2025-12-14,Cash
2694,479,2025-01-20,Debit Card
2695,18,2025-06-03,UPI
2696,454,2025-08-08,Debit Card
2697,740,2025-12-20,Cash
2698,461,2025-09-08,Cash
2699,81,2025-05-25,Cash
2700,458,2025-04-15,Credit Card
2701,190,2025-07-01,Cash
2702,373,2025-06-11,Net Banking
2703,372,2025-07-03,Credit Card
2704,798,2025-09-20,Debit Card
2705,855,2025-03-19,Credit Card
2706,735,2025-05-23,Debit Card
2707,493,2025-06-27,Net Banking
2708,37,2025-01-23,Credit Card
2709,318,2025-08-07,Net Banking
2710,614,2025-03-01,Debit Card
2711,259,2025-05-28,Net Banking
2712,807,2025-07-13,Cash
2713,271,2025-11-14,Credit Card
2714,266,2025-06-02,Debit Card
2715,506,2025-07-12,Debit Card
2716,913,2025-02-21,UPI
2717,614,2025-06-11,Net Banking
2718,948,2025-02-21,Net Banking
2719,187,2025-01-30,UPI
2720,951,2025-09-01,UPI
2721,425,2025-01-24,Net Banking
2722,810,2025-10-25,Net Banking
2723,864,2025-02-21,Net Banking
2724,680,2025-04-16,Credit Card
2725,691,2025-06-25,Cash
2726,638,2025-11-11,Net Banking
2727,547,2025-07-06,UPI
2728,222,2025-09-22,Debit Card
2729,666,2025-03-05,UPI
2730,386,2025-06-14,Net Banking
2731,598,2025-07-01,Net Banking
2732,514,2025-11-25,UPI
2733,418,2025-05-31,Credit Card
2734,412,2025-08-30,Debit Card
2735,120,2025-12-10,Cash
2736,368,2025-08-27,Net Banking
2737,615,2025-05-09,Credit Card
2738,782,2025-04-10,Cash
2739,330,2025-07-15,UPI
2740,261,2025-06-24,Debit Card
2741,480,2025-06-10,Debit Card
2742,405,2025-10-08,Credit Card
2743,705,2025-03-04,Credit Card
2744,406,2024-12-26,UPI
2745,596,2025-12-14,Credit Card
2746,162,2025-06-12,Net Banking
2747,456,2025-09-13,Cash
2748,759,2025-04-01,Net Banking
2749,669,2025-05-06,Net Banking
2750,396,2025-03-02,Debit Card
2751,608,2025-09-27,UPI
2752,437,2025-05-01,Credit Card
2753,691,2025-07-03,Credit Card
2754,941,2025-01-15,Cash
2755,814,2025-09-16,Credit Card
2756,292,2024-12-26,Net Banking
2757,774,2025-05-02,Credit Card
2758,475,2025-12-24,UPI
2759,974,2025-04-13,Credit Card
2760,930,2025-08-31,UPI
2761,774,2025-07-24,Debit Card
2762,217,2025-01-13,UPI
2763,640,2025-04-13,Credit Card
2764,658,2025-04-14,Net Banking
2765,20,2025-06-06,Cash
2766,782,2025-09-16,Cash
2767,342,2025-11-18,Cash
2768,634,2025-10-24,UPI
2769,408,2025-12-26,Cash
2770,448,2025-06-19,Debit Card
2771,689,2025-11-02,UPI
2772,934,2025-02-13,Debit Card
2773,667,2025-07-19,Debit Card
2774,357,2025-10-25,Net Banking
2775,86,2025-03-25,UPI
2776,114,2025-09-14,Debit Card
2777,812,2025-03-30,Credit Card
2778,930,2025-03-04,Net Banking
2779,436,2025-10-01,Cash
2780,745,2025-01-08,UPI
2781,337,2025-11-24,UPI
2782,328,2025-07-17,Cash
2783,14,2025-11-28,Net Banking
2784,640,2025-08-04,Cash
2785,175,2025-08-26,Net Banking
2786,186,2025-01-24,Debit Card
2787,680,2025-01-28,Debit Card
2788,42,2025-12-26,Credit Card
2789,922,2025-09-12,Debit Card
2790,68,2025-09-18,Debit Card
2791,485,2025-10-26,Cash
2792,129,2025-02-01,UPI
2793,479,2025-07-29,UPI
2794,83,2025-07-07,UPI
2795,85,2025-07-07,Credit Card
2796,74,2025-04-05,UPI
2797,886,2025-11-04,UPI
2798,283,2025-06-23,Net Banking
2799,68,2025-05-30,Net Banking
2800,665,2025-02-23,Net Banking
2801,338,2025-09-09,Cash
2802,949,2025-06-05,Net Banking
2803,451,2025-12-16,Net Banking
2804,106,2025-03-16,Credit Card
2805,850,2025-08-24,Net Banking
2806,293,2025-03-15,UPI
2807,791,2025-01-20,Debit Card
2808,546,2025-10-19,Cash
2809,47,2025-10-31,Credit Card
2810,654,2025-04-14,UPI
2811,601,2025-09-01,UPI
2812,534,2025-06-08,Cash
2813,599,2025-11-13,Net Banking
2814,376,2025-05-25,Cash
2815,276,2024-12-31,Credit Card
2816,832,2025-02-04,UPI
2817,317,2025-08-18,UPI
2818,283,2025-01-29,UPI
2819,101,2025-01-07,Credit Card
2820,644,2024-12-30,Net Banking
2821,881,2025-05-25,Cash
2822,971,2025-04-07,Debit Card
2823,341,2025-06-19,UPI
2824,969,2025-12-08,Cash
2825,220,2025-05-21,Credit Card
2826,357,2025-09-30,Credit Card
2827,459,2025-09-25,Debit Card
2828,403,2025-02-08,Debit Card
2829,590,2025-06-16,Credit Card
2830,214,2025-07-26,Debit Card
2831,83,2025-02-12,UPI
2832,562,2025-08-19,UPI
2833,682,2025-04-18,Net Banking
2834,313,2025-09-15,Net Banking
2835,108,2025-08-28,UPI
2836,731,2025-07-26,Cash
2837,490,2025-09-07,Credit Card
2838,792,2025-03-22,Credit Card
2839,278,2025-07-21,Cash
2840,707,2025-02-03,Credit Card
2841,746,2025-10-25,Debit Card
2842,478,2025-09-12,UPI
2843,517,2025-03-20,Net Banking
2844,47,2025-12-17,Net Banking
2845,277,2025-07-10,Debit Card
2846,177,2025-06-25,Credit Card
2847,768,2025-11-02,Debit Card
2848,777,2025-09-10,Credit Card
2849,10,2025-11-04,Cash
2850,302,2025-09-09,Credit Card
2851,341,2025-10-03,Cash
2852,3,2025-07-04,Credit Card
2853,737,2025-04-06,Debit Card
2854,528,2025-08-18,Debit Card
2855,453,2025-09-26,Credit Card
2856,337,2025-12-13,UPI
2857,609,2025-12-09,Debit Card
2858,736,2025-01-19,Credit Card
2859,821,2025-01-26,Net Banking
2860,43,2025-01-08,UPI
2861,942,2025-05-15,Net Banking
2862,389,2025-10-20,Credit Card
2863,368,2025-04-07,Net Banking
2864,470,2025-07-25,Credit Card
2865,301,2025-04-24,Credit Card
2866,268,2025-09-19,Net Banking
2867,510,2025-08-09,Net Banking
2868,338,2025-10-18,Cash
2869,133,2025-06-05,UPI
2870,682,2025-11-12,Debit Card
2871,908,2025-11-22,Debit Card
2872,819,2025-06-16,Cash
2873,235,2025-04-24,Cash
2874,90,2025-01-09,UPI
2875,452,2025-11-27,Net Banking
2876,606,2025-05-17,Credit Card
2877,661,2025-04-12,UPI
2878,544,2025-12-08,UPI
2879,449,2025-09-27,Net Banking
2880,845,2025-02-05,Debit Card
2881,710,2025-11-18,Net Banking
2882,940,2025-08-10,UPI
2883,552,2025-01-04,Cash
2884,825,2025-10-23,Debit Card
2885,69,2025-01-03,UPI
2886,593,2025-11-03,Credit Card
2887,941,2025-05-11,Debit Card
2888,457,2025-02-20,Cash
2889,292,2025-05-30,Net Banking
2890,602,2025-09-24,Credit Card
2891,153,2025-09-03,UPI
2892,982,2025-02-05,Cash
2893,345,2025-08-12,Cash
2894,793,2025-12-15,Cash
2895,580,2025-01-05,UPI
2896,350,2025-06-05,UPI
2897,432,2025-06-28,Debit Card
2898,506,2025-11-16,Debit Card
2899,191,2025-12-08,Cash
2900,73,2025-09-21,UPI
2901,405,2025-06-08,Cash
2902,27,2025-02-13,Net Banking
2903,355,2025-06-26,Cash
2904,517,2025-12-08,Credit Card
2905,843,2025-06-12,Debit Card
2906,389,2025-12-02,Net Banking
2907,157,2025-08-29,Credit Card
2908,40,2025-09-23,Debit Card
2909,775,2025-09-07,Debit Card
2910,603,2025-09-05,Debit Card
2911,613,2025-01-14,Debit Card
2912,71,2025-12-14,Credit Card
2913,137,2025-06-13,Debit Card
2914,900,2025-06-25,UPI
2915,515,2025-11-11,Credit Card
2916,814,2025-07-10,Debit Card
2917,560,2025-12-24,UPI
2918,536,2025-08-23,Debit Card
2919,667,2025-05-24,Net Banking
2920,164,2025-11-27,Credit Card
2921,3,2025-05-16,Credit Card
2922,880,2025-07-27,Credit Card
2923,681,2025-02-15,Cash
2924,71,2025-02-18,Net Banking
2925,204,2025-05-24,Net Banking
2926,335,2025-09-08,UPI
2927,49,2025-11-18,Credit Card
2928,932,2025-03-19,Debit Card
2929,461,2025-08-13,Debit Card
2930,57,2025-07-15,Credit Card
2931,935,2025-08-03,Debit Card
2932,949,2025-09-27,Cash
2933,170,2025-03-31,Cash
2934,850,2025-04-10,UPI
2935,143,2025-06-03,UPI
2936,903,2025-06-24,Net Banking
2937,376,2025-01-04,UPI
2938,883,2025-12-12,Net Banking
2939,679,2025-08-24,Cash
2940,728,2025-11-16,Debit Card
2941,431,2025-03-27,UPI
2942,691,2025-04-27,Cash
2943,35,2025-02-21,UPI
2944,253,2025-03-05,UPI
2945,768,2025-01-23,UPI
2946,253,2025-03-28,UPI
2947,188,2025-01-22,Debit Card
2948,704,2025-03-21,UPI
2949,565,2024-12-29,Debit Card
2950,328,2025-07-04,Net Banking
2951,107,2025-07-06,Cash
2952,392,2025-01-07,Cash
2953,963,2025-03-03,Cash
2954,665,2025-05-21,Credit Card
2955,544,2025-02-18,Cash
2956,108,2025-11-23,Credit Card
2957,537,2025-07-06,Net Banking
2958,360,2025-03-14,Cash
2959,534,2025-11-14,UPI
2960,138,2025-12-26,Credit Card
2961,589,2025-01-02,Cash
2962,46,2025-06-24,Cash
2963,619,2025-07-30,Credit Card
2964,344,2025-09-10,Net Banking
2965,131,2025-12-16,Credit Card
2966,809,2025-03-30,UPI
2967,889,2025-04-09,Credit Card
2968,677,2025-03-12,Debit Card
2969,87,2025-06-06,Cash
2970,448,2025-10-10,Credit Card
2971,975,2025-06-04,Net Banking
2972,263,2025-12-10,Net Banking
2973,459,2025-10-17,Net Banking
2974,918,2025-06-19,UPI
2975,468,2025-05-31,Credit Card
2976,517,2025-05-11,Debit Card
2977,625,2025-01-15,Debit Card
2978,111,2025-01-16,UPI
2979,831,2025-06-02,Credit Card
2980,724,2025-06-15,Debit Card
2981,128,2025-06-04,Credit Card
2982,682,2025-06-29,Debit Card
2983,834,2025-04-21,Credit Card
2984,481,2025-01-31,Net Banking
2985,739,2025-07-12,Net Banking
2986,848,2025-02-03,Cash
2987,511,2025-09-20,Debit Card
2988,902,2025-11-19,Credit Card
2989,595,2025-12-04,Cash
2990,780,2025-08-28,Debit Card
2991,52,2025-08-09,Credit Card
2992,403,2025-09-26,Debit Card
2993,321,2025-04-07,Debit Card
2994,430,2025-02-01,Debit Card
2995,861,2025-10-27,UPI
2996,285,2025-04-03,Credit Card
2997,607,2025-01-20,Net Banking
2998,962,2025-01-12,Net Banking
2999,935,2025-04-23,Debit Card
3000,735,2025-10-26,Cash
3001,833,2025-05-02,Cash
3002,328,2025-01-17,Debit Card
3003,210,2025-03-25,UPI
3004,188,2025-10-18,Credit Card
3005,603,2025-06-15,Debit Card
3006,134,2025-04-19,UPI
3007,605,2025-04-18,Net Banking
3008,914,2025-10-18,UPI
3009,597,2025-01-19,Cash
3010,364,2025-03-18,Debit Card
3011,792,2025-11-17,Debit Card
3012,834,2025-01-07,UPI
3013,645,2025-03-31,Debit Card
3014,616,2025-10-15,Cash
3015,590,2025-08-09,Net Banking
3016,698,2025-05-18,Net Banking
3017,880,2025-08-16,Cash
3018,650,2025-02-14,Net Banking
3019,771,2025-11-27,Debit Card
3020,584,2025-05-02,Credit Card
3021,689,2025-08-30,Net Banking
3022,755,2025-06-13,Debit Card
3023,258,2025-03-08,Cash
3024,872,2025-12-25,Cash
3025,18,2025-06-06,UPI
3026,893,2025-11-10,UPI
3027,992,2025-07-15,Credit Card
3028,135,2025-11-29,Debit Card
3029,968,2025-03-30,Debit Card
3030,375,2025-03-29,Credit Card
3031,305,2025-08-25,Credit Card
3032,331,2025-08-10,UPI
3033,306,2025-09-08,Cash
3034,430,2025-11-27,UPI
3035,706,2025-04-03,Cash
3036,455,2025-09-06,UPI
3037,340,2025-06-16,UPI
3038,947,2025-02-22,Net Banking
3039,309,2025-09-15,Debit Card
3040,342,2025-07-29,UPI
3041,85,2025-04-08,Debit Card
3042,947,2025-03-12,Debit Card
3043,132,2025-12-11,UPI
3044,930,2025-09-17,Net Banking
3045,763,2025-05-17,Cash
3046,365,2025-03-22,Cash
3047,597,2025-10-19,Cash
3048,786,2025-02-25,UPI
3049,644,2025-09-14,Cash
3050,269,2025-08-23,Cash
3051,906,2025-09-21,Cash
3052,650,2025-11-14,Credit Card
3053,71,2025-10-29,UPI
3054,543,2025-02-06,Cash
3055,715,2025-08-20,Credit Card
3056,658,2025-05-04,UPI
3057,91,2025-01-15,Credit Card
3058,232,2025-01-25,UPI
3059,560,2025-11-03,Debit Card
3060,790,2025-02-06,Net Banking
3061,710,2025-07-24,UPI
3062,868,2025-06-03,Cash
3063,58,2025-04-21,Credit Card
3064,621,2025-06-06,Cash
3065,868,2025-06-08,UPI
3066,549,2025-06-16,Cash
3067,885,2025-05-18,Debit Card
3068,395,2025-10-17,Net Banking
3069,261,2025-03-05,Credit Card
3070,719,2025-04-08,UPI
3071,593,2025-08-29,Debit Card
3072,914,2025-03-01,UPI
3073,194,2025-06-03,UPI
3074,177,2025-05-14,Net Banking
3075,382,2025-03-15,Cash
3076,575,2025-09-24,UPI
3077,601,2025-01-02,Net Banking
3078,651,2025-08-31,Net Banking
3079,146,2025-05-02,UPI
3080,613,2025-12-10,Cash
3081,691,2025-07-02,Net Banking
3082,571,2025-09-12,Net Banking
3083,35,2025-02-01,UPI
3084,143,2025-08-13,Debit Card
3085,165,2025-06-29,Debit Card
3086,562,2025-09-03,UPI
3087,430,2024-12-30,Debit Card
3088,450,2025-05-19,Cash
3089,175,2025-03-11,Debit Card
3090,924,2025-01-18,UPI
3091,805,2025-06-22,Cash
3092,317,2025-02-06,Credit Card
3093,543,2025-12-06,Debit Card
3094,778,2025-11-29,Debit Card
3095,666,2025-02-05,Cash
3096,3,2025-12-15,UPI
3097,263,2025-05-01,Debit Card
3098,343,2025-03-31,Net Banking
3099,480,2025-01-19,Debit Card
3100,58,2025-10-15,UPI
3101,810,2025-12-11,UPI
3102,907,2025-10-29,UPI
3103,208,2025-12-19,Net Banking
3104,14,2025-08-30,UPI
3105,637,2025-03-02,Credit Card
3106,848,2025-08-28,Cash
3107,271,2025-02-25,Debit Card
3108,166,2025-01-07,Credit Card
3109,162,2025-04-23,UPI
3110,844,2025-02-21,Debit Card
3111,364,2025-06-03,Debit Card
3112,454,2025-05-30,Credit Card
3113,764,2025-06-08,UPI
3114,224,2025-01-29,Net Banking
3115,15,2025-12-04,Cash
3116,42,2025-06-13,Credit Card
3117,172,2025-08-09,Net Banking
3118,727,2025-07-20,Net Banking
3119,69,2025-08-11,Credit Card
3120,916,2025-07-25,Credit Card
3121,966,2025-04-04,Net Banking
3122,180,2025-01-14,Credit Card
3123,904,2025-09-24,UPI
3124,922,2025-05-05,Credit Card
3125,117,2025-12-19,UPI
3126,236,2025-07-19,Net Banking
3127,409,2025-08-12,Credit Card
3128,458,2025-10-04,Debit Card
3129,293,2025-10-20,Credit Card
3130,134,2025-11-25,Credit Card
3131,623,2025-02-08,Debit Card
3132,810,2025-11-03,UPI
3133,874,2025-08-06,Cash
3134,135,2025-12-10,Cash
3135,879,2025-02-27,Debit Card
3136,619,2025-11-29,Net Banking
3137,575,2025-01-26,Debit Card
3138,530,2025-12-17,UPI
3139,593,2025-08-07,Debit Card
3140,976,2025-04-20,Credit Card
3141,367,2025-08-28,Cash
3142,538,2025-07-14,Net Banking
3143,690,2025-05-17,Debit Card
3144,8,2025-01-15,Credit Card
3145,957,2025-09-30,Cash
3146,728,2025-06-12,Credit Card
3147,975,2025-04-06,Cash
3148,776,2025-12-03,Debit Card
3149,233,2025-10-01,UPI
3150,181,2025-10-16,UPI
3151,14,2025-05-25,UPI
3152,135,2025-06-19,UPI
3153,321,2025-05-22,Debit Card
3154,916,2025-08-05,Credit Card
3155,939,2025-08-26,Credit Card
3156,599,2025-10-07,Debit Card
3157,337,2025-03-07,Net Banking
3158,228,2025-10-09,Cash
3159,255,2025-02-11,UPI
3160,239,2025-04-04,Credit Card
3161,940,2025-03-17,Debit Card
3162,994,2025-09-20,UPI
3163,494,2025-07-23,Cash
3164,932,2025-10-18,Debit Card
3165,850,2025-03-06,Credit Card
3166,576,2025-06-11,Net Banking
3167,674,2025-06-26,Debit Card
3168,741,2025-11-14,Net Banking
3169,578,2025-06-04,Net Banking
3170,155,2025-12-21,Credit Card
3171,746,2025-02-14,UPI
3172,398,2025-12-17,Net Banking
3173,943,2025-07-11,UPI
3174,669,2025-04-22,Credit Card
3175,814,2025-06-21,UPI
3176,513,2025-04-22,UPI
3177,117,2025-11-20,Credit Card
3178,252,2025-11-01,Credit Card
3179,762,2025-04-01,Net Banking
3180,66,2025-09-08,Cash
3181,4,2025-08-28,UPI
3182,870,2025-10-17,Net Banking
3183,954,2025-05-04,Net Banking
3184,571,2025-12-03,Cash
3185,347,2025-10-22,Debit Card
3186,799,2025-04-14,UPI
3187,476,2025-11-10,Net Banking
3188,934,2025-03-05,Credit Card
3189,805,2025-10-15,Cash
3190,599,2025-12-01,Cash
3191,799,2025-05-21,UPI
3192,102,2025-07-02,UPI
3193,403,2025-05-17,Debit Card
3194,385,2025-09-02,Cash
3195,868,2025-10-08,Net Banking
3196,952,2025-03-03,Debit Card
3197,11,2025-11-23,Debit Card
3198,655,2025-03-21,Cash
3199,249,2025-08-17,Net Banking
3200,630,2025-03-16,Net Banking
3201,796,2025-03-15,Cash
3202,373,2025-10-13,UPI
3203,710,2025-04-28,Net Banking
3204,696,2025-10-03,UPI
3205,296,2025-12-11,Net Banking
3206,837,2025-11-19,UPI
3207,43,2025-11-22,Cash
3208,8,2025-03-14,Net Banking
3209,292,2025-06-08,Debit Card
3210,224,2025-02-03,Credit Card
3211,783,2025-10-20,Credit Card
3212,590,2025-04-22,Debit Card
3213,310,2025-08-03,Cash
3214,110,2025-05-24,Cash
3215,520,2025-06-17,Cash
3216,553,2025-12-13,Debit Card
3217,172,2025-04-07,Cash
3218,398,2025-09-10,Cash
3219,53,2025-07-05,UPI
3220,326,2025-07-11,Net Banking
3221,311,2025-07-19,Cash
3222,833,2025-07-30,Net Banking
3223,258,2025-05-21,Net Banking
3224,112,2025-03-23,Cash
3225,581,2025-12-05,UPI
3226,467,2025-02-27,Debit Card
3227,117,2025-03-15,Credit Card
3228,276,2025-03-24,Cash
3229,208,2025-09-30,Debit Card
3230,969,2025-01-05,Debit Card
3231,465,2025-01-23,Debit Card
3232,165,2025-05-30,Cash
3233,236,2025-11-21,Credit Card
3234,592,2025-09-07,Net Banking
3235,237,2025-08-19,UPI
3236,973,2025-07-28,Debit Card
3237,898,2025-01-23,Cash
3238,554,2025-11-10,Net Banking
3239,547,2025-07-26,Cash
3240,169,2025-08-13,Credit Card
3241,541,2025-05-04,Net Banking
3242,617,2025-10-28,Debit Card
3243,873,2025-01-04,Cash
3244,601,2025-04-07,UPI
3245,92,2025-11-27,Cash
3246,779,2025-06-23,Credit Card
3247,898,2025-01-01,Debit Card
3248,87,2025-04-18,UPI
3249,676,2025-02-23,Net Banking
3250,9,2025-02-16,Net Banking
3251,350,2025-09-28,Cash
3252,555,2025-11-27,Credit Card
3253,390,2025-11-29,Net Banking
3254,586,2025-01-26,UPI
3255,684,2025-03-01,Cash
3256,719,2025-08-26,Cash
3257,204,2025-08-23,Debit Card
3258,159,2025-06-10,Cash
3259,38,2025-09-20,Cash
3260,431,2025-06-05,Net Banking
3261,578,2025-11-13,Cash
3262,640,2025-07-29,Credit Card
3263,3,2025-07-29,Net Banking
3264,803,2025-06-08,Credit Card
3265,889,2025-09-23,UPI
3266,726,2025-10-16,UPI
3267,515,2024-12-26,Cash
3268,505,2025-11-17,Net Banking
3269,742,2025-11-18,Credit Card
3270,616,2025-07-12,UPI
3271,787,2025-07-03,UPI
3272,268,2025-10-07,Cash
3273,615,2025-01-01,Cash
3274,883,2025-06-01,Debit Card
3275,838,2025-07-02,Debit Card
3276,489,2025-05-01,UPI
3277,365,2025-09-26,Net Banking
3278,95,2025-12-21,Credit Card
3279,753,2025-03-17,Credit Card
3280,690,2025-09-03,UPI
3281,949,2025-03-23,Debit Card
3282,888,2025-03-14,Debit Card
3283,413,2025-02-15,Cash
3284,832,2025-07-11,Credit Card
3285,640,2025-11-01,Cash
3286,827,2025-10-07,Debit Card
3287,178,2025-09-19,Net Banking
3288,277,2025-09-03,Credit Card
3289,755,2025-03-27,Cash
3290,678,2025-08-26,Debit Card
3291,986,2025-06-28,Cash
3292,637,2025-03-10,Cash
3293,494,2025-02-11,UPI
3294,391,2025-01-31,Net Banking
3295,502,2024-12-29,Credit Card
3296,630,2025-03-20,Credit Card
3297,632,2025-02-01,Debit Card
3298,262,2025-07-25,Net Banking
3299,345,2025-01-15,Credit Card
3300,554,2025-06-01,Credit Card
3301,784,2025-01-14,Debit Card
3302,796,2025-03-17,Debit Card
3303,485,2025-09-23,Credit Card
3304,321,2025-08-16,UPI
3305,797,2025-10-10,Credit Card
3306,578,2025-02-02,Net Banking
3307,186,2025-10-31,Credit Card
3308,388,2025-11-27,Cash
3309,726,2025-09-08,Credit Card
3310,214,2025-03-13,Credit Card
3311,6,2025-04-11,UPI
3312,495,2025-06-07,Credit Card
3313,17,2025-12-01,Net Banking
3314,257,2025-12-25,UPI
3315,860,2025-08-16,Cash
3316,839,2025-10-18,UPI
3317,150,2025-01-25,Debit Card
3318,648,2025-06-22,Cash
3319,199,2025-09-01,UPI
3320,714,2025-10-23,Credit Card
3321,73,2025-11-09,Credit Card
3322,87,2025-08-03,Debit Card
3323,873,2025-08-05,Credit Card
3324,157,2025-01-01,Net Banking
3325,973,2025-09-20,Credit Card
3326,120,2025-02-11,Net Banking
3327,380,2025-12-25,Debit Card
3328,251,2025-07-12,Debit Card
3329,295,2025-01-08,Net Banking
3330,56,2025-05-07,Credit Card
3331,203,2025-06-07,UPI
3332,984,2025-01-25,Credit Card
3333,457,2025-12-13,Debit Card
3334,175,2025-11-29,Debit Card
3335,156,2025-01-02,Debit Card
3336,496,2025-10-24,UPI
3337,137,2025-11-25,UPI
3338,952,2025-03-24,Cash
3339,743,2025-02-03,Cash
3340,214,2025-04-24,Debit Card
3341,529,2025-10-12,Net Banking
3342,853,2025-02-19,UPI
3343,230,2025-05-06,Net Banking
3344,40,2025-07-01,Net Banking
3345,687,2025-04-15,Net Banking
3346,356,2025-09-09,Net Banking
3347,939,2024-12-26,Credit Card
3348,471,2025-04-20,Net Banking
3349,897,2025-05-07,Credit Card
3350,711,2025-12-07,Debit Card
3351,728,2025-11-29,UPI
3352,14,2025-11-27,Cash
3353,683,2025-10-15,Debit Card
3354,700,2025-12-15,UPI
3355,180,2025-01-24,Cash
3356,979,2025-02-15,Debit Card
3357,182,2025-09-20,Cash
3358,215,2025-09-13,UPI
3359,989,2025-03-30,Cash
3360,839,2025-01-13,Cash
3361,767,2025-03-06,Credit Card
3362,221,2025-06-13,Credit Card
3363,566,2025-12-25,Cash
3364,55,2025-03-13,Debit Card
3365,264,2025-07-11,Cash
3366,918,2025-03-19,Cash
3367,321,2025-11-24,Cash
3368,332,2025-06-18,Net Banking
3369,825,2025-02-15,Debit Card
3370,794,2024-12-26,Debit Card
3371,100,2025-12-16,Credit Card
3372,845,2025-05-29,Net Banking
3373,924,2025-07-29,Credit Card
3374,891,2025-09-16,UPI
3375,668,2025-05-17,UPI
3376,230,2025-12-20,Debit Card
3377,839,2025-08-10,UPI
3378,18,2025-02-10,Credit Card
3379,764,2025-03-22,UPI
3380,670,2025-03-24,Net Banking
3381,47,2025-03-23,UPI
3382,325,2025-07-18,Cash
3383,670,2025-12-21,Debit Card
3384,235,2025-04-11,UPI
3385,424,2025-10-01,Net Banking
3386,95,2025-12-25,Cash
3387,915,2025-12-13,UPI
3388,791,2025-02-07,Credit Card
3389,531,2025-06-12,Cash
3390,58,2025-09-04,Credit Card
3391,589,2025-02-22,Debit Card
3392,363,2025-12-21,Cash
3393,539,2025-01-09,UPI
3394,440,2025-05-20,Cash
3395,184,2025-06-26,UPI
3396,412,2025-03-14,Credit Card
3397,230,2025-02-18,Credit Card
3398,246,2025-12-02,Credit Card
3399,855,2025-01-30,Credit Card
3400,185,2025-10-15,Debit Card
3401,245,2025-10-29,Net Banking
3402,92,2025-01-24,Cash
3403,827,2025-03-28,Cash
3404,88,2025-03-23,Net Banking
3405,719,2025-02-08,Cash
3406,334,2025-06-23,Net Banking
3407,444,2025-05-24,Net Banking
3408,693,2025-12-16,Debit Card
3409,104,2025-07-14,UPI
3410,368,2025-07-22,Credit Card
3411,685,2025-06-18,UPI
3412,397,2025-10-30,Net Banking
3413,143,2025-06-06,UPI
3414,853,2025-09-18,Credit Card
3415,869,2025-02-08,Cash
3416,527,2025-10-29,Cash
3417,799,2025-02-01,Cash
3418,329,2025-08-12,Credit Card
3419,509,2025-12-20,Net Banking
3420,717,2025-03-26,Cash
3421,815,2025-11-28,Credit Card
3422,906,2025-06-23,UPI
3423,57,2025-05-21,Debit Card
3424,486,2025-05-12,Cash
3425,569,2025-10-09,Credit Card
3426,90,2025-10-23,Credit Card
3427,445,2025-11-05,Net Banking
3428,433,2025-09-10,Net Banking
3429,6,2025-01-30,Cash
3430,493,2025-09-18,Net Banking
3431,344,2025-07-07,UPI
3432,746,2025-02-12,UPI
3433,28,2025-05-30,Net Banking
3434,168,2025-05-18,Cash
3435,949,2025-07-13,Debit Card
3436,660,2025-12-22,Credit Card
3437,819,2025-08-16,UPI
3438,655,2025-02-09,Debit Card
3439,640,2025-05-10,Cash
3440,306,2025-12-21,UPI
3441,234,2025-08-24,Net Banking
3442,304,2025-02-21,Cash
3443,790,2025-01-03,Cash
3444,189,2025-11-12,UPI
3445,552,2025-03-09,Cash
3446,876,2025-09-09,Debit Card
3447,934,2025-08-20,Net Banking
3448,942,2025-03-06,UPI
3449,806,2025-05-12,Credit Card
3450,119,2025-09-28,Cash
3451,329,2025-08-15,Cash
3452,716,2025-02-22,Net Banking
3453,449,2025-12-13,Cash
3454,484,2025-03-21,Net Banking
3455,2,2025-11-21,Credit Card
3456,142,2025-09-18,Credit Card
3457,4,2025-09-25,Debit Card
3458,26,2025-05-21,Debit Card
3459,423,2025-12-09,UPI
3460,68,2025-02-02,Cash
3461,876,2025-05-24,UPI
3462,405,2025-12-11,Cash
3463,210,2025-08-11,Net Banking
3464,658,2025-12-15,Cash
3465,409,2025-08-31,Debit Card
3466,330,2025-02-04,Credit Card
3467,977,2025-05-30,Cash
3468,925,2025-09-09,UPI
3469,219,2025-07-24,Cash
3470,449,2025-09-06,Net Banking
3471,278,2025-11-05,Credit Card
3472,605,2025-06-03,UPI
3473,525,2025-04-07,Debit Card
3474,287,2025-07-21,Net Banking
3475,974,2025-01-31,Credit Card
3476,950,2025-10-28,UPI
3477,187,2025-10-19,Credit Card
3478,580,2025-04-14,Cash
3479,452,2025-07-25,Cash
3480,122,2025-02-14,Net Banking
3481,160,2025-04-07,Credit Card
3482,869,2025-01-09,Debit Card
3483,435,2025-03-04,Cash
3484,625,2025-10-18,Credit Card
3485,324,2025-08-04,Cash
3486,340,2025-08-21,Credit Card
3487,950,2025-11-02,Cash
3488,662,2025-10-07,UPI
3489,834,2025-06-20,UPI
3490,337,2025-10-29,Net Banking
3491,309,2025-01-03,Credit Card
3492,370,2025-06-09,Cash
3493,231,2025-02-26,Cash
3494,606,2025-08-03,Net Banking
3495,174,2025-04-11,Debit Card
3496,309,2025-03-25,Net Banking
3497,748,2025-05-17,Net Banking
3498,813,2025-07-10,Cash
3499,296,2025-05-26,Credit Card
3500,416,2025-09-07,Debit Card
3501,589,2025-11-04,Debit Card
3502,578,2025-03-06,Credit Card
3503,151,2025-01-10,Net Banking
3504,222,2025-04-01,Cash
3505,555,2025-05-04,Credit Card
3506,230,2025-10-27,Cash
3507,569,2025-02-28,Credit Card
3508,99,2025-04-07,Net Banking
3509,262,2025-04-06,UPI
3510,128,2025-11-04,Debit Card
3511,998,2025-04-08,Credit Card
3512,778,2025-02-20,Credit Card
3513,864,2025-07-07,Debit Card
3514,527,2025-08-27,Net Banking
3515,66,2025-01-21,Cash
3516,294,2025-08-29,Credit Card
3517,301,2025-07-23,UPI
3518,833,2025-07-04,Debit Card
3519,730,2025-01-26,Cash
3520,590,2025-06-21,UPI
3521,705,2025-03-30,Cash
3522,240,2025-02-26,Cash
3523,576,2025-03-01,Credit Card
3524,100,2025-05-07,Net Banking
3525,823,2025-06-07,Net Banking
3526,101,2025-03-19,UPI
3527,429,2025-07-03,UPI
3528,428,2025-05-21,Credit Card
3529,829,2025-03-24,Debit Card
3530,142,2025-08-14,Debit Card
3531,267,2025-06-07,Credit Card
3532,83,2025-07-18,Net Banking
3533,852,2024-12-26,UPI
3534,66,2025-10-15,Credit Card
3535,946,2025-08-11,Cash
3536,600,2025-03-28,Credit Card
3537,566,2025-12-10,Cash
3538,693,2025-10-15,Cash
3539,888,2025-12-11,UPI
3540,419,2025-11-18,UPI
3541,188,2025-12-19,UPI
3542,980,2025-08-24,Net Banking
3543,740,2025-09-02,UPI
3544,620,2025-03-16,Debit Card
3545,888,2025-07-23,Cash
3546,219,2025-06-29,UPI
3547,326,2025-08-08,Debit Card
3548,665,2025-09-21,Credit Card
3549,340,2025-04-15,Net Banking
3550,306,2025-01-19,UPI
3551,606,2025-04-28,Cash
3552,124,2025-11-13,Credit Card
3553,144,2025-05-09,Net Banking
3554,712,2025-06-20,Credit Card
3555,71,2025-05-15,Debit Card
3556,451,2025-09-28,Net Banking
3557,79,2025-12-23,Cash
3558,530,2025-03-01,Net Banking
3559,532,2025-08-16,UPI
3560,820,2025-03-27,Cash
3561,16,2025-01-28,Cash
3562,998,2025-01-02,UPI
3563,922,2025-03-08,UPI
3564,62,2025-02-11,Debit Card
3565,326,2025-01-12,Cash
3566,256,2025-05-02,Cash
3567,19,2025-07-26,Cash
3568,90,2025-05-03,Cash
3569,263,2025-11-15,Credit Card
3570,941,2025-10-25,Credit Card
3571,478,2025-03-05,Net Banking
3572,369,2025-04-09,Debit Card
3573,106,2025-07-26,UPI
3574,178,2025-02-25,Debit Card
3575,868,2025-04-15,Debit Card
3576,194,2025-06-02,Debit Card
3577,669,2025-02-02,Cash
3578,237,2025-03-05,Net Banking
3579,346,2025-03-25,Cash
3580,204,2025-05-11,Debit Card
3581,658,2025-04-24,Net Banking
3582,472,2025-05-15,Cash
3583,686,2025-01-22,Credit Card
3584,368,2025-01-27,Debit Card
3585,904,2025-04-16,Debit Card
3586,819,2025-04-25,Net Banking
3587,559,2024-12-28,Credit Card
3588,656,2025-05-10,Debit Card
3589,51,2025-06-28,UPI
3590,481,2025-03-25,Net Banking
3591,319,2025-11-26,Debit Card
3592,562,2025-08-19,Cash
3593,484,2025-05-22,Net Banking
3594,211,2025-06-29,Net Banking
3595,775,2025-10-04,Cash
3596,962,2025-04-06,UPI
3597,239,2025-12-19,UPI
3598,950,2025-05-31,Net Banking
3599,780,2024-12-26,Credit Card
3600,146,2025-08-16,Debit Card
3601,982,2025-04-29,Net Banking
3602,706,2025-04-27,Debit Card
3603,228,2025-09-11,Credit Card
3604,303,2025-08-06,UPI
3605,659,2025-11-26,Net Banking
3606,725,2025-07-03,Credit Card
3607,954,2025-09-24,UPI
3608,661,2025-08-21,UPI
3609,732,2025-04-09,Credit Card
3610,66,2025-01-10,Net Banking
3611,588,2025-03-10,Net Banking
3612,959,2025-03-06,Net Banking
3613,805,2025-11-21,Net Banking
3614,909,2025-02-26,Credit Card
3615,296,2025-08-29,Credit Card
3616,609,2025-04-13,Debit Card
3617,68,2025-11-20,Cash
3618,868,2025-12-10,UPI
3619,771,2025-01-23,Net Banking
3620,744,2025-07-09,UPI
3621,205,2025-07-10,UPI
3622,954,2025-01-28,UPI
3623,713,2025-10-30,Cash
3624,965,2025-11-12,Net Banking
3625,610,2025-06-14,Cash
3626,19,2025-06-26,UPI
3627,451,2025-02-02,Cash
3628,12,2025-04-28,UPI
3629,166,2025-05-27,Net Banking
3630,490,2025-04-20,Credit Card
3631,636,2025-07-22,Credit Card
3632,820,2025-07-10,Credit Card
3633,89,2025-11-16,UPI
3634,156,2025-05-21,Cash
3635,343,2025-07-03,Debit Card
3636,339,2025-09-21,Cash
3637,257,2025-10-30,Credit Card
3638,380,2025-01-05,Net Banking
3639,66,2025-02-07,Debit Card
3640,101,2025-08-03,UPI
3641,69,2025-08-11,Net Banking
3642,189,2025-01-11,UPI
3643,971,2025-05-01,Debit Card
3644,865,2025-12-24,Cash
3645,694,2025-10-26,Net Banking
3646,679,2025-05-23,Cash
3647,992,2025-01-23,Debit Card
3648,466,2025-03-19,UPI
3649,670,2025-10-08,Cash
3650,418,2025-02-12,Credit Card
3651,647,2025-07-27,UPI
3652,491,2025-08-20,Cash
3653,810,2025-06-11,Cash
3654,452,2025-06-24,UPI
3655,309,2025-05-11,Debit Card
3656,106,2025-10-19,Credit Card
3657,240,2025-11-23,Credit Card
3658,121,2025-08-22,UPI
3659,423,2025-01-14,UPI
3660,305,2025-09-05,Credit Card
3661,77,2025-06-23,Credit Card
3662,688,2025-02-11,Debit Card
3663,988,2025-10-05,UPI
3664,706,2025-07-28,UPI
3665,492,2025-05-04,Cash
3666,119,2025-04-18,Credit Card
3667,374,2025-06-20,Debit Card
3668,365,2025-09-10,Credit Card
3669,862,2025-03-21,UPI
3670,582,2025-07-28,UPI
3671,180,2025-08-26,Credit Card
3672,568,2024-12-29,Debit Card
3673,305,2025-03-08,Debit Card
3674,672,2025-11-17,UPI
3675,346,2025-10-12,Credit Card
3676,299,2025-11-14,UPI
3677,761,2025-12-04,Debit Card
3678,753,2025-06-20,Credit Card
3679,348,2025-04-03,Net Banking
3680,139,2025-11-23,Debit Card
3681,286,2025-04-09,Credit Card
3682,369,2025-04-12,Net Banking
3683,520,2025-06-06,Credit Card
3684,866,2025-08-10,Net Banking
3685,944,2025-08-10,UPI
3686,562,2024-12-29,Credit Card
3687,665,2025-03-11,Cash
3688,399,2025-04-24,Credit Card
3689,705,2025-06-10,Debit Card
3690,907,2025-05-29,Debit Card
3691,28,2025-10-22,Debit Card
3692,878,2025-03-09,Credit Card
3693,472,2025-01-26,Net Banking
3694,993,2025-08-31,Debit Card
3695,223,2025-07-23,Net Banking
3696,821,2025-10-16,Credit Card
3697,635,2025-05-13,Debit Card
3698,927,2025-06-09,UPI
3699,488,2025-12-25,Debit Card
3700,947,2025-03-10,Debit Card
3701,520,2025-08-15,Cash
3702,976,2025-11-30,UPI
3703,674,2025-10-09,Credit Card
3704,697,2025-07-24,UPI
3705,817,2025-04-22,Credit Card
3706,525,2025-02-18,UPI
3707,998,2025-04-11,Debit Card
3708,596,2025-11-25,UPI
3709,976,2025-04-26,Debit Card
3710,167,2025-11-26,Credit Card
3711,688,2025-12-20,Debit Card
3712,988,2025-02-17,Debit Card
3713,25,2025-04-18,Credit Card
3714,23,2025-04-18,Debit Card
3715,414,2025-10-06,Debit Card
3716,381,2025-05-28,UPI
3717,555,2025-08-09,Debit Card
3718,94,2025-03-11,UPI
3719,295,2025-12-14,Debit Card
3720,616,2025-02-26,UPI
3721,23,2025-05-01,Net Banking
3722,588,2025-12-16,UPI
3723,373,2025-03-30,UPI
3724,694,2025-07-07,Credit Card
3725,225,2025-04-20,Debit Card
3726,829,2025-08-23,Cash
3727,430,2025-06-06,Debit Card
3728,289,2025-11-17,Cash
3729,471,2025-03-25,Net Banking
3730,243,2025-03-10,Net Banking
3731,342,2025-11-19,Debit Card
3732,785,2025-10-10,Cash
3733,39,2025-03-01,Cash
3734,386,2025-05-31,UPI
3735,278,2025-12-21,Debit Card
3736,492,2025-01-31,Credit Card
3737,495,2025-11-23,Net Banking
3738,724,2025-03-08,Net Banking
3739,458,2025-05-21,Net Banking
3740,848,2025-04-11,Net Banking
3741,48,2025-03-04,UPI
3742,685,2025-08-15,Cash
3743,198,2025-01-26,Debit Card
3744,794,2025-09-11,Credit Card
3745,398,2025-12-11,Debit Card
3746,271,2025-01-01,Credit Card
3747,927,2025-12-12,Debit Card
3748,126,2025-02-27,UPI
3749,835,2025-09-15,UPI
3750,249,2025-08-25,Net Banking
3751,851,2025-12-13,Net Banking
3752,389,2025-02-23,UPI
3753,305,2025-03-31,Debit Card
3754,296,2025-01-30,Cash
3755,626,2025-10-21,Cash
3756,841,2025-04-24,Credit Card
3757,341,2025-05-19,Net Banking
3758,904,2025-10-05,Cash
3759,350,2025-04-09,UPI
3760,275,2025-03-08,Credit Card
3761,754,2025-02-01,Debit Card
3762,475,2025-06-01,Debit Card
3763,748,2025-09-09,Credit Card
3764,227,2025-05-31,Cash
3765,635,2025-05-29,Cash
3766,242,2025-11-02,Debit Card
3767,692,2025-10-23,Cash
3768,170,2025-08-17,Debit Card
3769,136,2025-01-18,Net Banking
3770,722,2025-03-07,Cash
3771,245,2025-03-06,Debit Card
3772,580,2025-01-03,Credit Card
3773,955,2025-02-08,UPI
3774,822,2025-05-11,UPI
3775,738,2025-01-03,Debit Card
3776,372,2025-01-10,UPI
3777,282,2025-08-24,Credit Card
3778,181,2025-08-15,Credit Card
3779,160,2025-05-30,UPI
3780,502,2025-06-15,Net Banking
3781,963,2025-06-26,Cash
3782,627,2025-08-22,Credit Card
3783,630,2025-08-07,Debit Card
3784,867,2025-08-07,Debit Card
3785,987,2025-01-09,Net Banking
3786,650,2025-12-02,Debit Card
3787,636,2025-10-07,UPI
3788,441,2025-10-25,Net Banking
3789,963,2025-04-02,Net Banking
3790,466,2025-11-02,UPI
3791,48,2025-07-05,Net Banking
3792,40,2025-02-01,Debit Card
3793,565,2025-04-12,Debit Card
3794,443,2025-04-11,UPI
3795,893,2025-10-09,Debit Card
3796,465,2025-12-10,Debit Card
3797,710,2025-03-19,Debit Card
3798,59,2025-09-22,UPI
3799,31,2025-07-12,Cash
3800,601,2025-03-08,Credit Card
3801,315,2025-01-21,UPI
3802,908,2025-04-01,Debit Card
3803,445,2025-05-06,Net Banking
3804,308,2025-11-29,UPI
3805,406,2025-02-08,Net Banking
3806,223,2025-11-18,Net Banking
3807,875,2025-08-01,Credit Card
3808,936,2025-08-02,Debit Card
3809,205,2025-02-13,Cash
3810,838,2025-09-04,Cash
3811,724,2025-03-01,UPI
3812,167,2025-03-03,Cash
3813,995,2025-08-09,Cash
3814,303,2025-05-14,Credit Card
3815,845,2025-04-07,UPI
3816,777,2025-09-11,Cash
3817,894,2025-10-14,Debit Card
3818,686,2025-09-16,UPI
3819,824,2025-12-10,Cash
3820,133,2025-03-13,Net Banking
3821,531,2025-05-14,Debit Card
3822,945,2025-06-24,Debit Card
3823,23,2025-05-14,Net Banking
3824,535,2025-03-31,Debit Card
3825,517,2025-06-20,Cash
3826,581,2025-09-28,Net Banking
3827,867,2025-05-02,Debit Card
3828,55,2025-09-29,Debit Card
3829,727,2025-06-06,Debit Card
3830,832,2025-09-27,UPI
3831,705,2025-03-02,UPI
3832,888,2025-08-15,UPI
3833,568,2025-07-16,Credit Card
3834,449,2025-09-24,Cash
3835,978,2025-03-27,Debit Card
3836,143,2025-08-13,Cash
3837,4,2025-01-08,Net Banking
3838,596,2025-08-16,Cash
3839,376,2025-09-20,Debit Card
3840,589,2025-08-17,Cash
3841,608,2025-09-03,Credit Card
3842,301,2025-12-17,Cash
3843,875,2025-10-19,Credit Card
3844,172,2025-05-17,Credit Card
3845,55,2025-08-23,Debit Card
3846,492,2025-08-21,UPI
3847,38,2025-08-28,Net Banking
3848,238,2025-05-04,Credit Card
3849,263,2025-05-11,Cash
3850,442,2025-06-04,Net Banking
3851,697,2025-07-07,Cash
3852,501,2025-01-18,Credit Card
3853,367,2025-08-09,Debit Card
3854,979,2025-04-27,UPI
3855,230,2025-11-22,Net Banking
3856,950,2025-12-12,Cash
3857,89,2025-05-10,Debit Card
3858,156,2025-11-01,Cash
3859,279,2024-12-26,Credit Card
3860,304,2025-07-09,Cash
3861,133,2025-09-22,Debit Card
3862,79,2025-10-03,Debit Card
3863,486,2025-09-29,Net Banking
3864,471,2025-08-06,Credit Card
3865,225,2025-11-22,Credit Card
3866,923,2025-06-17,Credit Card
3867,400,2025-08-15,Credit Card
3868,751,2025-03-22,Cash
3869,887,2025-07-29,Net Banking
3870,655,2025-05-08,Cash
3871,991,2025-03-07,Credit Card
3872,306,2025-12-05,Net Banking
3873,65,2025-02-23,Credit Card
3874,6,2025-05-30,UPI
3875,835,2025-08-18,Net Banking
3876,628,2025-08-17,Credit Card
3877,211,2025-09-27,Credit Card
3878,107,2025-09-17,Credit Card
3879,250,2025-01-20,Debit Card
3880,367,2025-05-09,Cash
3881,553,2025-12-26,Credit Card
3882,503,2025-12-08,Net Banking
3883,456,2025-03-31,Debit Card
3884,855,2025-01-04,Cash
3885,560,2025-06-17,Credit Card
3886,85,2025-03-29,Debit Card
3887,912,2025-08-03,Credit Card
3888,461,2025-01-01,UPI
3889,33,2025-06-21,Cash
3890,292,2025-05-19,Net Banking
3891,298,2025-02-03,UPI
3892,234,2025-04-14,UPI
3893,352,2025-01-13,Net Banking
3894,323,2025-06-05,Net Banking
3895,578,2025-09-18,Credit Card
3896,162,2025-02-20,Credit Card
3897,685,2025-04-19,Cash
3898,449,2025-05-19,Net Banking
3899,493,2025-05-18,Credit Card
3900,404,2025-09-22,Net Banking
3901,54,2025-10-29,UPI
3902,369,2025-12-07,Cash
3903,839,2025-09-14,Cash
3904,494,2025-10-03,UPI
3905,395,2025-11-26,UPI
3906,843,2024-12-26,Cash
3907,883,2025-06-03,Net Banking
3908,266,2025-06-06,Cash
3909,318,2025-08-17,UPI
3910,68,2025-02-17,Cash
3911,642,2025-02-19,UPI
3912,76,2025-06-07,Debit Card
3913,191,2025-02-21,UPI
3914,869,2025-12-01,UPI
3915,647,2025-05-19,UPI
3916,277,2025-12-25,Credit Card
3917,828,2025-09-26,Credit Card
3918,190,2025-06-22,Net Banking
3919,662,2025-06-21,Credit Card
3920,252,2025-11-21,Cash
3921,886,2025-09-20,Credit Card
3922,95,2025-11-22,Net Banking
3923,315,2025-02-13,Debit Card
3924,873,2025-06-07,UPI
3925,574,2025-03-31,UPI
3926,865,2025-10-13,Cash
3927,677,2025-09-02,Cash
3928,451,2025-03-04,Credit Card
3929,587,2025-01-22,Debit Card
3930,578,2025-03-18,Debit Card
3931,951,2025-01-08,Credit Card
3932,139,2025-07-22,Debit Card
3933,953,2025-01-07,Credit Card
3934,265,2025-06-03,Net Banking
3935,801,2024-12-29,Cash
3936,719,2025-04-08,Cash
3937,869,2025-02-12,Credit Card
3938,911,2025-11-07,Cash
3939,521,2025-10-02,Debit Card
3940,759,2025-10-04,Net Banking
3941,507,2025-08-31,Net Banking
3942,575,2025-10-25,Debit Card
3943,133,2024-12-27,Credit Card
3944,621,2025-03-13,UPI
3945,514,2025-07-23,Net Banking
3946,405,2025-11-09,Cash
3947,375,2025-01-04,Net Banking
3948,34,2025-08-24,Debit Card
3949,682,2025-06-10,UPI
3950,5,2025-10-25,Debit Card
3951,551,2025-01-01,Net Banking
3952,144,2025-11-22,Debit Card
3953,581,2025-12-08,Cash
3954,826,2025-08-21,Debit Card
3955,801,2025-05-14,Debit Card
3956,326,2025-01-27,Credit Card
3957,160,2025-03-30,Debit Card
3958,67,2025-08-13,Credit Card
3959,634,2025-02-10,Credit Card
3960,35,2025-09-05,Net Banking
3961,937,2025-08-31,Credit Card
3962,575,2025-04-27,Credit Card
3963,489,2025-08-28,Cash
3964,899,2025-01-03,Credit Card
3965,76,2025-02-11,Cash
3966,737,2025-03-14,Debit Card
3967,845,2025-07-18,Net Banking
3968,244,2025-01-17,Debit Card
3969,862,2025-11-17,Credit Card
3970,770,2025-12-26,Cash
3971,956,2025-05-22,Credit Card
3972,15,2025-05-03,UPI
3973,561,2025-08-08,Cash
3974,337,2025-05-26,Net Banking
3975,204,2025-05-13,UPI
3976,388,2025-12-26,Cash
3977,484,2025-11-23,Debit Card
3978,623,2025-06-24,UPI
3979,978,2025-07-16,UPI
3980,420,2025-03-08,Credit Card
3981,813,2025-08-14,UPI
3982,199,2024-12-27,Debit Card
3983,646,2025-07-15,Credit Card
3984,788,2025-04-15,Cash
3985,904,2025-03-15,Debit Card
3986,58,2025-03-08,UPI
3987,807,2025-05-26,UPI
3988,245,2025-01-03,Net Banking
3989,212,2025-04-21,Credit Card
3990,718,2025-05-22,UPI
3991,610,2025-03-10,UPI
3992,417,2025-09-01,Debit Card
3993,865,2025-12-18,Credit Card
3994,497,2025-02-08,Net Banking
3995,908,2025-11-01,Credit Card
3996,206,2025-10-12,UPI
3997,757,2025-10-09,Cash
3998,219,2025-06-26,Net Banking
3999,445,2025-03-29,Debit Card
4000,338,2025-06-11,Credit Card
4001,121,2025-03-31,Net Banking
4002,962,2025-03-26,Cash
4003,249,2025-11-25,UPI
4004,646,2025-02-06,Net Banking
4005,11,2025-06-01,Net Banking
4006,539,2025-10-20,Cash
4007,547,2025-01-03,Debit Card
4008,884,2025-11-16,Debit Card
4009,653,2025-11-24,Credit Card
4010,491,2025-11-30,UPI
4011,30,2025-08-27,UPI
4012,678,2025-10-26,UPI
4013,233,2025-01-19,UPI
4014,557,2025-08-30,UPI
4015,154,2025-11-26,Debit Card
4016,776,2025-01-19,Credit Card
4017,61,2025-10-25,Debit Card
4018,270,2025-08-05,Net Banking
4019,914,2025-03-23,UPI
4020,248,2025-12-10,Cash
4021,91,2025-02-15,UPI
4022,326,2025-03-30,Cash
4023,343,2025-05-13,Cash
4024,836,2025-01-15,Debit Card
4025,205,2025-05-11,Net Banking
4026,857,2025-05-19,Credit Card
4027,263,2025-07-08,Cash
4028,58,2025-05-09,Credit Card
4029,284,2025-01-17,Debit Card
4030,468,2025-07-23,Cash
4031,845,2025-11-11,Credit Card
4032,675,2025-06-26,UPI
4033,423,2025-03-08,Net Banking
4034,264,2025-09-03,Cash
4035,675,2025-07-28,Debit Card
4036,903,2025-06-14,Credit Card
4037,675,2025-08-17,Credit Card
4038,445,2025-10-10,Cash
4039,567,2025-05-09,Credit Card
4040,97,2025-01-17,UPI
4041,23,2025-10-28,Debit Card
4042,882,2025-09-08,UPI
4043,85,2025-07-24,Cash
4044,147,2025-09-25,Credit Card
4045,516,2025-07-17,UPI
4046,614,2025-08-29,UPI
4047,71,2025-02-18,Debit Card
4048,393,2025-11-16,Net Banking
4049,249,2025-01-20,Debit Card
4050,442,2025-06-15,Credit Card
4051,50,2025-02-13,Cash
4052,586,2025-02-14,Cash
4053,608,2025-08-03,Credit Card
4054,317,2025-05-04,UPI
4055,186,2025-06-22,Credit Card
4056,987,2025-06-16,Credit Card
4057,244,2025-11-19,Debit Card
4058,825,2025-03-10,Credit Card
4059,772,2025-09-19,Cash
4060,673,2025-11-02,Cash
4061,648,2025-02-25,Debit Card
4062,127,2025-03-02,UPI
4063,547,2025-12-07,Credit Card
4064,530,2025-01-14,UPI
4065,986,2025-12-19,Net Banking
4066,962,2025-08-25,UPI
4067,839,2025-07-26,Debit Card
4068,135,2025-06-05,Cash
4069,93,2025-10-15,Credit Card
4070,745,2025-01-07,Cash
4071,222,2025-07-13,Credit Card
4072,147,2025-02-19,UPI
4073,31,2025-07-13,Net Banking
4074,482,2025-11-13,Cash
4075,873,2025-12-17,Cash
4076,374,2025-09-17,Net Banking
4077,517,2025-08-19,Debit Card
4078,327,2025-05-23,UPI
4079,993,2025-02-24,UPI
4080,854,2025-11-25,Debit Card
4081,348,2025-09-25,Debit Card
4082,879,2024-12-31,Cash
4083,821,2025-05-07,Cash
4084,51,2025-11-06,Credit Card
4085,819,2025-01-27,Net Banking
4086,601,2025-08-01,Credit Card
4087,665,2025-12-25,Debit Card
4088,732,2025-11-03,Debit Card
4089,830,2025-07-16,Credit Card
4090,59,2025-01-02,Credit Card
4091,658,2025-11-22,UPI
4092,636,2025-07-21,Credit Card
4093,518,2025-08-08,Net Banking
4094,745,2025-11-27,Net Banking
4095,744,2025-05-27,Credit Card
4096,203,2025-07-20,Debit Card
4097,462,2025-04-10,Debit Card
4098,842,2025-08-03,UPI
4099,883,2025-08-02,Cash
4100,902,2025-01-11,UPI
4101,578,2025-02-27,Cash
4102,127,2025-09-15,UPI
4103,216,2025-04-25,UPI
4104,285,2025-02-28,Credit Card
4105,761,2025-06-14,Net Banking
4106,536,2025-10-16,UPI
4107,145,2025-03-19,Credit Card
4108,579,2025-09-12,Credit Card
4109,428,2025-06-29,Cash
4110,58,2025-11-21,Credit Card
4111,155,2025-02-01,Cash
4112,203,2025-11-05,Credit Card
4113,478,2025-05-06,Net Banking
4114,60,2025-11-21,Cash
4115,197,2025-08-20,Net Banking
4116,768,2025-09-28,Credit Card
4117,492,2025-07-28,Credit Card
4118,529,2025-12-16,Debit Card
4119,578,2025-10-29,Debit Card
4120,735,2025-12-01,Debit Card
4121,938,2025-04-18,Debit Card
4122,760,2025-02-12,Debit Card
4123,992,2025-09-08,Cash
4124,772,2025-07-26,Credit Card
4125,517,2025-03-29,Debit Card
4126,725,2025-06-12,Net Banking
4127,583,2025-04-20,UPI
4128,883,2025-09-01,Credit Card
4129,878,2025-02-06,Net Banking
4130,79,2025-11-11,UPI
4131,1000,2025-07-01,UPI
4132,475,2025-07-08,Debit Card
4133,188,2025-12-26,Debit Card
4134,341,2025-03-30,Credit Card
4135,635,2025-09-30,Net Banking
4136,373,2025-09-16,UPI
4137,167,2025-11-19,Cash
4138,903,2025-12-07,Cash
4139,685,2025-11-13,Net Banking
4140,884,2025-07-11,UPI
4141,583,2025-09-10,UPI
4142,589,2025-07-31,Net Banking
4143,174,2025-03-17,Net Banking
4144,256,2025-07-06,Credit Card
4145,484,2025-10-07,UPI
4146,816,2025-11-25,Credit Card
4147,956,2025-02-14,Cash
4148,999,2025-05-16,Net Banking
4149,573,2025-01-18,Net Banking
4150,1000,2025-08-29,Net Banking
4151,246,2025-06-23,Cash
4152,990,2025-05-05,Cash
4153,258,2025-09-01,Credit Card
4154,187,2025-11-10,Net Banking
4155,427,2025-08-05,Debit Card
4156,681,2025-01-13,Credit Card
4157,70,2025-06-15,Net Banking
4158,952,2025-03-31,UPI
4159,777,2025-05-18,UPI
4160,884,2025-05-01,Debit Card
4161,231,2025-12-14,Debit Card
4162,735,2025-07-15,Debit Card
4163,336,2025-07-08,Net Banking
4164,554,2025-12-17,Net Banking
4165,289,2025-08-24,UPI
4166,377,2025-06-01,Net Banking
4167,761,2025-07-25,Credit Card
4168,644,2025-12-19,Debit Card
4169,15,2025-06-29,Debit Card
4170,211,2025-11-06,Net Banking
4171,313,2025-02-26,Debit Card
4172,220,2025-07-26,Cash
4173,797,2025-02-20,UPI
4174,923,2025-02-19,Credit Card
4175,802,2025-09-27,Credit Card
4176,347,2025-01-06,Cash
4177,747,2025-01-26,Debit Card
4178,547,2025-06-04,Credit Card
4179,858,2025-01-23,Net Banking
4180,436,2025-01-05,UPI
4181,950,2025-10-14,Debit Card
4182,265,2025-01-26,Cash
4183,562,2025-04-27,UPI
4184,158,2025-01-30,Credit Card
4185,632,2025-02-07,UPI
4186,467,2025-10-16,Credit Card
4187,296,2025-02-28,Credit Card
4188,353,2025-07-05,Net Banking
4189,917,2024-12-29,Net Banking
4190,903,2025-02-07,Cash
4191,437,2025-12-23,Cash
4192,630,2025-01-19,Net Banking
4193,611,2025-10-04,Net Banking
4194,820,2025-06-24,Net Banking
4195,704,2025-08-05,Net Banking
4196,958,2025-12-01,Credit Card
4197,823,2025-03-05,UPI
4198,554,2025-04-22,Credit Card
4199,754,2025-07-01,UPI
4200,387,2025-07-05,Credit Card
4201,921,2025-10-22,Cash
4202,654,2025-11-06,Debit Card
4203,49,2025-03-12,Cash
4204,851,2025-05-28,Cash
4205,733,2025-07-29,Debit Card
4206,896,2025-10-03,Debit Card
4207,19,2025-11-02,Net Banking
4208,881,2025-06-17,UPI
4209,140,2025-06-25,Net Banking
4210,608,2025-01-13,UPI
4211,895,2025-08-05,Cash
4212,471,2025-09-28,Cash
4213,627,2025-06-09,Credit Card
4214,953,2025-03-25,UPI
4215,838,2025-10-15,UPI
4216,141,2025-03-13,Credit Card
4217,356,2025-09-16,Net Banking
4218,806,2025-08-18,UPI
4219,497,2025-03-07,Net Banking
4220,717,2025-12-09,Cash
4221,481,2025-01-21,Debit Card
4222,434,2025-03-30,Net Banking
4223,897,2025-05-26,UPI
4224,187,2025-06-07,Net Banking
4225,734,2025-11-10,UPI
4226,882,2025-11-25,UPI
4227,458,2025-06-11,UPI
4228,35,2025-06-10,UPI
4229,449,2025-03-21,Debit Card
4230,340,2025-05-10,Net Banking
4231,794,2025-05-27,Cash
4232,32,2025-08-07,Net Banking
4233,503,2025-06-19,Credit Card
4234,871,2025-10-23,Net Banking
4235,342,2025-04-22,Credit Card
4236,723,2025-10-02,Credit Card
4237,602,2025-08-12,Credit Card
4238,916,2025-07-06,Credit Card
4239,941,2025-05-21,UPI
4240,356,2025-11-24,Debit Card
4241,267,2025-10-25,Net Banking
4242,18,2025-01-15,Credit Card
4243,575,2025-03-05,Debit Card
4244,629,2025-08-29,UPI
4245,885,2025-03-19,Credit Card
4246,605,2025-01-27,Credit Card
4247,474,2025-07-14,Cash
4248,691,2025-09-01,UPI
4249,971,2025-07-15,UPI
4250,185,2025-06-02,UPI
4251,844,2025-09-13,Cash
4252,341,2025-10-31,Cash
4253,656,2025-07-02,Net Banking
4254,168,2025-03-06,Debit Card
4255,979,2025-05-14,Debit Card
4256,209,2025-02-27,Credit Card
4257,664,2025-12-19,Net Banking
4258,65,2025-05-23,UPI
4259,626,2025-10-21,Net Banking
4260,710,2025-05-05,Net Banking
4261,886,2025-01-10,Cash
4262,562,2025-01-27,Net Banking
4263,351,2025-03-30,Debit Card
4264,245,2025-07-25,Credit Card
4265,275,2025-05-31,Debit Card
4266,973,2025-05-12,UPI
4267,167,2025-03-14,Debit Card
4268,461,2025-06-22,Cash
4269,66,2025-10-30,Cash
4270,429,2025-04-16,Debit Card
4271,130,2024-12-26,Cash
4272,679,2025-04-29,Net Banking
4273,327,2025-01-22,Net Banking
4274,935,2025-11-11,UPI
4275,299,2025-04-30,Credit Card
4276,213,2025-03-10,Cash
4277,65,2025-09-16,UPI
4278,579,2025-12-21,Debit Card
4279,99,2025-07-14,Debit Card
4280,639,2025-07-10,Cash
4281,212,2025-04-05,Debit Card
4282,922,2025-05-15,UPI
4283,898,2025-04-07,Cash
4284,761,2025-09-16,Credit Card
4285,508,2025-01-17,Debit Card
4286,55,2025-03-07,Net Banking
4287,428,2025-08-07,Cash
4288,696,2025-10-31,Net Banking
4289,575,2025-11-14,Credit Card
4290,329,2024-12-30,Debit Card
4291,91,2025-12-06,UPI
4292,560,2025-03-26,Cash
4293,549,2025-09-02,Cash
4294,894,2025-12-15,Credit Card
4295,605,2025-06-11,UPI
4296,543,2025-03-12,Net Banking
4297,778,2025-06-07,UPI
4298,337,2025-10-08,Credit Card
4299,726,2025-01-19,Debit Card
4300,640,2025-10-29,Net Banking
4301,474,2025-05-24,Debit Card
4302,964,2025-04-02,Credit Card
4303,796,2025-02-23,Cash
4304,861,2025-10-20,Debit Card
4305,155,2025-12-19,Debit Card
4306,534,2025-03-14,Debit Card
4307,276,2025-01-13,Credit Card
4308,124,2025-07-23,Cash
4309,952,2025-01-15,Net Banking
4310,929,2025-02-03,Cash
4311,291,2025-10-21,Net Banking
4312,868,2025-04-21,Credit Card
4313,77,2025-09-25,Cash
4314,422,2025-09-21,Net Banking
4315,872,2025-04-14,UPI
4316,724,2025-08-23,Debit Card
4317,865,2025-06-03,UPI
4318,408,2025-05-31,Net Banking
4319,974,2025-08-05,UPI
4320,330,2025-06-04,Cash
4321,821,2025-01-22,Debit Card
4322,541,2024-12-28,Debit Card
4323,256,2025-07-21,UPI
4324,843,2025-10-26,Debit Card
4325,987,2025-05-01,Debit Card
4326,648,2025-10-08,Net Banking
4327,282,2025-05-22,Debit Card
4328,156,2025-11-22,Net Banking
4329,563,2025-06-19,Debit Card
4330,419,2025-04-08,Debit Card
4331,402,2025-03-29,Net Banking
4332,426,2024-12-29,UPI
4333,598,2025-01-01,Cash
4334,412,2025-11-03,UPI
4335,687,2025-04-19,UPI
4336,413,2025-06-18,Net Banking
4337,564,2025-09-26,UPI
4338,606,2025-05-27,Debit Card
4339,271,2025-12-15,Cash
4340,804,2025-01-14,Debit Card
4341,547,2025-07-01,UPI
4342,252,2025-05-20,UPI
4343,40,2025-01-04,Debit Card
4344,995,2025-08-26,Credit Card
4345,423,2025-03-01,Cash
4346,655,2025-12-09,Debit Card
4347,746,2025-12-02,Cash
4348,797,2025-05-02,Debit Card
4349,450,2025-01-31,Cash
4350,53,2025-03-19,Cash
4351,880,2025-10-13,Debit Card
4352,712,2025-10-20,Debit Card
4353,325,2025-05-23,Cash
4354,668,2025-10-26,Debit Card
4355,120,2025-11-05,Cash
4356,783,2025-01-19,Cash
4357,344,2025-07-23,Net Banking
4358,192,2025-06-10,Cash
4359,338,2025-04-14,Credit Card
4360,701,2025-11-27,Net Banking
4361,823,2025-02-26,UPI
4362,829,2025-05-08,Cash
4363,640,2025-01-14,Debit Card
4364,629,2025-02-08,Net Banking
4365,527,2025-08-22,UPI
4366,5,2025-12-25,Credit Card
4367,136,2025-09-16,UPI
4368,519,2025-05-27,Credit Card
4369,310,2025-08-02,UPI
4370,770,2025-10-14,Debit Card
4371,971,2025-08-16,Debit Card
4372,629,2025-03-18,Credit Card
4373,116,2025-01-11,Net Banking
4374,809,2025-08-17,UPI
4375,466,2025-09-29,Net Banking
4376,27,2025-12-06,Credit Card
4377,269,2024-12-28,Credit Card
4378,160,2025-09-30,Net Banking
4379,395,2025-04-19,Net Banking
4380,468,2024-12-30,UPI
4381,843,2025-12-19,Cash
4382,461,2025-08-05,Cash
4383,860,2025-04-06,Cash
4384,857,2025-11-14,Credit Card
4385,9,2025-05-14,Credit Card
4386,822,2025-11-03,Credit Card
4387,351,2025-03-04,UPI
4388,423,2025-08-21,Cash
4389,406,2024-12-31,Cash
4390,819,2025-02-17,Debit Card
4391,738,2025-03-07,Credit Card
4392,142,2025-04-24,Credit Card
4393,5,2025-06-01,Debit Card
4394,607,2025-11-10,Credit Card
4395,460,2025-05-27,UPI
4396,955,2025-11-11,UPI
4397,596,2025-01-31,Debit Card
4398,189,2025-10-03,Net Banking
4399,398,2025-12-07,Net Banking
4400,705,2025-02-13,Cash
4401,227,2025-06-19,Net Banking
4402,255,2025-05-06,UPI
4403,407,2025-04-22,Net Banking
4404,215,2025-12-06,Debit Card
4405,630,2025-06-01,Debit Card
4406,479,2025-07-18,Debit Card
4407,756,2024-12-31,Credit Card
4408,741,2025-01-06,Debit Card
4409,672,2025-09-22,Credit Card
4410,601,2025-06-21,Credit Card
4411,613,2025-11-05,Cash
4412,238,2025-07-20,Cash
4413,520,2025-09-10,Credit Card
4414,298,2025-02-09,Net Banking
4415,748,2025-08-19,UPI
4416,364,2025-09-04,Credit Card
4417,303,2025-11-26,Net Banking
4418,536,2025-08-16,Net Banking
4419,451,2025-10-14,Net Banking
4420,371,2025-01-05,Debit Card
4421,307,2025-10-08,UPI
4422,621,2025-12-08,UPI
4423,887,2025-01-11,Debit Card
4424,880,2025-06-01,Debit Card
4425,230,2025-11-01,Credit Card
4426,509,2025-09-14,UPI
4427,843,2025-05-12,Net Banking
4428,541,2025-12-03,Net Banking
4429,38,2025-06-20,UPI
4430,37,2025-08-21,Debit Card
4431,709,2025-12-25,Cash
4432,962,2025-06-19,UPI
4433,719,2024-12-30,UPI
4434,686,2025-06-05,UPI
4435,214,2025-06-14,Net Banking
4436,89,2025-10-05,Cash
4437,633,2025-05-21,Credit Card
4438,182,2025-11-04,Debit Card
4439,182,2025-01-26,Cash
4440,487,2025-04-23,Debit Card
4441,899,2025-12-23,UPI
4442,316,2025-10-03,Debit Card
4443,106,2025-08-28,Credit Card
4444,509,2025-04-19,Credit Card
4445,50,2025-10-24,Cash
4446,680,2025-04-08,Cash
4447,139,2025-07-15,Debit Card
4448,846,2025-12-09,UPI
4449,75,2025-06-28,Credit Card
4450,481,2025-11-15,UPI
4451,138,2025-11-09,Cash
4452,221,2025-01-03,UPI
4453,660,2025-07-03,Net Banking
4454,479,2025-03-02,Net Banking
4455,617,2025-03-09,UPI
4456,78,2025-04-12,Credit Card
4457,587,2025-12-11,Net Banking
4458,788,2025-11-28,Net Banking
4459,831,2025-04-15,Debit Card
4460,638,2025-02-02,UPI
4461,761,2025-12-23,Credit Card
4462,888,2025-09-22,UPI
4463,580,2025-11-11,Debit Card
4464,734,2025-04-06,Debit Card
4465,428,2025-06-27,Cash
4466,861,2025-05-30,UPI
4467,640,2025-11-18,UPI
4468,47,2025-06-12,Cash
4469,110,2025-08-02,Debit Card
4470,303,2025-05-16,Cash
4471,639,2025-07-15,Net Banking
4472,110,2025-05-07,Debit Card
4473,53,2025-12-14,UPI
4474,126,2025-02-20,Credit Card
4475,321,2025-08-30,Credit Card
4476,827,2025-04-15,Cash
4477,469,2025-02-17,Cash
4478,115,2025-11-14,UPI
4479,424,2025-08-07,UPI
4480,324,2025-03-17,Cash
4481,688,2025-07-27,Credit Card
4482,697,2025-07-30,Credit Card
4483,788,2025-11-12,Debit Card
4484,149,2025-07-21,Cash
4485,401,2025-03-20,Net Banking
4486,532,2025-11-04,Net Banking
4487,711,2025-12-24,Debit Card
4488,510,2025-08-09,UPI
4489,656,2025-04-23,Net Banking
4490,896,2025-07-20,Credit Card
4491,767,2025-06-09,Credit Card
4492,245,2025-09-21,Credit Card
4493,94,2025-04-25,Cash
4494,556,2025-11-06,Credit Card
4495,433,2025-07-01,Cash
4496,819,2025-01-18,Debit Card
4497,753,2025-09-03,Net Banking
4498,254,2025-07-12,Debit Card
4499,965,2025-02-11,Cash
4500,210,2025-08-04,Credit Card
4501,302,2025-03-29,Credit Card
4502,945,2025-08-28,Net Banking
4503,474,2025-10-10,Debit Card
4504,678,2025-02-16,Cash
4505,593,2025-08-25,UPI
4506,439,2025-01-29,UPI
4507,597,2025-05-22,UPI
4508,200,2025-06-07,Debit Card
4509,248,2025-02-27,UPI
4510,901,2025-08-07,Net Banking
4511,797,2025-11-26,Net Banking
4512,664,2025-07-06,UPI
4513,436,2025-05-31,Net Banking
4514,244,2025-05-11,Debit Card
4515,712,2025-03-16,Net Banking
4516,57,2025-09-10,Cash
4517,852,2025-04-05,Cash
4518,454,2025-03-31,Net Banking
4519,575,2025-07-31,Credit Card
4520,144,2025-10-27,Debit Card
4521,471,2025-09-19,Net Banking
4522,58,2025-09-11,Credit Card
4523,439,2025-08-09,Cash
4524,376,2025-04-24,Net Banking
4525,787,2025-12-22,Cash
4526,928,2025-01-09,Cash
4527,765,2025-06-02,Credit Card
4528,368,2025-06-03,Cash
4529,57,2025-05-18,UPI
4530,220,2025-06-04,Cash
4531,623,2025-02-02,Credit Card
4532,134,2025-05-22,Debit Card
4533,911,2025-08-23,Debit Card
4534,225,2025-09-10,Net Banking
4535,796,2025-03-02,UPI
4536,466,2025-05-08,UPI
4537,117,2025-07-02,Cash
4538,944,2025-08-17,Credit Card
4539,680,2025-03-30,Net Banking
4540,709,2025-08-28,Cash
4541,353,2025-11-21,Net Banking
4542,607,2025-01-18,Cash
4543,323,2025-09-06,UPI
4544,176,2025-11-19,Net Banking
4545,410,2025-10-02,Cash
4546,28,2025-04-24,Credit Card
4547,226,2025-10-05,Net Banking
4548,131,2025-02-01,UPI
4549,295,2025-12-15,Net Banking
4550,13,2025-08-29,Credit Card
4551,899,2025-09-10,Debit Card
4552,537,2025-08-03,Debit Card
4553,931,2025-11-01,UPI
4554,88,2025-07-13,Cash
4555,923,2025-04-04,Debit Card
4556,506,2025-09-04,Net Banking
4557,859,2025-04-05,Net Banking
4558,748,2025-10-22,Net Banking
4559,96,2025-04-18,Debit Card
4560,867,2025-09-11,Cash
4561,521,2025-08-30,Cash
4562,125,2025-01-13,Credit Card
4563,964,2025-01-31,UPI
4564,515,2025-05-05,Cash
4565,551,2025-11-05,UPI
4566,588,2025-08-26,UPI
4567,383,2025-02-25,Debit Card
4568,913,2025-01-18,Debit Card
4569,677,2025-05-12,Debit Card
4570,879,2025-05-23,Debit Card
4571,343,2025-09-13,Credit Card
4572,315,2025-02-28,Cash
4573,606,2025-02-03,Net Banking
4574,419,2025-09-22,Credit Card
4575,679,2025-05-11,Cash
4576,490,2025-10-04,UPI
4577,287,2025-01-12,Net Banking
4578,113,2025-12-07,Net Banking
4579,650,2025-07-31,Debit Card
4580,480,2025-06-17,Debit Card
4581,856,2025-08-28,Debit Card
4582,411,2025-04-10,Net Banking
4583,14,2025-04-20,Debit Card
4584,878,2025-11-05,Cash
4585,361,2025-11-21,Net Banking
4586,803,2025-11-14,Credit Card
4587,668,2025-06-09,Debit Card
4588,866,2025-06-02,Debit Card
4589,649,2025-03-29,Debit Card
4590,770,2025-02-11,Net Banking
4591,337,2025-10-09,Debit Card
4592,115,2025-07-14,Credit Card
4593,753,2025-03-05,Net Banking
4594,512,2025-02-07,UPI
4595,38,2025-11-26,Cash
4596,691,2025-08-16,Credit Card
4597,637,2025-06-28,Net Banking
4598,501,2025-02-03,Net Banking
4599,763,2025-02-09,Debit Card
4600,349,2025-08-26,Net Banking
4601,753,2025-10-31,Debit Card
4602,386,2025-06-08,Net Banking
4603,445,2025-12-12,Cash
4604,756,2025-02-20,Net Banking
4605,839,2025-01-12,Cash
4606,916,2025-11-15,Net Banking
4607,935,2025-08-14,Net Banking
4608,488,2025-05-30,Net Banking
4609,716,2025-03-18,Credit Card
4610,323,2025-10-03,Net Banking
4611,393,2025-10-25,Debit Card
4612,767,2025-03-25,Credit Card
4613,143,2025-02-12,Net Banking
4614,672,2025-08-12,Credit Card
4615,955,2025-08-08,Net Banking
4616,841,2025-06-15,Cash
4617,361,2025-10-13,Net Banking
4618,946,2025-04-23,Credit Card
4619,260,2025-10-23,UPI
4620,283,2025-12-02,Cash
4621,2,2025-12-18,Credit Card
4622,34,2025-08-02,Net Banking
4623,596,2025-05-08,Net Banking
4624,87,2025-06-22,UPI
4625,656,2025-08-21,Net Banking
4626,280,2025-08-17,Debit Card
4627,220,2025-12-03,Net Banking
4628,715,2025-09-21,Net Banking
4629,194,2025-09-04,UPI
4630,982,2024-12-29,Debit Card
4631,339,2025-09-27,Debit Card
4632,197,2025-07-04,UPI
4633,300,2025-07-07,Cash
4634,506,2025-08-23,UPI
4635,255,2025-04-05,UPI
4636,52,2025-04-11,Cash
4637,529,2025-02-17,UPI
4638,322,2025-06-12,UPI
4639,461,2025-09-02,Debit Card
4640,166,2025-12-21,Net Banking
4641,181,2025-07-17,Credit Card
4642,266,2025-03-04,Credit Card
4643,605,2025-11-15,Credit Card
4644,854,2025-04-15,Credit Card
4645,229,2025-08-28,Net Banking
4646,935,2025-05-14,UPI
4647,273,2025-06-15,Net Banking
4648,283,2025-01-13,Debit Card
4649,367,2025-11-22,Net Banking
4650,297,2025-09-11,Credit Card
4651,614,2025-02-26,Credit Card
4652,660,2025-11-07,Net Banking
4653,418,2025-10-20,Debit Card
4654,305,2025-10-18,Net Banking
4655,256,2024-12-30,Credit Card
4656,438,2025-03-16,UPI
4657,188,2025-04-11,UPI
4658,441,2025-09-13,Cash
4659,919,2025-04-29,Cash
4660,108,2025-04-10,Credit Card
4661,857,2025-08-23,UPI
4662,114,2025-12-22,Credit Card
4663,185,2025-07-15,UPI
4664,57,2025-04-09,Debit Card
4665,618,2025-03-05,Cash
4666,616,2025-05-24,Debit Card
4667,726,2025-06-11,Net Banking
4668,112,2025-10-21,Net Banking
4669,172,2025-10-12,Cash
4670,880,2025-06-29,Debit Card
4671,678,2025-01-31,Debit Card
4672,968,2025-04-16,UPI
4673,110,2024-12-30,Debit Card
4674,356,2025-04-06,Net Banking
4675,304,2024-12-26,Cash
4676,592,2025-04-29,Credit Card
4677,441,2025-10-07,Debit Card
4678,373,2025-02-17,Debit Card
4679,668,2025-01-20,Credit Card
4680,165,2025-01-26,Cash
4681,105,2025-08-04,Net Banking
4682,736,2025-03-19,UPI
4683,844,2025-11-05,UPI
4684,658,2025-07-16,Debit Card
4685,971,2025-10-14,Net Banking
4686,439,2025-05-19,Net Banking
4687,251,2025-04-06,UPI
4688,599,2025-08-17,Debit Card
4689,685,2025-04-25,Debit Card
4690,511,2025-03-10,Credit Card
4691,144,2025-01-23,Debit Card
4692,511,2025-02-12,Net Banking
4693,682,2025-07-23,Credit Card
4694,5,2025-12-07,Debit Card
4695,147,2025-03-14,UPI
4696,593,2025-07-16,Cash
4697,849,2025-08-05,Credit Card
4698,35,2025-05-28,Net Banking
4699,304,2025-06-19,Debit Card
4700,922,2025-11-18,UPI
4701,673,2025-03-18,UPI
4702,938,2025-03-29,Debit Card
4703,533,2024-12-28,Cash
4704,31,2025-05-29,Credit Card
4705,338,2025-02-21,Debit Card
4706,293,2025-05-30,UPI
4707,637,2025-03-14,Debit Card
4708,784,2025-01-07,Net Banking
4709,343,2025-11-26,Net Banking
4710,439,2025-08-05,Credit Card
4711,761,2025-02-01,Credit Card
4712,244,2025-07-16,Debit Card
4713,891,2025-02-04,Cash
4714,568,2025-10-25,Debit Card
4715,722,2025-03-22,Debit Card
4716,232,2025-09-28,Net Banking
4717,721,2025-07-07,Net Banking
4718,776,2025-11-02,UPI
4719,800,2025-08-28,Credit Card
4720,444,2025-08-09,Credit Card
4721,145,2025-12-21,Cash
4722,890,2025-11-06,Credit Card
4723,137,2025-08-03,Credit Card
4724,217,2025-03-04,Cash
4725,623,2025-09-04,Credit Card
4726,367,2025-11-29,Credit Card
4727,793,2025-05-30,Cash
4728,566,2025-02-19,Cash
4729,80,2025-03-09,Cash
4730,27,2025-01-14,Credit Card
4731,172,2025-10-30,Credit Card
4732,213,2025-07-09,Net Banking
4733,698,2025-01-20,Cash
4734,230,2025-09-03,Cash
4735,252,2025-11-06,Debit Card
4736,413,2025-02-15,Net Banking
4737,793,2025-03-09,Credit Card
4738,24,2025-01-31,Cash
4739,790,2025-04-04,Net Banking
4740,777,2025-01-13,Cash
4741,679,2025-02-15,Cash
4742,681,2025-12-24,Debit Card
4743,502,2025-04-16,UPI
4744,573,2025-01-19,Debit Card
4745,797,2025-02-14,Net Banking
4746,832,2025-04-05,Cash
4747,144,2025-06-25,UPI
4748,957,2025-08-25,Debit Card
4749,447,2025-01-31,Debit Card
4750,520,2025-03-22,UPI
4751,395,2025-03-11,Cash
4752,521,2025-12-19,Net Banking
4753,549,2025-01-20,Cash
4754,492,2025-05-28,UPI
4755,453,2025-06-30,UPI
4756,434,2025-11-11,Cash
4757,558,2025-07-27,Credit Card
4758,458,2025-10-15,Net Banking
4759,635,2025-10-26,Cash
4760,628,2025-01-19,Net Banking
4761,563,2025-07-17,Net Banking
4762,122,2025-03-13,UPI
4763,736,2025-02-14,Net Banking
4764,748,2025-11-02,Credit Card
4765,637,2025-05-04,Debit Card
4766,607,2025-10-11,UPI
4767,565,2025-01-24,Debit Card
4768,138,2025-10-04,Debit Card
4769,457,2025-09-05,Net Banking
4770,55,2025-10-05,UPI
4771,398,2025-12-09,Credit Card
4772,378,2025-11-08,Credit Card
4773,906,2025-12-16,Net Banking
4774,187,2025-10-09,Net Banking
4775,910,2025-02-17,Net Banking
4776,692,2025-05-07,Net Banking
4777,203,2025-08-03,Debit Card
4778,687,2025-11-04,Net Banking
4779,918,2025-08-24,Credit Card
4780,637,2025-12-20,Cash
4781,991,2025-03-31,UPI
4782,459,2025-09-23,Cash
4783,924,2025-06-24,Credit Card
4784,269,2025-11-11,Credit Card
4785,23,2025-08-14,Net Banking
4786,256,2025-06-19,Debit Card
4787,921,2025-10-14,Net Banking
4788,741,2025-06-28,UPI
4789,664,2025-07-22,Net Banking
4790,125,2025-01-24,Cash
4791,790,2025-06-15,Credit Card
4792,99,2025-05-12,Credit Card
4793,578,2025-05-27,Cash
4794,305,2025-12-05,Net Banking
4795,533,2025-03-23,Net Banking
4796,285,2025-09-01,Debit Card
4797,459,2025-11-16,Net Banking
4798,804,2025-09-26,Net Banking
4799,100,2025-11-15,UPI
4800,171,2025-09-20,UPI
4801,698,2025-11-03,UPI
4802,427,2025-04-18,UPI
4803,858,2025-03-05,Credit Card
4804,680,2025-11-28,UPI
4805,491,2025-02-07,UPI
4806,536,2025-12-09,Net Banking
4807,690,2025-06-11,Cash
4808,627,2025-11-27,Net Banking
4809,383,2025-12-12,Net Banking
4810,810,2025-07-23,Debit Card
4811,780,2025-11-21,Credit Card
4812,660,2024-12-29,Debit Card
4813,277,2025-11-10,Credit Card
4814,20,2025-09-22,UPI
4815,787,2025-07-21,Debit Card
4816,610,2025-06-09,Cash
4817,800,2025-10-22,Credit Card
4818,226,2025-07-20,Credit Card
4819,558,2025-04-26,Credit Card
4820,291,2025-03-11,UPI
4821,252,2025-05-05,Credit Card
4822,37,2025-03-17,Debit Card
4823,986,2025-06-13,Debit Card
4824,632,2025-05-26,Net Banking
4825,86,2025-10-16,Cash
4826,529,2025-07-23,Cash
4827,460,2025-05-22,Net Banking
4828,576,2025-12-14,Cash
4829,751,2025-03-09,UPI
4830,486,2025-10-21,Debit Card
4831,183,2024-12-29,Credit Card
4832,398,2025-07-28,Cash
4833,368,2025-05-26,Cash
4834,240,2025-05-29,Debit Card
4835,586,2025-05-20,Net Banking
4836,416,2025-12-14,UPI
4837,516,2025-02-15,Debit Card
4838,885,2025-03-31,Debit Card
4839,47,2025-03-29,Cash
4840,744,2025-09-20,Net Banking
4841,521,2025-02-16,Cash
4842,462,2025-08-29,Credit Card
4843,933,2025-10-11,Credit Card
4844,760,2025-10-06,Cash
4845,121,2025-07-29,Net Banking
4846,521,2025-06-10,Debit Card
4847,300,2025-10-28,Net Banking
4848,348,2024-12-27,Debit Card
4849,560,2025-06-28,Cash
4850,710,2025-05-11,Cash
4851,421,2024-12-29,Credit Card
4852,616,2025-09-12,Net Banking
4853,858,2025-05-12,UPI
4854,408,2024-12-29,Cash
4855,268,2025-10-10,Cash
4856,664,2025-10-08,Net Banking
4857,717,2025-11-01,Credit Card
4858,816,2025-04-13,Debit Card
4859,837,2025-01-21,Cash
4860,480,2025-11-03,Credit Card
4861,200,2025-10-02,UPI
4862,306,2025-11-18,Credit Card
4863,236,2025-05-20,UPI
4864,964,2025-10-18,Credit Card
4865,314,2025-10-01,Credit Card
4866,661,2025-11-20,Net Banking
4867,676,2025-12-03,Debit Card
4868,458,2025-11-18,Net Banking
4869,536,2025-12-10,Debit Card
4870,827,2024-12-28,Cash
4871,908,2025-01-22,Credit Card
4872,781,2025-03-13,Debit Card
4873,221,2025-04-18,Cash
4874,703,2025-07-11,UPI
4875,44,2025-02-21,Cash
4876,53,2025-07-31,UPI
4877,744,2025-01-27,Cash
4878,265,2025-10-20,Debit Card
4879,33,2025-08-17,Credit Card
4880,870,2025-06-10,UPI
4881,791,2025-08-13,Debit Card
4882,697,2025-04-16,Cash
4883,258,2025-08-10,Cash
4884,642,2025-03-04,UPI
4885,387,2025-10-15,Net Banking
4886,827,2025-10-17,Net Banking
4887,145,2025-03-08,Cash
4888,705,2025-03-10,UPI
4889,478,2025-11-20,Debit Card
4890,851,2025-03-01,Cash
4891,272,2025-01-07,Debit Card
4892,960,2025-01-19,Cash
4893,576,2025-02-13,Debit Card
4894,690,2025-07-08,UPI
4895,784,2025-03-14,UPI
4896,516,2025-03-20,UPI
4897,848,2025-11-07,Credit Card
4898,602,2024-12-31,UPI
4899,255,2025-08-16,Cash
4900,536,2025-08-10,Credit Card
4901,81,2025-07-09,Credit Card
4902,854,2025-05-06,Cash
4903,995,2025-07-25,Credit Card
4904,662,2025-01-04,Credit Card
4905,860,2025-08-21,Credit Card
4906,493,2025-08-24,UPI
4907,98,2025-02-14,Credit Card
4908,196,2025-10-09,Credit Card
4909,363,2025-12-19,Credit Card
4910,779,2025-02-11,UPI
4911,375,2025-11-07,UPI
4912,110,2025-03-07,Credit Card
4913,653,2025-10-30,Credit Card
4914,630,2025-12-04,Cash
4915,917,2025-07-04,Net Banking
4916,195,2025-06-20,Cash
4917,767,2025-04-07,Cash
4918,24,2025-10-02,Net Banking
4919,979,2025-12-14,UPI
4920,843,2025-05-07,UPI
4921,949,2025-12-08,UPI
4922,8,2025-01-26,Net Banking
4923,654,2025-08-06,UPI
4924,412,2025-08-29,UPI
4925,949,2025-02-08,Credit Card
4926,514,2025-07-08,Debit Card
4927,396,2025-03-06,UPI
4928,779,2025-01-24,Debit Card
4929,11,2025-08-31,Cash
4930,525,2025-02-08,UPI
4931,268,2025-09-22,Debit Card
4932,316,2025-04-04,Cash
4933,625,2025-03-01,Cash
4934,686,2025-11-29,Credit Card
4935,303,2025-03-04,Net Banking
4936,176,2025-03-06,Cash
4937,862,2025-06-03,Debit Card
4938,44,2025-02-27,Debit Card
4939,921,2025-12-18,Debit Card
4940,99,2025-03-03,Debit Card
4941,477,2025-01-28,UPI
4942,309,2025-11-04,Cash
4943,747,2025-01-12,Credit Card
4944,280,2025-09-07,Credit Card
4945,867,2025-11-19,Debit Card
4946,531,2025-08-15,Credit Card
4947,458,2025-05-17,Debit Card
4948,363,2025-07-13,Debit Card
4949,691,2025-08-11,Net Banking
4950,831,2025-04-18,Credit Card
4951,650,2025-08-17,Debit Card
4952,115,2025-03-03,UPI
4953,841,2025-04-08,Debit Card
4954,860,2025-04-24,Debit Card
4955,548,2025-07-10,Net Banking
4956,836,2025-01-30,Debit Card
4957,361,2025-12-17,Net Banking
4958,765,2025-01-27,UPI
4959,613,2025-03-21,Debit Card
4960,908,2025-03-29,Debit Card
4961,512,2025-07-13,Cash
4962,345,2025-03-14,Net Banking
4963,327,2025-08-03,Credit Card
4964,139,2025-01-23,Net Banking
4965,501,2025-02-17,Credit Card
4966,587,2025-03-28,UPI
4967,720,2025-01-26,Cash
4968,69,2025-09-08,Debit Card
4969,420,2025-10-23,Cash
4970,45,2025-08-20,Cash
4971,628,2025-07-23,Cash
4972,88,2025-07-12,Credit Card
4973,941,2025-02-03,Cash
4974,221,2025-07-05,Debit Card
4975,485,2025-09-19,UPI
4976,203,2025-04-04,Debit Card
4977,767,2025-02-14,Debit Card
4978,195,2025-08-07,UPI
4979,604,2024-12-29,Credit Card
4980,629,2025-10-14,Net Banking
4981,444,2025-06-15,Cash
4982,68,2025-06-30,Cash
4983,843,2025-05-01,Cash
4984,808,2025-05-05,UPI
4985,320,2025-07-24,Credit Card
4986,389,2025-09-24,UPI
4987,449,2025-06-24,Cash
4988,129,2025-06-07,Cash
4989,220,2025-09-07,UPI
4990,777,2025-07-19,Debit Card
4991,862,2025-10-24,UPI
4992,513,2025-03-26,Debit Card
4993,152,2025-09-12,Debit Card
4994,994,2025-09-14,Net Banking
4995,232,2025-08-28,Credit Card
4996,166,2025-04-17,Net Banking
4997,138,2025-01-05,Net Banking
4998,831,2025-06-19,Cash
4999,548,2025-02-24,Net Banking
5000,752,2025-05-03,UPI
5001,948,2025-03-22,UPI
5002,921,2025-06-18,Cash
5003,255,2025-05-23,Cash
5004,561,2025-12-16,Credit Card
5005,77,2025-06-20,Credit Card
5006,2,2025-03-21,UPI
5007,753,2025-11-11,Debit Card
5008,623,2025-05-05,UPI
5009,403,2025-04-12,Net Banking
5010,284,2025-01-07,Credit Card
5011,441,2025-09-07,Credit Card
5012,951,2025-07-06,Cash
5013,621,2025-08-30,Credit Card
5014,252,2025-08-24,Debit Card
5015,352,2025-06-10,Debit Card
5016,995,2025-02-25,Cash
5017,167,2025-05-02,Cash
5018,87,2025-06-29,Cash
5019,426,2025-11-24,Net Banking
5020,809,2025-09-05,Debit Card
5021,687,2025-08-05,Net Banking
5022,346,2025-08-21,Cash
5023,997,2025-10-25,Net Banking
5024,458,2024-12-28,Cash
5025,900,2025-05-02,Cash
5026,862,2025-10-03,UPI
5027,121,2025-08-01,UPI
5028,735,2025-09-09,Debit Card
5029,749,2025-12-19,Debit Card
5030,98,2025-10-28,Credit Card
5031,857,2025-05-04,Debit Card
5032,780,2025-07-02,Debit Card
5033,426,2025-04-12,Cash
5034,749,2025-05-27,Credit Card
5035,255,2025-11-03,Net Banking
5036,8,2025-01-21,Debit Card
5037,685,2025-08-22,Credit Card
5038,821,2025-07-25,Cash
5039,163,2025-01-12,Credit Card
5040,825,2025-04-23,UPI
5041,468,2025-04-21,UPI
5042,77,2025-03-19,Debit Card
5043,563,2025-03-03,Cash
5044,161,2025-06-22,Net Banking
5045,599,2025-09-27,Debit Card
5046,567,2025-07-16,Credit Card
5047,205,2025-12-05,UPI
5048,484,2025-10-05,Net Banking
5049,841,2025-12-15,UPI
5050,211,2025-04-25,Debit Card
5051,786,2025-09-10,Debit Card
5052,803,2025-06-06,Credit Card
5053,785,2025-03-16,Debit Card
5054,202,2025-03-19,UPI
5055,950,2025-06-18,Cash
5056,545,2025-10-04,Net Banking
5057,725,2025-09-20,Debit Card
5058,533,2025-09-14,Credit Card
5059,726,2025-06-07,Cash
5060,171,2025-08-27,Debit Card
5061,209,2025-02-01,Net Banking
5062,934,2025-08-11,Net Banking
5063,492,2025-01-13,Cash
5064,665,2025-08-31,Debit Card
5065,28,2025-05-20,Credit Card
5066,354,2025-07-21,Net Banking
5067,450,2025-08-31,UPI
5068,159,2025-05-12,UPI
5069,73,2025-04-28,Credit Card
5070,124,2025-03-08,Debit Card
5071,647,2025-09-23,UPI
5072,240,2025-08-03,Cash
5073,947,2025-02-21,Cash
5074,157,2025-12-17,Debit Card
5075,190,2025-09-06,Cash
5076,168,2025-11-05,Credit Card
5077,730,2025-03-13,Net Banking
5078,853,2024-12-26,Net Banking
5079,733,2025-08-17,UPI
5080,153,2025-10-19,Credit Card
5081,238,2025-06-19,Cash
5082,200,2025-02-25,Credit Card
5083,648,2025-03-04,Net Banking
5084,928,2025-07-23,Debit Card
5085,921,2025-01-05,Net Banking
5086,223,2025-03-27,Net Banking
5087,150,2025-03-28,Debit Card
5088,580,2025-12-14,Net Banking
5089,935,2025-04-01,Cash
5090,340,2025-01-21,UPI
5091,951,2025-11-21,Cash
5092,931,2025-08-19,Credit Card
5093,782,2025-03-09,Credit Card
5094,560,2025-06-27,Net Banking
5095,612,2025-11-24,Credit Card
5096,856,2025-08-15,Credit Card
5097,550,2025-09-16,Net Banking
5098,687,2025-11-10,Net Banking
5099,670,2025-03-15,Cash
5100,546,2025-02-03,Debit Card
5101,395,2025-01-22,Cash
5102,698,2025-01-30,Credit Card
5103,160,2025-11-30,Credit Card
5104,861,2024-12-28,Net Banking
5105,847,2024-12-29,Credit Card
5106,182,2025-02-14,Credit Card
5107,668,2025-04-11,Credit Card
5108,594,2025-06-13,Net Banking
5109,766,2025-07-28,UPI
5110,36,2025-09-05,UPI
5111,971,2025-12-10,UPI
5112,943,2025-12-25,UPI
5113,143,2025-07-02,Cash
5114,911,2025-11-03,Debit Card
5115,744,2025-01-02,Credit Card
5116,159,2025-01-26,Net Banking
5117,96,2025-01-13,Debit Card
5118,205,2025-12-15,Cash
5119,80,2025-07-11,Debit Card
5120,13,2025-05-28,Debit Card
5121,757,2025-05-12,Cash
5122,125,2025-07-29,UPI
5123,585,2025-08-25,Debit Card
5124,273,2025-02-11,Net Banking
5125,511,2025-03-25,UPI
5126,761,2025-01-26,Cash
5127,94,2025-02-20,Net Banking
5128,661,2025-11-28,Debit Card
5129,710,2025-10-26,Debit Card
5130,503,2025-09-10,Net Banking
5131,123,2025-05-29,Cash
5132,572,2024-12-27,Cash
5133,257,2025-04-19,Credit Card
5134,78,2025-04-26,Debit Card
5135,392,2025-09-12,Debit Card
5136,308,2025-11-10,Debit Card
5137,43,2025-01-01,Cash
5138,719,2025-09-16,Cash
5139,376,2025-02-17,Credit Card
5140,156,2025-06-18,Credit Card
5141,742,2025-07-13,UPI
5142,541,2025-06-02,Credit Card
5143,424,2025-06-12,Debit Card
5144,918,2025-02-02,Cash
5145,427,2025-01-08,Net Banking
5146,271,2025-02-23,Credit Card
5147,928,2024-12-30,UPI
5148,5,2025-03-22,Debit Card
5149,708,2025-04-28,Debit Card
5150,414,2025-05-10,Credit Card
5151,499,2024-12-29,Net Banking
5152,506,2025-01-22,Debit Card
5153,730,2025-03-05,Debit Card
5154,631,2025-01-31,Debit Card
5155,440,2025-04-27,Debit Card
5156,292,2025-06-08,UPI
5157,190,2024-12-30,Credit Card
5158,441,2025-10-12,Net Banking
5159,53,2025-12-21,UPI
5160,2,2025-10-06,Net Banking
5161,690,2025-12-22,Debit Card
5162,224,2025-08-25,Net Banking
5163,383,2025-05-19,Debit Card
5164,482,2025-03-22,Cash
5165,988,2025-08-11,Net Banking
5166,335,2025-08-20,Debit Card
5167,663,2025-11-09,Credit Card
5168,860,2025-09-01,Credit Card
5169,719,2025-08-19,Debit Card
5170,420,2025-11-12,Debit Card
5171,964,2025-03-02,Cash
5172,913,2025-06-30,Credit Card
5173,70,2025-02-17,Debit Card
5174,285,2025-02-05,Credit Card
5175,658,2025-06-17,Cash
5176,586,2025-05-06,Debit Card
5177,513,2025-03-31,Debit Card
5178,241,2025-04-11,Net Banking
5179,441,2025-06-28,Debit Card
5180,663,2025-02-15,UPI
5181,514,2025-03-21,UPI
5182,626,2025-08-25,Debit Card
5183,500,2025-08-09,Cash
5184,560,2025-11-05,Debit Card
5185,49,2025-05-02,Credit Card
5186,757,2025-10-18,Credit Card
5187,168,2025-09-09,UPI
5188,225,2025-05-15,UPI
5189,563,2025-01-04,Debit Card
5190,235,2025-09-20,Debit Card
5191,139,2025-01-31,Cash
5192,859,2025-12-18,Credit Card
5193,110,2025-06-22,Credit Card
5194,311,2025-06-11,Credit Card
5195,315,2025-11-15,Debit Card
5196,611,2025-11-11,Net Banking
5197,860,2025-11-29,UPI
5198,530,2025-10-22,Debit Card
5199,642,2025-10-29,Cash
5200,486,2025-01-01,Cash
5201,109,2025-11-02,Cash
5202,391,2025-07-31,Net Banking
5203,328,2025-06-03,UPI
5204,17,2025-06-03,Credit Card
5205,939,2025-10-31,UPI
5206,403,2025-10-06,Net Banking
5207,241,2025-09-08,Cash
5208,956,2025-08-06,Net Banking
5209,194,2025-02-04,Net Banking
5210,985,2025-06-08,Debit Card
5211,900,2025-08-27,Cash
5212,138,2025-01-29,UPI
5213,756,2025-01-08,Cash
5214,208,2025-11-09,Debit Card
5215,882,2024-12-31,UPI
5216,443,2025-03-16,Debit Card
5217,63,2025-02-27,Cash
5218,716,2025-12-05,Debit Card
5219,947,2025-04-15,Credit Card
5220,46,2025-03-05,Credit Card
5221,42,2025-10-30,Net Banking
5222,253,2025-03-10,Net Banking
5223,25,2024-12-30,Credit Card
5224,712,2025-03-15,UPI
5225,212,2025-04-28,Debit Card
5226,287,2025-02-17,Credit Card
5227,349,2025-01-09,Net Banking
5228,296,2025-09-15,Credit Card
5229,627,2025-07-24,Net Banking
5230,505,2025-09-25,Net Banking
5231,478,2025-03-18,UPI
5232,838,2025-01-08,Debit Card
5233,702,2025-03-27,Debit Card
5234,585,2025-11-06,Cash
5235,379,2025-07-25,Debit Card
5236,677,2025-11-26,Cash
5237,272,2025-09-24,Cash
5238,620,2025-09-27,UPI
5239,725,2025-03-05,Cash
5240,562,2025-11-20,UPI
5241,467,2025-09-23,UPI
5242,648,2025-09-19,Debit Card
5243,504,2025-07-06,Net Banking
5244,245,2024-12-30,Credit Card
5245,901,2025-11-22,UPI
5246,282,2025-06-08,Net Banking
5247,833,2025-10-23,Debit Card
5248,720,2025-01-07,Credit Card
5249,602,2025-05-28,Credit Card
5250,621,2025-07-02,UPI
5251,736,2025-11-06,Credit Card
5252,467,2025-04-30,Cash
5253,112,2025-01-05,Cash
5254,134,2025-10-24,Cash
5255,359,2025-11-21,Net Banking
5256,829,2025-05-01,Cash
5257,883,2025-11-03,Cash
5258,249,2025-12-20,UPI
5259,683,2025-10-15,Net Banking
5260,849,2025-09-12,UPI
5261,78,2025-08-29,Cash
5262,738,2025-01-20,Cash
5263,437,2025-09-01,UPI
5264,303,2024-12-26,Debit Card
5265,538,2025-04-21,UPI
5266,234,2025-07-11,Net Banking
5267,664,2025-07-30,Credit Card
5268,338,2025-10-05,Cash
5269,636,2025-04-09,UPI
5270,483,2025-03-06,Debit Card
5271,339,2025-03-25,Net Banking
5272,639,2025-09-20,UPI
5273,266,2025-12-04,Debit Card
5274,528,2025-10-07,Credit Card
5275,437,2025-05-17,Net Banking
5276,225,2025-04-01,Credit Card
5277,1000,2025-05-30,Debit Card
5278,585,2025-03-03,Debit Card
5279,705,2025-01-12,UPI
5280,925,2025-12-21,Net Banking
5281,906,2025-07-13,Credit Card
5282,363,2025-09-18,Credit Card
5283,121,2025-03-07,Cash
5284,683,2025-02-23,Credit Card
5285,792,2025-07-05,Net Banking
5286,195,2025-09-12,UPI
5287,91,2025-03-29,Net Banking
5288,866,2025-01-28,Debit Card
5289,779,2025-12-16,Net Banking
5290,926,2025-09-28,Debit Card
5291,269,2025-12-15,UPI
5292,468,2025-06-29,Cash
5293,859,2025-11-25,Cash
5294,880,2025-08-01,Debit Card
5295,135,2024-12-29,Net Banking
5296,471,2025-10-10,UPI
5297,892,2025-09-29,Cash
5298,303,2025-09-03,Cash
5299,400,2025-12-24,Debit Card
5300,887,2025-11-11,UPI
5301,490,2025-09-10,Debit Card
5302,414,2025-01-15,UPI
5303,754,2025-05-12,Cash
5304,401,2025-10-04,Debit Card
5305,54,2024-12-31,Credit Card
5306,313,2025-07-25,Net Banking
5307,454,2025-11-14,UPI
5308,578,2025-12-03,Cash
5309,389,2025-11-10,Cash
5310,970,2025-02-04,Cash
5311,569,2025-08-14,Credit Card
5312,938,2025-08-02,UPI
5313,593,2025-07-18,Cash
5314,187,2025-02-23,Credit Card
5315,162,2025-06-20,Net Banking
5316,95,2025-11-05,Net Banking
5317,632,2025-10-02,Cash
5318,435,2025-02-10,Net Banking
5319,389,2025-10-14,Credit Card
5320,487,2025-09-12,Cash
5321,361,2025-07-02,Credit Card
5322,296,2025-06-28,Credit Card
5323,105,2025-08-27,Debit Card
5324,625,2025-02-28,Debit Card
5325,224,2025-03-03,Net Banking
5326,300,2025-01-13,UPI
5327,613,2025-01-21,UPI
5328,443,2025-12-06,UPI
5329,937,2025-05-31,Debit Card
5330,76,2025-09-06,Net Banking
5331,270,2025-08-10,UPI
5332,355,2025-03-09,Credit Card
5333,455,2024-12-27,Cash
5334,514,2025-08-30,Debit Card
5335,694,2025-05-01,Debit Card
5336,320,2025-01-18,Debit Card
5337,705,2025-11-11,Debit Card
5338,519,2025-09-04,Net Banking
5339,108,2024-12-26,Debit Card
5340,868,2025-07-10,Net Banking
5341,42,2025-10-31,Net Banking
5342,73,2025-07-10,Credit Card
5343,457,2025-02-04,UPI
5344,193,2025-12-08,Debit Card
5345,247,2025-05-15,UPI
5346,389,2025-10-02,Net Banking
5347,561,2025-06-24,Cash
5348,755,2025-02-18,UPI
5349,353,2025-05-29,UPI
5350,846,2025-08-09,UPI
5351,242,2025-12-07,Net Banking
5352,875,2025-03-04,Net Banking
5353,435,2025-08-16,UPI
5354,537,2025-10-12,Credit Card
5355,650,2025-01-13,Cash
5356,863,2025-04-11,UPI
5357,831,2025-08-14,Credit Card
5358,327,2025-07-02,Credit Card
5359,333,2025-05-07,Debit Card
5360,491,2025-11-13,UPI
5361,112,2025-08-08,Debit Card
5362,104,2025-12-08,Cash
5363,521,2025-01-30,Debit Card
5364,661,2025-10-30,Cash
5365,948,2025-11-08,Credit Card
5366,738,2025-01-16,Debit Card
5367,244,2025-10-13,Net Banking
5368,342,2025-05-17,Credit Card
5369,16,2025-06-17,Credit Card
5370,801,2025-11-05,UPI
5371,542,2025-12-15,Credit Card
5372,186,2025-05-11,Cash
5373,690,2025-08-20,Net Banking
5374,482,2025-07-01,Cash
5375,145,2025-10-04,Cash
5376,575,2025-09-07,Debit Card
5377,992,2025-09-17,Net Banking
5378,77,2025-07-14,Net Banking
5379,883,2025-09-11,UPI
5380,340,2025-07-10,Cash
5381,604,2025-05-12,UPI
5382,272,2025-07-12,Cash
5383,547,2025-10-03,Debit Card
5384,630,2025-10-02,Debit Card
5385,627,2025-04-15,Net Banking
5386,858,2025-04-03,UPI
5387,224,2025-05-08,Debit Card
5388,614,2025-05-24,Net Banking
5389,58,2025-11-23,Net Banking
5390,577,2025-10-23,Net Banking
5391,945,2025-03-08,Credit Card
5392,981,2025-07-29,Net Banking
5393,270,2025-06-10,Cash
5394,836,2025-06-23,UPI
5395,201,2025-09-17,Cash
5396,809,2025-07-04,Credit Card
5397,82,2025-03-08,UPI
5398,270,2025-09-13,Credit Card
5399,870,2025-02-26,Cash
5400,409,2025-01-26,Net Banking
5401,651,2024-12-28,Debit Card
5402,802,2025-03-17,Debit Card
5403,799,2025-08-18,Debit Card
5404,234,2025-11-29,UPI
5405,502,2025-02-20,UPI
5406,186,2025-01-31,Credit Card
5407,893,2025-05-08,Credit Card
5408,434,2025-12-22,Net Banking
5409,643,2025-02-01,Debit Card
5410,7,2025-09-25,Debit Card
5411,821,2025-01-17,Credit Card
5412,652,2025-12-25,Debit Card
5413,340,2025-08-26,Net Banking
5414,500,2025-06-24,UPI
5415,606,2025-05-22,UPI
5416,770,2025-01-20,Cash
5417,928,2025-05-02,UPI
5418,243,2025-08-18,Net Banking
5419,968,2025-04-23,UPI
5420,662,2025-09-14,UPI
5421,340,2025-11-16,Net Banking
5422,164,2025-08-12,Cash
5423,975,2025-03-20,Debit Card
5424,745,2025-02-19,Cash
5425,223,2025-08-29,Credit Card
5426,534,2025-11-24,Credit Card
5427,817,2025-12-03,Debit Card
5428,45,2025-02-23,Debit Card
5429,791,2025-10-27,Debit Card
5430,656,2025-09-05,Debit Card
5431,678,2025-10-21,Debit Card
5432,937,2025-04-18,Cash
5433,383,2025-01-28,UPI
5434,66,2025-09-28,Net Banking
5435,625,2025-04-26,UPI
5436,84,2025-04-23,UPI
5437,426,2025-08-28,Net Banking
5438,998,2025-02-11,UPI
5439,372,2025-03-12,Debit Card
5440,46,2025-10-13,Debit Card
5441,457,2025-01-15,Credit Card
5442,330,2025-04-14,Cash
5443,871,2025-11-07,UPI
5444,835,2025-03-04,Debit Card
5445,371,2025-02-28,UPI
5446,152,2025-11-23,Net Banking
5447,640,2025-03-02,Net Banking
5448,457,2025-08-26,Net Banking
5449,224,2025-04-10,Credit Card
5450,736,2025-07-09,Debit Card
5451,908,2025-04-11,Credit Card
5452,965,2025-08-20,Debit Card
5453,762,2025-09-01,Debit Card
5454,90,2025-09-10,Cash
5455,586,2025-10-30,Credit Card
5456,545,2025-07-27,Debit Card
5457,428,2025-12-24,Net Banking
5458,452,2025-05-02,Cash
5459,233,2025-01-30,Credit Card
5460,414,2025-07-17,Net Banking
5461,953,2025-02-14,UPI
5462,88,2025-03-09,UPI
5463,10,2025-11-26,Net Banking
5464,894,2025-03-05,UPI
5465,899,2025-12-10,Net Banking
5466,30,2025-12-14,Cash
5467,408,2025-02-21,Net Banking
5468,397,2025-02-05,UPI
5469,517,2025-03-03,Debit Card
5470,455,2025-09-26,Net Banking
5471,478,2025-09-03,Credit Card
5472,713,2025-05-04,Debit Card
5473,338,2025-02-18,Cash
5474,529,2025-10-12,UPI
5475,587,2025-02-12,Debit Card
5476,41,2025-06-14,Credit Card
5477,468,2025-06-06,UPI
5478,885,2025-09-06,Cash
5479,811,2025-04-14,Debit Card
5480,333,2025-06-10,Credit Card
5481,426,2025-10-17,Debit Card
5482,296,2025-05-24,Credit Card
5483,467,2025-06-24,Credit Card
5484,35,2025-03-04,Debit Card
5485,524,2025-10-27,UPI
5486,130,2025-09-20,UPI
5487,195,2025-07-30,Cash
5488,101,2025-08-15,UPI
5489,879,2025-04-04,Debit Card
5490,400,2025-03-12,Cash
5491,502,2025-09-15,Cash
5492,961,2025-06-10,Net Banking
5493,878,2025-12-17,Net Banking
5494,649,2025-10-01,Credit Card
5495,475,2025-03-05,Debit Card
5496,481,2025-01-19,UPI
5497,629,2025-08-08,Net Banking
5498,480,2025-12-26,Credit Card
5499,741,2025-06-10,Cash
5500,265,2025-12-16,Cash
5501,782,2025-07-20,Credit Card
5502,409,2025-05-13,UPI
5503,456,2025-04-27,Net Banking
5504,88,2025-09-03,Debit Card
5505,257,2025-05-15,Credit Card
5506,384,2025-06-20,Debit Card
5507,832,2025-07-26,Net Banking
5508,829,2025-03-17,UPI
5509,739,2025-07-30,Debit Card
5510,711,2025-12-25,Credit Card
5511,705,2025-04-30,Debit Card
5512,401,2025-12-01,UPI
5513,196,2025-05-26,Credit Card
5514,366,2025-02-04,Cash
5515,655,2025-05-13,UPI
5516,769,2025-02-07,Cash
5517,713,2025-09-02,Debit Card
5518,49,2025-02-12,Debit Card
5519,493,2025-02-22,Debit Card
5520,183,2025-08-06,Net Banking
5521,576,2025-10-06,Cash
5522,899,2025-06-20,Net Banking
5523,819,2025-02-25,Debit Card
5524,863,2025-08-30,Cash
5525,666,2025-05-20,Debit Card
5526,535,2025-04-29,Net Banking
5527,858,2025-05-22,Cash
5528,19,2025-07-23,Debit Card
5529,670,2025-01-02,Net Banking
5530,263,2025-07-15,Debit Card
5531,748,2025-09-03,Debit Card
5532,865,2025-12-13,Net Banking
5533,17,2025-12-15,Net Banking
5534,114,2025-01-15,Debit Card
5535,994,2025-01-31,Credit Card
5536,296,2025-06-22,Credit Card
5537,476,2025-12-10,Cash
5538,152,2025-02-12,Cash
5539,727,2025-02-28,Cash
5540,793,2025-10-18,Credit Card
5541,439,2025-02-16,Cash
5542,776,2025-10-25,Debit Card
5543,813,2025-08-12,Debit Card
5544,33,2025-10-15,UPI
5545,503,2025-03-07,Credit Card
5546,774,2025-02-16,Net Banking
5547,862,2025-10-29,Debit Card
5548,934,2025-08-05,Net Banking
5549,952,2025-07-19,Cash
5550,475,2025-05-15,Cash
5551,882,2025-08-26,Debit Card
5552,280,2025-02-12,Net Banking
5553,206,2025-08-10,Net Banking
5554,300,2025-01-20,Debit Card
5555,683,2025-02-15,UPI
5556,735,2024-12-28,Debit Card
5557,837,2025-12-25,Credit Card
5558,334,2025-03-19,UPI
5559,945,2025-02-26,Debit Card
5560,549,2025-06-14,Net Banking
5561,654,2025-07-22,Cash
5562,997,2025-06-24,UPI
5563,949,2025-11-25,Debit Card
5564,857,2025-02-15,Debit Card
5565,2,2025-01-07,Cash
5566,730,2025-01-05,Debit Card
5567,538,2025-01-22,UPI
5568,780,2025-02-04,Cash
5569,899,2025-11-24,Credit Card
5570,349,2025-04-26,Net Banking
5571,48,2025-04-20,Credit Card
5572,906,2025-06-23,Cash
5573,493,2025-08-13,Credit Card
5574,794,2025-05-01,Net Banking
5575,449,2025-05-23,UPI
5576,180,2025-08-05,Credit Card
5577,912,2025-03-13,Net Banking
5578,507,2025-04-02,Cash
5579,416,2025-11-17,Debit Card
5580,24,2025-09-20,Cash
5581,146,2024-12-26,Debit Card
5582,128,2025-05-09,UPI
5583,510,2025-04-22,Net Banking
5584,361,2025-05-16,UPI
5585,48,2025-07-09,Credit Card
5586,932,2025-12-12,Credit Card
5587,920,2024-12-28,Credit Card
5588,783,2025-04-17,Cash
5589,156,2025-07-22,UPI
5590,65,2025-09-23,Net Banking
5591,763,2025-03-25,Cash
5592,839,2025-03-28,Cash
5593,485,2025-12-21,Credit Card
5594,955,2025-08-28,UPI
5595,310,2025-11-08,UPI
5596,881,2025-01-28,Debit Card
5597,590,2025-03-10,Credit Card
5598,769,2024-12-27,Net Banking
5599,527,2025-11-06,Cash
5600,364,2025-10-22,UPI
5601,485,2025-02-20,Debit Card
5602,473,2025-05-31,Credit Card
5603,545,2025-04-11,Net Banking
5604,663,2025-04-10,Debit Card
5605,313,2025-08-13,Cash
5606,366,2025-03-07,Net Banking
5607,498,2025-10-13,Net Banking
5608,173,2025-06-16,UPI
5609,685,2025-11-22,Debit Card
5610,13,2025-03-14,UPI
5611,150,2025-10-30,Cash
5612,207,2025-04-14,Net Banking
5613,889,2025-09-24,Cash
5614,277,2025-10-16,UPI
5615,995,2025-05-21,UPI
5616,655,2025-03-07,Credit Card
5617,693,2025-02-22,Net Banking
5618,999,2025-04-18,Credit Card
5619,799,2025-10-28,Credit Card
5620,717,2025-06-16,Debit Card
5621,962,2025-04-24,Net Banking
5622,878,2025-02-04,UPI
5623,962,2025-05-22,Net Banking
5624,963,2025-08-20,Debit Card
5625,469,2025-10-26,Net Banking
5626,318,2025-12-10,Debit Card
5627,504,2025-03-16,Net Banking
5628,50,2025-10-16,Net Banking
5629,53,2025-08-05,UPI
5630,709,2025-10-17,Credit Card
5631,635,2025-04-01,Cash
5632,681,2025-11-19,Cash
5633,608,2025-03-29,Net Banking
5634,760,2025-01-08,Net Banking
5635,534,2025-10-02,Debit Card
5636,787,2025-07-17,UPI
5637,142,2025-05-05,Cash
5638,518,2025-03-09,Net Banking
5639,856,2025-06-06,Debit Card
5640,640,2025-04-27,Debit Card
5641,967,2025-05-10,Debit Card
5642,82,2025-04-22,Debit Card
5643,865,2025-06-17,Credit Card
5644,334,2025-02-22,Net Banking
5645,482,2025-03-05,Net Banking
5646,627,2025-10-15,Net Banking
5647,988,2025-09-06,Debit Card
5648,5,2025-10-14,Net Banking
5649,33,2025-06-20,Cash
5650,101,2025-08-06,Net Banking
5651,758,2025-12-15,Net Banking
5652,277,2025-11-08,Debit Card
5653,853,2025-06-03,Debit Card
5654,51,2025-08-11,UPI
5655,965,2025-11-18,Net Banking
5656,525,2025-02-03,Net Banking
5657,277,2025-03-23,Credit Card
5658,905,2025-03-27,Debit Card
5659,693,2025-12-11,Debit Card
5660,295,2025-12-18,Cash
5661,902,2025-09-20,Cash
5662,156,2025-12-16,Debit Card
5663,326,2025-10-20,Debit Card
5664,935,2025-08-14,Credit Card
5665,164,2025-12-21,Credit Card
5666,350,2025-12-19,Debit Card
5667,889,2025-11-04,Cash
5668,825,2025-07-12,Cash
5669,129,2025-07-02,Cash
5670,795,2025-03-31,UPI
5671,231,2025-10-11,Cash
5672,479,2025-03-19,Credit Card
5673,116,2025-01-20,UPI
5674,643,2025-02-20,Debit Card
5675,304,2025-04-04,Credit Card
5676,662,2025-11-12,Debit Card
5677,28,2025-01-13,Cash
5678,857,2025-05-09,Debit Card
5679,499,2025-01-02,UPI
5680,448,2025-01-23,Net Banking
5681,31,2025-07-09,Net Banking
5682,236,2025-10-16,Debit Card
5683,561,2025-03-29,Credit Card
5684,984,2025-09-05,Debit Card
5685,412,2025-11-08,UPI
5686,462,2025-01-21,Credit Card
5687,792,2025-11-16,Credit Card
5688,156,2025-05-14,Debit Card
5689,637,2025-12-15,Credit Card
5690,490,2025-11-21,Cash
5691,895,2025-11-06,Net Banking
5692,141,2025-09-20,Debit Card
5693,670,2025-08-10,Debit Card
5694,849,2025-06-06,UPI
5695,581,2025-08-15,Credit Card
5696,88,2025-01-13,Debit Card
5697,246,2025-01-03,Cash
5698,859,2025-03-12,Cash
5699,953,2025-02-09,Debit Card
5700,694,2025-08-15,Debit Card
5701,964,2025-06-15,Credit Card
5702,177,2025-06-09,Net Banking
5703,990,2025-10-05,Cash
5704,857,2025-04-01,Net Banking
5705,284,2025-02-06,Debit Card
5706,325,2025-11-13,Net Banking
5707,422,2025-01-06,UPI
5708,693,2025-09-09,UPI
5709,54,2025-02-03,UPI
5710,512,2025-10-23,UPI
5711,52,2025-10-13,Debit Card
5712,545,2025-06-28,Net Banking
5713,585,2025-11-23,Credit Card
5714,966,2025-09-05,Net Banking
5715,943,2025-12-13,UPI
5716,40,2025-03-19,Cash
5717,5,2024-12-31,Net Banking
5718,13,2025-03-06,UPI
5719,270,2025-05-19,UPI
5720,909,2025-02-11,Net Banking
5721,266,2025-03-21,Credit Card
5722,928,2025-10-09,Net Banking
5723,896,2025-07-04,Cash
5724,283,2025-10-04,Net Banking
5725,394,2025-07-24,Debit Card
5726,838,2025-12-19,Cash
5727,344,2025-11-08,Credit Card
5728,838,2025-01-10,Debit Card
5729,873,2025-01-28,Net Banking
5730,403,2025-04-20,Credit Card
5731,700,2025-11-24,Cash
5732,594,2025-09-27,Debit Card
5733,481,2025-08-09,Debit Card
5734,148,2025-04-05,Net Banking
5735,731,2025-07-26,Cash
5736,182,2025-09-22,Net Banking
5737,413,2025-06-09,Net Banking
5738,240,2025-12-24,UPI
5739,24,2025-09-15,Cash
5740,982,2025-07-09,Cash
5741,997,2025-02-07,Credit Card
5742,750,2025-01-25,UPI
5743,733,2024-12-26,Credit Card
5744,682,2025-08-02,Debit Card
5745,30,2025-05-04,UPI
5746,800,2025-03-26,Credit Card
5747,171,2025-08-25,Debit Card
5748,369,2025-06-17,UPI
5749,894,2025-11-06,Net Banking
5750,92,2025-10-23,Cash
5751,534,2025-03-16,UPI
5752,123,2025-10-29,Cash
5753,287,2025-11-22,Cash
5754,632,2025-03-24,Net Banking
5755,2,2025-12-08,Cash
5756,792,2025-11-16,Credit Card
5757,797,2025-05-05,Debit Card
5758,289,2025-03-14,Net Banking
5759,240,2025-06-12,Credit Card
5760,534,2025-11-30,Net Banking
5761,250,2025-02-02,Cash
5762,671,2025-05-03,Cash
5763,424,2025-03-19,UPI
5764,819,2025-09-30,Credit Card
5765,409,2025-08-25,Net Banking
5766,320,2025-01-15,Cash
5767,293,2025-05-02,Cash
5768,639,2025-07-20,Credit Card
5769,435,2025-10-20,Credit Card
5770,961,2025-01-12,Debit Card
5771,882,2025-12-21,Cash
5772,36,2025-04-12,Credit Card
5773,647,2025-01-17,Debit Card
5774,956,2025-04-21,Net Banking
5775,522,2025-04-23,Cash
5776,741,2025-01-16,Debit Card
5777,853,2025-12-04,Net Banking
5778,304,2025-07-19,Cash
5779,465,2025-11-09,UPI
5780,118,2025-08-10,UPI
5781,336,2025-03-11,Credit Card
5782,642,2025-02-09,Debit Card
5783,22,2025-12-11,Cash
5784,443,2025-05-16,UPI
5785,933,2025-02-16,UPI
5786,403,2025-08-11,Net Banking
5787,416,2025-02-02,UPI
5788,245,2025-01-15,Net Banking
5789,740,2025-04-19,Net Banking
5790,943,2025-05-12,Cash
5791,966,2025-12-02,Debit Card
5792,984,2025-07-31,Credit Card
5793,158,2025-07-29,UPI
5794,656,2025-08-17,Net Banking
5795,575,2025-02-20,Cash
5796,488,2025-04-25,Cash
5797,154,2025-05-04,UPI
5798,921,2025-11-07,Credit Card
5799,137,2025-02-02,Cash
5800,528,2025-07-21,Cash
5801,87,2025-10-05,Debit Card
5802,367,2025-04-03,UPI
5803,689,2025-01-13,Cash
5804,13,2025-05-26,Cash
5805,872,2025-07-25,Cash
5806,12,2025-07-25,Net Banking
5807,936,2025-07-26,Cash
5808,881,2025-05-15,UPI
5809,174,2024-12-28,UPI
5810,609,2025-02-07,Cash
5811,541,2025-11-16,Credit Card
5812,881,2025-11-15,Debit Card
5813,733,2025-04-26,Net Banking
5814,318,2025-12-18,Credit Card
5815,22,2025-01-26,Credit Card
5816,742,2025-05-25,Cash
5817,695,2025-04-30,Credit Card
5818,501,2025-11-25,Credit Card
5819,969,2025-10-24,Credit Card
5820,188,2025-01-07,Net Banking
5821,580,2025-09-18,Cash
5822,886,2025-04-08,UPI
5823,291,2025-11-12,Net Banking
5824,69,2025-09-06,UPI
5825,35,2025-01-13,Net Banking
5826,776,2025-12-03,UPI
5827,811,2025-11-27,Net Banking
5828,511,2025-05-16,UPI
5829,559,2025-09-22,Cash
5830,284,2025-03-18,UPI
5831,642,2025-05-20,UPI
5832,292,2025-05-22,Credit Card
5833,866,2025-04-17,Debit Card
5834,574,2025-05-21,UPI
5835,2,2025-11-21,Cash
5836,794,2025-11-10,Cash
5837,606,2025-08-20,Cash
5838,286,2025-06-06,Debit Card
5839,81,2024-12-30,UPI
5840,807,2025-02-06,Debit Card
5841,27,2025-11-24,Cash
5842,478,2025-04-21,Credit Card
5843,259,2025-06-11,UPI
5844,823,2025-11-12,Cash
5845,717,2025-06-12,Net Banking
5846,400,2025-05-18,Credit Card
5847,738,2025-03-29,Cash
5848,203,2025-03-28,Debit Card
5849,346,2025-03-01,Cash
5850,691,2025-02-21,Credit Card
5851,757,2025-02-06,UPI
5852,275,2025-03-17,Net Banking
5853,116,2025-02-01,UPI
5854,257,2025-03-01,Credit Card
5855,100,2025-04-15,Debit Card
5856,141,2025-11-05,Credit Card
5857,882,2025-08-09,Debit Card
5858,452,2025-01-02,UPI
5859,584,2025-05-31,Cash
5860,914,2025-07-25,UPI
5861,649,2025-03-14,Debit Card
5862,382,2025-08-20,Net Banking
5863,262,2025-10-06,Credit Card
5864,498,2025-06-25,Credit Card
5865,640,2025-11-09,Credit Card
5866,41,2025-10-02,Debit Card
5867,420,2025-09-07,Debit Card
5868,184,2025-12-17,Credit Card
5869,481,2025-06-04,Debit Card
5870,33,2025-09-20,Cash
5871,470,2025-01-24,Cash
5872,765,2025-09-24,Credit Card
5873,69,2025-10-09,Net Banking
5874,688,2024-12-30,Cash
5875,24,2025-11-28,Cash
5876,327,2025-10-21,Cash
5877,883,2025-01-08,Net Banking
5878,153,2025-11-25,UPI
5879,282,2025-06-20,UPI
5880,319,2025-10-19,Credit Card
5881,42,2025-08-26,Debit Card
5882,456,2025-11-03,UPI
5883,486,2025-03-22,UPI
5884,514,2025-02-15,Cash
5885,777,2025-06-20,UPI
5886,657,2025-06-06,Net Banking
5887,904,2025-02-19,Credit Card
5888,82,2025-01-31,Cash
5889,234,2025-06-10,UPI
5890,49,2025-08-20,Credit Card
5891,727,2025-02-24,Credit Card
5892,631,2025-12-06,Net Banking
5893,840,2025-11-14,Cash
5894,247,2025-11-21,UPI
5895,619,2025-07-22,Net Banking
5896,441,2025-01-21,Cash
5897,819,2025-06-11,Debit Card
5898,824,2025-11-05,Debit Card
5899,327,2025-05-04,Net Banking
5900,609,2025-01-15,Net Banking
5901,683,2025-01-19,UPI
5902,901,2025-05-06,Debit Card
5903,48,2025-03-11,Credit Card
5904,718,2025-09-07,Credit Card
5905,859,2025-04-12,Cash
5906,684,2025-03-03,UPI
5907,165,2025-01-25,Net Banking
5908,929,2025-06-08,UPI
5909,161,2024-12-27,UPI
5910,902,2025-07-08,Debit Card
5911,586,2025-11-18,UPI
5912,779,2025-07-30,Cash
5913,754,2025-07-14,Cash
5914,331,2025-03-26,Cash
5915,782,2025-03-08,Net Banking
5916,195,2025-12-20,UPI
5917,346,2025-05-27,Debit Card
5918,999,2025-08-15,Cash
5919,963,2025-04-22,Debit Card
5920,907,2025-03-30,Cash
5921,484,2025-07-14,Cash
5922,638,2025-06-02,UPI
5923,389,2025-05-07,Net Banking
5924,520,2025-12-09,Net Banking
5925,44,2025-08-19,Cash
5926,996,2025-09-02,Credit Card
5927,490,2025-07-31,Debit Card
5928,539,2025-06-22,Cash
5929,631,2025-02-26,Credit Card
5930,519,2025-12-08,Net Banking
5931,952,2025-03-19,UPI
5932,404,2025-03-18,Debit Card
5933,206,2025-06-22,UPI
5934,163,2025-07-05,Debit Card
5935,852,2025-02-22,Debit Card
5936,221,2025-03-08,Credit Card
5937,496,2025-05-12,Credit Card
5938,443,2025-01-23,Credit Card
5939,203,2025-06-22,Debit Card
5940,4,2025-04-21,Credit Card
5941,418,2025-07-18,Cash
5942,321,2025-12-03,Cash
5943,596,2025-12-14,Net Banking
5944,180,2025-08-01,Debit Card
5945,488,2025-11-02,UPI
5946,267,2025-04-02,UPI
5947,604,2025-09-01,Cash
5948,968,2024-12-30,UPI
5949,989,2025-11-18,Debit Card
5950,814,2025-12-04,Debit Card
5951,416,2025-10-10,Credit Card
5952,289,2025-03-23,Cash
5953,485,2025-10-30,UPI
5954,704,2025-01-14,UPI
5955,691,2025-06-17,Cash
5956,249,2025-04-08,Cash
5957,407,2025-09-29,Cash
5958,207,2025-11-21,Credit Card
5959,162,2025-06-12,Cash
5960,269,2025-03-30,Debit Card
5961,81,2025-04-01,Debit Card
5962,78,2025-02-24,Net Banking
5963,887,2025-01-21,UPI
5964,671,2025-04-14,Net Banking
5965,563,2025-06-01,Credit Card
5966,400,2025-04-29,Credit Card
5967,820,2025-10-08,Credit Card
5968,372,2025-08-13,Credit Card
5969,653,2025-02-10,Debit Card
5970,274,2025-12-18,Debit Card
5971,851,2025-12-03,Net Banking
5972,278,2025-03-02,UPI
5973,51,2025-07-30,UPI
5974,539,2025-10-26,Debit Card
5975,724,2025-08-22,Credit Card
5976,310,2025-12-09,Net Banking
5977,501,2025-09-13,Cash
5978,751,2025-06-25,UPI
5979,386,2025-11-26,UPI
5980,119,2025-10-18,Debit Card
5981,743,2025-03-26,Net Banking
5982,196,2025-12-20,UPI
5983,617,2025-12-03,Net Banking
5984,972,2025-11-04,UPI
5985,558,2025-09-07,Cash
5986,655,2025-06-18,Credit Card
5987,999,2025-11-14,Credit Card
5988,800,2025-06-26,Debit Card
5989,687,2025-03-14,Net Banking
5990,376,2025-11-11,Net Banking
5991,747,2025-10-17,UPI
5992,794,2025-03-30,UPI
5993,203,2025-04-02,Cash
5994,382,2025-07-27,Debit Card
5995,213,2025-05-17,Credit Card
5996,947,2025-02-16,UPI
5997,122,2025-04-17,Credit Card
5998,998,2025-12-15,UPI
5999,123,2025-08-09,Credit Card
6000,947,2025-03-05,UPI
6001,657,2025-07-01,Credit Card
6002,372,2025-12-09,Credit Card
6003,286,2025-04-04,Cash
6004,892,2025-03-07,Credit Card
6005,861,2025-07-28,Credit Card
6006,201,2025-02-02,Net Banking
6007,896,2025-04-08,Credit Card
6008,741,2025-06-29,Debit Card
6009,804,2025-07-01,Cash
6010,419,2025-04-09,UPI
6011,322,2025-11-23,Debit Card
6012,593,2025-04-20,Cash
6013,379,2025-12-15,Cash
6014,525,2025-04-26,Cash
6015,859,2025-11-17,Credit Card
6016,810,2025-03-31,UPI
6017,586,2025-02-26,Cash
6018,5,2025-08-27,Cash
6019,446,2025-02-21,Credit Card
6020,627,2025-05-06,Net Banking
6021,575,2025-06-06,Net Banking
6022,775,2025-12-13,Credit Card
6023,972,2025-02-24,Credit Card
6024,682,2025-06-29,Credit Card
6025,123,2025-03-16,Net Banking
6026,159,2025-09-05,Net Banking
6027,717,2025-08-08,Credit Card
6028,38,2025-08-20,Cash
6029,874,2025-02-04,Cash
6030,720,2025-08-23,UPI
6031,924,2025-11-14,Cash
6032,432,2025-08-24,Net Banking
6033,910,2025-09-08,Cash
6034,432,2025-08-18,UPI
6035,470,2025-10-09,Debit Card
6036,181,2025-01-01,UPI
6037,901,2025-10-21,Cash
6038,153,2025-09-05,Net Banking
6039,205,2025-02-02,Net Banking
6040,881,2025-06-14,Debit Card
6041,518,2025-12-08,UPI
6042,140,2025-08-01,Net Banking
6043,457,2025-07-26,Cash
6044,991,2025-03-07,UPI
6045,409,2025-07-27,Debit Card
6046,508,2025-03-19,Credit Card
6047,936,2025-12-01,UPI
6048,336,2025-10-16,UPI
6049,158,2025-02-24,Cash
6050,863,2025-10-20,Net Banking
6051,101,2025-04-14,Debit Card
6052,930,2025-11-13,Net Banking
6053,303,2025-10-17,UPI
6054,567,2025-10-11,Debit Card
6055,368,2024-12-27,Net Banking
6056,748,2025-06-08,Credit Card
6057,727,2025-08-25,Debit Card
6058,148,2025-10-21,UPI
6059,347,2025-07-05,Credit Card
6060,824,2025-10-04,Cash
6061,451,2025-06-15,Net Banking
6062,724,2025-12-20,Cash
6063,278,2025-05-03,Debit Card
6064,343,2025-01-08,Cash
6065,168,2025-07-31,Net Banking
6066,777,2025-10-13,Credit Card
6067,656,2025-01-29,UPI
6068,616,2025-06-07,Debit Card
6069,840,2025-12-05,UPI
6070,147,2025-01-21,UPI
6071,332,2025-05-26,Credit Card
6072,922,2025-10-15,Credit Card
6073,986,2025-07-09,Cash
6074,750,2025-05-09,Cash
6075,160,2025-03-29,Debit Card
6076,444,2025-08-19,Debit Card
6077,679,2025-02-23,Net Banking
6078,405,2025-11-13,UPI
6079,957,2025-06-25,Cash
6080,724,2025-09-18,Debit Card
6081,133,2025-11-25,UPI
6082,921,2025-08-04,Net Banking
6083,691,2025-12-12,Net Banking
6084,613,2025-08-16,UPI
6085,919,2025-04-13,Credit Card
6086,638,2025-02-02,UPI
6087,128,2025-08-02,Debit Card
6088,735,2025-03-02,UPI
6089,749,2025-03-27,UPI
6090,995,2025-07-12,UPI
6091,944,2025-01-21,UPI
6092,993,2025-04-07,Credit Card
6093,614,2025-03-23,Credit Card
6094,172,2025-09-15,UPI
6095,368,2025-06-29,Net Banking
6096,430,2025-03-25,Cash
6097,177,2025-05-26,UPI
6098,703,2024-12-27,Cash
6099,565,2025-02-25,Net Banking
6100,283,2025-09-21,Cash
6101,908,2025-08-22,Credit Card
6102,464,2025-06-22,Credit Card
6103,924,2025-12-02,Net Banking
6104,91,2025-06-01,Debit Card
6105,910,2025-07-27,Net Banking
6106,127,2025-01-16,Net Banking
6107,262,2025-10-16,Net Banking
6108,176,2025-10-18,Debit Card
6109,168,2025-01-19,Credit Card
6110,626,2025-02-05,Cash
6111,227,2025-10-01,UPI
6112,374,2025-05-31,UPI
6113,244,2025-08-18,Net Banking
6114,703,2025-02-07,UPI
6115,9,2025-06-15,Debit Card
6116,599,2025-11-29,UPI
6117,726,2025-12-10,UPI
6118,291,2025-07-12,UPI
6119,444,2025-01-20,Cash
6120,507,2025-09-28,UPI
6121,164,2025-04-10,Net Banking
6122,875,2025-02-13,Net Banking
6123,64,2025-04-17,Cash
6124,696,2025-11-10,UPI
6125,428,2025-08-27,UPI
6126,864,2025-08-31,Credit Card
6127,276,2025-11-09,Debit Card
6128,277,2025-08-11,Debit Card
6129,353,2025-02-14,Credit Card
6130,204,2025-05-16,UPI
6131,481,2025-10-27,Cash
6132,109,2025-08-12,UPI
6133,512,2025-04-26,Debit Card
6134,42,2025-10-24,Net Banking
6135,663,2025-07-12,Cash
6136,282,2025-05-30,Credit Card
6137,674,2025-07-09,Debit Card
6138,448,2025-08-21,Credit Card
6139,537,2025-10-19,Debit Card
6140,499,2025-03-31,Debit Card
6141,621,2025-03-21,Credit Card
6142,959,2025-07-16,Cash
6143,118,2025-01-31,Credit Card
6144,182,2025-08-31,Net Banking
6145,359,2025-10-27,Cash
6146,657,2025-10-01,Net Banking
6147,756,2025-01-01,UPI
6148,538,2025-03-20,Net Banking
6149,570,2025-10-26,Cash
6150,195,2025-11-16,Cash
6151,752,2025-07-20,Cash
6152,129,2025-04-17,Cash
6153,578,2025-07-28,Credit Card
6154,955,2025-02-28,Debit Card
6155,505,2025-01-16,Net Banking
6156,32,2025-12-08,UPI
6157,822,2025-03-23,UPI
6158,60,2025-05-14,UPI
6159,307,2025-06-05,UPI
6160,514,2025-12-20,UPI
6161,460,2025-10-31,Debit Card
6162,741,2025-02-21,Cash
6163,564,2025-06-18,Cash
6164,16,2025-07-15,Credit Card
6165,652,2025-08-07,UPI
6166,567,2025-02-13,Credit Card
6167,848,2025-10-29,Debit Card
6168,397,2025-04-20,Net Banking
6169,638,2025-10-23,UPI
6170,528,2025-06-24,UPI
6171,713,2025-11-28,Credit Card
6172,597,2025-03-28,Credit Card
6173,634,2024-12-27,Net Banking
6174,692,2025-12-09,Net Banking
6175,729,2025-04-10,Net Banking
6176,52,2025-03-03,Debit Card
6177,929,2025-03-23,Debit Card
6178,668,2025-05-13,Cash
6179,10,2025-02-21,Credit Card
6180,61,2025-03-24,Cash
6181,434,2025-08-03,Debit Card
6182,516,2025-10-28,UPI
6183,621,2025-07-25,Debit Card
6184,488,2025-07-17,Net Banking
6185,538,2025-06-02,UPI
6186,302,2025-12-04,Credit Card
6187,59,2025-05-20,Credit Card
6188,921,2025-05-14,Credit Card
6189,980,2025-08-19,Cash
6190,284,2025-05-30,Credit Card
6191,103,2025-12-06,Cash
6192,270,2025-02-10,Net Banking
6193,833,2025-10-29,Net Banking
6194,600,2025-11-14,UPI
6195,655,2025-08-09,Credit Card
6196,66,2025-11-06,Cash
6197,565,2025-11-20,UPI
6198,677,2025-10-21,Debit Card
6199,824,2025-03-05,Debit Card
6200,411,2025-04-18,Cash
6201,991,2025-10-12,Cash
6202,46,2025-03-04,Credit Card
6203,830,2025-11-25,UPI
6204,549,2025-07-09,Net Banking
6205,386,2025-01-05,Net Banking
6206,343,2025-09-22,Net Banking
6207,638,2025-12-26,Net Banking
6208,583,2025-02-21,UPI
6209,956,2025-04-13,UPI
6210,93,2025-11-21,UPI
6211,605,2025-03-07,Credit Card
6212,427,2025-09-17,UPI
6213,670,2025-05-08,UPI
6214,633,2025-07-07,Debit Card
6215,582,2025-08-30,Cash
6216,617,2025-02-12,Credit Card
6217,372,2025-11-09,Net Banking
6218,213,2025-05-07,Cash
6219,817,2025-11-23,Cash
6220,699,2025-05-15,Net Banking
6221,842,2025-11-26,Net Banking
6222,109,2025-09-02,UPI
6223,148,2025-11-13,UPI
6224,728,2025-09-28,UPI
6225,424,2025-12-17,Cash
6226,20,2025-10-31,Credit Card
6227,334,2025-03-05,Debit Card
6228,380,2025-08-04,Debit Card
6229,525,2025-01-18,Net Banking
6230,913,2025-09-30,Cash
6231,945,2025-01-03,UPI
6232,616,2025-01-09,Net Banking
6233,642,2024-12-28,Credit Card
6234,242,2025-03-21,Debit Card
6235,373,2025-12-23,Net Banking
6236,182,2025-07-30,UPI
6237,216,2025-10-10,Debit Card
6238,91,2025-11-13,Cash
6239,57,2025-05-17,UPI
6240,915,2025-03-11,Cash
6241,228,2025-12-15,Credit Card
6242,392,2025-02-05,Credit Card
6243,812,2025-08-22,Debit Card
6244,815,2025-11-04,Cash
6245,787,2025-10-04,Credit Card
6246,144,2025-02-11,Cash
6247,762,2024-12-27,Credit Card
6248,294,2025-04-29,Debit Card
6249,153,2025-05-10,Debit Card
6250,621,2025-07-22,Credit Card
6251,251,2025-06-12,Net Banking
6252,135,2025-08-07,Credit Card
6253,475,2025-10-16,UPI
6254,159,2025-11-18,Debit Card
6255,391,2025-08-25,UPI
6256,308,2025-07-08,Debit Card
6257,643,2025-04-20,Net Banking
6258,961,2025-08-27,Net Banking
6259,449,2025-08-23,UPI
6260,293,2025-01-12,Debit Card
6261,613,2025-09-19,Net Banking
6262,505,2025-10-30,Credit Card
6263,3,2025-11-02,Credit Card
6264,883,2025-03-31,UPI
6265,852,2025-03-07,Net Banking
6266,88,2025-02-03,Cash
6267,40,2025-12-13,Credit Card
6268,646,2025-09-30,Credit Card
6269,207,2025-05-09,UPI
6270,58,2025-08-27,UPI
6271,743,2025-03-30,Cash
6272,430,2025-04-28,Credit Card
6273,879,2025-09-27,Debit Card
6274,540,2025-02-16,Net Banking
6275,458,2025-12-06,Debit Card
6276,107,2025-06-28,Debit Card
6277,182,2025-03-28,Net Banking
6278,774,2025-01-07,UPI
6279,212,2025-03-17,Debit Card
6280,270,2025-06-04,Credit Card
6281,131,2025-03-21,Credit Card
6282,887,2025-09-24,Debit Card
6283,312,2025-04-05,Debit Card
6284,934,2025-06-11,Net Banking
6285,854,2025-04-14,Cash
6286,863,2025-07-16,Net Banking
6287,588,2025-06-01,Net Banking
6288,896,2025-10-12,Cash
6289,317,2025-05-04,Credit Card
6290,434,2025-08-21,Credit Card
6291,188,2025-02-28,Net Banking
6292,786,2025-12-13,Debit Card
6293,57,2025-07-18,UPI
6294,517,2025-06-30,Credit Card
6295,160,2025-05-02,Debit Card
6296,896,2025-12-01,Debit Card
6297,846,2025-10-28,Cash
6298,97,2025-10-08,Cash
6299,815,2025-12-08,Credit Card
6300,599,2024-12-30,Net Banking
6301,47,2025-12-05,UPI
6302,283,2025-03-25,Cash
6303,628,2025-05-21,Net Banking
6304,580,2025-10-20,Cash
6305,268,2025-06-23,Net Banking
6306,625,2025-06-24,Credit Card
6307,533,2025-09-18,Net Banking
6308,804,2025-09-04,Debit Card
6309,19,2025-07-22,Cash
6310,740,2025-08-04,UPI
6311,637,2025-07-24,Cash
6312,534,2025-10-08,Cash
6313,663,2025-01-18,Credit Card
6314,446,2025-11-11,Credit Card
6315,300,2025-04-30,Cash
6316,587,2025-06-06,Debit Card
6317,285,2025-04-21,UPI
6318,727,2025-10-18,Cash
6319,117,2025-07-02,Net Banking
6320,725,2025-08-26,Credit Card
6321,816,2025-08-31,Cash
6322,214,2025-09-10,Credit Card
6323,252,2025-11-03,Net Banking
6324,188,2025-08-24,Credit Card
6325,39,2025-09-15,UPI
6326,851,2025-03-16,UPI
6327,426,2025-07-02,Cash
6328,619,2025-02-01,Debit Card
6329,956,2025-09-05,Debit Card
6330,461,2025-11-30,Credit Card
6331,225,2025-06-15,Net Banking
6332,511,2025-12-14,Cash
6333,309,2025-02-24,Credit Card
6334,649,2025-05-25,Credit Card
6335,393,2025-07-10,Cash
6336,602,2025-05-12,Credit Card
6337,868,2025-12-06,Cash
6338,389,2025-02-22,Cash
6339,519,2024-12-31,Credit Card
6340,568,2025-11-13,Net Banking
6341,885,2025-02-20,Credit Card
6342,451,2025-10-13,Net Banking
6343,926,2025-03-14,Cash
6344,240,2025-07-23,Debit Card
6345,99,2025-06-14,Debit Card
6346,566,2025-08-22,Debit Card
6347,350,2025-04-16,Credit Card
6348,975,2025-06-03,Cash
6349,763,2025-04-19,Credit Card
6350,635,2025-09-08,UPI
6351,431,2025-03-15,Debit Card
6352,806,2025-08-31,Net Banking
6353,411,2025-01-13,Cash
6354,85,2025-01-04,UPI
6355,890,2025-05-13,UPI
6356,198,2024-12-27,Cash
6357,743,2025-05-10,Net Banking
6358,282,2025-03-20,Credit Card
6359,310,2025-03-08,Debit Card
6360,550,2025-08-21,Debit Card
6361,911,2025-09-16,Net Banking
6362,824,2025-03-24,UPI
6363,48,2025-09-08,Net Banking
6364,264,2025-10-23,Net Banking
6365,921,2025-10-30,UPI
6366,865,2025-07-22,UPI
6367,119,2025-03-06,Cash
6368,185,2025-07-14,Net Banking
6369,298,2025-09-16,Debit Card
6370,210,2025-12-10,Cash
6371,594,2025-10-13,UPI
6372,524,2025-06-02,Cash
6373,319,2025-10-09,Cash
6374,98,2025-03-14,Cash
6375,302,2025-08-23,Cash
6376,683,2025-03-11,Net Banking
6377,900,2025-12-26,UPI
6378,853,2025-05-30,Credit Card
6379,611,2025-08-13,UPI
6380,306,2025-02-08,UPI
6381,918,2025-06-05,Cash
6382,124,2025-11-02,UPI
6383,239,2025-06-05,Cash
6384,487,2025-02-19,Credit Card
6385,455,2025-10-19,Debit Card
6386,867,2025-05-12,Net Banking
6387,866,2025-03-29,Debit Card
6388,861,2025-07-30,UPI
6389,736,2025-01-17,Net Banking
6390,145,2025-07-27,Cash
6391,510,2025-04-27,Net Banking
6392,684,2025-09-11,UPI
6393,551,2024-12-29,Cash
6394,292,2025-05-26,UPI
6395,940,2025-12-03,Credit Card
6396,37,2025-10-13,Cash
6397,15,2025-03-11,UPI
6398,211,2025-10-28,Debit Card
6399,287,2025-02-22,Debit Card
6400,758,2025-06-18,Credit Card
6401,484,2025-03-03,Net Banking
6402,587,2025-10-24,Cash
6403,484,2025-02-18,Credit Card
6404,567,2025-01-13,Credit Card
6405,411,2025-09-01,UPI
6406,683,2025-07-07,UPI
6407,981,2025-07-23,Cash
6408,549,2025-03-14,Debit Card
6409,822,2025-02-08,Cash
6410,933,2025-03-14,UPI
6411,686,2025-07-24,Cash
6412,217,2025-10-18,UPI
6413,555,2025-10-04,Net Banking
6414,174,2025-02-11,Credit Card
6415,923,2025-06-29,Credit Card
6416,313,2025-06-23,Net Banking
6417,298,2025-07-20,Net Banking
6418,91,2025-01-02,Debit Card
6419,87,2025-08-31,Cash
6420,173,2025-03-01,UPI
6421,877,2025-08-07,UPI
6422,224,2025-12-01,Debit Card
6423,539,2025-12-26,Credit Card
6424,454,2025-01-06,Credit Card
6425,533,2025-02-22,Cash
6426,641,2025-04-19,Credit Card
6427,493,2025-02-11,Credit Card
6428,99,2025-06-19,Cash
6429,235,2025-03-18,Debit Card
6430,343,2025-03-22,UPI
6431,875,2025-05-21,Debit Card
6432,965,2025-11-02,Cash
6433,568,2025-12-17,Credit Card
6434,923,2025-08-23,Net Banking
6435,220,2025-10-15,Net Banking
6436,160,2025-01-26,Net Banking
6437,962,2025-02-20,Net Banking
6438,474,2025-09-20,Debit Card
6439,565,2025-10-18,Credit Card
6440,57,2025-04-03,Net Banking
6441,240,2025-09-13,Cash
6442,539,2025-02-28,Cash
6443,492,2025-01-23,UPI
6444,335,2025-10-20,UPI
6445,813,2025-02-21,Debit Card
6446,960,2025-10-24,Credit Card
6447,411,2025-01-04,UPI
6448,946,2025-11-03,Net Banking
6449,112,2025-01-16,UPI
6450,844,2025-10-23,Credit Card
6451,680,2025-02-01,Credit Card
6452,756,2025-12-24,Debit Card
6453,106,2025-12-19,Debit Card
6454,718,2025-04-02,Net Banking
6455,956,2025-12-05,UPI
6456,993,2025-01-19,Net Banking
6457,8,2025-07-26,Debit Card
6458,558,2025-09-08,UPI
6459,448,2025-06-05,Credit Card
6460,430,2025-01-24,Credit Card
6461,579,2025-12-07,Debit Card
6462,44,2025-03-22,Debit Card
6463,816,2025-02-04,Debit Card
6464,309,2025-06-22,Net Banking
6465,607,2025-01-07,Net Banking
6466,25,2025-04-01,Net Banking
6467,717,2025-04-05,UPI
6468,647,2025-08-30,UPI
6469,120,2025-11-06,Credit Card
6470,726,2025-12-23,Debit Card
6471,664,2025-10-30,Credit Card
6472,537,2025-07-02,Debit Card
6473,724,2025-02-23,Debit Card
6474,347,2025-10-22,Net Banking
6475,301,2025-02-09,UPI
6476,574,2025-05-21,Credit Card
6477,249,2025-07-11,Debit Card
6478,557,2025-04-12,Cash
6479,250,2025-08-15,UPI
6480,869,2025-09-28,Cash
6481,692,2025-08-05,Debit Card
6482,400,2025-02-05,Cash
6483,107,2025-08-08,Net Banking
6484,423,2025-10-15,Credit Card
6485,118,2025-12-20,Debit Card
6486,285,2025-02-17,Cash
6487,659,2025-11-25,Cash
6488,66,2025-05-19,Credit Card
6489,114,2025-07-29,Net Banking
6490,131,2025-06-20,Net Banking
6491,806,2024-12-29,UPI
6492,492,2025-08-20,Net Banking
6493,553,2025-08-12,Credit Card
6494,713,2025-11-24,Debit Card
6495,919,2025-09-26,UPI
6496,280,2025-12-04,Net Banking
6497,495,2025-12-26,Net Banking
6498,395,2025-04-25,UPI
6499,71,2025-02-10,Cash
6500,2,2025-05-04,UPI
6501,115,2025-01-29,Credit Card
6502,412,2025-06-22,Debit Card
6503,455,2025-01-06,Debit Card
6504,868,2025-04-26,Credit Card
6505,420,2025-11-28,Debit Card
6506,333,2025-08-29,Credit Card
6507,751,2025-11-14,Debit Card
6508,529,2025-04-22,Debit Card
6509,721,2025-10-09,Net Banking
6510,517,2025-04-25,Debit Card
6511,170,2025-11-21,Cash
6512,23,2025-07-21,UPI
6513,503,2025-03-29,Credit Card
6514,915,2025-08-21,Net Banking
6515,743,2025-03-02,UPI
6516,65,2025-04-21,Net Banking
6517,42,2025-11-28,Credit Card
6518,710,2025-11-18,UPI
6519,5,2025-10-10,Net Banking
6520,906,2025-09-05,Credit Card
6521,935,2025-01-03,Debit Card
6522,674,2025-03-30,Credit Card
6523,145,2025-04-11,Net Banking
6524,796,2025-08-03,Debit Card
6525,158,2025-05-22,Net Banking
6526,878,2025-01-03,Credit Card
6527,751,2025-06-03,Net Banking
6528,335,2025-06-13,Debit Card
6529,727,2025-12-21,Cash
6530,580,2025-10-30,Cash
6531,756,2025-12-25,Net Banking
6532,403,2025-11-27,UPI
6533,257,2025-06-03,Debit Card
6534,654,2025-06-25,Cash
6535,802,2025-02-27,Net Banking
6536,140,2025-05-19,Credit Card
6537,865,2025-03-30,Cash
6538,855,2025-08-08,Net Banking
6539,20,2025-08-17,Cash
6540,648,2024-12-27,UPI
6541,555,2025-03-13,Cash
6542,50,2025-06-02,Debit Card
6543,535,2025-06-01,Credit Card
6544,774,2025-11-14,Net Banking
6545,701,2025-11-28,Debit Card
6546,783,2025-03-24,Debit Card
6547,338,2025-02-01,UPI
6548,911,2025-06-27,Cash
6549,508,2025-07-03,Debit Card
6550,217,2025-06-28,Debit Card
6551,24,2025-04-09,Cash
6552,786,2025-12-25,UPI
6553,330,2025-01-20,Debit Card
6554,712,2024-12-28,Debit Card
6555,760,2025-02-18,UPI
6556,795,2025-10-19,Net Banking
6557,237,2025-02-02,Credit Card
6558,529,2025-10-18,Cash
6559,304,2025-11-15,UPI
6560,534,2025-09-29,Cash
6561,873,2025-12-20,Cash
6562,132,2025-06-28,UPI
6563,157,2025-11-19,Debit Card
6564,467,2025-07-05,Debit Card
6565,492,2025-08-12,Cash
6566,601,2025-04-28,Debit Card
6567,110,2025-04-02,Credit Card
6568,496,2025-05-05,UPI
6569,679,2025-08-20,Credit Card
6570,698,2025-08-11,Credit Card
6571,419,2025-11-29,Debit Card
6572,682,2025-09-06,Credit Card
6573,131,2025-06-15,Credit Card
6574,636,2025-08-01,UPI
6575,810,2025-11-01,Net Banking
6576,633,2025-06-09,Net Banking
6577,67,2025-04-23,UPI
6578,833,2025-03-22,Cash
6579,590,2025-11-24,UPI
6580,359,2025-04-02,Cash
6581,374,2025-07-08,Credit Card
6582,683,2025-12-21,Debit Card
6583,339,2025-11-28,UPI
6584,442,2025-01-11,Debit Card
6585,563,2025-07-15,Debit Card
6586,363,2025-06-29,Net Banking
6587,121,2025-05-18,UPI
6588,997,2025-03-10,Credit Card
6589,2,2025-12-21,Debit Card
6590,263,2025-05-24,Credit Card
6591,93,2025-01-02,UPI
6592,750,2025-11-10,Debit Card
6593,845,2025-02-19,Net Banking
6594,180,2025-03-05,Debit Card
6595,533,2025-03-22,Credit Card
6596,44,2025-11-28,UPI
6597,164,2025-11-25,Cash
6598,796,2025-09-18,Debit Card
6599,976,2025-10-04,Debit Card
6600,340,2025-03-21,Debit Card
6601,871,2025-03-05,Credit Card
6602,630,2025-08-26,Net Banking
6603,881,2025-03-19,Debit Card
6604,838,2025-06-18,Cash
6605,781,2025-12-20,Credit Card
6606,146,2025-07-11,UPI
6607,667,2025-10-20,Debit Card
6608,596,2025-09-12,Debit Card
6609,915,2025-01-06,UPI
6610,243,2025-09-28,UPI
6611,192,2024-12-26,Net Banking
6612,8,2025-01-22,UPI
6613,359,2025-01-28,UPI
6614,483,2025-03-02,Cash
6615,981,2025-01-12,UPI
6616,716,2025-11-09,Credit Card
6617,628,2025-08-26,Cash
6618,48,2025-03-30,Cash
6619,677,2025-10-07,Credit Card
6620,841,2025-07-11,Cash
6621,818,2025-07-30,UPI
6622,473,2025-03-09,Net Banking
6623,984,2025-08-24,UPI
6624,894,2025-02-08,Debit Card
6625,200,2025-05-08,Credit Card
6626,343,2025-10-02,Cash
6627,14,2025-12-22,Debit Card
6628,595,2025-09-07,Debit Card
6629,934,2025-11-25,UPI
6630,394,2025-02-26,Debit Card
6631,61,2025-10-04,Cash
6632,50,2025-06-16,Credit Card
6633,577,2025-08-13,Cash
6634,24,2025-07-27,Cash
6635,673,2025-02-10,Cash
6636,953,2025-01-19,Credit Card
6637,5,2025-10-11,Debit Card
6638,461,2025-12-17,Debit Card
6639,664,2025-06-10,Net Banking
6640,263,2025-07-24,Credit Card
6641,141,2025-10-19,Debit Card
6642,406,2025-10-21,Debit Card
6643,489,2025-08-19,Credit Card
6644,731,2024-12-27,Net Banking
6645,494,2025-12-20,Cash
6646,608,2025-07-05,Cash
6647,87,2025-10-16,Net Banking
6648,448,2025-07-18,Debit Card
6649,409,2025-07-17,Cash
6650,652,2025-02-24,Net Banking
6651,343,2025-05-07,Debit Card
6652,437,2025-10-01,UPI
6653,893,2025-02-24,Debit Card
6654,579,2025-06-22,Debit Card
6655,371,2025-05-27,Credit Card
6656,160,2025-07-10,Cash
6657,732,2025-04-16,Net Banking
6658,858,2025-03-31,Debit Card
6659,696,2025-04-02,Cash
6660,630,2025-01-04,Net Banking
6661,428,2025-07-25,Net Banking
6662,854,2025-01-30,Credit Card
6663,71,2025-09-13,Debit Card
6664,477,2025-04-27,Credit Card
6665,560,2025-11-15,UPI
6666,251,2025-07-19,Debit Card
6667,204,2025-08-23,Cash
6668,706,2025-05-18,Net Banking
6669,753,2025-01-06,Debit Card
6670,28,2025-06-12,UPI
6671,846,2025-04-08,Cash
6672,619,2025-06-19,Debit Card
6673,95,2025-05-31,Net Banking
6674,897,2025-02-13,Net Banking
6675,832,2025-09-19,Debit Card
6676,285,2025-08-31,Cash
6677,753,2025-12-24,Credit Card
6678,278,2025-10-09,Net Banking
6679,167,2025-07-10,Cash
6680,606,2025-02-24,Debit Card
6681,274,2025-09-25,Credit Card
6682,965,2025-03-01,Net Banking
6683,242,2025-01-05,UPI
6684,79,2025-01-16,Debit Card
6685,804,2025-02-14,Debit Card
6686,792,2025-03-31,Cash
6687,525,2025-09-16,UPI
6688,480,2025-06-28,UPI
6689,375,2025-02-25,Net Banking
6690,922,2025-04-30,UPI
6691,920,2025-01-05,Credit Card
6692,45,2025-04-24,Credit Card
6693,992,2025-04-28,Debit Card
6694,581,2025-08-14,Net Banking
6695,940,2025-07-22,Debit Card
6696,728,2025-01-06,Net Banking
6697,813,2025-03-31,Debit Card
6698,816,2025-05-16,Debit Card
6699,4,2025-04-24,Net Banking
6700,39,2025-12-23,Net Banking
6701,931,2025-01-05,UPI
6702,256,2025-01-23,UPI
6703,857,2025-06-12,Cash
6704,412,2025-06-30,Net Banking
6705,431,2025-11-27,UPI
6706,648,2025-04-27,UPI
6707,341,2025-07-13,Net Banking
6708,991,2025-07-03,Net Banking
6709,549,2025-10-23,Credit Card
6710,370,2025-01-17,Net Banking
6711,939,2025-01-31,Net Banking
6712,705,2025-05-20,Net Banking
6713,659,2025-02-19,Credit Card
6714,961,2025-10-01,Debit Card
6715,451,2025-11-26,Net Banking
6716,776,2025-11-03,Credit Card
6717,587,2025-05-23,Debit Card
6718,130,2025-01-12,Net Banking
6719,886,2024-12-28,Credit Card
6720,574,2025-10-08,Net Banking
6721,648,2025-07-31,Credit Card
6722,866,2025-05-15,Credit Card
6723,27,2025-02-01,Net Banking
6724,503,2025-11-05,UPI
6725,139,2025-01-21,Credit Card
6726,679,2025-08-21,Credit Card
6727,92,2025-10-09,Debit Card
6728,809,2025-04-12,Credit Card
6729,407,2025-04-07,Cash
6730,835,2025-05-01,Net Banking
6731,372,2025-12-11,Debit Card
6732,98,2025-03-03,Credit Card
6733,408,2025-07-09,UPI
6734,433,2025-03-12,UPI
6735,433,2025-04-25,Credit Card
6736,563,2025-05-08,Net Banking
6737,212,2025-02-17,UPI
6738,77,2025-03-12,Credit Card
6739,27,2025-09-01,Credit Card
6740,119,2025-02-08,Debit Card
6741,117,2025-05-28,Cash
6742,57,2025-09-27,UPI
6743,123,2025-11-05,Net Banking
6744,514,2025-11-14,Cash
6745,849,2025-07-04,UPI
6746,215,2025-09-29,UPI
6747,448,2025-07-17,Credit Card
6748,605,2025-03-21,Credit Card
6749,350,2025-09-07,Net Banking
6750,889,2025-10-08,Debit Card
6751,631,2025-08-17,Cash
6752,989,2025-04-15,Cash
6753,78,2025-05-15,Cash
6754,917,2025-03-23,Net Banking
6755,96,2025-09-07,UPI
6756,569,2025-12-01,Debit Card
6757,987,2025-12-16,Cash
6758,529,2025-02-28,Net Banking
6759,99,2025-11-02,Debit Card
6760,989,2025-08-13,Net Banking
6761,375,2025-03-25,UPI
6762,503,2025-08-07,Debit Card
6763,38,2025-08-04,Net Banking
6764,46,2025-01-02,Cash
6765,375,2025-06-17,Credit Card
6766,953,2025-02-02,Net Banking
6767,265,2025-11-29,Debit Card
6768,664,2025-05-04,UPI
6769,433,2025-06-13,UPI
6770,494,2025-02-17,Net Banking
6771,288,2025-11-06,Debit Card
6772,582,2025-07-02,Credit Card
6773,329,2025-05-09,Cash
6774,254,2025-01-07,Debit Card
6775,916,2025-09-29,Cash
6776,374,2025-09-01,Credit Card
6777,754,2025-04-01,UPI
6778,42,2025-07-25,Debit Card
6779,137,2025-04-01,Net Banking
6780,985,2025-12-17,Debit Card
6781,311,2025-08-25,Net Banking
6782,555,2025-04-22,Net Banking
6783,801,2025-01-27,Credit Card
6784,728,2025-01-21,Debit Card
6785,610,2025-08-16,Credit Card
6786,174,2025-03-26,UPI
6787,923,2025-03-16,Credit Card
6788,402,2025-03-12,Credit Card
6789,343,2025-04-13,Net Banking
6790,865,2025-01-25,Net Banking
6791,535,2025-09-26,Debit Card
6792,999,2025-11-30,Net Banking
6793,117,2025-04-19,Net Banking
6794,154,2025-07-14,UPI
6795,36,2025-11-22,Net Banking
6796,105,2025-07-14,Net Banking
6797,282,2025-05-27,Credit Card
6798,829,2025-01-13,Credit Card
6799,599,2025-07-07,Net Banking
6800,510,2025-04-05,Credit Card
6801,855,2025-08-19,UPI
6802,673,2025-04-12,Cash
6803,384,2025-06-30,Debit Card
6804,419,2025-10-19,Debit Card
6805,982,2025-07-10,Cash
6806,996,2025-01-16,Net Banking
6807,885,2025-03-04,UPI
6808,583,2025-11-02,Cash
6809,603,2025-07-29,UPI
6810,663,2025-08-05,Credit Card
6811,753,2025-10-04,Net Banking
6812,985,2025-06-26,Debit Card
6813,9,2025-02-13,Credit Card
6814,746,2025-03-09,Credit Card
6815,997,2025-05-18,UPI
6816,264,2025-04-23,Net Banking
6817,431,2025-11-08,UPI
6818,960,2025-05-31,UPI
6819,463,2025-03-26,Net Banking
6820,563,2025-03-28,Cash
6821,968,2025-07-23,Debit Card
6822,598,2025-10-18,UPI
6823,993,2025-03-05,UPI
6824,954,2025-10-20,Cash
6825,163,2025-08-20,Cash
6826,362,2025-11-30,Debit Card
6827,214,2025-02-10,Cash
6828,593,2025-06-05,UPI
6829,725,2025-01-13,Debit Card
6830,625,2025-10-05,Net Banking
6831,479,2025-12-17,Debit Card
6832,372,2025-10-26,Cash
6833,668,2025-01-22,Debit Card
6834,869,2025-06-11,UPI
6835,117,2025-04-13,Debit Card
6836,197,2025-10-03,Credit Card
6837,624,2025-04-27,Cash
6838,608,2025-11-19,Cash
6839,591,2025-03-29,Cash
6840,682,2025-04-05,Debit Card
6841,93,2025-01-03,Debit Card
6842,26,2025-10-25,Net Banking
6843,321,2025-09-25,Net Banking
6844,198,2025-07-16,Credit Card
6845,53,2025-07-26,Cash
6846,523,2025-01-17,Net Banking
6847,539,2025-09-11,UPI
6848,188,2025-02-15,Cash
6849,878,2025-02-06,Debit Card
6850,184,2025-04-24,Net Banking
6851,690,2025-12-02,Credit Card
6852,508,2025-02-03,Credit Card
6853,7,2025-09-24,UPI
6854,768,2025-07-11,Net Banking
6855,39,2025-05-21,Credit Card
6856,393,2025-11-15,Net Banking
6857,462,2025-03-10,Credit Card
6858,884,2025-12-03,UPI
6859,517,2025-10-04,Net Banking
6860,760,2025-09-30,Credit Card
6861,689,2025-04-26,Net Banking
6862,809,2025-01-05,Debit Card
6863,726,2025-01-26,Cash
6864,637,2025-03-20,Cash
6865,161,2025-07-26,Net Banking
6866,12,2025-08-21,Debit Card
6867,819,2025-11-18,Net Banking
6868,928,2025-02-21,Net Banking
6869,400,2025-08-08,UPI
6870,797,2025-07-18,Credit Card
6871,211,2025-02-18,Debit Card
6872,250,2025-11-10,Debit Card
6873,725,2025-08-31,UPI
6874,218,2025-02-23,Cash
6875,264,2025-11-22,Credit Card
6876,382,2025-04-30,UPI
6877,691,2025-01-10,Debit Card
6878,320,2025-02-02,UPI
6879,182,2025-12-07,Net Banking
6880,925,2025-09-29,Credit Card
6881,305,2025-12-08,Net Banking
6882,348,2025-12-06,Debit Card
6883,333,2025-09-18,UPI
6884,65,2025-03-05,UPI
6885,340,2025-04-30,Cash
6886,629,2025-07-03,Net Banking
6887,75,2025-09-12,Net Banking
6888,312,2025-04-27,Cash
6889,990,2025-02-01,Debit Card
6890,60,2025-10-12,Cash
6891,769,2025-05-21,Credit Card
6892,445,2025-07-02,Cash
6893,570,2025-07-05,Cash
6894,962,2025-11-13,Net Banking
6895,950,2025-06-07,Debit Card
6896,736,2025-06-01,Credit Card
6897,540,2025-02-23,Credit Card
6898,659,2025-12-24,Debit Card
6899,392,2025-11-18,Credit Card
6900,318,2025-05-07,Debit Card
6901,589,2025-06-15,UPI
6902,395,2025-09-29,UPI
6903,999,2025-12-08,UPI
6904,863,2025-06-11,UPI
6905,513,2025-08-27,Net Banking
6906,755,2025-04-18,Net Banking
6907,407,2025-01-18,Debit Card
6908,219,2025-01-16,Debit Card
6909,132,2025-01-03,Cash
6910,320,2025-04-26,Debit Card
6911,133,2025-11-26,Cash
6912,258,2025-07-06,Net Banking
6913,28,2025-11-02,Net Banking
6914,574,2025-06-02,Net Banking
6915,482,2025-01-11,Cash
6916,755,2025-08-30,Cash
6917,956,2025-05-15,Credit Card
6918,576,2025-02-10,Debit Card
6919,300,2025-05-18,Cash
6920,864,2025-11-08,Debit Card
6921,250,2025-09-01,UPI
6922,871,2025-06-01,Cash
6923,880,2025-07-10,Credit Card
6924,915,2025-09-26,Credit Card
6925,704,2025-07-11,UPI
6926,244,2025-12-08,Cash
6927,205,2025-10-12,Credit Card
6928,235,2025-03-28,Credit Card
6929,1,2025-04-22,Debit Card
6930,529,2025-02-14,Net Banking
6931,464,2025-06-05,UPI
6932,975,2025-10-14,Debit Card
6933,339,2025-11-07,UPI
6934,223,2025-03-13,Cash
6935,14,2025-08-11,Net Banking
6936,122,2025-07-09,UPI
6937,835,2025-01-03,Net Banking
6938,454,2025-10-14,Net Banking
6939,796,2025-02-17,Debit Card
6940,961,2025-03-06,UPI
6941,896,2025-05-28,Net Banking
6942,233,2025-07-09,Cash
6943,69,2025-07-09,Cash
6944,156,2025-09-05,Debit Card
6945,453,2025-12-03,Net Banking
6946,286,2025-09-13,Cash
6947,581,2025-06-12,Cash
6948,974,2025-05-02,Credit Card
6949,799,2025-12-12,Net Banking
6950,262,2025-05-16,Net Banking
6951,777,2025-08-02,UPI
6952,688,2025-09-14,Net Banking
6953,735,2025-06-20,Cash
6954,531,2025-03-25,UPI
6955,806,2025-11-24,Credit Card
6956,881,2025-10-27,Credit Card
6957,784,2025-06-29,Net Banking
6958,670,2025-08-19,Cash
6959,492,2025-02-20,UPI
6960,19,2025-11-24,Net Banking
6961,322,2025-03-08,Cash
6962,613,2025-09-16,Net Banking
6963,513,2025-01-21,UPI
6964,882,2025-08-11,Debit Card
6965,546,2025-04-10,UPI
6966,992,2025-06-20,UPI
6967,838,2025-06-29,Credit Card
6968,658,2024-12-31,Net Banking
6969,732,2025-12-15,Cash
6970,234,2025-02-22,Net Banking
6971,107,2025-06-26,Credit Card
6972,380,2025-02-09,UPI
6973,740,2025-03-07,Credit Card
6974,892,2025-11-19,Debit Card
6975,662,2025-07-08,Credit Card
6976,546,2025-10-31,Cash
6977,442,2025-05-17,Credit Card
6978,293,2025-03-24,Credit Card
6979,467,2025-09-01,Debit Card
6980,530,2025-07-08,Credit Card
6981,150,2025-12-23,Credit Card
6982,243,2025-10-04,Net Banking
6983,12,2025-10-27,Net Banking
6984,970,2025-04-06,Net Banking
6985,282,2025-07-10,Debit Card
6986,856,2025-01-22,Debit Card
6987,542,2025-10-22,Credit Card
6988,227,2025-10-31,Net Banking
6989,341,2025-07-21,UPI
6990,663,2025-04-17,Cash
6991,360,2025-07-31,Cash
6992,339,2025-11-08,Cash
6993,515,2025-01-19,Cash
6994,703,2025-05-10,Net Banking
6995,562,2025-12-18,Net Banking
6996,78,2025-11-02,Cash
6997,517,2025-03-16,UPI
6998,792,2025-08-03,Net Banking
6999,64,2025-05-10,Debit Card
7000,383,2025-07-14,Debit Card
7001,852,2025-02-12,Cash
7002,524,2025-01-29,Debit Card
7003,593,2025-05-22,Cash
7004,371,2025-10-30,Net Banking
7005,813,2025-07-20,Debit Card
7006,126,2025-03-21,UPI
7007,343,2025-03-11,Debit Card
7008,716,2025-05-29,Credit Card
7009,442,2025-05-24,Cash
7010,852,2025-06-08,Cash
7011,936,2025-01-17,Credit Card
7012,956,2025-01-28,UPI
7013,654,2025-10-19,Credit Card
7014,45,2025-05-04,Debit Card
7015,48,2025-01-20,UPI
7016,558,2025-07-11,Cash
7017,815,2025-08-06,Net Banking
7018,297,2025-08-23,Cash
7019,336,2025-11-14,Net Banking
7020,665,2025-02-01,Cash
7021,330,2025-04-02,Debit Card
7022,14,2025-10-27,UPI
7023,633,2025-01-28,Debit Card
7024,594,2025-07-25,Debit Card
7025,728,2025-01-15,Debit Card
7026,729,2025-03-04,Debit Card
7027,334,2025-01-30,Debit Card
7028,297,2025-12-05,Net Banking
7029,268,2025-11-08,Net Banking
7030,49,2025-03-22,Net Banking
7031,874,2025-07-12,UPI
7032,602,2025-08-25,Cash
7033,34,2025-12-16,Credit Card
7034,108,2025-12-24,Debit Card
7035,691,2025-05-12,Debit Card
7036,503,2025-02-27,Credit Card
7037,573,2025-10-19,Credit Card
7038,429,2025-11-14,Cash
7039,332,2025-04-04,Cash
7040,326,2025-09-02,Net Banking
7041,539,2024-12-30,Debit Card
7042,142,2025-07-23,Cash
7043,30,2025-01-17,Credit Card
7044,458,2025-10-12,Cash
7045,82,2025-09-08,Net Banking
7046,901,2025-08-02,UPI
7047,257,2025-10-13,Cash
7048,423,2025-02-11,Net Banking
7049,694,2025-12-05,Credit Card
7050,594,2025-08-10,Credit Card
7051,7,2025-01-14,Cash
7052,515,2025-11-24,UPI
7053,56,2025-02-11,UPI
7054,416,2025-11-16,UPI
7055,999,2025-05-11,Debit Card
7056,461,2025-06-02,Debit Card
7057,589,2025-09-04,Debit Card
7058,714,2025-10-02,Credit Card
7059,368,2025-05-03,Cash
7060,175,2025-12-17,Net Banking
7061,5,2025-05-16,UPI
7062,341,2025-01-27,Net Banking
7063,118,2025-10-18,UPI
7064,430,2025-11-15,Net Banking
7065,158,2025-05-31,Credit Card
7066,855,2025-02-21,Credit Card
7067,314,2025-11-30,Cash
7068,729,2025-07-01,UPI
7069,45,2025-01-31,Credit Card
7070,322,2025-07-20,Net Banking
7071,899,2025-02-23,Credit Card
7072,47,2025-10-17,Cash
7073,965,2025-08-10,Net Banking
7074,856,2025-12-07,Cash
7075,782,2025-08-01,Cash
7076,814,2025-05-29,UPI
7077,113,2025-10-18,UPI
7078,715,2025-06-07,UPI
7079,598,2025-06-12,Debit Card
7080,297,2025-06-09,UPI
7081,740,2025-04-03,Debit Card
7082,630,2025-02-19,UPI
7083,472,2025-12-17,Cash
7084,5,2025-01-07,Debit Card
7085,396,2025-06-01,Debit Card
7086,233,2025-01-16,UPI
7087,619,2025-09-18,UPI
7088,241,2025-12-08,Debit Card
7089,518,2025-11-14,Cash
7090,177,2025-06-12,UPI
7091,140,2025-11-22,Cash
7092,873,2025-07-06,Debit Card
7093,901,2025-10-04,Net Banking
7094,868,2025-09-13,Cash
7095,738,2025-04-01,Net Banking
7096,20,2025-03-16,Cash
7097,128,2025-11-08,Credit Card
7098,214,2025-07-20,Net Banking
7099,161,2025-09-27,Cash
7100,547,2025-12-05,Net Banking
7101,288,2025-12-03,Cash
7102,369,2025-02-14,Cash
7103,166,2025-11-12,Net Banking
7104,618,2025-04-13,UPI
7105,76,2025-02-26,UPI
7106,433,2025-11-04,Debit Card
7107,589,2025-08-04,Net Banking
7108,110,2025-03-27,UPI
7109,25,2025-08-30,UPI
7110,923,2025-04-05,Cash
7111,639,2025-12-18,UPI
7112,824,2025-01-31,Debit Card
7113,312,2025-10-05,UPI
7114,530,2025-12-01,Credit Card
7115,814,2025-07-10,UPI
7116,706,2025-09-20,Cash
7117,635,2025-08-30,Net Banking
7118,816,2025-06-13,Cash
7119,643,2025-05-27,UPI
7120,601,2025-05-05,Credit Card
7121,346,2025-08-05,Net Banking
7122,938,2025-09-17,Debit Card
7123,401,2025-07-27,Debit Card
7124,255,2025-10-09,Credit Card
7125,943,2025-02-08,Cash
7126,884,2025-08-11,UPI
7127,747,2024-12-26,Net Banking
7128,989,2025-06-07,Cash
7129,186,2025-10-28,Credit Card
7130,759,2025-10-19,UPI
7131,36,2025-04-08,Debit Card
7132,316,2025-05-27,Debit Card
7133,884,2025-08-28,Net Banking
7134,961,2025-02-17,Net Banking
7135,105,2025-04-20,UPI
7136,98,2025-05-09,Debit Card
7137,812,2025-12-25,Debit Card
7138,442,2025-09-24,Cash
7139,143,2025-11-07,Cash
7140,724,2025-05-01,UPI
7141,41,2025-03-11,Debit Card
7142,24,2025-09-29,Credit Card
7143,752,2025-04-04,Credit Card
7144,888,2025-04-19,Credit Card
7145,401,2025-01-02,Credit Card
7146,132,2025-03-14,Cash
7147,715,2025-04-03,Net Banking
7148,310,2025-03-24,Cash
7149,625,2025-11-11,UPI
7150,102,2025-08-28,Credit Card
7151,603,2025-07-19,UPI
7152,191,2025-11-29,UPI
7153,463,2025-03-22,Debit Card
7154,461,2025-11-19,Cash
7155,244,2025-08-02,Credit Card
7156,472,2025-09-11,Cash
7157,239,2025-02-08,Debit Card
7158,416,2025-06-16,Credit Card
7159,951,2025-05-19,UPI
7160,219,2025-04-19,Net Banking
7161,678,2025-12-23,Cash
7162,944,2025-11-06,Debit Card
7163,112,2025-06-04,Credit Card
7164,757,2025-12-21,Cash
7165,504,2025-02-06,Cash
7166,486,2025-06-08,Cash
7167,439,2025-06-03,Credit Card
7168,657,2025-01-06,Credit Card
7169,45,2025-12-21,Credit Card
7170,209,2025-05-28,Debit Card
7171,787,2025-05-06,Net Banking
7172,917,2025-01-09,Cash
7173,250,2025-06-02,Net Banking
7174,977,2025-03-25,UPI
7175,698,2025-09-28,UPI
7176,205,2025-03-08,Credit Card
7177,455,2025-07-28,Net Banking
7178,461,2025-05-25,Credit Card
7179,231,2025-10-31,UPI
7180,302,2025-08-14,Net Banking
7181,338,2025-12-11,Cash
7182,542,2025-08-22,UPI
7183,821,2025-04-09,UPI
7184,480,2024-12-26,Cash
7185,58,2025-09-29,Credit Card
7186,781,2025-08-05,UPI
7187,541,2025-01-10,Debit Card
7188,487,2025-07-09,Debit Card
7189,804,2025-01-14,UPI
7190,888,2025-03-26,Cash
7191,70,2025-05-29,Debit Card
7192,770,2025-12-13,Cash
7193,883,2025-10-23,Cash
7194,295,2025-03-19,Cash
7195,484,2025-08-30,Credit Card
7196,525,2025-11-23,Cash
7197,7,2024-12-28,Credit Card
7198,761,2025-06-22,Net Banking
7199,237,2025-10-10,Net Banking
7200,977,2025-06-14,Credit Card
7201,278,2025-10-06,Debit Card
7202,224,2025-06-25,Credit Card
7203,25,2025-08-02,Credit Card
7204,411,2025-03-13,Credit Card
7205,11,2025-05-19,Debit Card
7206,473,2025-04-22,UPI
7207,484,2025-03-22,UPI
7208,933,2025-12-24,UPI
7209,992,2025-08-18,Credit Card
7210,264,2025-08-23,Cash
7211,347,2025-08-29,UPI
7212,441,2025-01-18,UPI
7213,143,2025-05-07,UPI
7214,281,2025-07-25,UPI
7215,61,2025-12-11,UPI
7216,130,2025-10-08,Cash
7217,220,2025-12-21,Net Banking
7218,293,2025-05-03,Credit Card
7219,292,2025-04-08,Net Banking
7220,181,2025-09-20,UPI
7221,899,2025-12-13,Net Banking
7222,209,2025-01-17,Cash
7223,779,2025-05-20,UPI
7224,255,2025-07-21,UPI
7225,626,2025-07-27,Cash
7226,628,2025-04-27,Net Banking
7227,244,2025-02-26,Net Banking
7228,368,2025-10-14,Debit Card
7229,833,2025-05-02,Credit Card
7230,92,2025-03-23,Credit Card
7231,510,2025-12-16,Credit Card
7232,609,2025-01-11,Credit Card
7233,923,2025-04-24,Cash
7234,605,2025-02-03,Debit Card
7235,236,2025-02-17,UPI
7236,93,2025-12-16,Debit Card
7237,148,2025-03-03,Net Banking
7238,775,2025-10-24,Cash
7239,474,2025-07-12,Cash
7240,393,2025-12-07,Debit Card
7241,860,2025-11-28,Net Banking
7242,484,2025-02-09,Net Banking
7243,957,2024-12-28,Net Banking
7244,284,2025-08-22,UPI
7245,526,2025-02-15,Net Banking
7246,39,2025-04-14,Net Banking
7247,874,2025-07-24,Cash
7248,321,2025-09-10,Cash
7249,83,2025-11-29,Credit Card
7250,923,2025-09-08,Credit Card
7251,676,2025-11-18,Debit Card
7252,302,2025-09-02,Net Banking
7253,952,2025-12-14,Net Banking
7254,499,2025-06-14,Cash
7255,421,2025-04-08,UPI
7256,243,2025-07-08,UPI
7257,531,2025-04-24,Credit Card
7258,653,2025-07-26,Credit Card
7259,365,2025-12-01,Net Banking
7260,852,2025-12-24,Cash
7261,85,2025-08-19,Net Banking
7262,673,2025-01-31,Cash
7263,753,2025-10-24,UPI
7264,306,2025-03-17,Net Banking
7265,54,2025-04-10,Credit Card
7266,482,2025-08-22,Net Banking
7267,246,2025-01-19,Cash
7268,181,2025-07-27,UPI
7269,874,2025-11-06,Debit Card
7270,50,2025-07-20,Net Banking
7271,648,2025-08-18,Credit Card
7272,657,2025-07-29,Cash
7273,13,2025-06-18,Net Banking
7274,918,2025-09-04,Credit Card
7275,775,2025-02-16,Debit Card
7276,968,2025-09-12,Net Banking
7277,932,2025-04-17,Debit Card
7278,724,2025-09-06,Net Banking
7279,763,2025-11-20,Credit Card
7280,56,2025-01-25,UPI
7281,689,2025-11-14,Cash
7282,58,2025-04-03,UPI
7283,987,2025-09-21,Cash
7284,205,2025-10-15,Cash
7285,948,2025-01-11,Debit Card
7286,168,2025-05-12,Net Banking
7287,848,2025-08-26,Cash
7288,953,2025-01-04,UPI
7289,99,2025-05-14,Cash
7290,115,2025-04-05,UPI
7291,312,2025-11-01,Debit Card
7292,592,2025-10-23,Credit Card
7293,802,2025-01-30,Credit Card
7294,277,2025-09-02,Credit Card
7295,115,2025-11-04,UPI
7296,12,2025-02-19,UPI
7297,206,2025-03-17,Cash
7298,80,2025-01-09,Cash
7299,216,2025-01-22,Credit Card
7300,140,2025-01-21,Net Banking
7301,602,2025-12-17,Cash
7302,667,2025-04-05,Credit Card
7303,605,2025-05-20,Net Banking
7304,201,2024-12-26,Credit Card
7305,75,2025-04-14,Credit Card
7306,686,2025-09-10,UPI
7307,156,2025-09-22,Debit Card
7308,272,2025-01-09,Credit Card
7309,956,2025-03-04,Cash
7310,731,2025-02-05,Credit Card
7311,895,2025-06-03,Credit Card
7312,939,2025-03-09,Cash
7313,513,2025-07-27,Cash
7314,974,2025-10-27,Cash
7315,686,2025-01-09,Net Banking
7316,488,2025-10-22,Credit Card
7317,8,2025-08-26,Credit Card
7318,66,2025-10-28,Debit Card
7319,5,2025-04-19,UPI
7320,281,2025-05-12,Credit Card
7321,764,2025-08-11,Net Banking
7322,48,2025-09-01,Cash
7323,423,2025-10-20,UPI
7324,262,2025-11-19,Credit Card
7325,485,2025-12-25,Cash
7326,886,2025-08-24,Debit Card
7327,595,2025-01-15,Credit Card
7328,226,2025-02-17,Debit Card
7329,704,2025-05-05,Net Banking
7330,736,2025-02-06,UPI
7331,592,2025-09-06,UPI
7332,282,2025-11-25,UPI
7333,582,2025-05-29,UPI
7334,766,2025-01-31,Cash
7335,145,2025-08-10,UPI
7336,477,2025-08-24,Credit Card
7337,672,2025-03-15,Net Banking
7338,24,2025-06-12,Credit Card
7339,118,2025-12-05,Net Banking
7340,559,2025-11-24,Credit Card
7341,458,2025-04-05,Net Banking
7342,851,2025-07-30,Net Banking
7343,689,2025-05-26,Net Banking
7344,468,2025-12-06,Cash
7345,734,2025-07-28,Net Banking
7346,599,2025-09-03,Credit Card
7347,641,2025-09-04,Credit Card
7348,223,2025-04-05,Credit Card
7349,921,2025-09-01,Credit Card
7350,366,2025-03-11,Net Banking
7351,287,2025-04-01,Debit Card
7352,807,2025-01-27,Debit Card
7353,975,2025-11-20,Debit Card
7354,611,2025-10-11,UPI
7355,891,2025-01-29,Net Banking
7356,542,2025-11-07,Net Banking
7357,252,2025-10-16,UPI
7358,574,2025-04-21,Debit Card
7359,541,2025-01-08,UPI
7360,731,2025-04-25,Debit Card
7361,228,2025-05-22,UPI
7362,3,2025-12-22,Cash
7363,209,2025-06-04,UPI
7364,251,2025-05-08,Credit Card
7365,150,2025-07-26,Cash
7366,689,2025-02-21,Credit Card
7367,559,2025-05-31,Credit Card
7368,575,2024-12-31,UPI
7369,711,2025-10-01,Net Banking
7370,159,2025-12-07,UPI
7371,637,2025-04-08,UPI
7372,360,2025-03-23,Credit Card
7373,648,2025-11-09,UPI
7374,691,2025-11-14,Credit Card
7375,859,2025-09-20,Debit Card
7376,224,2025-06-28,Net Banking
7377,134,2025-12-26,UPI
7378,532,2025-10-24,Credit Card
7379,937,2025-03-05,Net Banking
7380,114,2025-12-02,Credit Card
7381,620,2025-12-10,Cash
7382,678,2025-10-30,Cash
7383,885,2025-02-20,UPI
7384,817,2025-06-01,Cash
7385,233,2025-09-06,Cash
7386,748,2025-12-15,Net Banking
7387,986,2024-12-29,Debit Card
7388,459,2025-01-05,Net Banking
7389,897,2025-03-17,UPI
7390,694,2025-12-11,Debit Card
7391,369,2025-01-29,Debit Card
7392,586,2025-10-16,Credit Card
7393,95,2025-03-07,Net Banking
7394,360,2025-03-26,Credit Card
7395,843,2025-07-14,Cash
7396,301,2025-11-06,Cash
7397,635,2025-09-11,UPI
7398,360,2025-01-02,UPI
7399,210,2025-07-16,UPI
7400,897,2025-06-06,Debit Card
7401,300,2025-08-06,Debit Card
7402,46,2025-02-18,Net Banking
7403,343,2025-05-27,UPI
7404,597,2025-12-22,Net Banking
7405,529,2025-06-30,Cash
7406,752,2025-12-24,Net Banking
7407,159,2025-08-08,Debit Card
7408,733,2025-05-08,UPI
7409,214,2025-11-15,Credit Card
7410,102,2025-01-11,Net Banking
7411,682,2025-07-11,Net Banking
7412,897,2025-07-19,UPI
7413,86,2025-08-22,Credit Card
7414,828,2025-01-16,Credit Card
7415,7,2025-03-06,Debit Card
7416,442,2025-06-18,UPI
7417,597,2025-04-19,Net Banking
7418,321,2025-05-30,Cash
7419,844,2025-04-06,UPI
7420,125,2025-06-21,Credit Card
7421,67,2025-04-13,Debit Card
7422,833,2025-10-09,Debit Card
7423,159,2025-02-08,Cash
7424,914,2025-11-14,Debit Card
7425,277,2025-12-04,Credit Card
7426,367,2025-07-24,Credit Card
7427,843,2025-08-17,UPI
7428,227,2025-09-06,Credit Card
7429,365,2025-07-26,Credit Card
7430,801,2025-08-05,Net Banking
7431,227,2025-12-11,UPI
7432,592,2025-09-05,Debit Card
7433,790,2025-10-09,Credit Card
7434,175,2025-07-27,Debit Card
7435,247,2025-03-29,Net Banking
7436,312,2025-11-21,Credit Card
7437,27,2025-01-16,Debit Card
7438,131,2025-11-29,UPI
7439,626,2025-12-25,Credit Card
7440,263,2025-10-02,Cash
7441,570,2025-10-08,Net Banking
7442,893,2025-05-24,Net Banking
7443,108,2025-09-02,Cash
7444,130,2025-11-15,Debit Card
7445,438,2025-06-30,Debit Card
7446,655,2025-09-03,Credit Card
7447,125,2025-01-16,Credit Card
7448,10,2025-10-30,Credit Card
7449,508,2025-10-04,Cash
7450,575,2025-11-30,Net Banking
7451,29,2025-07-05,Net Banking
7452,283,2025-01-16,Net Banking
7453,234,2025-06-03,Debit Card
7454,663,2025-11-14,Debit Card
7455,429,2025-04-19,UPI
7456,481,2025-07-31,UPI
7457,960,2025-10-05,UPI
7458,815,2025-12-19,Debit Card
7459,214,2025-02-06,UPI
7460,711,2025-03-24,Cash
7461,809,2025-06-25,UPI
7462,267,2025-05-16,Credit Card
7463,411,2025-07-15,UPI
7464,4,2025-07-10,Credit Card
7465,992,2025-03-14,Debit Card
7466,243,2025-02-12,Net Banking
7467,12,2025-02-12,UPI
7468,423,2025-08-14,Net Banking
7469,787,2025-10-09,UPI
7470,686,2025-01-06,Debit Card
7471,71,2025-11-22,Net Banking
7472,135,2025-03-13,Credit Card
7473,523,2025-03-17,Debit Card
7474,352,2025-02-11,Debit Card
7475,284,2025-10-08,Cash
7476,112,2025-05-15,Debit Card
7477,520,2025-05-29,Debit Card
7478,548,2025-07-09,Credit Card
7479,612,2025-02-19,Cash
7480,359,2025-09-14,Net Banking
7481,38,2025-08-26,Credit Card
7482,161,2025-11-03,UPI
7483,59,2025-10-22,Cash
7484,608,2025-03-07,Cash
7485,147,2025-07-29,Credit Card
7486,991,2025-10-31,UPI
7487,739,2025-04-25,Credit Card
7488,625,2025-09-07,Net Banking
7489,680,2025-05-03,UPI
7490,367,2025-07-28,Credit Card
7491,720,2025-01-27,Credit Card
7492,230,2025-01-09,Net Banking
7493,811,2025-05-23,Net Banking
7494,332,2025-07-26,UPI
7495,843,2025-06-04,Net Banking
7496,250,2025-12-15,Credit Card
7497,418,2025-07-15,Net Banking
7498,546,2025-02-20,Credit Card
7499,644,2025-11-07,Cash
7500,537,2025-05-08,Credit Card
7501,184,2025-05-26,Cash
7502,6,2025-11-12,Cash
7503,467,2025-07-24,Credit Card
7504,54,2024-12-27,UPI
7505,692,2025-03-11,Debit Card
7506,695,2025-07-30,Debit Card
7507,757,2025-09-30,Cash
7508,206,2025-06-18,Net Banking
7509,895,2025-08-03,Debit Card
7510,804,2025-10-31,Credit Card
7511,645,2025-11-04,Net Banking
7512,256,2024-12-30,Debit Card
7513,839,2025-06-29,Net Banking
7514,870,2025-01-10,Cash
7515,817,2025-12-07,Debit Card
7516,870,2025-07-24,Net Banking
7517,35,2025-12-14,Credit Card
7518,282,2025-01-26,Cash
7519,999,2025-12-03,UPI
7520,474,2025-09-25,Net Banking
7521,51,2025-12-16,Credit Card
7522,549,2025-10-09,Net Banking
7523,564,2025-07-15,Credit Card
7524,582,2025-01-25,Net Banking
7525,991,2025-10-25,Net Banking
7526,762,2025-10-10,Debit Card
7527,153,2025-06-13,Credit Card
7528,660,2025-08-19,Cash
7529,739,2025-08-11,Credit Card
7530,8,2025-09-26,Net Banking
7531,618,2025-06-07,Debit Card
7532,122,2025-09-16,UPI
7533,519,2025-07-27,Net Banking
7534,339,2025-05-15,Net Banking
7535,694,2025-08-30,UPI
7536,903,2025-10-22,Cash
7537,26,2025-03-01,Cash
7538,50,2025-01-25,Cash
7539,756,2025-04-09,Net Banking
7540,241,2025-08-24,Cash
7541,357,2025-10-10,UPI
7542,975,2025-03-23,Net Banking
7543,108,2025-10-25,Credit Card
7544,426,2025-08-31,Cash
7545,201,2025-01-21,UPI
7546,175,2025-03-27,Net Banking
7547,934,2025-06-27,Cash
7548,157,2025-04-16,Credit Card
7549,372,2025-03-29,Cash
7550,211,2025-01-24,Net Banking
7551,147,2025-11-26,Net Banking
7552,795,2025-06-26,Credit Card
7553,899,2025-06-02,Net Banking
7554,659,2025-10-11,UPI
7555,88,2025-04-08,Debit Card
7556,864,2025-11-29,Credit Card
7557,923,2025-07-18,Cash
7558,256,2025-10-16,Cash
7559,627,2025-01-01,UPI
7560,88,2025-10-01,Net Banking
7561,860,2025-07-03,Net Banking
7562,688,2025-02-22,Cash
7563,4,2025-11-17,Net Banking
7564,644,2025-11-10,UPI
7565,735,2025-02-13,Debit Card
7566,552,2025-11-23,UPI
7567,129,2025-03-08,UPI
7568,479,2025-01-12,UPI
7569,994,2025-07-13,Debit Card
7570,902,2025-05-05,Debit Card
7571,556,2025-10-11,Cash
7572,168,2025-11-16,Credit Card
7573,647,2025-03-01,UPI
7574,51,2025-05-19,Credit Card
7575,616,2025-12-03,UPI
7576,452,2025-02-01,Debit Card
7577,859,2025-01-11,UPI
7578,129,2025-11-13,UPI
7579,737,2025-09-13,Debit Card
7580,260,2025-04-04,Credit Card
7581,475,2025-10-20,UPI
7582,908,2025-01-02,UPI
7583,134,2025-06-06,UPI
7584,55,2025-08-16,Debit Card
7585,599,2025-06-28,Debit Card
7586,11,2025-11-08,Cash
7587,582,2025-02-03,Cash
7588,680,2025-09-26,Cash
7589,215,2025-10-21,Credit Card
7590,582,2025-03-29,Credit Card
7591,349,2025-01-30,Cash
7592,376,2025-09-06,UPI
7593,912,2025-07-14,Net Banking
7594,891,2025-07-15,Cash
7595,983,2025-06-12,Credit Card
7596,942,2025-10-16,Credit Card
7597,600,2025-09-09,Credit Card
7598,587,2025-02-04,Debit Card
7599,560,2025-07-22,Credit Card
7600,180,2025-02-26,UPI
7601,284,2025-04-02,Debit Card
7602,654,2025-07-17,Debit Card
7603,335,2025-05-07,Debit Card
7604,249,2025-07-19,Credit Card
7605,883,2025-10-09,UPI
7606,485,2025-12-04,Cash
7607,203,2025-02-13,UPI
7608,33,2025-12-16,UPI
7609,181,2025-12-02,Debit Card
7610,874,2025-08-08,Cash
7611,629,2025-02-19,Net Banking
7612,226,2025-03-25,UPI
7613,589,2025-03-30,UPI
7614,60,2025-04-06,UPI
7615,698,2025-02-19,Credit Card
7616,652,2025-09-12,Net Banking
7617,659,2025-09-30,Credit Card
7618,368,2025-07-24,Cash
7619,382,2025-01-17,Credit Card
7620,883,2025-07-27,Net Banking
7621,266,2025-09-29,Credit Card
7622,203,2025-06-04,Net Banking
7623,51,2025-04-27,Debit Card
7624,40,2025-03-11,Credit Card
7625,623,2025-09-01,Net Banking
7626,329,2025-05-29,Cash
7627,988,2025-10-29,Net Banking
7628,772,2025-09-07,Net Banking
7629,88,2025-10-08,Credit Card
7630,416,2025-09-01,Credit Card
7631,904,2025-11-02,Debit Card
7632,405,2025-11-12,Debit Card
7633,66,2025-01-03,Credit Card
7634,106,2025-09-17,UPI
7635,968,2025-02-10,Credit Card
7636,87,2025-12-16,Cash
7637,658,2025-04-23,Credit Card
7638,769,2025-05-31,Cash
7639,658,2025-09-05,Debit Card
7640,642,2025-02-01,UPI
7641,799,2025-03-02,Net Banking
7642,683,2025-04-20,Net Banking
7643,360,2025-05-22,Credit Card
7644,324,2025-03-11,Net Banking
7645,736,2025-10-14,Cash
7646,624,2025-11-15,Net Banking
7647,46,2025-05-19,Net Banking
7648,216,2025-10-01,Credit Card
7649,264,2025-06-25,Net Banking
7650,818,2025-04-04,Credit Card
7651,640,2025-01-24,Credit Card
7652,119,2025-03-11,Debit Card
7653,645,2025-03-19,Credit Card
7654,123,2025-07-31,Cash
7655,517,2025-06-20,Credit Card
7656,657,2025-03-15,Cash
7657,779,2025-07-14,UPI
7658,905,2025-06-27,Debit Card
7659,377,2025-02-14,Net Banking
7660,682,2025-01-12,UPI
7661,641,2025-12-23,Credit Card
7662,686,2025-06-14,Net Banking
7663,177,2025-08-29,Credit Card
7664,422,2025-08-02,Cash
7665,69,2025-01-27,Credit Card
7666,251,2025-08-14,Cash
7667,286,2025-10-14,UPI
7668,141,2025-11-05,Credit Card
7669,810,2025-05-03,Debit Card
7670,547,2025-05-11,Credit Card
7671,626,2025-07-31,Credit Card
7672,987,2025-08-20,Cash
7673,789,2025-09-08,Net Banking
7674,843,2025-09-27,Cash
7675,964,2025-06-24,UPI
7676,35,2025-01-29,UPI
7677,188,2025-09-20,Credit Card
7678,745,2025-04-29,Debit Card
7679,562,2025-06-19,UPI
7680,229,2025-10-10,UPI
7681,678,2025-07-01,UPI
7682,427,2025-01-15,Net Banking
7683,725,2025-06-21,Credit Card
7684,707,2025-10-16,Cash
7685,143,2025-03-15,Credit Card
7686,263,2025-08-16,Credit Card
7687,137,2025-08-05,Debit Card
7688,126,2025-05-16,UPI
7689,991,2025-10-13,Net Banking
7690,678,2025-08-10,Credit Card
7691,630,2025-07-06,UPI
7692,579,2025-08-24,UPI
7693,770,2025-05-08,Net Banking
7694,310,2025-12-16,Cash
7695,323,2025-07-16,Cash
7696,854,2025-08-27,Cash
7697,19,2025-12-15,Cash
7698,362,2025-06-10,Credit Card
7699,751,2024-12-29,UPI
7700,278,2025-08-12,Net Banking
7701,887,2025-04-30,Net Banking
7702,382,2025-04-28,Net Banking
7703,957,2025-03-15,Net Banking
7704,393,2025-05-24,UPI
7705,129,2025-06-27,UPI
7706,822,2025-06-09,Credit Card
7707,857,2025-10-19,Credit Card
7708,467,2025-09-11,Credit Card
7709,306,2025-04-13,Credit Card
7710,671,2025-07-17,UPI
7711,643,2025-04-14,Debit Card
7712,991,2025-07-14,Credit Card
7713,270,2024-12-31,Cash
7714,917,2025-02-11,Debit Card
7715,896,2025-11-19,Net Banking
7716,192,2025-12-13,Credit Card
7717,84,2025-08-03,Cash
7718,612,2025-04-17,Cash
7719,9,2025-01-28,Cash
7720,955,2025-05-09,UPI
7721,601,2025-03-29,Debit Card
7722,911,2025-01-23,Net Banking
7723,722,2025-07-31,Cash
7724,237,2025-01-12,Net Banking
7725,577,2025-05-11,Cash
7726,584,2025-01-31,UPI
7727,540,2025-08-01,Cash
7728,862,2025-12-06,Net Banking
7729,731,2025-02-28,Credit Card
7730,246,2025-05-20,Debit Card
7731,641,2025-12-14,Credit Card
7732,519,2024-12-29,Net Banking
7733,207,2025-07-08,Credit Card
7734,336,2025-02-07,Credit Card
7735,651,2025-03-10,Credit Card
7736,307,2025-11-19,Net Banking
7737,638,2025-09-22,UPI
7738,931,2025-01-01,Credit Card
7739,153,2025-12-24,UPI
7740,902,2025-07-13,Debit Card
7741,523,2025-09-19,Net Banking
7742,341,2025-03-03,Net Banking
7743,879,2024-12-29,Net Banking
7744,903,2025-12-13,Net Banking
7745,604,2025-08-30,Credit Card
7746,43,2025-01-07,Credit Card
7747,739,2025-09-01,Net Banking
7748,514,2025-06-29,Net Banking
7749,621,2025-03-30,Debit Card
7750,718,2025-11-04,UPI
7751,292,2025-06-21,Net Banking
7752,776,2025-06-09,Cash
7753,526,2025-04-08,Debit Card
7754,323,2025-08-26,Credit Card
7755,72,2025-08-05,Net Banking
7756,229,2025-09-18,UPI
7757,277,2025-04-09,Net Banking
7758,737,2025-09-14,Debit Card
7759,976,2025-01-09,Net Banking
7760,452,2025-02-22,Credit Card
7761,99,2025-04-02,Net Banking
7762,464,2025-11-22,Net Banking
7763,34,2025-09-14,Credit Card
7764,428,2025-05-02,UPI
7765,617,2025-07-15,UPI
7766,192,2025-12-21,UPI
7767,241,2025-10-30,Debit Card
7768,187,2025-07-03,Credit Card
7769,273,2025-10-14,Credit Card
7770,25,2025-01-14,Net Banking
7771,519,2025-09-17,Debit Card
7772,737,2025-06-15,UPI
7773,402,2025-08-22,UPI
7774,932,2025-02-20,Net Banking
7775,184,2025-02-03,UPI
7776,821,2025-09-28,UPI
7777,615,2025-12-13,Cash
7778,295,2025-01-19,Credit Card
7779,348,2025-09-04,Net Banking
7780,502,2024-12-28,Cash
7781,606,2025-02-13,Debit Card
7782,131,2025-06-19,UPI
7783,666,2025-04-09,Cash
7784,790,2025-01-20,Debit Card
7785,183,2025-07-28,Credit Card
7786,360,2025-06-07,Cash
7787,545,2025-11-05,Net Banking
7788,983,2025-09-01,Debit Card
7789,628,2025-10-28,Debit Card
7790,274,2025-06-06,Cash
7791,843,2025-09-20,Net Banking
7792,574,2025-06-26,UPI
7793,161,2025-04-16,Cash
7794,872,2025-01-25,Credit Card
7795,52,2025-03-02,Credit Card
7796,997,2025-10-15,Cash
7797,932,2025-10-05,Cash
7798,255,2025-09-04,UPI
7799,847,2025-10-11,Debit Card
7800,115,2025-05-15,UPI
7801,565,2025-04-16,Debit Card
7802,1000,2025-02-04,Credit Card
7803,80,2025-01-03,UPI
7804,605,2025-03-17,Debit Card
7805,447,2025-02-26,Cash
7806,326,2025-03-19,Credit Card
7807,430,2025-07-13,Credit Card
7808,644,2025-04-16,UPI
7809,456,2025-09-02,Net Banking
7810,841,2025-01-20,Debit Card
7811,357,2025-08-07,UPI
7812,984,2025-10-20,Credit Card
7813,85,2025-11-22,Debit Card
7814,77,2025-02-25,Debit Card
7815,697,2025-09-14,Net Banking
7816,575,2025-05-13,Credit Card
7817,984,2025-08-21,Credit Card
7818,471,2025-11-29,Debit Card
7819,166,2025-04-28,Credit Card
7820,311,2025-06-25,Credit Card
7821,832,2025-10-18,UPI
7822,317,2025-05-25,UPI
7823,452,2025-01-16,Credit Card
7824,608,2025-02-27,Cash
7825,921,2025-04-18,UPI
7826,125,2025-09-24,Credit Card
7827,637,2025-09-05,Debit Card
7828,457,2025-03-05,Cash
7829,394,2025-04-28,Credit Card
7830,156,2025-02-04,UPI
7831,112,2025-09-09,Cash
7832,919,2025-10-14,Credit Card
7833,516,2025-12-16,Credit Card
7834,684,2025-10-09,Credit Card
7835,821,2025-06-29,Cash
7836,778,2025-01-13,UPI
7837,489,2025-08-09,Credit Card
7838,343,2025-01-17,Cash
7839,379,2025-07-03,Credit Card
7840,203,2025-01-13,Debit Card
7841,366,2025-04-22,Debit Card
7842,430,2025-02-03,Debit Card
7843,155,2024-12-31,Credit Card
7844,10,2025-03-22,Cash
7845,168,2025-10-10,UPI
7846,876,2025-12-26,Cash
7847,546,2025-06-01,Credit Card
7848,923,2025-05-03,UPI
7849,68,2025-12-14,Net Banking
7850,143,2025-01-30,Net Banking
7851,32,2025-03-20,Debit Card
7852,872,2025-11-05,Net Banking
7853,272,2025-12-15,Debit Card
7854,207,2025-12-21,Net Banking
7855,215,2025-04-26,UPI
7856,961,2025-12-24,Debit Card
7857,341,2025-10-17,Cash
7858,937,2025-07-22,Net Banking
7859,681,2025-05-10,Cash
7860,791,2025-03-04,Net Banking
7861,359,2025-02-17,Debit Card
7862,459,2025-09-21,Cash
7863,799,2025-12-06,UPI
7864,152,2025-12-24,Credit Card
7865,382,2025-12-24,Net Banking
7866,789,2025-05-04,Debit Card
7867,315,2025-07-13,Net Banking
7868,53,2025-03-20,Net Banking
7869,3,2025-04-15,Debit Card
7870,829,2025-11-26,Debit Card
7871,588,2025-08-04,UPI
7872,227,2025-12-24,Net Banking
7873,1000,2025-03-16,Cash
7874,612,2025-03-14,Cash
7875,378,2025-09-27,Credit Card
7876,773,2025-10-08,Net Banking
7877,58,2025-12-05,Credit Card
7878,530,2025-08-01,Cash
7879,325,2025-06-08,Net Banking
7880,726,2025-05-27,Net Banking
7881,891,2025-10-15,Net Banking
7882,820,2025-01-21,UPI
7883,954,2025-05-27,Credit Card
7884,417,2025-01-09,UPI
7885,575,2025-05-14,Net Banking
7886,623,2025-03-02,Net Banking
7887,518,2025-06-02,Net Banking
7888,798,2025-04-11,UPI
7889,702,2025-01-08,UPI
7890,752,2025-11-16,Cash
7891,546,2025-01-29,Debit Card
7892,284,2025-11-14,Debit Card
7893,45,2025-02-03,Net Banking
7894,474,2025-06-24,Debit Card
7895,26,2025-12-26,Net Banking
7896,923,2025-06-09,Net Banking
7897,466,2025-11-21,Net Banking
7898,675,2025-08-28,Debit Card
7899,708,2025-01-11,Net Banking
7900,207,2025-11-17,Net Banking
7901,542,2025-01-01,Cash
7902,629,2025-02-13,Cash
7903,195,2025-07-04,Cash
7904,51,2025-09-28,Debit Card
7905,42,2025-11-07,Cash
7906,184,2025-11-08,Net Banking
7907,206,2025-09-30,Net Banking
7908,777,2025-04-22,Net Banking
7909,17,2025-10-28,Cash
7910,58,2025-07-11,UPI
7911,269,2025-07-12,Credit Card
7912,370,2025-03-30,Net Banking
7913,748,2025-04-18,Credit Card
7914,739,2025-06-30,Cash
7915,698,2025-09-08,Cash
7916,914,2025-05-19,Debit Card
7917,987,2025-12-05,Credit Card
7918,213,2025-09-05,Cash
7919,439,2025-11-05,Debit Card
7920,167,2025-05-29,UPI
7921,818,2025-08-05,Cash
7922,543,2025-03-26,Cash
7923,85,2025-03-20,Credit Card
7924,127,2025-05-15,Cash
7925,511,2025-05-08,UPI
7926,696,2025-08-31,UPI
7927,333,2025-01-31,UPI
7928,170,2024-12-29,UPI
7929,882,2025-02-01,Net Banking
7930,11,2025-05-03,Cash
7931,82,2025-08-18,UPI
7932,735,2025-03-14,Cash
7933,471,2025-04-11,UPI
7934,839,2025-03-03,Net Banking
7935,113,2025-08-03,Credit Card
7936,36,2025-03-05,Cash
7937,440,2025-10-11,UPI
7938,722,2025-09-08,UPI
7939,987,2025-01-29,Debit Card
7940,95,2025-06-16,Credit Card
7941,172,2024-12-30,Debit Card
7942,140,2025-08-31,Net Banking
7943,567,2025-10-11,UPI
7944,830,2025-02-07,Cash
7945,601,2025-06-16,Cash
7946,767,2025-05-24,UPI
7947,458,2025-04-26,Net Banking
7948,224,2025-02-04,Cash
7949,543,2025-06-29,Credit Card
7950,327,2025-06-22,Debit Card
7951,355,2025-06-11,Debit Card
7952,826,2025-03-29,Cash
7953,679,2025-04-22,Net Banking
7954,65,2025-08-06,Cash
7955,973,2025-03-28,Net Banking
7956,739,2025-06-01,Debit Card
7957,171,2025-05-06,Debit Card
7958,378,2025-09-02,Net Banking
7959,747,2025-11-11,UPI
7960,448,2024-12-31,Net Banking
7961,40,2025-01-20,Credit Card
7962,434,2025-01-27,UPI
7963,89,2025-07-31,Cash
7964,624,2025-05-30,UPI
7965,338,2025-09-07,UPI
7966,800,2025-07-03,UPI
7967,943,2025-09-16,Debit Card
7968,4,2025-05-30,Cash
7969,668,2025-04-08,Net Banking
7970,741,2025-08-31,Credit Card
7971,727,2025-01-12,Cash
7972,904,2025-10-14,Cash
7973,482,2025-01-17,Credit Card
7974,120,2025-10-13,Net Banking
7975,947,2025-03-21,Net Banking
7976,768,2025-11-08,Net Banking
7977,880,2025-01-06,Debit Card
7978,570,2025-02-04,Debit Card
7979,473,2025-04-02,Debit Card
7980,145,2025-11-02,Credit Card
7981,612,2025-11-30,Credit Card
7982,545,2025-07-06,Net Banking
7983,394,2025-04-01,UPI
7984,48,2025-01-03,Debit Card
7985,212,2025-09-27,Debit Card
7986,419,2025-01-04,UPI
7987,32,2025-05-14,Credit Card
7988,537,2025-09-25,Cash
7989,507,2025-01-05,Cash
7990,896,2025-02-16,Cash
7991,688,2025-02-22,Net Banking
7992,368,2025-02-23,UPI
7993,665,2025-01-30,Cash
7994,758,2025-06-09,Debit Card
7995,504,2025-10-18,Cash
7996,446,2025-04-26,UPI
7997,438,2025-12-15,Net Banking
7998,864,2025-06-16,Cash
7999,49,2025-03-27,Net Banking
8000,931,2025-05-29,Credit Card
8001,390,2025-11-11,Net Banking
8002,73,2025-03-09,UPI
8003,134,2025-11-30,Net Banking
8004,182,2025-10-01,Net Banking
8005,175,2025-02-20,Net Banking
8006,198,2025-09-20,Net Banking
8007,699,2025-10-31,Net Banking
8008,691,2025-09-26,Cash
8009,678,2025-08-16,Cash
8010,418,2025-09-29,Debit Card
8011,594,2025-05-17,Net Banking
8012,180,2025-12-18,Cash
8013,227,2025-06-27,Net Banking
8014,197,2025-12-22,UPI
8015,601,2025-03-02,Cash
8016,898,2025-02-02,Cash
8017,572,2025-05-27,Credit Card
8018,156,2025-01-15,UPI
8019,990,2025-06-11,Net Banking
8020,698,2025-07-13,Credit Card
8021,664,2025-08-30,Net Banking
8022,884,2024-12-27,UPI
8023,251,2025-04-12,Cash
8024,221,2025-08-30,Debit Card
8025,411,2025-02-06,Credit Card
8026,387,2025-07-16,Debit Card
8027,332,2025-12-14,Net Banking
8028,382,2025-03-30,Cash
8029,104,2025-11-19,UPI
8030,508,2025-02-02,Credit Card
8031,453,2025-11-27,Net Banking
8032,880,2025-04-14,UPI
8033,270,2025-07-27,Net Banking
8034,988,2025-05-16,UPI
8035,682,2025-12-21,Cash
8036,23,2024-12-28,Net Banking
8037,419,2025-08-03,UPI
8038,63,2025-11-24,Credit Card
8039,277,2025-08-15,Net Banking
8040,94,2025-05-30,Net Banking
8041,910,2025-07-23,Net Banking
8042,565,2025-02-19,Credit Card
8043,845,2025-04-15,Cash
8044,590,2025-07-03,Net Banking
8045,378,2025-06-12,Cash
8046,190,2025-06-01,Debit Card
8047,491,2025-07-07,Debit Card
8048,658,2025-04-18,Credit Card
8049,780,2025-11-04,Cash
8050,491,2025-06-11,Net Banking
8051,400,2025-02-20,Credit Card
8052,370,2025-05-30,Net Banking
8053,934,2025-10-16,Credit Card
8054,662,2025-12-21,Debit Card
8055,246,2025-07-01,Net Banking
8056,492,2025-02-23,Net Banking
8057,967,2025-10-21,Debit Card
8058,88,2025-07-25,Credit Card
8059,954,2025-11-25,Cash
8060,198,2025-07-08,Cash
8061,862,2025-11-22,UPI
8062,977,2025-09-11,UPI
8063,929,2025-08-12,Cash
8064,254,2025-12-07,UPI
8065,65,2025-10-02,Debit Card
8066,8,2025-07-26,Debit Card
8067,793,2025-12-11,Credit Card
8068,890,2025-12-25,Debit Card
8069,515,2025-11-01,UPI
8070,835,2025-12-20,Cash
8071,550,2025-09-15,Credit Card
8072,184,2025-08-06,Cash
8073,439,2025-10-28,Cash
8074,624,2025-06-14,Net Banking
8075,516,2025-07-26,Credit Card
8076,269,2025-12-17,UPI
8077,5,2025-03-10,Credit Card
8078,859,2025-09-01,Debit Card
8079,166,2025-07-21,UPI
8080,184,2025-12-11,Credit Card
8081,958,2025-06-04,Net Banking
8082,765,2025-03-29,Net Banking
8083,565,2025-02-21,Net Banking
8084,155,2025-03-31,Cash
8085,34,2025-10-04,Cash
8086,93,2025-03-01,Debit Card
8087,924,2025-01-04,Net Banking
8088,105,2025-09-01,Credit Card
8089,857,2025-10-11,Cash
8090,195,2025-08-07,Debit Card
8091,97,2025-05-16,Net Banking
8092,770,2025-03-01,Net Banking
8093,306,2025-06-01,UPI
8094,195,2025-02-19,UPI
8095,173,2025-10-29,Net Banking
8096,309,2025-10-16,Net Banking
8097,227,2025-11-30,Credit Card
8098,63,2025-11-13,Net Banking
8099,264,2025-07-06,Credit Card
8100,457,2025-11-02,UPI
8101,985,2025-08-01,Credit Card
8102,936,2024-12-30,Debit Card
8103,706,2025-09-08,Debit Card
8104,487,2025-12-20,Net Banking
8105,901,2025-05-31,Credit Card
8106,682,2025-04-23,Cash
8107,308,2025-02-28,UPI
8108,599,2025-10-06,Cash
8109,976,2024-12-29,Credit Card
8110,726,2025-08-31,Credit Card
8111,692,2025-01-07,Cash
8112,428,2025-10-18,Credit Card
8113,338,2025-10-06,Net Banking
8114,845,2025-11-23,Net Banking
8115,530,2025-07-08,Net Banking
8116,309,2025-03-27,UPI
8117,607,2025-05-29,Cash
8118,693,2025-04-27,Cash
8119,280,2025-10-08,Credit Card
8120,939,2025-05-08,Net Banking
8121,212,2025-05-03,Debit Card
8122,472,2025-09-01,UPI
8123,442,2025-07-14,Credit Card
8124,690,2024-12-26,Credit Card
8125,158,2025-05-28,Net Banking
8126,578,2025-09-05,Debit Card
8127,503,2025-03-01,Net Banking
8128,68,2025-08-31,Debit Card
8129,435,2025-04-02,Net Banking
8130,133,2025-04-08,Credit Card
8131,79,2025-06-20,Credit Card
8132,492,2025-06-18,Debit Card
8133,697,2025-02-05,Debit Card
8134,425,2025-05-08,Cash
8135,505,2025-09-09,Debit Card
8136,985,2025-06-07,Credit Card
8137,589,2025-06-25,UPI
8138,910,2025-12-15,Credit Card
8139,301,2025-07-02,Cash
8140,82,2025-09-04,Cash
8141,577,2025-05-08,UPI
8142,276,2025-10-18,UPI
8143,722,2025-10-03,Net Banking
8144,307,2025-07-09,Cash
8145,772,2025-02-11,Credit Card
8146,514,2025-12-21,Credit Card
8147,961,2025-02-04,Cash
8148,689,2025-01-17,Credit Card
8149,133,2025-03-09,Debit Card
8150,582,2025-05-19,UPI
8151,102,2025-09-25,Credit Card
8152,963,2025-07-19,Credit Card
8153,227,2025-08-31,Net Banking
8154,801,2025-05-04,Debit Card
8155,916,2025-07-26,UPI
8156,412,2025-02-10,Cash
8157,252,2025-07-03,Net Banking
8158,776,2025-01-05,Debit Card
8159,261,2025-12-01,Net Banking
8160,817,2025-12-18,Cash
8161,116,2025-09-29,Cash
8162,938,2025-06-10,Cash
8163,382,2025-06-15,Net Banking
8164,780,2025-09-29,Cash
8165,166,2025-11-15,UPI
8166,986,2025-01-06,Cash
8167,294,2025-10-19,Net Banking
8168,117,2025-05-03,Cash
8169,165,2025-09-23,Cash
8170,151,2025-06-01,Debit Card
8171,79,2025-04-16,Credit Card
8172,561,2025-11-26,Debit Card
8173,924,2025-05-25,Credit Card
8174,977,2025-02-08,UPI
8175,340,2025-04-09,UPI
8176,682,2025-06-30,Debit Card
8177,10,2025-03-30,Credit Card
8178,198,2025-07-28,Credit Card
8179,386,2025-04-30,UPI
8180,504,2025-04-07,Credit Card
8181,90,2025-12-04,Net Banking
8182,491,2025-03-22,Credit Card
8183,876,2025-07-25,Cash
8184,565,2025-05-19,Net Banking
8185,570,2025-10-27,Net Banking
8186,115,2025-02-16,UPI
8187,523,2025-08-16,Debit Card
8188,524,2025-03-25,Cash
8189,381,2024-12-28,UPI
8190,874,2025-03-26,Net Banking
8191,63,2025-10-04,Credit Card
8192,399,2025-04-22,Credit Card
8193,720,2025-12-07,Net Banking
8194,496,2025-07-06,Net Banking
8195,461,2025-08-02,Net Banking
8196,514,2025-01-29,Cash
8197,489,2025-12-26,Debit Card
8198,230,2025-08-21,Credit Card
8199,201,2025-05-17,Credit Card
8200,188,2025-06-01,Credit Card
8201,792,2025-07-08,Net Banking
8202,487,2025-11-25,Net Banking
8203,56,2025-11-12,Credit Card
8204,194,2025-11-20,Cash
8205,49,2025-12-01,Cash
8206,205,2025-05-16,UPI
8207,389,2025-03-06,Debit Card
8208,873,2025-01-13,Debit Card
8209,766,2025-08-17,UPI
8210,711,2025-10-28,Credit Card
8211,870,2025-01-21,Net Banking
8212,996,2025-07-20,UPI
8213,430,2025-11-19,Debit Card
8214,429,2025-07-04,Credit Card
8215,175,2024-12-30,Credit Card
8216,539,2025-04-08,Net Banking
8217,841,2025-02-10,Debit Card
8218,63,2025-12-17,Credit Card
8219,14,2025-01-22,Debit Card
8220,60,2025-06-22,Net Banking
8221,120,2025-07-18,Credit Card
8222,36,2025-07-12,Credit Card
8223,450,2025-08-18,Net Banking
8224,830,2025-04-28,Cash
8225,849,2025-10-17,Debit Card
8226,745,2025-05-08,Credit Card
8227,776,2025-09-09,Debit Card
8228,109,2025-11-30,UPI
8229,704,2025-11-22,UPI
8230,277,2025-06-02,Net Banking
8231,670,2025-01-21,Credit Card
8232,970,2025-08-24,UPI
8233,662,2025-05-11,Cash
8234,543,2025-05-20,Debit Card
8235,64,2025-12-23,Debit Card
8236,634,2025-03-10,Net Banking
8237,958,2025-06-10,Debit Card
8238,464,2025-09-21,Net Banking
8239,725,2025-03-19,UPI
8240,189,2025-03-28,UPI
8241,468,2025-10-17,Debit Card
8242,899,2025-11-18,UPI
8243,133,2025-05-20,Credit Card
8244,379,2025-11-04,UPI
8245,890,2025-06-26,Cash
8246,949,2025-12-15,Net Banking
8247,948,2025-10-07,Cash
8248,101,2025-03-18,Debit Card
8249,146,2025-10-05,Cash
8250,109,2025-04-08,Net Banking
8251,412,2025-08-24,Net Banking
8252,596,2025-05-27,Cash
8253,683,2025-10-03,Cash
8254,481,2025-08-08,Net Banking
8255,588,2025-12-01,Credit Card
8256,868,2025-05-09,Credit Card
8257,595,2025-07-06,UPI
8258,891,2025-02-14,Debit Card
8259,185,2025-11-01,Debit Card
8260,873,2025-01-09,Debit Card
8261,901,2025-04-11,Cash
8262,436,2025-10-27,Debit Card
8263,603,2025-03-26,Debit Card
8264,906,2025-03-14,UPI
8265,769,2025-08-29,Net Banking
8266,519,2025-02-01,Cash
8267,348,2025-12-26,Net Banking
8268,141,2025-02-28,Credit Card
8269,776,2025-09-05,Credit Card
8270,257,2025-07-22,Cash
8271,773,2025-06-26,Net Banking
8272,302,2025-10-25,UPI
8273,533,2025-10-24,UPI
8274,482,2025-10-06,Net Banking
8275,894,2025-09-06,UPI
8276,589,2025-10-13,Cash
8277,739,2025-03-27,Debit Card
8278,601,2025-09-08,Net Banking
8279,547,2025-02-11,Debit Card
8280,259,2025-10-31,Debit Card
8281,151,2025-10-24,Credit Card
8282,459,2025-07-27,Debit Card
8283,17,2025-08-21,Net Banking
8284,178,2025-09-26,Debit Card
8285,229,2025-03-23,Debit Card
8286,588,2025-04-11,Credit Card
8287,97,2025-02-22,Net Banking
8288,525,2025-12-06,UPI
8289,584,2025-06-20,Credit Card
8290,768,2025-08-28,Cash
8291,114,2025-12-20,UPI
8292,15,2025-06-22,Debit Card
8293,499,2025-12-12,UPI
8294,423,2025-05-30,Debit Card
8295,780,2025-06-14,Credit Card
8296,342,2025-03-07,Debit Card
8297,420,2025-06-29,UPI
8298,293,2025-11-25,Debit Card
8299,410,2025-05-11,Credit Card
8300,149,2025-11-27,Net Banking
8301,689,2025-04-05,Credit Card
8302,67,2025-07-16,UPI
8303,194,2025-01-06,UPI
8304,353,2025-12-23,Credit Card
8305,619,2025-05-14,UPI
8306,863,2025-07-05,UPI
8307,833,2025-12-21,Cash
8308,106,2025-10-06,Credit Card
8309,175,2025-12-20,Debit Card
8310,801,2025-05-20,UPI
8311,196,2024-12-27,Cash
8312,570,2025-05-19,Credit Card
8313,752,2025-03-05,Net Banking
8314,1000,2025-11-03,Net Banking
8315,69,2025-09-01,Cash
8316,867,2025-08-04,Credit Card
8317,282,2025-06-26,Credit Card
8318,27,2025-11-26,Credit Card
8319,891,2025-05-28,Credit Card
8320,829,2025-08-27,Debit Card
8321,648,2025-09-16,Cash
8322,464,2025-01-11,Credit Card
8323,335,2025-12-04,Debit Card
8324,585,2025-02-15,UPI
8325,654,2025-06-24,Debit Card
8326,256,2025-12-26,Net Banking
8327,994,2025-02-14,UPI
8328,498,2025-11-20,Cash
8329,747,2025-05-28,Debit Card
8330,310,2025-05-09,Credit Card
8331,224,2025-08-28,UPI
8332,905,2025-03-29,Debit Card
8333,389,2025-10-18,UPI
8334,432,2025-01-07,Credit Card
8335,380,2025-10-07,UPI
8336,696,2025-01-26,Debit Card
8337,334,2025-06-16,Debit Card
8338,425,2025-04-18,UPI
8339,459,2025-04-16,Credit Card
8340,714,2025-04-18,Credit Card
8341,467,2025-04-24,Cash
8342,459,2025-03-07,Debit Card
8343,632,2025-07-06,UPI
8344,461,2025-04-02,Credit Card
8345,420,2025-09-10,Credit Card
8346,480,2025-04-02,Cash
8347,9,2024-12-31,Net Banking
8348,834,2025-01-15,UPI
8349,869,2025-08-23,UPI
8350,337,2024-12-31,Debit Card
8351,173,2025-02-08,Cash
8352,172,2025-06-09,UPI
8353,495,2025-09-20,Debit Card
8354,194,2025-03-09,UPI
8355,896,2025-11-14,Debit Card
8356,579,2025-12-19,Net Banking
8357,841,2025-10-30,Debit Card
8358,270,2025-01-04,UPI
8359,207,2025-04-23,UPI
8360,621,2025-03-30,Net Banking
8361,14,2025-05-30,Cash
8362,312,2025-12-12,UPI
8363,972,2025-03-12,UPI
8364,332,2025-12-04,Credit Card
8365,851,2025-07-15,Cash
8366,399,2025-09-24,Credit Card
8367,735,2024-12-27,Credit Card
8368,550,2025-08-20,Cash
8369,780,2025-08-04,Credit Card
8370,57,2025-06-04,Cash
8371,901,2025-07-02,Credit Card
8372,339,2025-04-08,Net Banking
8373,787,2025-12-02,Net Banking
8374,882,2025-01-16,Cash
8375,860,2025-03-28,Cash
8376,320,2025-03-28,Cash
8377,721,2025-01-22,Debit Card
8378,147,2025-08-28,UPI
8379,140,2025-03-10,Credit Card
8380,981,2025-12-06,UPI
8381,62,2025-06-30,Net Banking
8382,834,2025-10-06,Credit Card
8383,428,2025-01-28,UPI
8384,820,2025-04-21,Credit Card
8385,163,2025-06-23,UPI
8386,581,2025-11-17,Cash
8387,864,2025-02-06,Debit Card
8388,274,2025-01-23,Net Banking
8389,505,2025-02-18,Cash
8390,691,2025-12-01,UPI
8391,810,2025-10-21,Net Banking
8392,407,2025-03-02,Cash
8393,835,2025-05-19,UPI
8394,928,2025-11-06,UPI
8395,218,2025-10-19,UPI
8396,982,2025-12-12,Net Banking
8397,270,2025-06-02,Net Banking
8398,166,2025-06-16,Net Banking
8399,680,2025-12-06,Cash
8400,681,2025-01-17,UPI
8401,226,2025-04-01,UPI
8402,436,2025-08-13,Credit Card
8403,491,2025-04-06,UPI
8404,581,2025-10-15,UPI
8405,886,2025-11-25,Credit Card
8406,188,2025-02-24,Net Banking
8407,785,2025-03-03,Cash
8408,787,2025-05-10,Cash
8409,935,2025-05-19,Debit Card
8410,577,2025-06-19,Cash
8411,678,2025-12-07,Debit Card
8412,144,2025-10-06,Credit Card
8413,213,2025-03-21,Credit Card
8414,689,2025-09-12,Debit Card
8415,978,2025-06-12,Cash
8416,114,2025-07-04,Cash
8417,9,2025-02-09,Net Banking
8418,93,2025-08-19,Credit Card
8419,378,2025-08-22,Net Banking
8420,521,2025-06-19,Cash
8421,882,2025-07-28,Net Banking
8422,833,2025-12-02,UPI
8423,98,2025-08-26,UPI
8424,718,2025-01-12,UPI
8425,529,2025-05-26,UPI
8426,65,2025-03-08,UPI
8427,837,2025-10-27,Credit Card
8428,960,2025-06-21,Credit Card
8429,359,2025-08-23,UPI
8430,655,2025-06-04,UPI
8431,706,2025-08-24,Credit Card
8432,811,2025-02-09,UPI
8433,942,2025-03-19,Net Banking
8434,539,2025-12-26,Net Banking
8435,688,2025-09-07,Cash
8436,142,2025-12-04,Credit Card
8437,203,2025-06-08,Net Banking
8438,663,2025-06-01,Net Banking
8439,758,2025-12-03,Credit Card
8440,342,2024-12-31,Debit Card
8441,32,2025-05-30,Credit Card
8442,517,2025-08-24,Cash
8443,947,2025-07-05,Debit Card
8444,671,2025-07-14,Cash
8445,70,2025-04-07,Net Banking
8446,328,2025-01-30,Cash
8447,137,2025-01-15,Debit Card
8448,379,2025-01-07,Credit Card
8449,636,2025-02-14,Net Banking
8450,443,2025-02-28,Debit Card
8451,956,2025-04-08,Net Banking
8452,396,2025-09-05,UPI
8453,584,2025-06-23,Credit Card
8454,58,2025-01-03,UPI
8455,820,2025-10-06,Cash
8456,956,2025-02-17,Net Banking
8457,445,2025-09-27,Net Banking
8458,725,2025-01-10,UPI
8459,12,2025-05-29,Credit Card
8460,39,2025-04-15,Debit Card
8461,908,2025-11-28,Cash
8462,81,2025-08-02,UPI
8463,203,2025-07-30,Debit Card
8464,653,2025-03-13,Net Banking
8465,880,2025-03-12,Cash
8466,313,2025-09-30,Debit Card
8467,129,2025-05-20,Credit Card
8468,823,2025-01-21,Net Banking
8469,187,2025-03-14,Debit Card
8470,187,2025-06-09,UPI
8471,157,2025-05-19,Net Banking
8472,766,2025-12-21,Net Banking
8473,438,2025-04-30,Credit Card
8474,592,2025-03-07,Debit Card
8475,636,2025-03-30,Net Banking
8476,109,2025-05-19,Cash
8477,462,2025-05-01,Debit Card
8478,701,2025-06-01,UPI
8479,541,2025-08-21,Credit Card
8480,681,2025-09-09,Cash
8481,509,2025-12-19,Net Banking
8482,958,2025-10-27,Net Banking
8483,449,2025-01-07,Debit Card
8484,511,2025-03-23,Debit Card
8485,602,2025-05-13,Cash
8486,645,2025-09-11,Debit Card
8487,121,2025-09-22,Credit Card
8488,227,2025-01-30,Net Banking
8489,301,2025-02-24,Cash
8490,698,2025-05-16,Net Banking
8491,96,2025-04-13,Net Banking
8492,267,2025-10-19,Credit Card
8493,796,2025-05-04,UPI
8494,163,2025-09-28,Net Banking
8495,196,2025-03-09,Debit Card
8496,770,2025-02-01,Net Banking
8497,183,2025-10-11,Cash
8498,830,2025-05-07,Credit Card
8499,961,2025-03-29,UPI
8500,741,2025-10-08,Debit Card
8501,181,2025-09-25,UPI
8502,563,2024-12-29,UPI
8503,624,2025-03-31,Cash
8504,4,2025-04-25,UPI
8505,163,2025-01-18,Credit Card
8506,917,2025-11-13,Cash
8507,618,2025-06-09,UPI
8508,827,2025-08-17,Cash
8509,405,2025-10-22,Net Banking
8510,75,2025-02-21,Credit Card
8511,557,2025-07-02,Net Banking
8512,961,2025-08-03,UPI
8513,212,2025-11-05,Debit Card
8514,542,2025-08-17,Net Banking
8515,713,2025-02-19,UPI
8516,249,2025-04-08,Net Banking
8517,795,2025-06-12,Cash
8518,675,2025-06-23,Net Banking
8519,751,2025-06-06,Credit Card
8520,61,2025-12-13,UPI
8521,454,2025-09-20,Cash
8522,284,2025-03-13,Debit Card
8523,37,2025-04-30,Debit Card
8524,694,2025-12-12,UPI
8525,86,2025-10-11,Cash
8526,133,2025-08-22,UPI
8527,119,2025-04-27,UPI
8528,232,2025-05-03,Debit Card
8529,272,2025-05-04,Debit Card
8530,816,2025-10-22,UPI
8531,192,2025-02-03,UPI
8532,102,2025-10-14,Cash
8533,848,2025-09-16,Cash
8534,50,2025-10-31,UPI
8535,37,2025-09-16,Net Banking
8536,41,2025-01-21,Cash
8537,500,2025-05-28,Credit Card
8538,290,2025-05-13,Net Banking
8539,580,2025-12-01,Cash
8540,686,2025-05-21,Debit Card
8541,727,2025-03-05,Cash
8542,206,2025-05-12,UPI
8543,726,2025-02-26,UPI
8544,578,2025-04-08,Cash
8545,191,2025-09-26,UPI
8546,221,2024-12-30,Debit Card
8547,23,2025-03-25,Credit Card
8548,496,2025-10-31,Net Banking
8549,596,2025-08-10,Debit Card
8550,373,2025-05-14,Debit Card
8551,704,2025-01-09,Net Banking
8552,56,2025-07-05,Credit Card
8553,95,2025-10-05,Debit Card
8554,586,2025-08-15,UPI
8555,125,2025-02-09,Net Banking
8556,130,2025-05-27,Credit Card
8557,165,2025-03-08,UPI
8558,738,2025-05-08,UPI
8559,963,2025-04-22,Credit Card
8560,877,2025-11-13,Debit Card
8561,353,2025-03-21,Cash
8562,672,2025-04-02,UPI
8563,20,2025-12-04,UPI
8564,232,2025-04-02,Net Banking
8565,534,2025-01-07,UPI
8566,476,2025-04-29,Debit Card
8567,921,2025-05-23,Debit Card
8568,990,2025-09-05,Cash
8569,138,2025-06-07,UPI
8570,908,2025-04-06,Credit Card
8571,223,2025-04-17,Debit Card
8572,423,2025-07-26,Net Banking
8573,118,2025-07-26,Cash
8574,603,2025-07-02,Net Banking
8575,782,2025-09-28,Debit Card
8576,842,2025-07-18,Net Banking
8577,250,2025-03-05,Debit Card
8578,107,2025-02-10,Credit Card
8579,801,2025-06-02,UPI
8580,777,2025-09-07,Credit Card
8581,658,2025-05-18,Cash
8582,94,2025-02-13,Debit Card
8583,592,2025-02-21,Credit Card
8584,732,2025-12-07,Net Banking
8585,166,2025-07-05,UPI
8586,76,2025-05-11,Credit Card
8587,940,2025-09-16,UPI
8588,79,2025-12-22,Debit Card
8589,537,2025-10-24,Debit Card
8590,86,2025-05-17,Cash
8591,645,2025-02-16,UPI
8592,98,2025-10-08,UPI
8593,453,2025-08-08,Debit Card
8594,998,2025-01-02,Net Banking
8595,832,2025-09-02,Debit Card
8596,435,2025-09-16,Cash
8597,555,2025-04-15,Net Banking
8598,747,2025-02-16,Cash
8599,737,2025-07-05,Debit Card
8600,885,2025-12-17,UPI
8601,867,2025-05-07,Cash
8602,602,2025-07-23,Cash
8603,155,2025-08-31,Cash
8604,381,2025-05-15,Net Banking
8605,678,2025-09-26,Net Banking
8606,597,2025-04-08,Cash
8607,628,2025-02-09,UPI
8608,191,2025-07-23,UPI
8609,477,2025-03-05,Credit Card
8610,19,2025-07-21,Debit Card
8611,434,2025-12-12,Debit Card
8612,110,2025-05-14,Credit Card
8613,287,2025-03-25,Credit Card
8614,478,2025-10-27,Debit Card
8615,22,2025-02-04,Net Banking
8616,659,2025-04-18,Cash
8617,247,2025-10-30,Credit Card
8618,298,2025-02-02,Debit Card
8619,472,2025-12-19,Net Banking
8620,681,2025-06-16,Cash
8621,441,2025-02-26,UPI
8622,850,2025-06-13,Cash
8623,673,2025-02-27,Debit Card
8624,522,2025-11-18,Debit Card
8625,155,2025-05-10,Credit Card
8626,668,2025-10-02,UPI
8627,285,2025-10-03,Cash
8628,971,2025-09-27,Net Banking
8629,358,2024-12-26,Credit Card
8630,163,2025-11-13,UPI
8631,54,2025-05-21,Cash
8632,112,2025-04-13,Credit Card
8633,576,2025-05-11,UPI
8634,539,2025-04-02,Net Banking
8635,391,2025-09-22,Cash
8636,325,2025-05-05,Debit Card
8637,867,2025-11-02,Debit Card
8638,858,2025-10-03,Credit Card
8639,106,2025-06-05,Debit Card
8640,201,2025-09-12,Credit Card
8641,1000,2025-09-13,Cash
8642,953,2025-09-03,Cash
8643,657,2025-02-05,Credit Card
8644,5,2025-08-20,Net Banking
8645,833,2025-02-24,Cash
8646,340,2025-06-24,Cash
8647,777,2025-01-31,Net Banking
8648,970,2025-06-11,Debit Card
8649,342,2025-08-09,Net Banking
8650,29,2025-12-17,Credit Card
8651,430,2025-09-03,Debit Card
8652,660,2025-07-10,Net Banking
8653,489,2025-03-26,Cash
8654,534,2025-04-27,Debit Card
8655,345,2025-06-08,Net Banking
8656,442,2025-02-01,Credit Card
8657,695,2025-08-06,Cash
8658,336,2025-06-20,Net Banking
8659,822,2025-08-27,Net Banking
8660,592,2025-09-06,UPI
8661,657,2025-10-17,Net Banking
8662,480,2025-08-06,Net Banking
8663,288,2025-07-26,Cash
8664,386,2025-01-12,Debit Card
8665,207,2025-09-30,UPI
8666,928,2025-08-27,Credit Card
8667,197,2025-10-26,UPI
8668,216,2025-06-26,Net Banking
8669,424,2025-11-12,Cash
8670,709,2025-09-26,Cash
8671,963,2025-06-02,UPI
8672,221,2025-03-27,Net Banking
8673,367,2025-01-24,Net Banking
8674,688,2025-04-11,UPI
8675,983,2025-07-14,Credit Card
8676,308,2025-03-23,Net Banking
8677,710,2025-12-24,Cash
8678,23,2025-08-21,Cash
8679,26,2025-06-09,Cash
8680,747,2025-08-15,Debit Card
8681,35,2025-09-14,Cash
8682,958,2025-09-21,UPI
8683,442,2025-05-03,Cash
8684,601,2025-05-02,Credit Card
8685,391,2025-09-06,UPI
8686,708,2025-09-24,Credit Card
8687,81,2025-03-31,Net Banking
8688,542,2025-06-16,Cash
8689,220,2025-07-08,Debit Card
8690,7,2025-11-05,Credit Card
8691,259,2025-01-11,Debit Card
8692,982,2025-03-15,Debit Card
8693,875,2025-04-13,UPI
8694,877,2025-12-04,Cash
8695,184,2025-07-02,Credit Card
8696,636,2025-12-22,Credit Card
8697,162,2025-03-11,Net Banking
8698,523,2025-10-28,Cash
8699,868,2025-01-08,UPI
8700,766,2025-04-14,Cash
8701,438,2025-02-27,Net Banking
8702,555,2025-11-10,Net Banking
8703,785,2025-01-03,Net Banking
8704,704,2025-07-01,Credit Card
8705,945,2025-07-13,UPI
8706,704,2025-11-09,UPI
8707,26,2025-06-17,Debit Card
8708,119,2025-05-11,UPI
8709,648,2025-10-17,Credit Card
8710,990,2025-01-08,Debit Card
8711,147,2025-03-30,UPI
8712,607,2025-11-16,Debit Card
8713,80,2025-06-08,Cash
8714,425,2025-05-18,Cash
8715,264,2025-02-05,UPI
8716,826,2025-10-07,Net Banking
8717,720,2025-07-26,Net Banking
8718,938,2025-08-27,Cash
8719,971,2025-11-27,Debit Card
8720,947,2025-01-05,Credit Card
8721,280,2025-10-20,Debit Card
8722,75,2025-05-01,Net Banking
8723,126,2025-08-01,Net Banking
8724,119,2025-08-05,Net Banking
8725,105,2025-08-19,UPI
8726,321,2025-03-12,Debit Card
8727,513,2025-09-19,Cash
8728,191,2025-02-28,Credit Card
8729,462,2025-02-15,Debit Card
8730,897,2025-03-11,Cash
8731,826,2025-07-29,Cash
8732,341,2025-03-22,Credit Card
8733,217,2025-08-10,UPI
8734,73,2025-03-05,Credit Card
8735,438,2025-09-26,Cash
8736,162,2025-09-03,Credit Card
8737,888,2025-09-16,Net Banking
8738,529,2025-05-11,Net Banking
8739,618,2025-08-25,Credit Card
8740,394,2025-04-03,Credit Card
8741,240,2025-09-30,Cash
8742,741,2025-04-17,Net Banking
8743,596,2025-10-16,Cash
8744,210,2025-03-19,UPI
8745,805,2025-04-29,Debit Card
8746,194,2025-12-23,Cash
8747,429,2025-01-07,Net Banking
8748,839,2025-03-27,Debit Card
8749,369,2025-12-24,Debit Card
8750,884,2025-01-22,Cash
8751,162,2025-07-02,Debit Card
8752,138,2025-03-09,Credit Card
8753,728,2025-01-29,Cash
8754,942,2025-11-26,Cash
8755,688,2025-10-18,Cash
8756,592,2025-12-24,UPI
8757,230,2024-12-26,Credit Card
8758,724,2025-01-31,Debit Card
8759,91,2024-12-27,UPI
8760,882,2025-01-15,Cash
8761,201,2025-05-07,Net Banking
8762,919,2025-11-22,UPI
8763,875,2025-01-27,Cash
8764,37,2025-04-28,Cash
8765,684,2025-11-09,Net Banking
8766,978,2025-11-17,Debit Card
8767,53,2025-05-04,Net Banking
8768,843,2025-12-22,UPI
8769,119,2025-08-13,Credit Card
8770,149,2025-06-26,Net Banking
8771,801,2025-01-30,UPI
8772,397,2025-06-04,Credit Card
8773,589,2025-01-09,Debit Card
8774,94,2025-11-23,Debit Card
8775,540,2025-05-22,Cash
8776,283,2025-01-22,Cash
8777,848,2025-06-29,Credit Card
8778,324,2025-01-17,Credit Card
8779,123,2025-09-18,Net Banking
8780,269,2025-04-02,Cash
8781,945,2025-07-26,UPI
8782,152,2025-04-19,Net Banking
8783,425,2025-09-29,Net Banking
8784,551,2025-10-23,Net Banking
8785,783,2025-02-22,Credit Card
8786,522,2025-06-06,Net Banking
8787,433,2025-02-05,Debit Card
8788,328,2025-09-06,Debit Card
8789,19,2025-12-19,Net Banking
8790,773,2025-10-20,Net Banking
8791,933,2025-03-24,Debit Card
8792,787,2025-10-05,UPI
8793,103,2025-12-17,Net Banking
8794,695,2025-04-02,UPI
8795,485,2025-06-12,Credit Card
8796,483,2025-11-04,Debit Card
8797,341,2025-06-10,Cash
8798,280,2025-06-22,Net Banking
8799,449,2025-11-01,Debit Card
8800,31,2025-03-22,Credit Card
8801,556,2025-06-07,UPI
8802,544,2025-06-26,Debit Card
8803,122,2025-07-24,Credit Card
8804,910,2025-01-18,Net Banking
8805,802,2025-08-09,Cash
8806,772,2025-07-23,Credit Card
8807,312,2025-02-03,Cash
8808,437,2025-12-21,Credit Card
8809,196,2025-03-28,Cash
8810,639,2025-05-30,UPI
8811,977,2025-07-24,Debit Card
8812,855,2025-05-13,Net Banking
8813,199,2025-12-02,Debit Card
8814,878,2025-12-17,Net Banking
8815,398,2025-05-12,Net Banking
8816,527,2025-02-21,Net Banking
8817,150,2025-03-13,Debit Card
8818,484,2025-04-01,Net Banking
8819,202,2025-10-12,UPI
8820,790,2025-05-16,UPI
8821,896,2025-02-08,UPI
8822,847,2025-12-12,Credit Card
8823,395,2025-09-22,Net Banking
8824,4,2025-02-12,UPI
8825,685,2025-11-01,Cash
8826,471,2025-08-05,Credit Card
8827,898,2025-03-30,Debit Card
8828,453,2025-04-10,Net Banking
8829,394,2025-08-11,UPI
8830,113,2025-10-22,UPI
8831,732,2025-09-11,Debit Card
8832,666,2025-04-24,Cash
8833,220,2025-06-07,Debit Card
8834,613,2025-09-25,UPI
8835,364,2025-12-04,Credit Card
8836,477,2025-02-10,Credit Card
8837,411,2025-01-03,UPI
8838,654,2025-04-29,Credit Card
8839,612,2025-04-05,Debit Card
8840,1000,2025-01-09,Cash
8841,849,2025-09-20,UPI
8842,152,2025-07-15,Credit Card
8843,495,2025-03-16,Cash
8844,890,2025-03-26,Debit Card
8845,907,2025-04-08,Credit Card
8846,630,2025-04-13,Net Banking
8847,806,2025-01-26,Credit Card
8848,837,2025-03-19,Cash
8849,962,2025-05-17,Cash
8850,884,2025-11-11,Cash
8851,457,2025-01-04,UPI
8852,469,2025-12-06,Credit Card
8853,836,2025-03-05,Debit Card
8854,973,2025-04-18,Cash
8855,508,2025-09-11,UPI
8856,597,2025-08-03,Cash
8857,431,2025-10-14,UPI
8858,519,2024-12-27,Net Banking
8859,33,2024-12-30,UPI
8860,766,2025-09-28,UPI
8861,761,2025-05-07,Debit Card
8862,355,2025-07-28,Debit Card
8863,267,2025-08-05,Net Banking
8864,986,2024-12-26,Cash
8865,749,2025-03-05,UPI
8866,917,2025-04-05,Credit Card
8867,3,2025-09-22,Debit Card
8868,646,2025-06-25,Credit Card
8869,109,2025-03-23,Credit Card
8870,531,2025-09-01,Cash
8871,687,2025-07-17,Credit Card
8872,576,2025-06-27,Debit Card
8873,270,2025-05-12,Cash
8874,704,2025-02-28,Debit Card
8875,737,2025-03-01,UPI
8876,687,2025-04-19,Cash
8877,817,2025-10-31,Debit Card
8878,363,2025-08-29,Debit Card
8879,974,2025-05-06,Net Banking
8880,477,2025-07-08,Credit Card
8881,696,2025-09-08,Net Banking
8882,778,2025-06-19,Debit Card
8883,501,2025-06-01,Credit Card
8884,310,2025-04-14,Debit Card
8885,585,2024-12-31,UPI
8886,849,2025-11-18,UPI
8887,95,2025-07-29,Credit Card
8888,260,2025-08-09,Credit Card
8889,417,2025-12-19,Net Banking
8890,672,2025-07-05,UPI
8891,549,2025-04-10,Cash
8892,799,2025-09-16,Credit Card
8893,563,2025-05-25,Cash
8894,667,2025-11-28,Cash
8895,606,2025-09-10,Net Banking
8896,662,2025-09-02,Net Banking
8897,692,2025-12-22,Debit Card
8898,244,2025-11-16,UPI
8899,764,2025-06-14,Cash
8900,881,2025-07-15,Net Banking
8901,815,2025-10-31,Credit Card
8902,631,2025-02-10,UPI
8903,432,2025-04-15,Cash
8904,383,2025-05-30,Credit Card
8905,714,2025-07-09,Cash
8906,83,2025-05-01,Debit Card
8907,729,2025-01-26,Credit Card
8908,234,2025-11-21,UPI
8909,937,2025-08-13,Credit Card
8910,954,2025-10-29,Cash
8911,818,2025-01-17,Debit Card
8912,724,2025-06-16,Net Banking
8913,665,2025-06-23,Cash
8914,902,2025-12-25,UPI
8915,211,2025-01-26,Net Banking
8916,859,2025-03-31,Credit Card
8917,293,2025-08-27,Cash
8918,47,2025-09-27,Credit Card
8919,609,2025-06-25,UPI
8920,14,2024-12-28,Credit Card
8921,613,2025-11-15,Debit Card
8922,971,2025-07-09,Cash
8923,804,2025-08-06,Net Banking
8924,794,2025-01-29,Credit Card
8925,855,2025-04-21,Net Banking
8926,206,2025-05-20,Cash
8927,761,2025-02-02,Debit Card
8928,122,2025-01-25,Credit Card
8929,255,2025-07-20,Credit Card
8930,945,2025-04-13,Debit Card
8931,7,2025-02-14,Debit Card
8932,352,2025-07-15,Net Banking
8933,331,2025-03-24,UPI
8934,789,2025-12-04,Credit Card
8935,710,2025-10-02,Credit Card
8936,115,2025-09-27,Debit Card
8937,272,2025-11-29,Credit Card
8938,218,2025-05-22,Credit Card
8939,993,2025-09-06,Credit Card
8940,515,2025-01-15,Net Banking
8941,248,2025-03-06,UPI
8942,230,2025-07-30,Net Banking
8943,924,2025-04-05,UPI
8944,781,2025-07-31,Credit Card
8945,815,2025-03-04,Debit Card
8946,530,2025-03-25,Credit Card
8947,310,2025-02-03,Credit Card
8948,199,2025-10-31,Cash
8949,295,2025-03-16,Credit Card
8950,729,2025-02-04,Credit Card
8951,408,2025-12-20,Net Banking
8952,993,2025-01-24,Debit Card
8953,913,2025-02-24,Credit Card
8954,579,2025-01-05,Cash
8955,389,2025-10-02,Net Banking
8956,445,2025-11-28,Cash
8957,859,2025-05-16,UPI
8958,162,2025-10-31,Credit Card
8959,745,2025-01-29,UPI
8960,598,2025-05-12,Debit Card
8961,459,2025-05-09,UPI
8962,132,2025-06-25,UPI
8963,147,2025-11-23,Debit Card
8964,641,2025-08-19,Cash
8965,869,2025-01-21,UPI
8966,190,2025-01-16,Debit Card
8967,819,2025-07-06,Credit Card
8968,929,2025-05-27,UPI
8969,328,2024-12-30,Debit Card
8970,282,2025-08-13,Cash
8971,523,2025-09-09,Cash
8972,13,2025-08-21,Cash
8973,14,2025-12-16,Cash
8974,992,2025-11-10,UPI
8975,877,2024-12-30,Net Banking
8976,936,2025-07-13,Net Banking
8977,108,2025-06-08,Credit Card
8978,776,2025-12-24,UPI
8979,620,2025-07-14,Cash
8980,991,2025-01-18,Debit Card
8981,746,2025-01-13,Cash
8982,261,2025-06-18,Cash
8983,224,2025-11-03,Credit Card
8984,246,2025-05-15,Credit Card
8985,854,2025-04-27,UPI
8986,827,2025-03-31,UPI
8987,167,2025-08-20,Credit Card
8988,581,2025-08-01,Net Banking
8989,916,2025-04-01,Debit Card
8990,985,2025-09-16,Net Banking
8991,262,2025-03-19,Credit Card
8992,555,2025-02-22,UPI
8993,69,2025-10-08,Debit Card
8994,740,2025-07-15,Credit Card
8995,509,2025-06-28,Debit Card
8996,800,2025-11-30,Debit Card
8997,282,2025-10-04,Credit Card
8998,73,2025-06-24,Credit Card
8999,773,2025-04-14,UPI
9000,522,2025-12-22,Credit Card
9001,969,2025-06-27,Net Banking
9002,440,2025-03-06,UPI
9003,484,2025-05-02,Cash
9004,588,2025-08-23,Credit Card
9005,35,2025-10-23,UPI
9006,521,2025-06-08,Cash
9007,947,2025-03-21,Debit Card
9008,568,2025-05-28,Net Banking
9009,44,2025-03-09,Net Banking
9010,127,2025-02-16,Cash
9011,973,2025-11-29,Credit Card
9012,722,2025-05-08,UPI
9013,937,2025-10-07,Cash
9014,817,2025-11-27,Cash
9015,556,2025-08-10,Debit Card
9016,619,2025-07-09,Credit Card
9017,344,2025-08-10,Net Banking
9018,746,2025-10-12,UPI
9019,836,2025-08-07,Credit Card
9020,569,2025-10-10,Credit Card
9021,243,2025-08-11,Net Banking
9022,670,2025-12-15,UPI
9023,135,2025-04-25,Credit Card
9024,666,2025-07-22,Net Banking
9025,311,2025-06-30,Net Banking
9026,54,2025-05-09,UPI
9027,70,2025-01-19,Net Banking
9028,569,2025-10-04,Credit Card
9029,818,2025-05-04,Credit Card
9030,482,2025-03-08,Cash
9031,587,2025-06-20,Debit Card
9032,51,2025-10-20,UPI
9033,435,2025-08-14,Debit Card
9034,276,2025-11-18,UPI
9035,867,2025-01-08,UPI
9036,135,2025-10-28,Cash
9037,386,2025-09-25,UPI
9038,619,2025-09-25,Net Banking
9039,415,2025-12-12,Cash
9040,91,2025-11-26,UPI
9041,349,2025-01-25,Debit Card
9042,794,2025-12-05,Cash
9043,419,2025-01-23,Net Banking
9044,538,2025-08-13,Debit Card
9045,170,2025-01-03,Debit Card
9046,569,2025-07-07,Net Banking
9047,535,2025-04-17,Net Banking
9048,97,2024-12-27,Cash
9049,803,2025-11-16,Credit Card
9050,411,2025-08-27,UPI
9051,81,2025-12-19,Cash
9052,178,2025-06-07,Credit Card
9053,794,2025-10-24,Debit Card
9054,680,2025-04-20,Net Banking
9055,812,2025-01-15,Credit Card
9056,524,2025-09-30,Credit Card
9057,928,2025-04-04,Credit Card
9058,385,2025-05-18,Cash
9059,435,2025-05-25,Net Banking
9060,294,2025-07-01,Cash
9061,467,2025-11-14,UPI
9062,149,2025-03-18,Cash
9063,863,2025-02-19,Credit Card
9064,316,2025-03-07,Cash
9065,374,2025-12-20,Net Banking
9066,905,2025-09-20,Net Banking
9067,474,2025-02-26,Debit Card
9068,299,2025-07-19,Debit Card
9069,754,2025-08-01,Cash
9070,144,2025-02-19,Cash
9071,293,2025-07-11,Debit Card
9072,257,2025-03-28,Credit Card
9073,746,2025-07-20,Credit Card
9074,729,2025-03-31,Debit Card
9075,744,2025-01-13,Credit Card
9076,197,2025-11-13,Cash
9077,182,2025-10-19,Debit Card
9078,873,2025-07-19,UPI
9079,841,2025-09-23,UPI
9080,308,2025-10-23,Net Banking
9081,870,2025-10-01,UPI
9082,501,2025-06-08,UPI
9083,925,2024-12-26,Net Banking
9084,766,2025-04-26,Cash
9085,49,2025-06-28,Cash
9086,575,2025-07-10,Debit Card
9087,302,2025-10-06,Cash
9088,445,2025-08-11,Credit Card
9089,588,2025-10-11,Debit Card
9090,653,2025-03-04,UPI
9091,423,2025-06-02,Cash
9092,606,2025-05-26,UPI
9093,635,2025-04-21,Credit Card
9094,494,2025-11-27,Credit Card
9095,30,2025-07-16,Credit Card
9096,647,2025-01-28,Debit Card
9097,648,2025-03-06,UPI
9098,827,2025-08-12,Debit Card
9099,621,2025-06-07,Debit Card
9100,964,2025-10-12,Debit Card
9101,520,2025-05-21,Net Banking
9102,956,2025-06-15,Credit Card
9103,357,2025-07-27,UPI
9104,471,2025-05-31,UPI
9105,852,2025-03-05,UPI
9106,396,2025-10-23,Debit Card
9107,505,2025-12-04,Cash
9108,371,2025-05-28,Net Banking
9109,58,2025-03-30,Net Banking
9110,553,2025-07-29,Cash
9111,772,2025-03-27,Net Banking
9112,576,2025-10-14,Debit Card
9113,570,2025-05-27,Cash
9114,322,2025-09-23,Debit Card
9115,292,2025-06-21,Credit Card
9116,53,2025-09-09,Debit Card
9117,365,2025-09-07,UPI
9118,48,2025-01-14,Cash
9119,390,2025-03-06,Net Banking
9120,480,2025-07-14,UPI
9121,319,2025-05-15,Credit Card
9122,827,2025-05-10,Credit Card
9123,374,2025-11-24,Net Banking
9124,962,2025-04-29,UPI
9125,388,2025-08-11,Credit Card
9126,911,2025-08-01,Credit Card
9127,535,2025-03-27,Debit Card
9128,704,2025-05-15,Net Banking
9129,835,2025-04-05,Cash
9130,604,2025-02-26,Credit Card
9131,41,2025-06-24,Net Banking
9132,630,2025-09-12,Debit Card
9133,976,2025-11-25,Credit Card
9134,358,2025-01-24,Cash
9135,153,2025-09-02,UPI
9136,924,2025-09-19,Cash
9137,723,2025-06-22,Net Banking
9138,669,2025-05-04,Credit Card
9139,492,2025-09-30,Net Banking
9140,137,2025-03-25,Net Banking
9141,298,2025-04-18,Credit Card
9142,380,2025-07-12,Debit Card
9143,785,2025-05-16,Debit Card
9144,753,2025-10-15,Debit Card
9145,145,2025-05-26,UPI
9146,756,2025-07-19,UPI
9147,671,2025-07-08,Debit Card
9148,597,2025-10-28,Net Banking
9149,336,2025-01-22,Cash
9150,260,2025-11-30,Debit Card
9151,966,2025-02-24,Cash
9152,70,2025-06-03,Cash
9153,893,2025-07-26,Cash
9154,860,2025-07-16,Cash
9155,444,2025-02-21,Cash
9156,981,2025-06-09,Net Banking
9157,214,2025-06-05,Cash
9158,663,2025-10-08,UPI
9159,178,2025-10-12,UPI
9160,328,2025-07-18,UPI
9161,232,2025-01-11,Net Banking
9162,535,2025-07-21,Credit Card
9163,963,2025-03-05,UPI
9164,891,2025-07-11,Debit Card
9165,674,2025-08-23,Credit Card
9166,336,2025-10-07,Cash
9167,196,2025-08-25,Debit Card
9168,51,2025-11-14,Credit Card
9169,143,2025-07-30,Debit Card
9170,47,2025-04-15,UPI
9171,831,2025-09-05,Cash
9172,455,2025-11-09,Credit Card
9173,729,2025-03-04,Net Banking
9174,74,2025-05-19,Net Banking
9175,845,2025-09-04,Cash
9176,212,2025-03-01,Net Banking
9177,823,2025-03-08,UPI
9178,577,2025-08-27,Credit Card
9179,146,2025-11-27,Credit Card
9180,350,2025-09-14,Debit Card
9181,816,2025-04-29,Cash
9182,36,2025-11-18,UPI
9183,442,2025-01-09,Credit Card
9184,258,2025-11-15,Credit Card
9185,60,2025-05-11,Debit Card
9186,592,2025-09-05,Credit Card
9187,841,2025-06-07,Net Banking
9188,365,2025-03-31,Net Banking
9189,199,2025-08-22,Debit Card
9190,66,2025-11-28,Cash
9191,406,2025-12-24,Net Banking
9192,508,2025-10-21,Cash
9193,130,2025-02-08,Debit Card
9194,607,2025-03-02,UPI
9195,721,2025-06-15,Cash
9196,268,2025-07-05,Debit Card
9197,737,2025-04-17,Debit Card
9198,871,2025-09-07,Net Banking
9199,515,2025-03-18,Credit Card
9200,992,2025-06-19,Net Banking
9201,377,2025-06-20,Debit Card
9202,871,2025-03-21,Net Banking
9203,658,2025-04-29,Net Banking
9204,101,2025-04-30,Cash
9205,118,2025-02-18,Credit Card
9206,177,2025-02-27,Debit Card
9207,5,2025-11-28,Net Banking
9208,935,2025-05-25,Debit Card
9209,461,2025-08-26,Cash
9210,908,2025-04-24,Net Banking
9211,390,2025-05-07,Cash
9212,553,2025-03-31,Cash
9213,976,2025-02-26,Credit Card
9214,297,2025-12-23,Net Banking
9215,858,2025-01-23,Cash
9216,669,2025-03-29,UPI
9217,430,2025-11-24,Debit Card
9218,940,2025-05-09,Credit Card
9219,763,2025-03-01,UPI
9220,346,2025-06-01,Debit Card
9221,163,2025-06-07,Net Banking
9222,462,2025-04-26,Debit Card
9223,796,2025-07-29,Credit Card
9224,450,2025-05-23,Debit Card
9225,378,2025-07-20,UPI
9226,426,2025-11-15,Debit Card
9227,348,2025-12-18,Debit Card
9228,636,2025-12-12,Net Banking
9229,234,2025-10-16,Credit Card
9230,455,2025-10-25,Debit Card
9231,644,2025-07-23,Cash
9232,355,2025-02-14,Credit Card
9233,375,2025-01-29,Cash
9234,426,2025-04-13,UPI
9235,706,2025-02-12,Net Banking
9236,54,2025-03-09,Net Banking
9237,80,2025-03-25,Credit Card
9238,904,2025-05-21,Cash
9239,98,2024-12-28,Debit Card
9240,616,2025-04-12,Debit Card
9241,716,2025-08-01,UPI
9242,225,2025-03-24,Credit Card
9243,180,2025-10-06,Credit Card
9244,419,2025-09-22,Cash
9245,695,2025-11-18,Net Banking
9246,247,2025-03-06,Debit Card
9247,963,2025-09-01,UPI
9248,177,2025-12-10,Debit Card
9249,339,2025-07-21,Net Banking
9250,29,2025-10-16,Cash
9251,672,2025-12-26,Credit Card
9252,650,2025-02-22,Debit Card
9253,361,2025-11-09,Cash
9254,132,2025-06-03,Debit Card
9255,64,2025-06-22,UPI
9256,292,2025-04-05,Debit Card
9257,629,2025-02-18,Debit Card
9258,855,2025-06-21,Cash
9259,1,2025-04-19,UPI
9260,15,2025-06-28,Cash
9261,786,2025-08-13,UPI
9262,465,2025-03-19,Debit Card
9263,731,2025-12-22,Credit Card
9264,727,2025-08-03,Credit Card
9265,508,2025-03-03,Credit Card
9266,703,2025-03-19,UPI
9267,467,2025-04-01,Net Banking
9268,374,2025-03-17,Net Banking
9269,957,2025-07-27,UPI
9270,541,2025-11-14,Net Banking
9271,784,2025-04-07,Net Banking
9272,225,2025-04-15,UPI
9273,637,2025-08-02,Net Banking
9274,185,2025-07-16,Cash
9275,673,2025-04-18,Cash
9276,8,2025-08-19,Debit Card
9277,434,2025-11-23,Debit Card
9278,458,2025-05-17,Credit Card
9279,393,2024-12-28,Debit Card
9280,314,2025-11-30,Cash
9281,595,2025-08-07,Cash
9282,421,2025-09-01,Credit Card
9283,418,2025-06-05,Cash
9284,569,2025-08-08,UPI
9285,492,2025-04-15,Cash
9286,202,2024-12-26,Credit Card
9287,770,2025-04-28,Debit Card
9288,159,2025-11-26,Credit Card
9289,215,2025-01-18,Net Banking
9290,234,2025-05-24,Credit Card
9291,637,2025-02-07,Net Banking
9292,273,2025-06-15,UPI
9293,531,2025-09-19,Credit Card
9294,224,2025-04-17,Cash
9295,30,2025-01-29,UPI
9296,248,2025-05-31,Net Banking
9297,704,2025-04-19,Debit Card
9298,489,2025-06-26,UPI
9299,105,2025-12-18,UPI
9300,7,2025-10-30,UPI
9301,444,2025-02-14,Net Banking
9302,3,2025-05-07,Credit Card
9303,22,2025-06-13,Net Banking
9304,360,2025-07-28,UPI
9305,71,2025-05-04,Cash
9306,136,2025-07-10,UPI
9307,929,2025-05-19,UPI
9308,184,2025-07-03,UPI
9309,8,2025-11-03,Credit Card
9310,121,2025-12-25,Cash
9311,555,2025-02-18,Cash
9312,855,2025-03-25,Credit Card
9313,820,2025-05-26,Net Banking
9314,400,2025-07-28,Net Banking
9315,492,2025-01-09,Net Banking
9316,425,2025-02-16,Cash
9317,414,2025-11-09,Net Banking
9318,317,2025-01-18,Cash
9319,114,2025-11-15,Net Banking
9320,670,2025-06-21,Net Banking
9321,123,2025-03-04,Credit Card
9322,138,2025-11-06,Cash
9323,202,2025-07-08,UPI
9324,937,2025-05-10,UPI
9325,84,2025-11-18,Cash
9326,421,2025-09-30,Net Banking
9327,31,2025-11-16,Cash
9328,244,2025-03-02,Credit Card
9329,982,2025-10-30,Debit Card
9330,800,2025-08-14,Cash
9331,325,2025-03-17,Net Banking
9332,15,2025-09-25,UPI
9333,840,2025-04-14,Credit Card
9334,749,2025-03-28,Debit Card
9335,402,2025-05-23,Credit Card
9336,158,2025-09-24,UPI
9337,379,2024-12-29,Debit Card
9338,228,2025-11-11,UPI
9339,383,2025-02-21,Net Banking
9340,483,2025-09-06,Net Banking
9341,611,2025-06-23,Net Banking
9342,358,2025-02-25,UPI
9343,334,2025-11-23,Debit Card
9344,940,2025-05-11,Debit Card
9345,334,2025-10-10,Net Banking
9346,123,2025-01-13,Credit Card
9347,752,2025-10-10,Credit Card
9348,988,2025-07-24,Cash
9349,923,2025-11-08,UPI
9350,855,2025-04-13,Credit Card
9351,906,2025-04-10,Cash
9352,44,2025-09-14,Credit Card
9353,405,2025-12-25,Debit Card
9354,319,2025-12-06,Cash
9355,292,2025-12-13,Credit Card
9356,396,2025-07-14,Debit Card
9357,12,2025-02-04,Debit Card
9358,635,2025-03-29,Debit Card
9359,838,2025-10-04,Cash
9360,561,2025-06-16,Credit Card
9361,979,2025-10-22,UPI
9362,175,2025-08-25,Net Banking
9363,637,2025-01-02,Net Banking
9364,83,2025-05-27,Debit Card
9365,806,2025-11-25,UPI
9366,965,2025-05-16,Cash
9367,420,2025-10-01,Debit Card
9368,274,2025-06-08,Debit Card
9369,312,2025-08-30,Net Banking
9370,615,2025-04-01,Cash
9371,449,2025-02-19,Debit Card
9372,607,2025-02-15,Net Banking
9373,153,2025-10-06,Credit Card
9374,536,2025-09-15,Cash
9375,254,2025-09-21,Debit Card
9376,205,2025-03-12,Cash
9377,731,2025-11-05,Credit Card
9378,449,2025-04-02,Debit Card
9379,327,2025-12-26,Cash
9380,422,2025-09-13,Net Banking
9381,870,2025-06-05,Net Banking
9382,153,2025-12-20,Net Banking
9383,283,2025-01-19,Debit Card
9384,400,2025-08-05,Net Banking
9385,805,2025-04-20,Debit Card
9386,563,2025-10-04,Debit Card
9387,116,2025-11-20,Debit Card
9388,94,2025-05-02,Debit Card
9389,124,2025-05-22,UPI
9390,794,2025-08-22,Net Banking
9391,905,2025-10-09,Debit Card
9392,451,2025-10-02,Credit Card
9393,766,2025-09-12,Net Banking
9394,371,2025-05-30,Credit Card
9395,671,2025-01-04,Net Banking
9396,35,2025-06-14,UPI
9397,585,2025-10-05,UPI
9398,165,2025-04-14,Debit Card
9399,638,2025-10-14,Cash
9400,299,2025-08-26,Net Banking
9401,163,2025-06-29,Net Banking
9402,644,2025-01-06,Net Banking
9403,786,2025-10-17,Debit Card
9404,450,2024-12-31,Net Banking
9405,664,2025-01-05,Debit Card
9406,379,2025-10-29,Credit Card
9407,653,2025-01-02,Cash
9408,409,2025-06-01,Cash
9409,241,2025-03-18,Net Banking
9410,463,2025-10-27,Debit Card
9411,414,2025-08-31,Cash
9412,299,2025-04-05,Credit Card
9413,95,2025-05-13,Debit Card
9414,87,2025-11-22,Credit Card
9415,216,2025-02-02,Credit Card
9416,36,2025-03-16,Net Banking
9417,687,2025-12-24,Cash
9418,603,2025-03-30,Debit Card
9419,949,2025-04-22,Net Banking
9420,669,2025-12-10,Net Banking
9421,437,2025-01-16,UPI
9422,260,2025-10-01,UPI
9423,686,2025-11-21,Cash
9424,620,2025-07-01,Net Banking
9425,798,2025-01-31,Debit Card
9426,654,2025-02-08,Cash
9427,874,2025-08-17,Cash
9428,646,2025-02-14,Cash
9429,318,2025-12-12,Cash
9430,723,2025-07-08,Credit Card
9431,154,2025-08-31,Debit Card
9432,265,2025-05-23,Net Banking
9433,516,2025-07-08,Net Banking
9434,730,2025-09-02,Debit Card
9435,100,2025-09-27,UPI
9436,401,2025-02-05,Debit Card
9437,655,2025-11-04,UPI
9438,446,2025-10-23,UPI
9439,814,2025-07-29,UPI
9440,278,2025-08-06,Net Banking
9441,686,2025-09-10,UPI
9442,228,2025-03-10,Credit Card
9443,105,2025-08-03,UPI
9444,102,2025-04-16,Cash
9445,888,2025-10-18,Debit Card
9446,280,2025-08-26,UPI
9447,386,2025-09-27,Credit Card
9448,842,2025-03-13,UPI
9449,603,2024-12-30,UPI
9450,405,2025-11-04,UPI
9451,526,2025-06-03,UPI
9452,101,2025-04-03,Debit Card
9453,35,2025-06-12,Net Banking
9454,748,2025-10-20,Cash
9455,759,2025-03-29,UPI
9456,402,2025-01-26,UPI
9457,367,2025-07-18,Net Banking
9458,958,2025-06-26,UPI
9459,617,2025-02-01,UPI
9460,674,2025-03-10,UPI
9461,261,2025-06-14,Net Banking
9462,867,2025-01-20,UPI
9463,572,2025-09-28,Credit Card
9464,183,2025-01-23,Debit Card
9465,149,2025-03-27,Cash
9466,32,2025-02-19,Net Banking
9467,823,2025-07-13,Net Banking
9468,115,2025-10-02,UPI
9469,732,2025-11-13,Credit Card
9470,780,2025-07-30,Cash
9471,771,2025-04-07,Cash
9472,561,2025-12-15,Net Banking
9473,74,2025-05-02,UPI
9474,662,2025-09-20,Debit Card
9475,53,2025-02-15,Debit Card
9476,265,2025-08-21,Debit Card
9477,617,2025-07-03,Debit Card
9478,877,2025-08-29,Net Banking
9479,808,2025-01-21,Net Banking
9480,950,2025-03-31,Debit Card
9481,428,2025-07-05,Cash
9482,880,2025-06-28,Cash
9483,361,2025-04-18,Credit Card
9484,38,2025-11-03,Cash
9485,88,2025-07-02,Debit Card
9486,485,2025-01-18,Net Banking
9487,871,2025-01-27,Cash
9488,608,2025-05-21,Cash
9489,376,2025-05-24,Cash
9490,392,2025-09-23,UPI
9491,960,2025-01-02,Cash
9492,293,2025-08-31,Credit Card
9493,64,2025-01-15,UPI
9494,442,2025-11-24,Net Banking
9495,404,2025-02-27,Net Banking
9496,705,2025-12-25,Debit Card
9497,498,2025-06-01,Debit Card
9498,804,2025-08-06,Credit Card
9499,237,2025-05-06,Cash
9500,157,2025-05-05,Credit Card
9501,364,2025-09-27,Net Banking
9502,392,2025-08-09,Net Banking
9503,938,2025-09-15,Cash
9504,870,2025-11-28,Cash
9505,171,2025-11-09,UPI
9506,413,2025-05-11,UPI
9507,633,2025-03-10,Debit Card
9508,374,2025-12-12,Net Banking
9509,148,2025-04-19,Credit Card
9510,51,2025-01-11,Credit Card
9511,636,2025-12-06,Cash
9512,990,2025-02-19,Net Banking
9513,960,2025-03-31,Cash
9514,67,2024-12-27,UPI
9515,138,2025-09-04,Net Banking
9516,77,2025-08-16,Net Banking
9517,150,2025-01-14,Credit Card
9518,348,2025-05-23,Cash
9519,162,2025-12-25,UPI
9520,705,2025-12-26,Credit Card
9521,528,2025-07-25,Net Banking
9522,713,2025-02-04,UPI
9523,990,2025-08-21,Credit Card
9524,620,2025-08-02,UPI
9525,995,2025-04-03,UPI
9526,516,2025-12-24,Credit Card
9527,29,2025-02-16,Debit Card
9528,281,2025-05-15,Cash
9529,213,2025-07-12,Debit Card
9530,33,2025-12-02,Cash
9531,851,2025-11-22,Debit Card
9532,385,2025-05-11,Debit Card
9533,663,2025-08-03,UPI
9534,128,2025-04-16,Debit Card
9535,130,2025-12-01,Net Banking
9536,733,2025-01-07,Credit Card
9537,37,2025-08-13,Net Banking
9538,931,2025-07-07,Debit Card
9539,483,2025-07-27,Net Banking
9540,160,2025-02-12,Cash
9541,104,2025-04-12,Debit Card
9542,440,2025-06-08,Debit Card
9543,741,2025-07-20,Debit Card
9544,118,2025-06-08,Credit Card
9545,887,2025-05-31,Debit Card
9546,270,2025-01-14,Credit Card
9547,450,2025-02-17,Debit Card
9548,490,2025-11-28,Net Banking
9549,470,2025-10-21,Credit Card
9550,41,2025-10-26,Debit Card
9551,18,2025-03-05,Cash
9552,392,2025-10-29,Debit Card
9553,351,2025-06-04,UPI
9554,653,2025-04-28,Net Banking
9555,840,2025-11-01,Cash
9556,98,2025-03-16,UPI
9557,299,2025-10-04,Debit Card
9558,549,2025-10-24,Net Banking
9559,695,2025-05-08,UPI
9560,107,2025-09-16,Debit Card
9561,426,2025-04-25,Debit Card
9562,399,2025-04-24,Debit Card
9563,631,2025-01-05,Cash
9564,586,2025-05-11,Cash
9565,414,2025-06-03,Cash
9566,795,2025-09-26,Debit Card
9567,716,2025-08-15,UPI
9568,163,2025-12-24,Credit Card
9569,364,2025-03-22,UPI
9570,619,2025-02-08,Cash
9571,711,2025-10-08,Net Banking
9572,872,2025-04-07,UPI
9573,855,2025-06-11,UPI
9574,734,2025-12-22,UPI
9575,741,2025-04-22,Cash
9576,791,2025-06-01,Debit Card
9577,175,2025-04-09,UPI
9578,142,2025-02-17,UPI
9579,132,2025-09-19,Net Banking
9580,539,2025-09-20,Net Banking
9581,59,2025-01-15,Credit Card
9582,338,2025-12-06,Debit Card
9583,327,2025-09-06,Debit Card
9584,346,2025-04-04,UPI
9585,560,2025-02-08,Debit Card
9586,449,2025-04-25,Credit Card
9587,189,2025-01-25,Net Banking
9588,431,2025-05-04,UPI
9589,86,2025-09-27,UPI
9590,462,2025-05-09,Debit Card
9591,583,2025-03-25,Credit Card
9592,798,2025-09-24,UPI
9593,46,2025-11-19,Net Banking
9594,410,2025-10-14,Cash
9595,461,2025-01-16,Cash
9596,592,2025-03-19,Cash
9597,296,2025-07-15,Cash
9598,57,2025-06-24,Net Banking
9599,1000,2025-12-09,Net Banking
9600,225,2025-07-02,Credit Card
9601,148,2025-05-18,Cash
9602,520,2025-03-19,Credit Card
9603,156,2025-05-15,Net Banking
9604,889,2024-12-31,Credit Card
9605,887,2025-12-04,Credit Card
9606,830,2025-11-14,Cash
9607,279,2025-11-28,Credit Card
9608,168,2025-06-06,Cash
9609,209,2025-11-17,Net Banking
9610,233,2025-09-26,Debit Card
9611,426,2025-08-04,Net Banking
9612,642,2025-11-27,Cash
9613,167,2025-05-10,Debit Card
9614,855,2025-01-10,Cash
9615,563,2025-05-31,Debit Card
9616,405,2025-04-25,Net Banking
9617,721,2025-10-09,Cash
9618,867,2025-10-08,Credit Card
9619,739,2025-02-20,Cash
9620,756,2025-04-12,Debit Card
9621,842,2025-07-12,Cash
9622,425,2025-01-06,UPI
9623,660,2025-08-09,Net Banking
9624,977,2025-07-20,Cash
9625,960,2025-01-17,Debit Card
9626,492,2025-07-05,Credit Card
9627,185,2025-02-24,Cash
9628,488,2025-03-29,Cash
9629,508,2025-04-25,Cash
9630,712,2025-06-12,UPI
9631,655,2025-08-31,Net Banking
9632,532,2024-12-29,Debit Card
9633,603,2025-01-30,Cash
9634,327,2025-04-28,Cash
9635,243,2025-03-14,Net Banking
9636,713,2025-02-02,Credit Card
9637,201,2025-09-15,UPI
9638,658,2025-11-08,Net Banking
9639,202,2025-03-26,UPI
9640,965,2025-05-25,Net Banking
9641,879,2025-07-06,Net Banking
9642,441,2025-11-16,UPI
9643,762,2025-05-27,UPI
9644,268,2025-11-17,UPI
9645,701,2025-07-18,UPI
9646,311,2025-07-11,Debit Card
9647,659,2025-07-24,Credit Card
9648,343,2025-07-20,Credit Card
9649,659,2025-07-15,Debit Card
9650,512,2025-10-18,Credit Card
9651,835,2025-08-30,Cash
9652,647,2025-03-11,Debit Card
9653,583,2025-10-13,Net Banking
9654,307,2025-09-04,Net Banking
9655,182,2025-05-14,UPI
9656,630,2025-05-29,Cash
9657,435,2025-06-18,Credit Card
9658,446,2025-08-31,UPI
9659,746,2025-08-09,UPI
9660,864,2025-07-05,Cash
9661,959,2025-04-13,Net Banking
9662,366,2025-08-22,UPI
9663,498,2025-12-05,Cash
9664,578,2025-07-10,Credit Card
9665,598,2025-07-11,Debit Card
9666,671,2025-06-22,UPI
9667,216,2025-05-27,Net Banking
9668,88,2025-03-20,Net Banking
9669,399,2025-03-09,Debit Card
9670,65,2025-05-19,Debit Card
9671,315,2025-11-27,Credit Card
9672,206,2025-06-27,Cash
9673,42,2025-03-27,Credit Card
9674,236,2025-04-17,Net Banking
9675,272,2025-09-07,Cash
9676,31,2025-10-08,Net Banking
9677,223,2025-12-16,Net Banking
9678,879,2025-06-12,Debit Card
9679,390,2025-11-27,Cash
9680,915,2025-07-26,Cash
9681,885,2025-10-01,Credit Card
9682,131,2025-08-22,Credit Card
9683,930,2025-07-28,UPI
9684,245,2025-09-22,Cash
9685,487,2025-07-12,Credit Card
9686,330,2025-01-17,Credit Card
9687,673,2025-04-05,Net Banking
9688,700,2025-03-02,Cash
9689,965,2025-09-17,Credit Card
9690,954,2025-01-13,UPI
9691,746,2025-02-05,Credit Card
9692,447,2025-06-16,Net Banking
9693,602,2025-03-09,Cash
9694,724,2025-05-19,Debit Card
9695,97,2025-10-17,UPI
9696,646,2025-04-20,Credit Card
9697,848,2025-11-05,Credit Card
9698,356,2025-01-11,Net Banking
9699,529,2025-06-27,Net Banking
9700,141,2025-11-27,Debit Card
9701,503,2025-07-22,UPI
9702,524,2025-07-13,UPI
9703,488,2025-01-06,UPI
9704,413,2025-03-03,Cash
9705,145,2024-12-28,Net Banking
9706,414,2025-03-15,Net Banking
9707,512,2025-08-23,Cash
9708,92,2025-06-12,Net Banking
9709,889,2025-06-26,Net Banking
9710,949,2025-05-20,UPI
9711,559,2025-09-11,UPI
9712,125,2025-05-18,Credit Card
9713,29,2025-02-24,Debit Card
9714,860,2025-04-24,Cash
9715,634,2025-04-05,Credit Card
9716,297,2025-01-26,Debit Card
9717,429,2025-01-16,UPI
9718,962,2025-12-19,UPI
9719,68,2025-09-07,UPI
9720,915,2025-07-16,Net Banking
9721,39,2025-04-01,Cash
9722,343,2025-07-25,Credit Card
9723,133,2025-08-17,Debit Card
9724,689,2025-11-26,Credit Card
9725,202,2025-11-17,Net Banking
9726,291,2025-12-05,Cash
9727,665,2025-07-05,UPI
9728,316,2025-12-21,Net Banking
9729,800,2025-05-09,Credit Card
9730,597,2025-02-06,Cash
9731,301,2025-01-04,Cash
9732,679,2025-08-10,Cash
9733,895,2025-08-26,Credit Card
9734,27,2025-02-05,Credit Card
9735,691,2025-09-01,Debit Card
9736,561,2025-01-09,Credit Card
9737,950,2025-02-09,Net Banking
9738,699,2025-06-05,Net Banking
9739,74,2024-12-31,Net Banking
9740,697,2025-02-26,Cash
9741,62,2025-01-20,UPI
9742,26,2025-01-18,UPI
9743,90,2025-03-21,Debit Card
9744,495,2025-02-17,Cash
9745,339,2025-04-10,Debit Card
9746,422,2025-11-29,Cash
9747,641,2025-07-21,Credit Card
9748,853,2025-08-25,UPI
9749,113,2025-08-02,Net Banking
9750,530,2025-05-29,Credit Card
9751,57,2025-04-30,Credit Card
9752,515,2025-04-09,UPI
9753,599,2025-10-09,UPI
9754,529,2025-11-16,Debit Card
9755,765,2025-06-03,Net Banking
9756,656,2025-09-29,Debit Card
9757,473,2025-10-22,Net Banking
9758,91,2025-08-17,UPI
9759,657,2025-09-30,UPI
9760,735,2025-11-22,Cash
9761,730,2025-06-25,Credit Card
9762,494,2025-05-10,Cash
9763,199,2025-02-16,Credit Card
9764,913,2025-11-20,Cash
9765,936,2025-12-14,Credit Card
9766,403,2025-02-15,Credit Card
9767,198,2025-07-26,UPI
9768,77,2025-05-20,Net Banking
9769,109,2025-11-15,Credit Card
9770,546,2025-06-01,Cash
9771,191,2025-10-05,Net Banking
9772,427,2025-05-09,Debit Card
9773,198,2025-01-17,Credit Card
9774,806,2025-08-06,Credit Card
9775,456,2025-02-21,Credit Card
9776,948,2025-08-09,Debit Card
9777,121,2025-12-14,Credit Card
9778,717,2025-04-22,Credit Card
9779,129,2025-12-08,Debit Card
9780,597,2025-09-18,Net Banking
9781,357,2025-07-04,Debit Card
9782,221,2025-04-13,Debit Card
9783,934,2025-02-25,Debit Card
9784,891,2025-07-03,Debit Card
9785,372,2025-02-08,Cash
9786,62,2025-12-05,UPI
9787,85,2025-07-16,Net Banking
9788,645,2025-07-27,Cash
9789,452,2025-08-19,Cash
9790,573,2025-03-29,Debit Card
9791,532,2025-11-11,Cash
9792,799,2025-09-15,UPI
9793,750,2025-08-25,UPI
9794,756,2025-02-05,Cash
9795,203,2025-05-14,Net Banking
9796,806,2025-12-20,Credit Card
9797,709,2025-07-07,Debit Card
9798,233,2025-10-13,Net Banking
9799,72,2025-04-21,Debit Card
9800,299,2025-10-27,Cash
9801,675,2025-06-28,Cash
9802,58,2025-10-15,Net Banking
9803,272,2025-09-18,Credit Card
9804,270,2025-09-24,UPI
9805,880,2025-06-16,Debit Card
9806,420,2025-12-02,Net Banking
9807,233,2025-10-22,UPI
9808,447,2025-10-07,Credit Card
9809,365,2025-12-12,UPI
9810,229,2025-01-26,Net Banking
9811,269,2025-04-22,UPI
9812,712,2025-07-29,Net Banking
9813,507,2025-02-22,Debit Card
9814,998,2025-12-08,UPI
9815,189,2025-06-09,Credit Card
9816,334,2025-09-14,UPI
9817,519,2025-01-17,Net Banking
9818,791,2025-01-06,Cash
9819,907,2025-06-04,UPI
9820,204,2025-06-08,Net Banking
9821,941,2025-05-25,Cash
9822,713,2025-06-28,Debit Card
9823,527,2025-12-07,Net Banking
9824,566,2025-12-11,UPI
9825,1,2025-12-14,Cash
9826,757,2025-02-19,Debit Card
9827,986,2025-09-26,Net Banking
9828,478,2025-03-15,Credit Card
9829,508,2025-02-25,Net Banking
9830,654,2024-12-28,Credit Card
9831,367,2025-10-09,Net Banking
9832,912,2025-08-15,Debit Card
9833,71,2025-09-22,Net Banking
9834,786,2025-02-15,UPI
9835,290,2025-08-06,Credit Card
9836,814,2025-06-07,Debit Card
9837,440,2025-09-26,Cash
9838,526,2025-11-01,Credit Card
9839,226,2025-10-22,Debit Card
9840,981,2025-07-19,Debit Card
9841,758,2025-11-30,Credit Card
9842,467,2025-12-03,Debit Card
9843,969,2025-10-19,Cash
9844,418,2025-09-07,Net Banking
9845,201,2025-01-31,UPI
9846,72,2025-08-09,Debit Card
9847,928,2025-04-29,Debit Card
9848,359,2025-09-22,UPI
9849,403,2025-09-19,Debit Card
9850,944,2025-09-15,Net Banking
9851,500,2025-05-01,UPI
9852,264,2025-09-25,UPI
9853,998,2025-10-18,Credit Card
9854,364,2025-08-24,Net Banking
9855,406,2025-04-10,Debit Card
9856,419,2025-05-06,Net Banking
9857,509,2025-05-10,Net Banking
9858,569,2025-08-26,Net Banking
9859,342,2025-07-03,Credit Card
9860,575,2025-11-23,Debit Card
9861,415,2025-09-24,Net Banking
9862,98,2025-03-15,Credit Card
9863,36,2025-09-25,UPI
9864,500,2025-05-13,UPI
9865,186,2025-11-06,Debit Card
9866,274,2025-07-14,Cash
9867,441,2025-09-14,Debit Card
9868,807,2025-08-14,Debit Card
9869,908,2025-02-01,UPI
9870,942,2025-04-14,Credit Card
9871,571,2025-09-22,Credit Card
9872,7,2025-02-10,Debit Card
9873,930,2025-09-13,Credit Card
9874,256,2025-09-14,Net Banking
9875,312,2025-03-06,Debit Card
9876,680,2025-12-21,Debit Card
9877,75,2025-05-15,Cash
9878,67,2025-03-04,Net Banking
9879,706,2025-04-07,Debit Card
9880,135,2025-11-20,Credit Card
9881,853,2025-02-10,UPI
9882,114,2025-10-11,Net Banking
9883,262,2025-02-12,UPI
9884,746,2025-01-07,Net Banking
9885,987,2025-04-16,Net Banking
9886,979,2025-07-27,Cash
9887,526,2025-02-06,Net Banking
9888,377,2025-03-24,Credit Card
9889,368,2025-09-09,Cash
9890,295,2025-11-07,Net Banking
9891,460,2025-02-20,Debit Card
9892,228,2025-11-14,Debit Card
9893,961,2025-04-14,Debit Card
9894,678,2025-04-12,UPI
9895,767,2025-06-23,Credit Card
9896,771,2025-12-11,Credit Card
9897,621,2025-10-10,Cash
9898,917,2025-10-27,Cash
9899,100,2025-10-23,Cash
9900,732,2025-10-02,Net Banking
9901,936,2025-06-22,UPI
9902,966,2025-01-22,Credit Card
9903,787,2025-03-31,Credit Card
9904,932,2025-06-13,Credit Card
9905,997,2025-01-22,Credit Card
9906,453,2025-09-17,UPI
9907,926,2025-07-02,UPI
9908,338,2025-07-28,Net Banking
9909,326,2025-10-09,UPI
9910,769,2025-03-25,Cash
9911,857,2025-08-31,Credit Card
9912,467,2025-04-20,Debit Card
9913,581,2025-07-31,Cash
9914,910,2025-07-30,Credit Card
9915,118,2025-06-14,Cash
9916,849,2025-01-06,Debit Card
9917,922,2025-12-21,Debit Card
9918,349,2025-11-08,Net Banking
9919,750,2025-05-09,Debit Card
9920,465,2025-03-23,Credit Card
9921,600,2025-05-01,Credit Card
9922,201,2025-03-14,Cash
9923,962,2025-03-01,UPI
9924,495,2025-03-27,Cash
9925,199,2025-07-06,UPI
9926,94,2025-09-18,Net Banking
9927,209,2025-06-08,UPI
9928,826,2025-04-25,Cash
9929,695,2025-08-11,Cash
9930,644,2025-04-21,Net Banking
9931,257,2025-01-13,Cash
9932,582,2025-09-04,Debit Card
9933,61,2025-08-14,Debit Card
9934,114,2025-12-02,Debit Card
9935,844,2025-04-17,Cash
9936,544,2025-07-13,UPI
9937,959,2025-11-30,Cash
9938,142,2025-06-27,Debit Card
9939,544,2025-08-27,Cash
9940,879,2025-08-31,UPI
9941,806,2025-01-30,Cash
9942,580,2025-01-31,Credit Card
9943,526,2025-09-26,Credit Card
9944,12,2025-07-05,Credit Card
9945,137,2025-11-17,Cash
9946,876,2024-12-31,Debit Card
9947,548,2025-02-28,Cash
9948,157,2025-06-18,Cash
9949,994,2025-02-07,Net Banking
9950,714,2025-08-16,UPI
9951,733,2025-05-02,Debit Card
9952,394,2025-01-10,Cash
9953,90,2025-10-07,Debit Card
9954,981,2025-04-26,Debit Card
9955,811,2025-08-27,UPI
9956,759,2025-09-03,Credit Card
9957,489,2025-02-24,Net Banking
9958,49,2025-06-12,Cash
9959,791,2025-11-26,Credit Card
9960,619,2025-07-14,Cash
9961,120,2025-05-23,Net Banking
9962,809,2025-11-11,Debit Card
9963,375,2025-12-11,Cash
9964,125,2025-04-17,Cash
9965,302,2025-01-05,Credit Card
9966,668,2025-09-04,UPI
9967,594,2025-08-20,Credit Card
9968,900,2025-01-27,Debit Card
9969,576,2025-10-15,UPI
9970,280,2025-02-04,Debit Card
9971,599,2025-05-08,Credit Card
9972,608,2025-03-13,Debit Card
9973,280,2025-07-05,Credit Card
9974,347,2024-12-27,Cash
9975,786,2025-07-09,Net Banking
9976,76,2025-09-23,Net Banking
9977,214,2025-03-18,Credit Card
9978,684,2025-11-19,Net Banking
9979,10,2025-07-10,Net Banking
9980,571,2025-12-10,Net Banking
9981,338,2025-02-17,Debit Card
9982,664,2025-03-14,Debit Card
9983,146,2025-04-25,UPI
9984,183,2025-06-10,Cash
9985,648,2025-08-22,Cash
9986,952,2025-02-08,Cash
9987,390,2025-10-01,Credit Card
9988,691,2025-03-04,Debit Card
9989,701,2025-03-30,Credit Card
9990,549,2025-03-22,Cash
9991,882,2025-04-21,Credit Card
9992,25,2025-05-25,UPI
9993,835,2025-05-07,Net Banking
9994,184,2025-05-27,UPI
9995,204,2025-01-05,UPI
9996,504,2025-06-11,Credit Card
9997,785,2025-01-10,UPI
9998,153,2025-05-10,Net Banking
9999,456,2025-06-26,Cash
10000,13,2024-12-28,Credit Card
